﻿
<ConfigurationFile xmlns:xsi="http:/www.w3.org/2001/XMLSchema-instance" xmlns:xsd="http:/www.w3.org/2001/XMLSchema" xmlns="urn:schemas-usercube-com:configuration">
  <!-- <Connection Identifier="ADZoeFulfillment" Package="Usercube.AD@0000001" DisplayName_L1="ADZoeFulfillment" Connector="AD_Zoe" DeactivationExportFulfill="Export" /> -->
  <Connection Identifier="ADZoeExport" Package="Usercube.AD@0000001" DisplayName_L1="ADZoeExport" Connector="AD_Zoe"  />
  <Connector MaxLinkPercentageDeletedLines="10" MaxLinkPercentageInsertedLines="10" MaxPercentageDeletedLines="10" MaxPercentageInsertedLines="10" MaxPercentageUpdatedLines="10" MaximumDeletedLines="0" MaximumInsertedLines="0" MaximumLinkDeletedLines="0" MaximumLinkInsertedLines="0" MaximumUpdatedLines="0" Identifier="AD_Zoe" DisplayName_L1="AD_Zoe" Agent="Local" />
  <EntityType Identifier="AD_Zoe_Entry" DisplayName_L1="AD_Zoe - Entry">
    <Property Identifier="dn" DisplayName_L1="dn" IsKey="true" TargetColumnIndex="0" Type="String" />
    <Property Identifier="description" DisplayName_L1="description" TargetColumnIndex="1" Type="String" />
    <Property Identifier="rdn" DisplayName_L1="rdn" TargetColumnIndex="2" Type="String" />
    <Property Identifier="objectGuid" DisplayName_L1="objectGuid" TargetColumnIndex="3" Type="String" />
    <Property Identifier="objectCategory" DisplayName_L1="objectCategory" TargetColumnIndex="4" Type="String" />
    <Property Identifier="cn" DisplayName_L1="cn" TargetColumnIndex="5" Type="String" />
    <Property Identifier="accountExpires" DisplayName_L1="accountExpires" TargetColumnIndex="6" Type="String" />
    <Property Identifier="comment" DisplayName_L1="comment" TargetColumnIndex="7" Type="String" />
    <Property Identifier="company" DisplayName_L1="company" TargetColumnIndex="8" Type="String" />
    <Property Identifier="department" DisplayName_L1="department" TargetColumnIndex="9" Type="String" />
    <Property Identifier="displayName" DisplayName_L1="displayName" TargetColumnIndex="10" Type="String" />
    <Property Identifier="division" DisplayName_L1="division" TargetColumnIndex="11" Type="String" />
    <Property Identifier="employeeID" DisplayName_L1="employeeID" TargetColumnIndex="12" Type="String" />
    <Property Identifier="employeeNumber" DisplayName_L1="employeeNumber" TargetColumnIndex="13" Type="String" />
    <Property Identifier="employeeType" DisplayName_L1="employeeType" TargetColumnIndex="14" Type="String" />
    <Property Identifier="flags" DisplayName_L1="flags" TargetColumnIndex="15" Type="String" />
    <Property Identifier="givenName" DisplayName_L1="givenName" TargetColumnIndex="16" Type="String" />
    <Property Identifier="homeDirectory" DisplayName_L1="homeDirectory" TargetColumnIndex="17" Type="String" />
    <Property Identifier="homeDrive" DisplayName_L1="homeDrive" TargetColumnIndex="18" Type="String" />
    <Property Identifier="info" DisplayName_L1="info" TargetColumnIndex="19" Type="String" />
    <Property Identifier="initials" DisplayName_L1="initials" TargetColumnIndex="20" Type="String" />
    <Property Identifier="l" DisplayName_L1="l" TargetColumnIndex="21" Type="String" />
    <Property Identifier="lastLogon" DisplayName_L1="lastLogon" TargetColumnIndex="22" Type="String" />
    <Property Identifier="mail" DisplayName_L1="mail" TargetColumnIndex="23" Type="String" />
    <Property Identifier="mobile" DisplayName_L1="mobile" TargetColumnIndex="24" Type="String" />
    <!-- <Property Identifier="name" DisplayName_L1="name" TargetColumnIndex="25" Type="String" /> -->
    <Property Identifier="objectSid" DisplayName_L1="objectSid" TargetColumnIndex="26" Type="String" />
    <!-- <Property Identifier="ou" DisplayName_L1="ou" TargetColumnIndex="27" Type="String" /> -->
    <Property Identifier="physicalDeliveryOfficeName" DisplayName_L1="physicalDeliveryOfficeName" TargetColumnIndex="28" Type="String" />
    <Property Identifier="pwdLastSet" DisplayName_L1="pwdLastSet" TargetColumnIndex="29" Type="String" />
    <Property Identifier="sAMAccountName" DisplayName_L1="sAMAccountName" TargetColumnIndex="30" Type="String" />
    <Property Identifier="sn" DisplayName_L1="sn" TargetColumnIndex="31" Type="String" />
    <Property Identifier="st" DisplayName_L1="st" TargetColumnIndex="32" Type="String" />
    <Property Identifier="telephoneNumber" DisplayName_L1="telephoneNumber" TargetColumnIndex="33" Type="String" />
    <Property Identifier="title" DisplayName_L1="title" TargetColumnIndex="34" Type="String" />
    <Property Identifier="uid" DisplayName_L1="uid" TargetColumnIndex="35" Type="String" />
    <Property Identifier="userAccountControl" DisplayName_L1="userAccountControl" TargetColumnIndex="36" Type="String" />
    <Property Identifier="userPrincipalName" DisplayName_L1="userPrincipalName" TargetColumnIndex="37" Type="String" />
    <Property Identifier="whenChanged" DisplayName_L1="whenChanged" TargetColumnIndex="38" Type="String" />
    <Property Identifier="whenCreated" DisplayName_L1="whenCreated" TargetColumnIndex="39" Type="String" />
    <Property Identifier="parentguid" DisplayName_L1="parentguid" TargetColumnIndex="40" Type="String" />
    <Property Identifier="scriptPath" DisplayName_L1="scriptPath" TargetColumnIndex="41" Type="String" />

    <Property Identifier="msDScloudExtensionAttribute18" DisplayName_L1="msDS-cloudExtensionAttribute18" TargetColumnIndex="42" Type="String" />
    <Property Identifier="msDScloudExtensionAttribute19" DisplayName_L1="msDS-cloudExtensionAttribute19" TargetColumnIndex="43" Type="String" />
    <Property Identifier="msDScloudExtensionAttribute20" DisplayName_L1="msDS-cloudExtensionAttribute20" TargetColumnIndex="44" Type="String" />
    <Property Identifier="gCAAttribute1" DisplayName_L1="gCAAttribute1" TargetColumnIndex="45" Type="String" />

    <Property Identifier="parentdn" DisplayName_L1="parentdn" Type="ForeignKey" TargetColumnIndex="128" />
    <Property Identifier="children" DisplayName_L1="children" Type="ForeignKey" />
    <Property Identifier="member" DisplayName_L1="member" Type="ForeignKey" />
    <Property Identifier="memberOf" DisplayName_L1="memberOf" Type="ForeignKey" />
    <Property Identifier="manager" DisplayName_L1="manager" TargetColumnIndex="129" Type="ForeignKey" />
    <Property Identifier="directReports" DisplayName_L1="directReports" Type="ForeignKey" />    
  </EntityType>
  <EntityAssociation Identifier="AD_Zoe_Entry_parentdn" DisplayName_L1="parentdn" IsProperty1Collection="true" Property2="AD_Zoe_Entry:parentdn" Property1="AD_Zoe_Entry:children" />
  <EntityAssociation Identifier="AD_Zoe_Entry_member" DisplayName_L1="member" IsProperty1Collection="true" IsProperty2Collection="true" Property1="AD_Zoe_Entry:member" Property2="AD_Zoe_Entry:memberOf" />
  <EntityAssociation Identifier="AD_Zoe_Entry_manager" DisplayName_L1="manager" IsProperty1Collection="true" Property2="AD_Zoe_Entry:manager" Property1="AD_Zoe_Entry:directReports" />

  <EntityTypeMapping MaximumDeletedLines="0" MaximumInsertedLines="0" MaximumUpdatedLines="0" MaxPercentageDeletedLines="30" MaxPercentageInsertedLines="30" MaxPercentageUpdatedLines="30" Identifier="AD_Zoe_Entry" Connector="AD_Zoe" ConnectionTable="ADZoeExport_entries">
    <Property Identifier="manager" Format="link" />
    <Property Identifier="member" Format="link" />
    <Property Identifier="accountExpires" ConnectionColumn="accountExpires" />
    <Property Identifier="cn" ConnectionColumn="cn" />
    <Property Identifier="comment" ConnectionColumn="comment" />
    <Property Identifier="company" ConnectionColumn="company" />
    <Property Identifier="department" ConnectionColumn="department" />
    <Property Identifier="description" ConnectionColumn="description" />
    <Property Identifier="displayName" ConnectionColumn="displayName" />
    <Property Identifier="division" ConnectionColumn="division" />
    <Property Identifier="dn" ConnectionColumn="dn" IsUniqueKey="true" />
    <Property Identifier="employeeID" ConnectionColumn="employeeID" />
    <Property Identifier="employeeNumber" ConnectionColumn="employeeNumber" />
    <Property Identifier="employeeType" ConnectionColumn="employeeType" />
    <Property Identifier="flags" ConnectionColumn="flags" />
    <Property Identifier="givenName" ConnectionColumn="givenName" />
    <Property Identifier="info" ConnectionColumn="info" />
    <Property Identifier="initials" ConnectionColumn="initials" />
    <Property Identifier="l" ConnectionColumn="l" />
    <Property Identifier="lastLogon" ConnectionColumn="lastLogon" />
    <Property Identifier="mail" ConnectionColumn="mail" />
    <Property Identifier="mobile" ConnectionColumn="mobile" />
    <!-- <Property Identifier="name" ConnectionColumn="name" /> -->
    <Property Identifier="objectCategory" ConnectionColumn="objectCategory" Format="rdn" />
    <Property Identifier="objectGuid" ConnectionColumn="objectGUID" IsPrimaryKey="true" Format="guid" />
    <Property Identifier="objectSid" ConnectionColumn="objectSid" Format="sid" />
    <!-- <Property Identifier="ou" ConnectionColumn="ou" /> -->
    <Property Identifier="physicalDeliveryOfficeName" ConnectionColumn="physicalDeliveryOfficeName" />
    <Property Identifier="pwdLastSet" ConnectionColumn="pwdLastSet" Format="1601date" />
    <Property Identifier="rdn" ConnectionColumn="name" />
    <Property Identifier="sAMAccountName" ConnectionColumn="sAMAccountName" />
    <Property Identifier="sn" ConnectionColumn="sn" />
    <Property Identifier="st" ConnectionColumn="st" />
    <Property Identifier="telephoneNumber" ConnectionColumn="telephoneNumber" />
    <Property Identifier="title" ConnectionColumn="title" />
    <Property Identifier="uid" ConnectionColumn="uid" />
    <Property Identifier="userAccountControl" ConnectionColumn="userAccountControl" />
    <Property Identifier="userPrincipalName" ConnectionColumn="userPrincipalName" />
    <Property Identifier="whenChanged" ConnectionColumn="whenChanged" />
    <Property Identifier="whenCreated" ConnectionColumn="whenCreated" />
    <Property Identifier="parentguid" ConnectionColumn="parentGUID" Format="guid" />
    <Property Identifier="homeDirectory" ConnectionColumn="homeDirectory" />
    <Property Identifier="homeDrive" ConnectionColumn="homeDrive" />
    <Property Identifier="scriptPath" ConnectionColumn="scriptPath" />

    <Property Identifier="msDScloudExtensionAttribute18" ConnectionColumn="msDS-cloudExtensionAttribute18" />
    <Property Identifier="msDScloudExtensionAttribute19" ConnectionColumn="msDS-cloudExtensionAttribute19" />
    <Property Identifier="msDScloudExtensionAttribute20" ConnectionColumn="msDS-cloudExtensionAttribute20" />
    <Property Identifier="gCAAttribute1" ConnectionColumn="gCAAttribute1" />

    
  </EntityTypeMapping>
  <EntityAssociationMapping MaximumDeletedLines="0" MaximumInsertedLines="0" MaxPercentageDeletedLines="30" MaxPercentageInsertedLines="30" Identifier="AD_Zoe_Entry_parentdn" Column2="dn" Column1="parentdn" ConnectionTable="ADZoeExport_entries" EntityPropertyMapping1="AD_Zoe_Entry:dn" EntityPropertyMapping2="AD_Zoe_Entry:dn" Connector="AD_Zoe" />
  <EntityAssociationMapping MaximumDeletedLines="0" MaximumInsertedLines="0" MaxPercentageDeletedLines="30" MaxPercentageInsertedLines="30" Identifier="AD_Zoe_Entry_member" Column1="dn" Column2="member" ConnectionTable="ADZoeExport_member" EntityPropertyMapping1="AD_Zoe_Entry:dn" EntityPropertyMapping2="AD_Zoe_Entry:dn" Connector="AD_Zoe" />
  <EntityAssociationMapping MaximumDeletedLines="0" MaximumInsertedLines="0" MaxPercentageDeletedLines="30" MaxPercentageInsertedLines="30" Identifier="AD_Zoe_Entry_manager" Column1="manager" Column2="dn" ConnectionTable="ADZoeExport_manager" EntityPropertyMapping1="AD_Zoe_Entry:dn" EntityPropertyMapping2="AD_Zoe_Entry:dn" Connector="AD_Zoe" />

  <ViewTemplate EntityType="AD_Zoe_Entry" Profile="Administrator" />
  <ViewAccessControlRules EntityType="AD_Zoe_Entry" Profile="Administrator" />

  <ReviewProvisioningAccessControlRules EntityType="AD_Zoe_Entry" Profile="Administrator" />
  <ReconciliateRolesAccessControlRules EntityType="AD_Zoe_Entry" Profile="Administrator" />

  <TargetResourceReport EntityType="AD_Zoe_Entry" Profile="Administrator" />
  <TargetResourceReportAccessControlRules EntityType="AD_Zoe_Entry" Profile="Administrator" />
  <TargetResourceReportMenus EntityType="AD_Zoe_Entry" Profile="Administrator" />
   
</ConfigurationFile>
