﻿<ConfigurationFile xmlns="urn:schemas-usercube-com:configuration">

  <CreateConnectorSynchroIncremental JobIdentifier="AD_Zoe_Full_Incremental_1" Connector="AD_Zoe" DisplayName_L1="03.1 - AD_Zoe - Lecture Incrémentale et Ecriture" OldAlgorithm="false">
    <OpenIdIdentifier Identifier="accessJob" />
    <CronTabExpression CronTab="3/30 6-14,17-19 * * *" CronTimeZone="ServerTime" />
    <!-- <AddTask Task="Create_HomeFolderZoe_Incremental" After="true" TaskToCompareWith="AD_Zoe_FulfillLDAP" /> -->
  </CreateConnectorSynchroIncremental>

 <CreateConnectorSynchroIncremental JobIdentifier="AD_Zoe_Full_Incremental_2" Connector="AD_Zoe" DisplayName_L1="03.2 - AD_Zoe - Lecture Incrémentale et Ecriture" OldAlgorithm="true">
    <OpenIdIdentifier Identifier="accessJob" />
    <CronTabExpression CronTab="3 15 * * *" CronTimeZone="ServerTime" />
    <!-- <AddTask Task="Create_HomeFolderZoe_Incremental" After="true" TaskToCompareWith="AD_Zoe_FulfillLDAP" /> -->
  </CreateConnectorSynchroIncremental>
  
   <CreateConnectorSynchroIncremental JobIdentifier="AD_Zoe_Full_Incremental_3" Connector="AD_Zoe" DisplayName_L1="03.3 - AD_Zoe - Lecture Incrémentale et Ecriture" OldAlgorithm="true">
    <OpenIdIdentifier Identifier="accessJob" />
    <CronTabExpression CronTab="33 16 * * *" CronTimeZone="ServerTime" />
    <!-- <AddTask Task="Create_HomeFolderZoe_Incremental" After="true" TaskToCompareWith="AD_Zoe_FulfillLDAP" /> -->
  </CreateConnectorSynchroIncremental>

  <CreateConnectorSynchroComplete JobIdentifier="AD_Zoe_Full_Complete_ecriture" Connector="AD_Zoe" DisplayName_L1="AD_Zoe - Lecture Complète et Ecriture" OldAlgorithm="true">
    <OpenIdIdentifier Identifier="accessJob" />
    <!-- <AddTask Task="Create_HomeFolderZoe_Complete" After="true" TaskToCompareWith="AD_Zoe_FulfillLDAP" /> -->
  </CreateConnectorSynchroComplete>


  <CreateConnectorSynchroComplete JobIdentifier="AD_Zoe_Export_Complete" Connector="AD_Zoe" DisplayName_L1="AD_Zoe - Lecture Complète" OldAlgorithm="true">
    <OpenIdIdentifier Identifier="accessJob" />
    <CronTabExpression CronTab="0 4 * * 6" CronTimeZone="ServerTime" />
    <NoProvisioning />
  </CreateConnectorSynchroComplete>
  <!-- <SynchronizeTask Identifier="AD_Zoe_Export_Complete_2_AD_Zoe_SynchronizeActiveDirectory" Connector="AD_Zoe" ForceSynchronization="true"/> -->


</ConfigurationFile>