﻿<ConfigurationFile xmlns="urn:schemas-usercube-com:configuration">
  <Category Policy="Default" Identifier="AD_Zoe" DisplayName_L1="Active Directory Zoe"
    Parent="Applications" />

  <ResourceType TransmittedStateValidityPeriod="180" MaximumDelete="0" MaximumDeletePercent="1"
    MaximumInsert="0" MaximumInsertPercent="1" MaximumUpdate="0" MaximumUpdatePercent="1"
    Identifier="AD_Zoe_Entry_NominativeUser" DisplayName_L1="Compte AD Zoe (nominatif)"
    Policy="Default" TargetEntityType="AD_Zoe_Entry" Category="AD_Zoe" SourceEntityType="Person"
    BlockProvisioning="false" ApprovalWorkflowType="ManualAssignmentNotAllowed" >
    <TypeRule Id="-804" SingleRole="RoleBaseZoe" TimeOffsetReference="Around"
      TimeOffsetBeforeReference="-20160" TimeOffsetAfterReference="44640" />
    <TypeRule Id="-805" SingleRole="RoleBaseZoeINTERNE" TimeOffsetReference="Around"
      TimeOffsetBeforeReference="-20160" TimeOffsetAfterReference="44640" />

    <ScalarRule Property="accountExpires"
      Expression="C#:person:return (!person.WhenOut.HasValue || person.WhenOut.Value.ToString(&quot;yyyy&quot;) == &quot;2099&quot;) ? &quot;0&quot; : person.WhenOut.Value.AddHours(-5).ToSince1601DateString();" />
    <ScalarRule Property="cn" Binding="LoginZoe" />
    <ScalarRule Property="company" Expression="C#:return &quot;CA-GIP&quot;;" />
    <ScalarRule Property="department" Binding="OrgaHierarchy" />
    <ScalarRule Property="description" Binding="OrgaHierarchy" />
    <ScalarRule Property="displayName"
      Expression="C#:PersonRecord:
      string displayName = &quot;&quot;;
      if(PersonRecord.LastName != null &amp;&amp; PersonRecord.FormatedFirstName != null)
      {
        if(PersonRecord.UserGategory == &quot;EXTERNE&quot;)
        {
          displayName = Usercube.Expressions.Functions.UtilExpressions.RemoveDiacritics(PersonRecord.LastName).ToUpper() + &quot; &quot; + PersonRecord.FormatedFirstName + &quot; (PRESTATAIRE CA-GIP)&quot;;
        }
        else 
        {
          displayName = Usercube.Expressions.Functions.UtilExpressions.RemoveDiacritics(PersonRecord.LastName).ToUpper() + &quot; &quot; + PersonRecord.FormatedFirstName + &quot; (CA-GIP)&quot;;
        }
        if( !String.IsNullOrEmpty(PersonRecord.dateMigrationZoe) &amp;&amp; Int64.Parse(DateTime.Now.ToString(&quot;yyyyMMddHHmmss&quot;)) &lt; Int64.Parse(PersonRecord.dateMigrationZoe) &amp;&amp; PersonRecord.DomaineAD.Identifier!=&quot;EMEA.CIB&quot; &amp;&amp; PersonRecord.DomaineAD.Identifier!=&quot;ZGIE&quot;){
		
          displayName = &quot;ZZ_ZOE &quot; + displayName ;
        }
      }
      return displayName;"
      Policy="Default" />
    <ScalarRule Property="flags"
      Expression="C#:person:
      string flags = &quot;&quot;;
      if(String.IsNullOrEmpty(person.dateMigrationZoe)){
		if( Int64.Parse(person.WhenIn.Value.ToString(&quot;yyyyMMddHHmmss&quot;)) &lt; 20220329230000 ){
			flags = &quot;3&quot;;
		}else{
			flags = &quot;13&quot;;
		}
      }else{
        if( Int64.Parse(DateTime.Now.ToString(&quot;yyyyMMddHHmmss&quot;)) &lt;  Int64.Parse(person.dateMigrationZoe) ){ if(person.DomaineAD.Identifier==&quot;ZGIE&quot; || person.DomaineAD.Identifier==&quot;EMEA.CIB&quot; ){
            flags = null;
          }else{
            flags = &quot;0&quot;;
          }
        }else{
          flags = &quot;3&quot;;
        }
      }
      return flags;"
      Policy="Default" />
    <ScalarRule Property="employeeID"
      Expression="C#:Resource:return String.IsNullOrEmpty(Resource.IUG) ? null : ((Resource.IUG.Trim().Substring(0,4) == &quot;IUG$&quot; ) ? Resource.IUG.Trim().Substring(4,Resource.IUG.Trim().Length-4) : Resource.IUG.Trim() ) ;" />
    <ScalarRule Property="givenName" Binding="FormatedFirstName" />
    <ScalarRule Property="homeDirectory" Expression="C#:person:return String.IsNullOrEmpty(person.LoginZoe) ? null : (&quot;\u005C\u005Cfp900bur0001.zoe.gca\u005Chomedir$\u005C&quot; + person.LoginZoe.ToLower()) ;" />
    <ScalarRule Property="initials"
      Expression="C#:person:
      string init = &quot;&quot;;
      if(person.LastName != null &amp;&amp; person.FirstName != null)
      {
        string fullname = Usercube.Expressions.Functions.UtilExpressions.RemoveDiacritics(person.FirstName.TrimStart(' ').TrimEnd(' ')).ToUpper() + &quot; &quot; + Usercube.Expressions.Functions.UtilExpressions.RemoveDiacritics(person.LastName.TrimStart(' ').TrimEnd(' ')).ToUpper();
        string[] tableName = fullname.Split(' ');
        foreach (string nameSpacePart in tableName)
        {
          string[] tableNamePart = nameSpacePart.Split('-');
          foreach (string nameDashPart in tableNamePart)
          {
            init = init + nameDashPart.Substring(0,1);
          }         
        }        
      }
      return init;"
      Policy="Default" />
    <ScalarRule Property="l" Binding="RHSite" />
    <ScalarRule Property="mail" Binding="Mail" />
    <ScalarRule Property="physicalDeliveryOfficeName"
      Expression="C#:PersonRecord: 
        string office = &quot;&quot;;
        if(!String.IsNullOrEmpty(PersonRecord.RHSite)) {office = office + &quot;/&quot; + PersonRecord.RHSite;}
        if(!String.IsNullOrEmpty(PersonRecord.RHBatiment)) {office = office + &quot;/&quot; + PersonRecord.RHBatiment;}
        if(!String.IsNullOrEmpty(PersonRecord.RHEtage)) {office = office + &quot;/&quot; + PersonRecord.RHEtage;}
        if(!String.IsNullOrEmpty(PersonRecord.RHBureau)) {office = office + &quot;/&quot; + PersonRecord.RHBureau;}
        if(!String.IsNullOrEmpty(office)) {return office.Substring(1);}
        else {return null;}"
      Policy="Default" />
    <ScalarRule Property="sAMAccountName" Binding="LoginZoe" />
    <ScalarRule Property="userPrincipalName" Expression="C#:person:return String.IsNullOrEmpty(person.LoginZoe) ? null : person.LoginZoe.ToLower() + &quot;@zoe.gca&quot;;" />
    <ScalarRule Property="sn" Binding="LastName" />
    <ScalarRule Property="title" Expression="C#:return &quot;CA-GIP&quot;;" />

    <ScalarRule Property="userAccountControl"
      Expression="C#:person:return ((person.Disabled.HasValue &amp;&amp; person.Disabled.Value) || (person.DesactiveZOE.HasValue &amp;&amp; person.DesactiveZOE.Value) ) ? &quot;514&quot; : &quot;512&quot;;"
      Policy="Default" TimeOffsetReference="Around" TimeOffsetBeforeReference="-20160"
      TimeOffsetAfterReference="0" />
    <ScalarRule Property="userAccountControl" Expression="C#:person:return &quot;514&quot;;"
      TimeOffsetReference="After" TimeOffsetBeforeReference="0" TimeOffsetAfterReference="44640" />
    <ScalarRule Property="msDScloudExtensionAttribute18"
      Expression="C#:PersonRecord:return ((string.IsNullOrEmpty(PersonRecord.Login)) || (PersonRecord.DomaineAD.Identifier==&quot;ZOE&quot;)) ? null : PersonRecord.Login ;" />
    <ScalarRule Property="msDScloudExtensionAttribute19"
      Expression="C#:PersonRecord:return ((string.IsNullOrEmpty(PersonRecord.NetbiosforZOE)) || (PersonRecord.DomaineAD.Identifier==&quot;ZOE&quot;)) ? null : PersonRecord.NetbiosforZOE ;" />
    <ScalarRule Property="msDScloudExtensionAttribute20"
      Expression="C#:PersonRecord:return ((string.IsNullOrEmpty(PersonRecord.UPNforZOE)) || (PersonRecord.DomaineAD.Identifier==&quot;ZOE&quot;)) ? null : PersonRecord.UPNforZOE ;" />
    <ScalarRule Property="gCAAttribute1"
      Expression="C#:person:
      string gCAAttribute1 = null;
		  if(String.IsNullOrEmpty(person.dateMigrationZoe)){
			gCAAttribute1 = &quot;1&quot;;
		  }else{
			if( Int64.Parse(DateTime.Now.ToString(&quot;yyyyMMddHHmmss&quot;)) &lt;  Int64.Parse(person.dateMigrationZoe) ){
				if(person.DomaineAD.Identifier==&quot;ZGIE&quot; || person.DomaineAD.Identifier==&quot;EMEA.CIB&quot;){
				gCAAttribute1 = &quot;2&quot;;
				}else{
			  gCAAttribute1 = &quot;0&quot;;
				}
			}else{
			  gCAAttribute1 = &quot;1&quot;;
			}
		  }
      return gCAAttribute1;"
      Policy="Default" />
    <QueryRule Property="manager" TargetBinding="sAMAccountName" TargetMatchedConfidenceLevel="100"
      SourceExpression="C#:PersonRecord:return PersonRecord.Person.MainRecord.Responsible.LoginZoe;" />
    <QueryRule Property="parentdn" TargetBinding="dn" SourceExpression="C#:PersonRecord:return &quot;OU=OU_Utilisateurs,DC=zoe,DC=gca&quot;;" />
  </ResourceType>

  <ResourceType TransmittedStateValidityPeriod="180" MaximumDelete="0" MaximumDeletePercent="5"
    MaximumInsert="0" MaximumInsertPercent="5" MaximumUpdate="0" MaximumUpdatePercent="5"
    Identifier="AD_Zoe_Entry_TestUser" DisplayName_L1="Compte AD Zoe (test)" Policy="Default"
    TargetEntityType="AD_Zoe_Entry" Category="AD_Zoe" SourceEntityType="Person"
    BlockProvisioning="true" ApprovalWorkflowType="ManualAssignmentNotAllowed" >
    <TypeRule Id="-806" SingleRole="RoleBaseZoeTest" TimeOffsetReference="Around"
      TimeOffsetBeforeReference="-20160" TimeOffsetAfterReference="44640" />
    <ScalarRule Property="accountExpires"
      Expression="C#:person:return (!person.WhenOut.HasValue || person.WhenOut.Value.ToString(&quot;yyyy&quot;) == &quot;2099&quot;) ? &quot;0&quot; : person.WhenOut.Value.AddHours(-5).ToSince1601DateString();" />
    <ScalarRule Property="cn"
      Expression="C#:person:return String.IsNullOrEmpty(person.LoginZoe) ? null : &quot;T&quot; + person.LoginZoe.Substring(1);" />
    <ScalarRule Property="company" Expression="C#:return &quot;CA-GIP&quot;;" />
    <ScalarRule Property="department" Binding="OrgaHierarchy" />
    <ScalarRule Property="description" Binding="OrgaHierarchy" />
    <ScalarRule Property="displayName"
      Expression="C#:PersonRecord:
      string displayName = &quot;&quot;;
      if(PersonRecord.LastName != null &amp;&amp; PersonRecord.FormatedFirstName != null)
      {
        if(PersonRecord.UserGategory == &quot;EXTERNE&quot;)
        {
          displayName = Usercube.Expressions.Functions.UtilExpressions.RemoveDiacritics(PersonRecord.LastName).ToUpper() + &quot; &quot; + PersonRecord.FormatedFirstName + &quot; (PRESTATAIRE CA-GIP)&quot;;
        }
        else 
        {
          displayName = Usercube.Expressions.Functions.UtilExpressions.RemoveDiacritics(PersonRecord.LastName).ToUpper() + &quot; &quot; + PersonRecord.FormatedFirstName + &quot; (CA-GIP)&quot;;
        }
      }
      return displayName + &quot; TEST&quot; ;"
      Policy="Default" />
    <ScalarRule Property="employeeID"
      Expression="C#:Resource:return String.IsNullOrEmpty(Resource.IUG) ? null : ((Resource.IUG.Trim().Substring(0,4) == &quot;IUG$&quot; ) ? Resource.IUG.Trim().Substring(4,Resource.IUG.Trim().Length-4) : Resource.IUG.Trim() ) ;" />
    <ScalarRule Property="givenName" Binding="FormatedFirstName" />
    <ScalarRule Property="initials"
      Expression="C#:person:
      string init = &quot;&quot;;
      if(person.LastName != null &amp;&amp; person.FirstName != null)
      {
        string fullname = Usercube.Expressions.Functions.UtilExpressions.RemoveDiacritics(person.FirstName.TrimStart(' ').TrimEnd(' ')).ToUpper() + &quot; &quot; + Usercube.Expressions.Functions.UtilExpressions.RemoveDiacritics(person.LastName.TrimStart(' ').TrimEnd(' ')).ToUpper();
        string[] tableName = fullname.Split(' ');
        foreach (string nameSpacePart in tableName)
        {
          string[] tableNamePart = nameSpacePart.Split('-');
          foreach (string nameDashPart in tableNamePart)
          {
            init = init + nameDashPart.Substring(0,1);
          }         
        }        
      }
      return init;"
      Policy="Default" />
    <ScalarRule Property="gCAAttribute1" Expression="C#:return &quot;1&quot;;" />
    <ScalarRule Property="l" Binding="RHSite" />
    <ScalarRule Property="mail"
      Expression="C#:person:return person.Mail.Replace(&quot;@&quot;, &quot;_test@&quot; ) ;" />
    <ScalarRule Property="physicalDeliveryOfficeName"
      Expression="C#:PersonRecord: 
        string office = &quot;&quot;;
        if(!String.IsNullOrEmpty(PersonRecord.RHSite)) {office = office + &quot;/&quot; + PersonRecord.RHSite;}
        if(!String.IsNullOrEmpty(PersonRecord.RHBatiment)) {office = office + &quot;/&quot; + PersonRecord.RHBatiment;}
        if(!String.IsNullOrEmpty(PersonRecord.RHEtage)) {office = office + &quot;/&quot; + PersonRecord.RHEtage;}
        if(!String.IsNullOrEmpty(PersonRecord.RHBureau)) {office = office + &quot;/&quot; + PersonRecord.RHBureau;}
        if(!String.IsNullOrEmpty(office)) {return office.Substring(1);}
        else {return null;}"
      Policy="Default" />
    <ScalarRule Property="sAMAccountName"
      Expression="C#:person:return String.IsNullOrEmpty(person.LoginZoe) ? null : &quot;T&quot; + person.LoginZoe.Substring(1);" />
    <ScalarRule Property="userPrincipalName" Expression="C#:person:return String.IsNullOrEmpty(person.LoginZoe) ? null : &quot;t&quot; + person.LoginZoe.Substring(1).ToLower() + &quot;@zoe.gca&quot;;" />
    <ScalarRule Property="sn" Binding="LastName" />
    <ScalarRule Property="title" Expression="C#:return &quot;CA-GIP&quot;;" />
    <ScalarRule Property="flags" Expression="C#:return &quot;13&quot;;" />
    <ScalarRule Property="userAccountControl"
      Expression="C#:person:return ((person.Disabled.HasValue &amp;&amp; person.Disabled.Value) || (person.DesactiveZOE.HasValue &amp;&amp; person.DesactiveZOE.Value) ) ? &quot;514&quot; : &quot;512&quot;;"
      Policy="Default" TimeOffsetReference="Around" TimeOffsetBeforeReference="-20160"
      TimeOffsetAfterReference="0" />
    <ScalarRule Property="userAccountControl" Expression="C#:person:return &quot;514&quot;;"
      TimeOffsetReference="After" TimeOffsetBeforeReference="0" TimeOffsetAfterReference="44640" />
    <QueryRule Property="manager" TargetBinding="sAMAccountName" TargetMatchedConfidenceLevel="100"
      SourceExpression="C#:PersonRecord:return &quot;t&quot; + PersonRecord.Person.MainRecord.Responsible.LoginZoe.Substring(1);" />
    <QueryRule Property="parentdn" TargetBinding="dn" SourceExpression="C#:PersonRecord:return &quot;OU=OU_Utilisateurs,DC=zoe,DC=gca&quot;;" />
  </ResourceType>

  <PasswordResetSettings Identifier="AD_Zoe_Entry_NominativeUser" MustChange="true" Mode="1" NotifiedEmailBinding="AssignedResourceType:Owner.Person:MainRecord.MailHab" NotifiedFullNameBinding="AssignedResourceType:Owner.Person:MainRecord.Responsible.InternalDisplayName" StrengthCheck="^.*" AutoGenerate="true" BeneficiaryEmailBinding="AssignedResourceType:Owner.Person:MainRecord.Mail"
    BeneficiaryFullNameBinding="AssignedResourceType:Owner.Person:MainRecord.InternalDisplayName" DefaultPassword="CAGIPp@ssword2019" GeneratedLength="15" NotificationCC="cagip_habilitations@ca-gip.fr" />

  <LdapResourceTypeMapping Identifier="AD_Zoe_Entry_NominativeUser" DefaultObjectClass="user"
    RDNAttributeIdentifier="CN" UsePermissiveModify="true" UseTreeDelete="false"
    Connection="ADZoeExport"
    PasswordResetSetting="AD_Zoe_Entry_NominativeUser">
    <Property Property="memberOf" DataSourceBacklinkColumnName="member" />
    <Property Property="userAccountControl" IsUserAccountControlProperty="true" />
    <Property Property="cn" IsRDNProperty="true" />
    <Property Property="parentdn" IsParentProperty="true" />
    <Property Property="dn" IsDNProperty="true" />
  </LdapResourceTypeMapping>

  <LdapResourceTypeMapping Identifier="AD_Zoe_Entry_TestUser" DefaultObjectClass="user"
    RDNAttributeIdentifier="CN" UsePermissiveModify="true" UseTreeDelete="false"
    Connection="ADZoeExport" PasswordResetSetting="AD_BlueAlpha_Entry_NominativeUser">
    <Property Property="memberOf" DataSourceBacklinkColumnName="member" />
    <Property Property="userAccountControl" IsUserAccountControlProperty="true" />
    <Property Property="cn" IsRDNProperty="true" />
    <Property Property="parentdn" IsParentProperty="true" />
    <Property Property="dn" IsDNProperty="true" />
  </LdapResourceTypeMapping>

  <ResourceClassificationRule ResourceType="AD_Zoe_Entry_TestUser" Policy="Default"
    ResourceTypeIdentificationConfidenceLevel="100"
    TargetExpression="C#:resource:return resource.dn.Contains(&quot;OU=OU_Tests,&quot;) ;" />

  <ResourceCorrelationRule ResourceType="AD_Zoe_Entry_NominativeUser"
    TargetExpression="C#:Resource:return String.IsNullOrEmpty(Resource.sAMAccountName) ? &quot;EmptysAMAccountNameValue&quot; : Resource.sAMAccountName.ToLower();"
    Policy="Default" SourceMatchedConfidenceLevel="100"
    SourceExpression="C#:PersonRecord:return String.IsNullOrEmpty(PersonRecord.LoginZoe) ? &quot;EmptyLoginZoeValue&quot; : PersonRecord.LoginZoe.ToLower();" />
  <ResourceCorrelationRule ResourceType="AD_Zoe_Entry_TestUser"
    TargetExpression="C#:Resource:return String.IsNullOrEmpty(Resource.sAMAccountName) ? &quot;EmptysAMAccountNameValue&quot; : Resource.sAMAccountName.ToLower();"
    Policy="Default" SourceMatchedConfidenceLevel="100"
    SourceExpression="C#:PersonRecord:return String.IsNullOrEmpty(PersonRecord.LoginZoe) ? &quot;EmptyLoginZoeValue&quot; : &quot;t&quot; + PersonRecord.LoginZoe.Substring(1).ToLower();" />

</ConfigurationFile>