﻿<ConfigurationFile xmlns="urn:schemas-usercube-com:configuration">

  <CreateConnectorSynchroIncremental JobIdentifier="AD_SGIE_Full_Incremental" Connector="AD_SGIE" DisplayName_L1="11 - AD_SGIE - Lecture Incrémentale et Ecriture">
    <OpenIdIdentifier Identifier="accessJob"/>
    <!-- <CronTabExpression CronTab="14/30 6-19 * * *" CronTimeZone="ServerTime"/> -->
  </CreateConnectorSynchroIncremental>

  <CreateConnectorSynchroComplete JobIdentifier="AD_SGIE_Full_Complete_ecriture" Connector="AD_SGIE" DisplayName_L1="AD_SGIE - Lecture Complète et Ecriture">
    <OpenIdIdentifier Identifier="accessJob"/>
  </CreateConnectorSynchroComplete>


  <CreateConnectorSynchroComplete JobIdentifier="AD_SGIE_Export_Complete" Connector="AD_SGIE" DisplayName_L1="AD_SGIE - Lecture Complète" OldAlgorithm="true">
    <OpenIdIdentifier Identifier="accessJob"/>
    <!-- <CronTabExpression CronTab="13 4 * * 6" CronTimeZone="ServerTime" /> -->
    <NoProvisioning/>
  </CreateConnectorSynchroComplete>

</ConfigurationFile>