﻿<ConfigurationFile xmlns="urn:schemas-usercube-com:configuration">
	
	<!-- Categories -->
	
	<Category Policy="Default" Identifier="SGIE" DisplayName_L1="SGIE" Parent="CATS"/>

	<!-- Roles simples -->

	<!-- DEBUT TESTS DEV -->
	<SingleRole Identifier="SR_SGIE_BaseTest_SGIE" DisplayName_L1="Role de TEST 1 AD SGIE" Description_L1="Role de TEST 1 AD SGIE" Category="SGIE" EntityType="Person" ApprovalWorkflowType="One" Policy="Default" />
	<SingleRole Identifier="SR_SGIE_BaseTest_SGIE_Administration" DisplayName_L1="Role de TEST 1 AD SGIE (administration)" Description_L1="Role de TEST 1 AD SGIE (administration)" Category="SGIE" EntityType="Person" ApprovalWorkflowType="One" Policy="Default" />
	<!-- FIN TESTS DEV -->	

	<!-- Règles de navigation -->
	<ResourceType MaximumDelete="0" MaximumDeletePercent="30" MaximumInsert="0" MaximumInsertPercent="30" MaximumUpdate="0" MaximumUpdatePercent="30" Identifier="AD_SGIE_Entry_NominativeUser">
		<!-- DEBUT TESTS DEV -->
		
		<!-- FIN TESTS DEV -->
		

	</ResourceType>
	
	<ResourceType MaximumDelete="0" MaximumDeletePercent="30" MaximumInsert="0" MaximumInsertPercent="30" MaximumUpdate="0" MaximumUpdatePercent="30" Identifier="AD_SGIE_Entry_AdministrationUser">
		<!-- DEBUT TESTS DEV -->
		<!-- <NavigationRule Property="memberOf" Resource="CN=ADM-Administrateurs des serveurs Windows,OU=Groupes d'administration,OU=Administration,DC=sgie,DC=stech" SingleRole="SR_SGIE_BaseTest_SGIE_Administration" TimeOffsetReference="Around" TimeOffsetBeforeReference="-20160" TimeOffsetAfterReference="44640"/> -->
		<!-- FIN TESTS DEV -->
		

	</ResourceType>
	
</ConfigurationFile>