﻿<ConfigurationFile xmlns="urn:schemas-usercube-com:configuration">

  <CreateConnectorSynchroIncremental JobIdentifier="AD_Partenaires_Full_Incremental" Connector="AD_Partenaires" DisplayName_L1="05 - AD_Partenaires - Lecture Incrémentale et Ecriture" OldAlgorithm="true">
    <OpenIdIdentifier Identifier="accessJob" />
	   <CronTabExpression CronTab="7/30 6-19 * * *" CronTimeZone="ServerTime" />
    
    
  </CreateConnectorSynchroIncremental>

  <CreateConnectorSynchroComplete JobIdentifier="AD_Partenaires_Full_Complete" Connector="AD_Partenaires" DisplayName_L1="AD_Partenaires - Lecture Complète et Ecriture" OldAlgorithm="true">
    <OpenIdIdentifier Identifier="accessJob" />
    
    
  </CreateConnectorSynchroComplete>


  <CreateConnectorSynchroComplete JobIdentifier="AD_Partenaires_Export_Complete" Connector="AD_Partenaires" DisplayName_L1="AD_Partenaires - Lecture Complète" OldAlgorithm="true">
    <OpenIdIdentifier Identifier="accessJob" />
    <!-- <CronTabExpression CronTab="4 4 * * 6" CronTimeZone="ServerTime" /> -->
    
    <NoProvisioning />
  </CreateConnectorSynchroComplete>

</ConfigurationFile>