﻿<ConfigurationFile xmlns="urn:schemas-usercube-com:configuration">
  <Category Policy="Default" Identifier="RACF_CASA_ZPR1" DisplayName_L1="RACF_CASA_ZPR1" Parent="Applications" />

  <ResourceType TransmittedStateValidityPeriod="180" MaximumDelete="0" MaximumDeletePercent="5" MaximumInsert="0" MaximumInsertPercent="5" MaximumUpdate="0" MaximumUpdatePercent="5" Identifier="RACF_CASA_ZPR1_User_Clients" DisplayName_L1="Compte RACF_CASA_ZPR1 (clients)" Policy="Default" TargetEntityType="RACF_CASA_ZPR1_User" Category="RACF_CASA_ZPR1" SourceEntityType="Person" />
  <ResourceType TransmittedStateValidityPeriod="180" MaximumDelete="0" MaximumDeletePercent="5" MaximumInsert="0" MaximumInsertPercent="5" MaximumUpdate="0" MaximumUpdatePercent="5" Identifier="RACF_CASA_ZPR1_User_Technical" DisplayName_L1="Compte RACF_CASA_ZPR1 (technique)" Policy="Default" TargetEntityType="RACF_CASA_ZPR1_User" Category="RACF_CASA_ZPR1" SourceEntityType="Person" />
  <ResourceTypeMapping Identifier="RACF_CASA_ZPR1_User_Nominative" Connection="PowerShellRACFFulfillmentRACFCASAZPR1" />
  <ResourceType TransmittedStateValidityPeriod="180" MaximumDelete="0" MaximumDeletePercent="5" MaximumInsert="0" MaximumInsertPercent="5" MaximumUpdate="0" MaximumUpdatePercent="5" Identifier="RACF_CASA_ZPR1_User_Nominative" DisplayName_L1="Compte RACF_CASA_ZPR1 (nominatif)" Policy="Default" TargetEntityType="RACF_CASA_ZPR1_User" Category="RACF_CASA_ZPR1" SourceEntityType="Person" BlockProvisioning="true">
    <ScalarRule Property="USBD_NAME" Binding="LoginRACFCASA" />
    <!-- <ScalarRule Property="USBD_SPECIAL" Expression="C#:person:return &quot;NO&quot;;" />
    <ScalarRule Property="USBD_OPER" Expression="C#:person:return &quot;NO&quot;;" /> -->
    <ScalarRule Property="USBD_REVOKE" Expression="C#:person:return (person.Disabled.HasValue &amp;&amp; person.Disabled.Value) ? &quot;YES&quot; : &quot;NO&quot;;" TimeOffsetReference="Around" TimeOffsetBeforeReference="0" TimeOffsetAfterReference="1440" />
    <ScalarRule Property="USBD_REVOKE" Expression="C#:person:return &quot;YES&quot;;" TimeOffsetReference="After" TimeOffsetBeforeReference="1440" TimeOffsetAfterReference="21600" />
    <ScalarRule Property="USBD_REVOKE_DATE" Expression="C#:person:return (!person.WhenOut.HasValue || person.WhenOut.Value.ToString(&quot;yyyy&quot;) == &quot;2099&quot;) ? null : person.WhenOut.Value.ToString(&quot;MM/dd/yy&quot;);" />
    <!-- <ScalarRule Property="USBD_INSTALL_DATA" Expression="C#:person:return (person.FullName  == null) ? null : person.FullName.ToUpper();" /> -->
    <ScalarRule Property="USBD_INSTALL_DATA" Expression="C#:person:return ( (string.IsNullOrEmpty(person.LastName) &amp;&amp; string.IsNullOrEmpty(person.FirstName) ) ? null : (   (person.LastName.ToUpper() + &quot; &quot; + person.FirstName.ToUpper()).Length &gt;= 32 ) ? (person.LastName.ToUpper() + &quot; &quot; + person.FirstName.ToUpper()).Substring(0,32) : (person.LastName.ToUpper() + &quot; &quot; + person.FirstName.ToUpper())  )   ;" />
  </ResourceType>


  <ResourceCorrelationRule ResourceType="RACF_CASA_ZPR1_User_Nominative" SourceBinding="LoginRACFCASA" TargetBinding="USBD_NAME" Policy="Default" SourceMatchedConfidenceLevel="110" />
  <!-- <ResourceCorrelationRule ResourceType="RACF_CASA_ZPR1_User_Nominative" TargetExpression="C#:resource:return resource.USBD_INSTALL_DATA;" Policy="Default" SourceMatchedConfidenceLevel="100" SourceExpression="C#:person:return (person.FullName  == null) ? null : person.FullName.ToUpper();" /> -->
  <ResourceCorrelationRule ResourceType="RACF_CASA_ZPR1_User_Nominative" TargetBinding="USBD_INSTALL_DATA" Policy="Default" SourceMatchedConfidenceLevel="90" SourceExpression="C#:person:return ( ( string.IsNullOrEmpty(person.LastName) &amp;&amp; string.IsNullOrEmpty(person.FirstName) ) ? null : (   (person.LastName.ToUpper() + &quot; &quot; + person.FirstName.ToUpper()).Length &gt;= 32 ) ? (person.LastName.ToUpper() + &quot; &quot; + person.FirstName.ToUpper()).Substring(0,32) : (person.LastName.ToUpper() + &quot; &quot; + person.FirstName.ToUpper())  );" />

  <!-- <ResourceClassificationRule ResourceType="RACF_CASA_ZPR1_User_Nominative" Policy="Default" ResourceTypeIdentificationConfidenceLevel="100" TargetExpression="C#:resource:return resource.USBD_PROGRAMMER.ToUpper()==&quot;SILCA&quot;;" /> -->
  <ResourceClassificationRule ResourceType="RACF_CASA_ZPR1_User_Technical" Policy="Default" ResourceTypeIdentificationConfidenceLevel="100" TargetExpression="C#:resource:return resource.USBD_PROGRAMMER.ToUpper()==&quot;SILCA-TECH&quot;;" />
  <ResourceClassificationRule ResourceType="RACF_CASA_ZPR1_User_Clients" Policy="Default" ResourceTypeIdentificationConfidenceLevel="100" TargetExpression="C#:resource:return !(resource.USBD_PROGRAMMER.ToUpper().Contains(&quot;SILCA&quot;));" />

  <!-- <ResourceType TransmittedStateValidityPeriod="180" MaximumDelete="0" MaximumDeletePercent="5" MaximumInsert="0" MaximumInsertPercent="5" MaximumUpdate="0" MaximumUpdatePercent="5" Identifier="RACF_CASA_ZPR1_PersonRecord" DisplayName_L1="Fiche de collaborateur RACF_CASA_ZPR1 " Category="RACF_CASA_ZPR1" SourceEntityType="RACF_CASA_ZPR1_User" Policy="Default" TargetEntityType="PersonRecord" AllowAdd="false" AllowRemove="false">
    <TypeRule Policy="Default"/>
    <ScalarRule Property="LoginRACFCASA" Binding="USBD_NAME" />
  </ResourceType> -->

</ConfigurationFile>
