﻿
<ConfigurationFile xmlns="urn:schemas-usercube-com:configuration">
  <Category Policy="Default" Identifier="RACF_CAGS_OSFA" DisplayName_L1="RACF_CAGS_OSFA" Parent="Applications" />

  <ResourceType TransmittedStateValidityPeriod="180" MaximumDelete="0" MaximumDeletePercent="5" MaximumInsert="0" MaximumInsertPercent="5" MaximumUpdate="0" MaximumUpdatePercent="5" Identifier="RACF_CAGS_OSFA_User_Technical" DisplayName_L1="Compte RACF_CAGS_OSFA (technique)" Policy="Default" TargetEntityType="RACF_CAGS_OSFA_User" Category="RACF_CAGS_OSFA" SourceEntityType="Person" />
  <ResourceTypeMapping Identifier="RACF_CAGS_OSFA_User_Nominative" Connection="RACFCAGSOSFAConnection" />
  <ResourceType TransmittedStateValidityPeriod="180" MaximumDelete="0" MaximumDeletePercent="5" MaximumInsert="0" MaximumInsertPercent="5" MaximumUpdate="0" MaximumUpdatePercent="5" Identifier="RACF_CAGS_OSFA_User_Nominative" DisplayName_L1="Compte RACF_CAGS_OSFA (nominatif)" Policy="Default" TargetEntityType="RACF_CAGS_OSFA_User" Category="RACF_CAGS_OSFA" SourceEntityType="Person">
    <!--<ScalarRule Property="USBD_NAME" Expression="C#:person:return &quot;G&quot; + person.EmployeeId.Substring(3,5);" />-->
    <!-- <ScalarRule Property="USBD_PROGRAMMER" Expression="C#:person:return person.LastName.Simplify() + &quot; &quot; + person.FirstName.Simplify();" /> -->
    <ScalarRule Property="USBD_PROGRAMMER" Expression="C#:person:return ( (string.IsNullOrEmpty(person.LastName) &amp;&amp; string.IsNullOrEmpty(person.FirstName) ) ? null : (   (person.LastName.ToUpper() + &quot; &quot; + person.FirstName.ToUpper()).Length &gt;= 20 ) ? (person.LastName.ToUpper() + &quot; &quot; + person.FirstName.ToUpper()).Substring(0,20) : (person.LastName.ToUpper() + &quot; &quot; + person.FirstName.ToUpper())  )   ;" />

  </ResourceType>


  <!-- <ResourceCorrelationRule ResourceType="RACF_CAGS_OSFA_User_Nominative" TargetExpression="C#:resource:return resource.USBD_PROGRAMMER.Simplify();" Policy="Default" SourceMatchedConfidenceLevel="100" SourceExpression="C#:person:return (person.LastName + person.FirstName).Simplify();" /> -->
  <ResourceCorrelationRule ResourceType="RACF_CAGS_OSFA_User_Nominative" TargetBinding="USBD_PROGRAMMER" Policy="Default" SourceMatchedConfidenceLevel="90" SourceExpression="C#:person:return ( ( string.IsNullOrEmpty(person.LastName) &amp;&amp; string.IsNullOrEmpty(person.FirstName) ) ? null : (   (person.LastName.ToUpper() + &quot; &quot; + person.FirstName.ToUpper()).Length &gt;= 20 ) ? (person.LastName.ToUpper() + &quot; &quot; + person.FirstName.ToUpper()).Substring(0,20) : (person.LastName.ToUpper() + &quot; &quot; + person.FirstName.ToUpper())  );" />

  <!-- <ResourceClassificationRule ResourceType="RACF_CAGS_OSFA_User_Nominative" Policy="Default" ResourceTypeIdentificationConfidenceLevel="100" TargetExpression="C#:resource:return resource.USBD_NAME.StartsWith(&quot;SXT&quot;);" /> -->


</ConfigurationFile>
