﻿<ConfigurationFile xmlns="urn:schemas-usercube-com:configuration">
	
	
	
	
	<CreateConnectorSynchroComplete JobIdentifier="AD_SECSC1_Synchronization" Connector="SECSC1" DisplayName_L1="AD_SECSC1 - Lecture complète " OldAlgorithm="true">
        <OpenIdIdentifier Identifier="accessJob" />
		<!-- <CronTabExpression CronTimeZone="ServerTime" CronTab="02 20 * * *"/> -->
		
		<NoProvisioning />
    </CreateConnectorSynchroComplete>
	
	<CreateConnectorSynchroComplete JobIdentifier="AD_SECSC1_Fullfillment" Connector="SECSC1" DisplayName_L1="AD_SECSC1 - Ecriture vers METIS" OldAlgorithm="true">
        <OpenIdIdentifier Identifier="accessJob" />
		<!-- <CronTabExpression CronTimeZone="ServerTime" CronTab="07 20 * * *"/> -->
		<NoSynchronization />
		
    </CreateConnectorSynchroComplete>
	
	
</ConfigurationFile>