﻿<ConfigurationFile xmlns="urn:schemas-usercube-com:configuration">


 
  <Task Identifier="ProvMan_Metis_Complete_ProvMan_Metis_UpdateFulfillmentStates" DisplayName_L1="ProvMan_Metis - Mise à jour de l'état du provisioning manuel" Level="8" >
    <!-- <TaskDependsOnTask ParentTask="ProvMan_Metis_Complete_Person_To_ProvMan_Metis_User_GenerateProvisioningOrders" /> -->
    <TaskResourceType ResourceType="Person_To_ProvMan_Metis_User" />
  </Task>
  <Task Identifier="ProvMan_Metis_Complete_UpdateParametersContextDisplayNames" DisplayName_L1="Mise à jour des noms des contextes de paramètres" Level="10" TaskType="UpdateParametersContextDisplayNamesTask" />
 
  <Task Identifier="ProvMan_Metis_Complete_MaintainIndexes" DisplayName_L1="Maintenance des index et des statistiques" Level="12" TaskType="MaintainIndexesTask" />
  <Task Identifier="ProvMan_Metis_Complete_UpdateEntityPropertyExpressions" DisplayName_L1="Mise à jour des propriétés calculées" Level="3" TaskType="UpdateEntityPropertyExpressionsTask">
    <TaskEntityType EntityType="Person" />
    <TaskEntityType EntityType="ProvMan_Metis_Nature" />
    <TaskEntityType EntityType="ProvMan_Metis_User" />
  </Task>
  <Task Identifier="ProvMan_Metis_Complete_AllEntities_ComputeCorrelationKeys" DisplayName_L1="Compute des corrélations" Level="4" TaskType="ComputeCorrelationKeysTask">
    <TaskEntityType EntityType="ProvMan_Metis_User" />
  </Task>
  <Task Identifier="ProvMan_Metis_Complete_ComputeRoleModel" DisplayName_L1="Préparation des ordres de provisioning" Level="5" TaskType="ComputeRoleModelTask">
    <TaskEntityType EntityType="Person" />
  </Task>
  <Task Identifier="ProvMan_Metis_Complete_Person_To_ProvMan_Metis_User_GenerateProvisioningOrders" DisplayName_L1="ProvMan_Metis - Génération des ordres de provisioning" Level="7" TaskType="GenerateProvisioningOrdersTask">
    <TaskResourceType ResourceType="Person_To_ProvMan_Metis_User" />
  </Task>
 
  <Job Identifier="ProvMan_Metis_Complete" DisplayName_L1="100 - METIS - Prov Manuel">
    <JobStep Level="1" Task="DeleteDotationNavigationProvMan_Metis" />
    <JobStep Level="2" Task="DeleteDotationScalaireProvMan_Metis" />
    <JobStep Level="3" Task="InsertDotationScalaireProvMan_Metis" />
    <JobStep Level="4" Task="InsertDotationNavigationProvMan_Metis" />
    <JobStep Level="8" Task="ProvMan_Metis_Complete_UpdateEntityPropertyExpressions" />
    <JobStep Level="9" Task="ProvMan_Metis_Complete_AllEntities_ComputeCorrelationKeys" />
    <JobStep Level="10" Task="ProvMan_Metis_Complete_ComputeRoleModel" />
    <JobStep Level="12" Task="ProvMan_Metis_Complete_Person_To_ProvMan_Metis_User_GenerateProvisioningOrders" />
    <JobStep Level="13" Task="ProvMan_Metis_Complete_ProvMan_Metis_UpdateFulfillmentStates" />
    <JobStep Level="15" Task="ProvMan_Metis_Complete_UpdateParametersContextDisplayNames" />
    <JobStep Level="17" Task="ProvMan_Metis_Complete_MaintainIndexes" />
  </Job>
  
  <!-- <Job Identifier="ProvMan_Metis_Complete" DisplayName_L1="100 - METIS - Prov Manuel" CronTabExpression="*/20 8-20 * * *" CronTimeZone="ServerTime"> -->
    <!-- <JobStep Level="1" Task="DeleteDotationNavigationProvMan_Metis" /> -->
    <!-- <JobStep Level="2" Task="DeleteDotationScalaireProvMan_Metis" /> -->
    <!-- <JobStep Level="3" Task="InsertDotationScalaireProvMan_Metis" /> -->
    <!-- <JobStep Level="4" Task="InsertDotationNavigationProvMan_Metis" /> -->
    <!-- <JobStep Level="8" Task="ProvMan_Metis_Complete_UpdateEntityPropertyExpressions" /> -->
    <!-- <JobStep Level="9" Task="ProvMan_Metis_Complete_AllEntities_ComputeCorrelationKeys" /> -->
    <!-- <JobStep Level="10" Task="ProvMan_Metis_Complete_ComputeRoleModel" /> -->
    <!-- <JobStep Level="12" Task="ProvMan_Metis_Complete_Person_To_ProvMan_Metis_User_GenerateProvisioningOrders" /> -->
    <!-- <JobStep Level="13" Task="ProvMan_Metis_Complete_ProvMan_Metis_UpdateFulfillmentStates" /> -->
    <!-- <JobStep Level="15" Task="ProvMan_Metis_Complete_UpdateParametersContextDisplayNames" /> -->
    <!-- <JobStep Level="17" Task="ProvMan_Metis_Complete_MaintainIndexes" /> -->
  <!-- </Job> -->


  <InvokeSqlCommandTask  Agent="Local" Identifier="InsertDotationScalaireProvMan_Metis" OpenIdClient="accessJob" ContinueOnError="true" IsNotAQuery="1" SQLCommand="declare @table as table (ResourceType nvarchar(442),    Propriété nvarchar(442),    Valeur nvarchar(442),    Target nvarchar(442)  )
  INSERT INTO @table (ResourceType, Propriété, Valeur, Target)
  select art.Id as ResourceType, (select Identifier from UM_EntityProperties ep where Id = ars.Property_Id) as Propriété, ars.Value as Valeur, rt.TargetEntityType_Id as Target
  from UP_AssignedResourceTypes art
  INNER JOIN UP_ResourceTypes rt ON rt.Id=art.ResourceType_Id
  LEFT JOIN UR_Resources C ON C.Id=art.Resource_Id 
  INNER JOIN zz_Person p ON p.Id=art.Owner_Id 
  INNER JOIN zz_PersonRecord pr on pr.Id = p.MainRecord
  INNER JOIN UP_AssignedResourceScalars ars on ars.AssignedResourceType_Id = art.Id
  where rt.Identifier = 'Person_To_ProvMan_Metis_User' and art.Resource_Id is null and art.IsDenied = '0' 
  and art.ProvisioningState = '8' and art.ManualProvisioningState = '2' and art.ValidTo &gt;= getdate() and ars.Property_Id in (
    select Id from UM_EntityProperties where (Identifier = 'FirstName' or Identifier = 'LastName' or Identifier = 'LoginZoe' or Identifier = 'Email' or Identifier = 'EmployeeId' or Identifier = 'Contract') and 
    EntityType_Id = (select Id from UM_EntityTypes where Identifier = 'ProvMan_Metis_User')
  ) and ars.ValidTo &gt;= getdate()

  declare @table2 as table (
    ResourceType nvarchar(442),
    Propriété nvarchar(442),
    Valeur nvarchar(442),
    Target nvarchar(442)
  )

  INSERT INTO @table2 (ResourceType, Propriété, Valeur, Target)
  select t1.ResourceType, Propriété = STUFF (
    (
      SELECT ', ' + t2.Propriété
      FROM @table AS t2 
      WHERE t1.ResourceType = t2.ResourceType
      FOR XML PATH('')
    ), 1, 2, N''
  ), Valeur = STUFF
  (
    (
      SELECT ', '  + '''' + COALESCE(Valeur, 'Sans Valeur') + ''''
      FROM @table AS t2 
      WHERE t1.ResourceType = t2.ResourceType
      FOR XML PATH('')
    ), 1, 2, N''
  ), Target
  from @table AS t1
  group by ResourceType,Target

  declare @index as bigint
  set @index = (select top 1 Id -1 from UR_Resources order by Id asc)

  declare @cursor CURSOR
  SET @cursor = CURSOR FOR SELECT ResourceType, Propriété, Valeur, Target FROM @table2

  declare @ResourceType nvarchar(442)
  declare @Propriété nvarchar(442)
  declare @Valeur nvarchar(442)
  declare @Target nvarchar(442)
  declare @sql nvarchar(max)

  OPEN @cursor
  FETCH NEXT FROM @cursor INTO @ResourceType, @Propriété, @Valeur, @Target

  WHILE (@@FETCH_STATUS = 0)
  BEGIN
    SET @sql = 'insert into zz_ProvMan_Metis_User (Id, ' + @Propriété + ', _type) values (' + cast(@index as varchar) + ', ' + @Valeur + ', ' + @Target + ')'
    PRINT @sql
    EXEC dbo.sp_executesql @sql

    SET @index -= 1
    PRINT @index
    FETCH NEXT FROM @cursor INTO @ResourceType, @Propriété, @Valeur, @Target 
  END

  CLOSE @cursor
  DEALLOCATE @cursor" DisplayName_L1="Affectation des comptes METIS" />

  <InvokeSqlCommandTask  Agent="Local" Identifier="InsertDotationNavigationProvMan_Metis" OpenIdClient="accessJob" ContinueOnError="true" IsNotAQuery="1" SQLCommand="
  DECLARE @AccountId bigint
  DECLARE @NatureId bigint
  DECLARE @AssoId bigint
  DECLARE @sql nvarchar(max)
  DECLARE @DotationToInsert as TABLE
  (
      AccountId bigint,
      NatureId bigint,
      AssoId bigint
  )
  DECLARE @myDotToInsert  CURSOR
  INSERT INTO @DotationToInsert (AccountId,NatureId,AssoId)
  select distinct A.Resource_Id as AccountId, arn.Resource_Id as NatureId, eas.Id as AssoId
  from UP_AssignedResourceTypes A 
  INNER JOIN UP_ResourceTypes B ON B.Id=A.ResourceType_Id
  INNER JOIN UP_AssignedResourceNavigations arn ON A.Id = arn.AssignedResourceType_Id
  INNER JOIN UM_EntityAssociations eas ON eas.Property2_Id = arn.Property_Id
  where arn.Resource_Id is not null and arn.IsDenied = '0' 
  and arn.WorkflowState = '18' and arn.ProvisioningState = '8' and arn.ValidTo &gt;=getdate()
  and B.Identifier = 'Person_To_ProvMan_Metis_User'
  SET @myDotToInsert = CURSOR FOR SELECT AccountId,NatureId,AssoId FROM @DotationToInsert
  OPEN @myDotToInsert
  FETCH NEXT FROM @myDotToInsert INTO  @AccountId,@NatureId,@AssoId
  WHILE (@@fetch_status = 0)
  BEGIN   
      SET @sql = 'insert into UR_ResourceLinks (R1_Id,R2_Id,Type) values (' + cast(@NatureId as varchar)  + ',' + cast(@AccountId as varchar) + ',' + cast(@AssoId as varchar) +')';
      PRINT @sql; 
      EXEC dbo.sp_executesql @sql;
      FETCH NEXT FROM @myDotToInsert INTO  @AccountId,@NatureId,@AssoId
  END
  CLOSE @myDotToInsert 
  DEALLOCATE @myDotToInsert" DisplayName_L1="Affectation des dotations METIS" />


  <InvokeSqlCommandTask  Agent="Local" Identifier="DeleteDotationScalaireProvMan_Metis" OpenIdClient="accessJob" ContinueOnError="true" IsNotAQuery="1" SQLCommand="
  declare @table as table (
    ResourceType nvarchar(442),
    ResourceId nvarchar(442)
  )

  INSERT INTO @table (ResourceType, ResourceId)
  select art.Id as ResourceType, art.Resource_Id as ResourceId
  from UP_AssignedResourceTypes art
  INNER JOIN UP_ResourceTypes rt ON rt.Id=art.ResourceType_Id
  LEFT JOIN UR_Resources C ON C.Id=art.Resource_Id 
  INNER JOIN zz_Person p ON p.Id=art.Owner_Id 
  INNER JOIN zz_PersonRecord pr on pr.Id = p.MainRecord
  where rt.Identifier = 'Person_To_ProvMan_Metis_User' and art.Resource_Id is not null and art.IsDenied = '1' 
  and art.ProvisioningState = '8' and art.ManualProvisioningState = '2' and art.ValidTo &gt;= getdate() 
  
  declare @ResourceType nvarchar(442)
  declare @ResourceId nvarchar(442)
  declare @sql nvarchar(max)

  declare @cursor CURSOR
  SET @cursor = CURSOR FOR SELECT ResourceType, ResourceId FROM @table

  OPEN @cursor
  FETCH NEXT FROM @cursor INTO @ResourceType,@ResourceId
  WHILE (@@fetch_status = 0)
  BEGIN	
  SET @sql = 'delete from zz_ProvMan_Metis_Nature_User where User_Id=''' + @ResourceId + ''''
  EXEC dbo.sp_executesql @sql
  SET @sql = 'delete from zz_ProvMan_Metis_User where Id=''' + @ResourceId + ''''
  EXEC dbo.sp_executesql @sql  
  FETCH NEXT FROM @cursor INTO @ResourceType,@ResourceId
  END
  CLOSE @cursor 
  DEALLOCATE @cursor" DisplayName_L1="Retrait des comptes METIS" />


  <InvokeSqlCommandTask Agent="Local" Identifier="DeleteDotationNavigationProvMan_Metis" OpenIdClient="accessJob" ContinueOnError="true" IsNotAQuery="1" SQLCommand="
  declare @table as table (
    ResourceType nvarchar(442),
    ResourceId nvarchar(442),
    NatureId  nvarchar(442)
  )

  INSERT INTO @table (ResourceType, ResourceId, NatureId)
  select A.Id as ResourceType, A.Resource_Id as ResourceId, arn.Resource_Id as NatureId
	from UP_AssignedResourceTypes A 
	INNER JOIN UP_ResourceTypes B ON B.Id=A.ResourceType_Id
	INNER JOIN UP_AssignedResourceNavigations arn ON A.Id = arn.AssignedResourceType_Id
	INNER JOIN UM_EntityAssociations eas ON eas.Property2_Id = arn.Property_Id
	where arn.ValidTo &gt;=getdate()
	and arn.IsDenied = '1' 
	and A.ManualProvisioningState = '2'
	and arn.ProvisioningState = '8' 
	and B.Identifier = 'Person_To_ProvMan_Metis_User'
  
  declare @ResourceType nvarchar(442)
  declare @ResourceId nvarchar(442)
  declare @sql nvarchar(max)
  DECLARE @NatureId nvarchar(442)

  declare @cursor CURSOR
  SET @cursor = CURSOR FOR SELECT ResourceType, ResourceId, NatureId FROM @table

  OPEN @cursor
  FETCH NEXT FROM @cursor INTO @ResourceType,@ResourceId,@NatureId
  WHILE (@@fetch_status = 0)
  BEGIN	
   SET @sql = 'delete from zz_ProvMan_Metis_Nature_User where User_Id=''' + @ResourceId + ''' and Natures_Id=''' + @NatureId + ''''
  EXEC dbo.sp_executesql @sql
  FETCH NEXT FROM @cursor INTO @ResourceType,@ResourceId,@NatureId
  END
  CLOSE @cursor 
  DEALLOCATE @cursor" DisplayName_L1="Retrait des dotations METIS" />

</ConfigurationFile>