﻿<ConfigurationFile xmlns="urn:schemas-usercube-com:configuration">

  <Category Policy="Default" Identifier="METIS_level1" DisplayName_L1="Dotation_Metis" Parent="Applications" />


  <ResourceType TransmittedStateValidityPeriod="180" Identifier="Person_To_ProvMan_Metis_User" DisplayName_L1="Ticket Manuel METIS" Policy="Default" TargetEntityType="ProvMan_Metis_User" Category="METIS_level1" SourceEntityType="Person" BlockProvisioning="false" MaximumDelete="0" MaximumDeletePercent="100" MaximumInsert="0" MaximumInsertPercent="100" MaximumUpdate="0" MaximumUpdatePercent="100" AllowAdd="true" AllowRemove="true">

    <!-- <TypeRule SingleRole="Role_ProvMan_Metis_ADMIN"  TimeOffsetReference="Around" TimeOffsetBeforeReference="-10080" TimeOffsetAfterReference="-10080"/>
    <TypeRule SingleRole="Role_ProvMan_Metis_BUREAUTIQUE"  TimeOffsetReference="Around" TimeOffsetBeforeReference="-10080" TimeOffsetAfterReference="-10080"/> -->

    <ScalarRule Property="EmployeeId" Binding="EmployeeId" />
    <ScalarRule Property="LoginZoe" Binding="LoginZoe" />
    <ScalarRule Property="FirstName" Binding="FirstName" />
    <ScalarRule Property="LastName" Binding="LastName" />
    <ScalarRule Property="Email" Binding="Mail" />
	<!-- COMMANDE MEP -->
    <ScalarRule Property="Contract" Expression="C#:PersonRecord:
	string contract=&quot;Sans Valeur&quot;;
	if(! String.IsNullOrEmpty(PersonRecord.Contracts.Identifier) ){
	contract=PersonRecord.Contracts.Identifier;
	}
	return contract;" />	

    <!-- <NavigationRule Property="Natures" Resource="ADMIN" SingleRole="Role_ProvMan_Metis_ADMIN" />
    <NavigationRule Property="Natures" Resource="BUREAUTIQUE" SingleRole="Role_ProvMan_Metis_ADMIN" />
    <NavigationRule Property="Natures" Resource="BUREAUTIQUE" SingleRole="Role_ProvMan_Metis_BUREAUTIQUE" /> -->

  </ResourceType>

  <ResourceCorrelationRule ResourceType="Person_To_ProvMan_Metis_User" TargetBinding="EmployeeId" SourceBinding="EmployeeId" Policy="Default" SourceMatchedConfidenceLevel="110" />
  <ResourceCorrelationRule ResourceType="Person_To_ProvMan_Metis_User" TargetBinding="LoginZoe" SourceBinding="LoginZoe" Policy="Default" SourceMatchedConfidenceLevel="100" />

  <!-- <SingleRole Identifier="Role_ProvMan_Metis_ADMIN" DisplayName_L1="Poste Administrateur" Category="METIS_level1" ApprovalWorkflowType="One" EntityType="Person" Policy="Default" />
  <SingleRole Identifier="Role_ProvMan_Metis_BUREAUTIQUE" DisplayName_L1="Poste Bureautique" Category="METIS_level1" ApprovalWorkflowType="One" EntityType="Person" Policy="Default" /> -->


</ConfigurationFile>