﻿
<ConfigurationFile xmlns="urn:schemas-usercube-com:configuration">
<!-- DROITS Administrator -->
  <AccessControlRule Profile="Administrator" EntityType="RACF_SILCA_STEC_User" Identifier="Administrator_Resources_RACF_SILCA_STEC_User" DisplayName_L1="Administrator_Resources_RACF_SILCA_STEC_User">
    <Entry Permission="/Custom/Resources/RACF_SILCA_STEC_User/View" CanExecute="true" />
    <Entry Permission="/Custom/Resources/RACF_SILCA_STEC_User/ViewTargetResources" CanExecute="true" />
    <Entry Permission="/" />
    <Entry Permission="/Custom/ResourceFiles/RACF_SILCA_STEC_User" CanExecute="true" />
  </AccessControlRule>

  <AccessControlRule Profile="Administrator" EntityType="RACF_SILCA_STEC_Group" Identifier="Administrator_Resources_RACF_SILCA_STEC_Group" DisplayName_L1="Administrator_Resources_RACF_SILCA_STEC_Group">
    <Entry Permission="/Custom/Resources/RACF_SILCA_STEC_Group/View" CanExecute="true" />
    <Entry Permission="/" />
    <Entry Permission="/Custom/ResourceFiles/RACF_SILCA_STEC_Group" CanExecute="true" />
  </AccessControlRule>
  
<!-- DROITS CCP -->
  <AccessControlRule Profile="CCP" EntityType="RACF_SILCA_STEC_User" Identifier="CCP_Resources_RACF_SILCA_STEC_User" DisplayName_L1="CCP_Resources_RACF_SILCA_STEC_User">
    <Entry Permission="/Custom/Resources/RACF_SILCA_STEC_User/View" CanExecute="true" />
    <Entry Permission="/Custom/Resources/RACF_SILCA_STEC_User/ViewTargetResources" CanExecute="true" />
    <Entry Permission="/" />
    <Entry Permission="/Custom/ResourceFiles/RACF_SILCA_STEC_User" CanExecute="true" />
  </AccessControlRule>

  <AccessControlRule Profile="CCP" EntityType="RACF_SILCA_STEC_Group" Identifier="CCP_Resources_RACF_SILCA_STEC_Group" DisplayName_L1="CCP_Resources_RACF_SILCA_STEC_Group">
    <Entry Permission="/Custom/Resources/RACF_SILCA_STEC_Group/View" CanExecute="true" />
    <Entry Permission="/" />
    <Entry Permission="/Custom/ResourceFiles/RACF_SILCA_STEC_Group" CanExecute="true" />
  </AccessControlRule>
</ConfigurationFile>

