﻿<ConfigurationFile xmlns="urn:schemas-usercube-com:configuration">

  <CreateConnectorSynchroIncremental JobIdentifier="AD_ProdGrp_Full_Incremental" Connector="AD_ProdGrp" DisplayName_L1="04 - AD_ProdGrp - Lecture Incrémentale et Ecriture" OldAlgorithm="true">
    <OpenIdIdentifier Identifier="accessJob" />
	<CronTabExpression CronTab="5/30 6-19 * * *" CronTimeZone="ServerTime" />
    <!-- <AddTask Task="Create_HomeFolderProdgrp_Incremental" After="true" TaskToCompareWith="AD_ProdGrp_FulfillLDAP" /> -->
  </CreateConnectorSynchroIncremental>


  <CreateConnectorSynchroComplete JobIdentifier="AD_ProdGrp_Full_Complete" Connector="AD_ProdGrp" DisplayName_L1="AD_ProdGrp - Lecture Complète et Ecriture" OldAlgorithm="true">
    <OpenIdIdentifier Identifier="accessJob" />   
    <!-- <AddTask Task="Create_HomeFolderProdgrp_Complete" After="true" TaskToCompareWith="AD_ProdGrp_FulfillLDAP" /> -->
  </CreateConnectorSynchroComplete>


  <CreateConnectorSynchroComplete JobIdentifier="AD_ProdGrp_Export_Complete" Connector="AD_ProdGrp" DisplayName_L1="AD_ProdGrp - Lecture Complète" OldAlgorithm="true">
    <OpenIdIdentifier Identifier="accessJob" />
    <!-- <CronTabExpression CronTab="2 4 * * 6" CronTimeZone="ServerTime" /> -->
    <NoProvisioning />
  </CreateConnectorSynchroComplete>


</ConfigurationFile>