﻿<ConfigurationFile xmlns="urn:schemas-usercube-com:configuration">
  <Category Policy="Default" Identifier="Applications" DisplayName_L1="ANNUAIRES" IsCollapsed="true" />
  <Category Policy="Default" Identifier="AD_ProdGrp" DisplayName_L1="Active Directory ProdGrp" Parent="Applications" />

  <ResourceType TransmittedStateValidityPeriod="180" MaximumDelete="0" MaximumDeletePercent="5" MaximumInsert="0" MaximumInsertPercent="5" MaximumUpdate="0" MaximumUpdatePercent="5" Identifier="AD_ProdGrp_Entry_ToSortUser" DisplayName_L1="Compte AD ProdGrp (à trier)" SourceEntityType="Person" Policy="Default" TargetEntityType="AD_ProdGrp_Entry" Category="AD_ProdGrp" ApprovalWorkflowType="ManualAssignmentNotAllowed" />

  <ResourceType TransmittedStateValidityPeriod="180" MaximumDelete="0" MaximumDeletePercent="5" MaximumInsert="0" MaximumInsertPercent="5" MaximumUpdate="0" MaximumUpdatePercent="5" Identifier="AD_ProdGrp_Entry_NominativeUser" DisplayName_L1="Compte AD ProdGrp (nominatif)" Policy="Default" TargetEntityType="AD_ProdGrp_Entry" Category="AD_ProdGrp" SourceEntityType="Person" BlockProvisioning="true" ApprovalWorkflowType="ManualAssignmentNotAllowed" >
    <TypeRule Id="-901" TimeOffsetReference="Around" TimeOffsetBeforeReference="-20160" TimeOffsetAfterReference="44640" SingleRole="$GLOBAL$_Base_CAGIP_Internes" D2Id="-3" />
    <TypeRule Id="-902" TimeOffsetReference="Around" TimeOffsetBeforeReference="-20160" TimeOffsetAfterReference="44640" SingleRole="$GLOBAL$_Base CAGIP Externes" D2Id="-4" />

    <ScalarRule Property="accountExpires" Expression="C#:person:return (!person.WhenOut.HasValue || person.WhenOut.Value.ToString(&quot;yyyy&quot;) == &quot;2099&quot;) ? &quot;0&quot; : person.WhenOut.Value.AddHours(-5).ToSince1601DateString();" />
    <ScalarRule Property="cn" Expression="C#:PersonRecord:return PersonRecord.LastName + &quot; &quot; + PersonRecord.FormatedFirstName;" />
    <ScalarRule Property="company" Expression="C#:return &quot;CA-GIP&quot;;" />
    <ScalarRule Property="department" Binding="OrgaHierarchy" />
    <ScalarRule Property="description" Binding="OrgaHierarchy" />
    <ScalarRule Property="displayName"
      Expression="C#:PersonRecord:
      string displayName = &quot;&quot;;
      if(PersonRecord.LastName != null &amp;&amp; PersonRecord.FormatedFirstName != null)
      {
        if(PersonRecord.UserGategory == &quot;EXTERNE&quot;)
        {
          displayName = Usercube.Expressions.Functions.UtilExpressions.RemoveDiacritics(PersonRecord.LastName).ToUpper() + &quot;-PRESTATAIRE &quot; + PersonRecord.FormatedFirstName + &quot; (CA-GIP)&quot;;
        }
        else 
        {
          displayName = Usercube.Expressions.Functions.UtilExpressions.RemoveDiacritics(PersonRecord.LastName).ToUpper() + &quot; &quot; + PersonRecord.FormatedFirstName + &quot; (CA-GIP)&quot;;
        }
        if( !String.IsNullOrEmpty(PersonRecord.dateMigrationZoe) &amp;&amp; Int64.Parse(DateTime.Now.ToString(&quot;yyyyMMddHHmmss&quot;)) &gt;  Int64.Parse(PersonRecord.dateMigrationZoe) ){
          displayName = &quot;ZZ_PRODGRP &quot; + displayName ;
        } else if(!String.IsNullOrEmpty(PersonRecord.DomaineAD.Identifier) &amp;&amp; PersonRecord.DomaineAD.Identifier==&quot;ZOE&quot;){
		      displayName = &quot;ZZ_PRODGRP &quot; + displayName ;
        }    
      }
      return displayName;"
      Policy="Default" />
    <ScalarRule Property="flags" Expression="C#:person:
      string flags = &quot;0&quot;;
      if( !String.IsNullOrEmpty(person.DomaineAD.Identifier) &amp;&amp; person.DomaineAD.Identifier==&quot;PRODGRP&quot; ){
        flags = &quot;3&quot;;
      }
	  if( !String.IsNullOrEmpty(person.DomaineAD.Identifier) &amp;&amp; person.DomaineAD.Identifier==&quot;ZOE&quot; ){
        flags = null;
      }
      return flags;"
      Policy="Default" />
    <ScalarRule Property="givenName" Binding="FormatedFirstName" />
    <ScalarRule Property="homeDirectory" Expression="C#:person:return person.Login != null ? &quot;\u005C\u005CSILNAS200.PRODGRP.LOCAL\u005CUSER$\u005C&quot; + person.Login.ToLower() : (person.LastName == null || person.FirstName == null) ? null : &quot;\u005C\u005CSILNAS200.PRODGRP.LOCAL\u005CUSER$\u005C&quot; + person.LastName.Simplify().ToLower() + &quot;_&quot; + person.FirstName.Simplify().Substring(0,1).ToLower() ;" />
    <ScalarRule Property="homeDrive" Expression="C#:return &quot;S\u003A&quot;;" />
    <ScalarRule Property="initials"
      Expression="C#:person:
      string init = &quot;&quot;;
      if(person.LastName != null &amp;&amp; person.FirstName != null)
      {
        string fullname = Usercube.Expressions.Functions.UtilExpressions.RemoveDiacritics(person.FirstName.TrimStart(' ').TrimEnd(' ')).ToUpper() + &quot; &quot; + Usercube.Expressions.Functions.UtilExpressions.RemoveDiacritics(person.LastName.TrimStart(' ').TrimEnd(' ')).ToUpper();
        string[] tableName = fullname.Split(' ');
        foreach (string nameSpacePart in tableName)
        {
          string[] tableNamePart = nameSpacePart.Split('-');
          foreach (string nameDashPart in tableNamePart)
          {
            init = init + nameDashPart.Substring(0,1);
          }         
        }        
      }
      return init;"
      Policy="Default" />
    <ScalarRule Property="l" Binding="RHSite" />
    <ScalarRule Property="mail" Binding="Mail" />
    <ScalarRule Property="physicalDeliveryOfficeName"
      Expression="C#:PersonRecord: 
      string office = &quot;&quot;;
      if(!String.IsNullOrEmpty(PersonRecord.RHSite)) {office = office + &quot;/&quot; + PersonRecord.RHSite;}
      if(!String.IsNullOrEmpty(PersonRecord.RHBatiment)) {office = office + &quot;/&quot; + PersonRecord.RHBatiment;}
      if(!String.IsNullOrEmpty(PersonRecord.RHEtage)) {office = office + &quot;/&quot; + PersonRecord.RHEtage;}
      if(!String.IsNullOrEmpty(PersonRecord.RHBureau)) {office = office + &quot;/&quot; + PersonRecord.RHBureau;}
      if(!String.IsNullOrEmpty(office)) {return office.Substring(1);}
      else {return null;}"
      Policy="Default" />
    <ScalarRule Property="sAMAccountName"
      Expression="C#:person:return person.Login != null ? person.Login.ToLower() : (person.LastName == null || person.FirstName == null) ? null : person.LastName.ToLower().EndsWith(&quot;-psl&quot;) ? person.LastName.Substring(0,person.LastName.Length - 4).Simplify().ToLower() + &quot;-psl&quot; + &quot;_&quot; + person.FirstName.Simplify().Substring(0,1).ToLower() : person.LastName.Simplify().ToLower() + &quot;_&quot; + person.FirstName.Simplify().Substring(0,1).ToLower() ;" />
    <ScalarRule Property="userPrincipalName"
      Expression="C#:person:return person.Login != null ? person.Login.ToLower() + &quot;@prodgrp.local&quot; : (person.LastName == null || person.FirstName == null) ? null : person.LastName.ToLower().EndsWith(&quot;-psl&quot;) ? person.LastName.Substring(0,person.LastName.Length - 4).Simplify().ToLower() + &quot;-psl&quot; + &quot;_&quot; + person.FirstName.Simplify().Substring(0,1).ToLower() + &quot;@prodgrp.local&quot; : person.LastName.Simplify().ToLower() + &quot;_&quot; + person.FirstName.Simplify().Substring(0,1).ToLower() + &quot;@prodgrp.local&quot;;" />
    <ScalarRule Property="sn" Binding="LastName" />
    <ScalarRule Property="title" Expression="C#:return &quot;SILCA&quot;;" />
    <ScalarRule Property="userAccountControl" Expression="C#:person:return (person.Disabled.HasValue &amp;&amp; person.Disabled.Value) ? &quot;514&quot; : &quot;512&quot;;" TimeOffsetReference="Around" TimeOffsetBeforeReference="-20160" TimeOffsetAfterReference="0" />
    <ScalarRule Property="userAccountControl" Expression="C#:person:return &quot;514&quot;;" TimeOffsetReference="After" TimeOffsetBeforeReference="0" TimeOffsetAfterReference="44640" />
    <ScalarRule Property="msDScloudExtensionAttribute18" Expression="C#:person:
     string msDScloudExtensionAttribute18 = null;
     if( !String.IsNullOrEmpty(person.DomaineAD.Identifier) &amp;&amp; person.DomaineAD.Identifier==&quot;ZOE&quot; ){
       msDScloudExtensionAttribute18 = person.LoginZoe;
     }
     return msDScloudExtensionAttribute18;" Policy="Default" />

    <ScalarRule Property="msDScloudExtensionAttribute19" Expression="C#:person:
     string msDScloudExtensionAttribute19 = null;
     if( !String.IsNullOrEmpty(person.DomaineAD.Identifier) &amp;&amp; person.DomaineAD.Identifier==&quot;ZOE&quot; ){
       msDScloudExtensionAttribute19 = &quot;ZOE&quot;;
     }
     return msDScloudExtensionAttribute19;" Policy="Default" />

    <ScalarRule Property="msDScloudExtensionAttribute20" Expression="C#:person:
     string msDScloudExtensionAttribute20 = null;
     if( !String.IsNullOrEmpty(person.DomaineAD.Identifier) &amp;&amp; person.DomaineAD.Identifier==&quot;ZOE&quot; ){
       msDScloudExtensionAttribute20 = person.LoginZoe + &quot;@zoe.gca&quot;;
     }
     return msDScloudExtensionAttribute20;" Policy="Default" />

    <QueryRule Property="parentdn" TargetBinding="dn" SourceExpression="C#:person:return &quot;OU=mobilite-silca,OU=Nomadio,OU=OU_Utilisateurs,DC=prodgrp,DC=local&quot;;" />
  </ResourceType>

  <ResourceType TransmittedStateValidityPeriod="180" MaximumDelete="0" MaximumDeletePercent="5" MaximumInsert="0" MaximumInsertPercent="5" MaximumUpdate="0" MaximumUpdatePercent="5" Identifier="AD_ProdGrp_Entry_AdministrationUser" DisplayName_L1="Compte AD ProdGrp (administration)" Policy="Default" TargetEntityType="AD_ProdGrp_Entry" Category="AD_ProdGrp" SourceEntityType="Person" BlockProvisioning="true" ApprovalWorkflowType="ManualAssignmentNotAllowed" >
    <!-- <TypeRule TimeOffsetReference="Around" TimeOffsetBeforeReference="-20160" TimeOffsetAfterReference="44640" /> -->

    <ScalarRule Property="accountExpires" Expression="C#:person:return !person.WhenOut.HasValue ? &quot;0&quot; : person.WhenOut.Value.ToSince1601DateString();" />
    <!-- <ScalarRule Property="cn" Expression="C#:PersonRecord:return PersonRecord.LastName + &quot; &quot; + PersonRecord.FormatedFirstName;" /> -->
    <ScalarRule Property="cn"
      Expression="C#:PersonRecord:
      string cn = &quot;&quot;;
      if(PersonRecord.LastName != null &amp;&amp; PersonRecord.FormatedFirstName != null)
      {
        if(PersonRecord.UserGategory == &quot;EXTERNE&quot;)
        {
          cn = Usercube.Expressions.Functions.UtilExpressions.RemoveDiacritics(PersonRecord.LastName).ToUpper() + &quot;-PRESTATAIRE &quot; + PersonRecord.FormatedFirstName + &quot; (ADML)&quot;;
        }
        else 
        {
          cn = Usercube.Expressions.Functions.UtilExpressions.RemoveDiacritics(PersonRecord.LastName).ToUpper() + &quot; &quot; + PersonRecord.FormatedFirstName + &quot; (ADML)&quot;;
        }
      }
      return cn;" />
    <ScalarRule Property="displayName"
      Expression="C#:PersonRecord:
      string displayName = &quot;&quot;;
      if(PersonRecord.LastName != null &amp;&amp; PersonRecord.FormatedFirstName != null)
      {
        if(PersonRecord.UserGategory == &quot;EXTERNE&quot;)
        {
          displayName = Usercube.Expressions.Functions.UtilExpressions.RemoveDiacritics(PersonRecord.LastName).ToUpper() + &quot;-PRESTATAIRE &quot; + PersonRecord.FormatedFirstName + &quot; (ADML)&quot;;
        }
        else 
        {
          displayName = Usercube.Expressions.Functions.UtilExpressions.RemoveDiacritics(PersonRecord.LastName).ToUpper() + &quot; &quot; + PersonRecord.FormatedFirstName + &quot; (ADML)&quot;;
        }
      }
      return displayName;"
      Policy="Default" />
    <ScalarRule Property="givenName" Binding="FormatedFirstName" />
	<ScalarRule Property="mail" Binding="Mail" />											 
    <!-- <ScalarRule Property="sAMAccountName" Expression="C#:person:return person.Login != null ? person.Login.ToLower()  + &quot;_ADML&quot; : person.LastName == null ? null : person.LastName.ToLower().EndsWith(&quot;-psl&quot;) ? person.LastName.Substring(0,person.LastName.Length - 4).Simplify().ToLower() + &quot;-psl&quot; + &quot;_ADML&quot; : person.LastName.Simplify().ToLower() + &quot;_ADML&quot;;" /> -->
    <ScalarRule Property="sAMAccountName"
      Expression="C#:person:return person.Login != null ? person.Login.ToLower() + &quot;_adml&quot; : (person.LastName == null || person.FirstName == null) ? null : person.LastName.ToLower().EndsWith(&quot;-psl&quot;) ? person.LastName.Substring(0,person.LastName.Length - 4).Simplify().ToLower() + &quot;-psl&quot; + &quot;_&quot; + person.FirstName.Simplify().Substring(0,1).ToLower() + &quot;_adml&quot; : person.LastName.Simplify().ToLower() + &quot;_&quot; + person.FirstName.Simplify().Substring(0,1).ToLower() + &quot;_adml&quot; ;" />
    <!-- <ScalarRule Property="userPrincipalName" Expression="C#:person:return person.Login != null ? person.Login.ToLower() + &quot;@prodgrp.local&quot; : person.LastName == null ? null : person.LastName.ToLower().EndsWith(&quot;-psl&quot;) ? person.LastName.Substring(0,person.LastName.Length - 4).Simplify().ToLower() + &quot;-psl&quot; + &quot;_ADML&quot; + &quot;@prodgrp.local&quot;: person.LastName.Simplify().ToLower() +
    &quot;_ADML&quot; + &quot;@prodgrp.local&quot;;" /> -->
    <ScalarRule Property="userPrincipalName"
      Expression="C#:person:return person.Login != null ? person.Login.ToLower() + &quot;_adml&quot; + &quot;@prodgrp.local&quot; : (person.LastName == null || person.FirstName == null) ? null : person.LastName.ToLower().EndsWith(&quot;-psl&quot;) ? person.LastName.Substring(0,person.LastName.Length - 4).Simplify().ToLower() + &quot;-psl&quot; + &quot;_&quot; + person.FirstName.Simplify().Substring(0,1).ToLower() + &quot;_adml&quot; + &quot;@prodgrp.local&quot; : person.LastName.Simplify().ToLower() + &quot;_&quot; + person.FirstName.Simplify().Substring(0,1).ToLower() + &quot;_adml&quot; + &quot;@prodgrp.local&quot;;" />
    <ScalarRule Property="sn" Binding="LastName" />
    <!-- <ScalarRule Property="title" Expression="C#:return &quot;SILCA&quot;;" /> -->
    <ScalarRule Property="userAccountControl" Expression="C#:person:return (person.Disabled.HasValue &amp;&amp; person.Disabled.Value) ? &quot;514&quot; : &quot;512&quot;;" TimeOffsetReference="Around" TimeOffsetBeforeReference="-20160" TimeOffsetAfterReference="0" />
    <ScalarRule Property="userAccountControl" Expression="C#:person:return &quot;514&quot;;" TimeOffsetReference="After" TimeOffsetBeforeReference="0" TimeOffsetAfterReference="44640" />

    <QueryRule Property="parentdn" TargetBinding="dn" SourceExpression="C#:person:return &quot;OU=ADML,OU=OU_Autres Utilisateurs,DC=prodgrp,DC=local&quot;;" />
  </ResourceType>

  <ResourceType TransmittedStateValidityPeriod="180" MaximumDelete="0" MaximumDeletePercent="5" MaximumInsert="0" MaximumInsertPercent="5" MaximumUpdate="0" MaximumUpdatePercent="5" Identifier="AD_ProdGrp_Entry_TechnicalUser" DisplayName_L1="Compte AD ProdGrp (technique)" Policy="Default" TargetEntityType="AD_ProdGrp_Entry" Category="AD_ProdGrp" SourceEntityType="Person" ApprovalWorkflowType="ManualAssignmentNotAllowed" />

  <ResourceType TransmittedStateValidityPeriod="180" MaximumDelete="0" MaximumDeletePercent="5" MaximumInsert="0" MaximumInsertPercent="5" MaximumUpdate="0" MaximumUpdatePercent="5" Identifier="AD_ProdGrp_Entry_ServiceUser" DisplayName_L1="Compte AD ProdGrp (service)" Policy="Default" TargetEntityType="AD_ProdGrp_Entry" Category="AD_ProdGrp" SourceEntityType="Person" ApprovalWorkflowType="ManualAssignmentNotAllowed" />

  <PasswordResetSettings Identifier="AD_ProdGrp_Entry_NominativeUser" MustChange="true" Mode="1" NotifiedEmailBinding="AssignedResourceType:Owner.Person:MainRecord.MailHab" NotifiedFullNameBinding="AssignedResourceType:Owner.Person:MainRecord.Responsible.InternalDisplayName" StrengthCheck="^.*" AutoGenerate="true" BeneficiaryEmailBinding="AssignedResourceType:Owner.Person:MainRecord.Mail"
    BeneficiaryFullNameBinding="AssignedResourceType:Owner.Person:MainRecord.InternalDisplayName" DefaultPassword="CAGIPp@ssword2019" GeneratedLength="15" NotificationCC="cagip_habilitations@ca-gip.fr" />

  <LdapResourceTypeMapping Identifier="AD_ProdGrp_Entry_NominativeUser" DefaultObjectClass="user" RDNAttributeIdentifier="CN" UsePermissiveModify="true" UseTreeDelete="false" Connection="ADProdGrpExport" PasswordResetSetting="AD_ProdGrp_Entry_NominativeUser">
    <Property Property="memberOf" DataSourceBacklinkColumnName="member" />
    <Property Property="userAccountControl" IsUserAccountControlProperty="true" />
    <Property Property="cn" IsRDNProperty="true" />
    <Property Property="parentdn" IsParentProperty="true" />
    <Property Property="dn" IsDNProperty="true" />
  </LdapResourceTypeMapping>

  <LdapResourceTypeMapping Identifier="AD_ProdGrp_Entry_AdministrationUser" DefaultObjectClass="user" RDNAttributeIdentifier="CN" UsePermissiveModify="true" UseTreeDelete="false" Connection="ADProdGrpExport" PasswordResetSetting="AD_ProdGrp_Entry_NominativeUser">
    <Property Property="memberOf" DataSourceBacklinkColumnName="member" />
    <Property Property="userAccountControl" IsUserAccountControlProperty="true" />
    <Property Property="cn" IsRDNProperty="true" />
    <Property Property="parentdn" IsParentProperty="true" />
    <Property Property="dn" IsDNProperty="true" />
  </LdapResourceTypeMapping>

  <ResourceClassificationRule ResourceType="AD_ProdGrp_Entry_ServiceUser" Policy="Default" ResourceTypeIdentificationConfidenceLevel="100" TargetExpression="C#:resource:return resource.dn.Contains(&quot;OU=Comptes Service,&quot;) ;" />

  <!-- <ResourceCorrelationRule ResourceType="AD_ProdGrp_Entry_NominativeUser" TargetBinding="mail" Policy="Default" SourceMatchedConfidenceLevel="90" SourceBinding="Mail" /> -->
  <ResourceCorrelationRule ResourceType="AD_ProdGrp_Entry_NominativeUser" TargetExpression="C#:resource:return (resource.sAMAccountName == null) ? null : resource.sAMAccountName.ToLower();" Policy="Default" SourceMatchedConfidenceLevel="100" SourceExpression="C#:PersonRecord:return (String.IsNullOrEmpty(PersonRecord.Login) || String.IsNullOrEmpty(PersonRecord.LoginZoe)) ? &quot;DoNotReconcialiateString&quot; : PersonRecord.Login.ToLower();" />

  <ResourceCorrelationRule ResourceType="AD_ProdGrp_Entry_AdministrationUser" TargetExpression="C#:resource:return (resource.sAMAccountName == null) ? null : resource.sAMAccountName.ToLower();" Policy="Default" SourceMatchedConfidenceLevel="100" SourceExpression="C#:PersonRecord:return (PersonRecord.Login + &quot;_ADML&quot;).ToLower();" />
  <ResourceCorrelationRule ResourceType="AD_ProdGrp_Entry_AdministrationUser" TargetExpression="C#:resource:return (resource.sAMAccountName == null) ? null : resource.sAMAccountName.ToLower();" Policy="Default" SourceMatchedConfidenceLevel="90"
    SourceExpression="C#:PersonRecord:return ((PersonRecord.LastName == null) &amp;&amp; (PersonRecord.FirstName == null))  ? null : Usercube.Expressions.Functions.UtilExpressions.RemoveDiacritics(PersonRecord.LastName + &quot;_&quot; + PersonRecord.FirstName.Substring(0,1) + &quot;_ADML&quot;).ToLower();" />
  <!-- <ResourceCorrelationRule ResourceType="AD_ProdGrp_Entry_AdministrationUser" TargetExpression="C#:resource:return (resource.sAMAccountName == null) ? null : resource.sAMAccountName.ToLower();" Policy="Default" SourceMatchedConfidenceLevel="80" SourceExpression="C#:PersonRecord:return (PersonRecord.LastName == null) ? null : (Usercube.Expressions.Functions.UtilExpressions.RemoveDiacritics(PersonRecord.LastName) +
  &quot;_ADML&quot;).ToLower();" /> -->

</ConfigurationFile>