﻿<ConfigurationFile xmlns="urn:schemas-usercube-com:configuration">

  <CreateConnectorSynchroIncremental JobIdentifier="AD_YGIE_Full_Incremental" Connector="AD_YGIE" DisplayName_L1="11 - AD_YGIE - Lecture Incrémentale et Ecriture">
    <OpenIdIdentifier Identifier="accessJob"/>
    <!-- <CronTabExpression CronTab="16/30 6-19 * * *" CronTimeZone="ServerTime"/> -->
  </CreateConnectorSynchroIncremental>

  <CreateConnectorSynchroComplete JobIdentifier="AD_YGIE_Full_Complete_ecriture" Connector="AD_YGIE" DisplayName_L1="AD_YGIE - Lecture Complète et Ecriture">
    <OpenIdIdentifier Identifier="accessJob"/>
  </CreateConnectorSynchroComplete>


  <CreateConnectorSynchroComplete JobIdentifier="AD_YGIE_Export_Complete" Connector="AD_YGIE" DisplayName_L1="AD_YGIE - Lecture Complète">
    <OpenIdIdentifier Identifier="accessJob"/>
    <!-- <CronTabExpression CronTab="16 4 * * 6" CronTimeZone="ServerTime" /> -->
    <NoProvisioning/>
  </CreateConnectorSynchroComplete>

</ConfigurationFile>