﻿<ConfigurationFile xmlns="urn:schemas-usercube-com:configuration">
	
	<!-- Categories -->
	
	<Category Policy="Default" Identifier="YGIE" DisplayName_L1="YGIE" Parent="CATS"/>

	<!-- Roles simples -->

	<!-- DEBUT TESTS DEV -->
	<SingleRole Identifier="SR_YGIE_BaseTest_YGIE" DisplayName_L1="Role de TEST 1 AD YGIE" Description_L1="Role de TEST 1 AD YGIE" Category="YGIE" EntityType="Person" ApprovalWorkflowType="One" Policy="Default" />
	<SingleRole Identifier="SR_YGIE_BaseTest_YGIE_Administration" DisplayName_L1="Role de TEST 1 AD YGIE (administration)" Description_L1="Role de TEST 1 AD YGIE (administration)" Category="YGIE" EntityType="Person" ApprovalWorkflowType="One" Policy="Default" />
	<!-- FIN TESTS DEV -->	

	<!-- Règles de navigation -->
	<ResourceType MaximumDelete="0" MaximumDeletePercent="30" MaximumInsert="0" MaximumInsertPercent="30" MaximumUpdate="0" MaximumUpdatePercent="30" Identifier="AD_YGIE_Entry_NominativeUser">
		<!-- DEBUT TESTS DEV -->
		
		<!-- FIN TESTS DEV -->
		

	</ResourceType>
	
	<ResourceType MaximumDelete="0" MaximumDeletePercent="30" MaximumInsert="0" MaximumInsertPercent="30" MaximumUpdate="0" MaximumUpdatePercent="30" Identifier="AD_YGIE_Entry_AdministrationUser">
		<!-- DEBUT TESTS DEV -->
		<!-- <NavigationRule Property="memberOf" Resource="CN=GU_GIE_A_RNG_D5_ADM,OU=Groupes,OU=GIE,DC=ygie,DC=ytech" SingleRole="SR_YGIE_BaseTest_YGIE_Administration" TimeOffsetReference="Around" TimeOffsetBeforeReference="-20160" TimeOffsetAfterReference="44640"/> -->
		<!-- FIN TESTS DEV -->
		

	</ResourceType>
	
</ConfigurationFile>