﻿<ConfigurationFile xmlns="urn:schemas-usercube-com:configuration">

  <Category Policy="Default" Identifier="AD_YGIE" DisplayName_L1="Active Directory YGIE" Parent="Applications"/>
  <Category Policy="Default" Identifier="CATS" DisplayName_L1="CATS" Parent="App_Metier"/>

  <ResourceType TransmittedStateValidityPeriod="180" MaximumDelete="0" MaximumDeletePercent="5" MaximumInsert="0" MaximumInsertPercent="5" MaximumUpdate="0" MaximumUpdatePercent="5" Identifier="AD_YGIE_Entry_NominativeUser" DisplayName_L1="Compte AD YGIE (nominatif)" Policy="Default" TargetEntityType="AD_YGIE_Entry" Category="AD_YGIE" SourceEntityType="Person" BlockProvisioning="true">
    

    <ScalarRule Property="accountExpires" Expression="C#:person:return (!person.WhenOut.HasValue || person.WhenOut.Value.ToString(&quot;yyyy&quot;) == &quot;2099&quot;) ? &quot;0&quot; : person.WhenOut.Value.AddHours(-5).ToSince1601DateString();" />
	
    <ScalarRule Property="cn" Binding="LoginZoe" />	
	
	<ScalarRule Property="company" Expression="C#:PersonRecord:return &quot;CA-GIP&quot;;" />
	
    <ScalarRule Property="displayName" Binding="FullName" />
	  
    <ScalarRule Property="givenName" Binding="FormatedFirstName" />
	
    <ScalarRule Property="mail" Binding="Mail" />
	
	<ScalarRule Property="sAMAccountName" Binding="LoginZoe" />
	
    <ScalarRule Property="sn" Binding="LastName" />
	
    <ScalarRule Property="userAccountControl" Expression="C#:person:return &quot;514&quot;;" TimeOffsetReference="Before" TimeOffsetBeforeReference="-20160" TimeOffsetAfterReference="0" />
	<ScalarRule Property="userAccountControl" Expression="C#:person:return (person.Disabled.HasValue &amp;&amp; person.Disabled.Value) ? &quot;514&quot; : &quot;512&quot;;" Policy="Default" TimeOffsetReference="Around" TimeOffsetBeforeReference="0" TimeOffsetAfterReference="0" />
    <ScalarRule Property="userAccountControl" Expression="C#:person:return &quot;514&quot;;" TimeOffsetReference="After" TimeOffsetBeforeReference="0" TimeOffsetAfterReference="44640" />

	<ScalarRule Property="userPrincipalName" Expression="C#:PersonRecord:
      string upn = &quot;&quot;;
      if(!String.IsNullOrEmpty(PersonRecord.LoginZoe))
      {
		upn = (PersonRecord.LoginZoe).ToLower() + &quot;@ygie.ytech&quot;;
      }
    return upn;" />

    <QueryRule Property="parentdn" TargetBinding="dn" SourceExpression="C#:PersonRecord:return &quot;OU=CAGIP_IAM,OU=Comptes d'administration,OU=Administration,DC=ygie,DC=ytech&quot;;" />
  </ResourceType>
  
  <ResourceType TransmittedStateValidityPeriod="180" MaximumDelete="0" MaximumDeletePercent="5" MaximumInsert="0" MaximumInsertPercent="5" MaximumUpdate="0" MaximumUpdatePercent="5" Identifier="AD_YGIE_Entry_AdministrationUser" DisplayName_L1="Compte AD YGIE (administration)" Policy="Default" TargetEntityType="AD_YGIE_Entry" Category="AD_YGIE" SourceEntityType="Person" BlockProvisioning="true">
    

    <ScalarRule Property="accountExpires" Expression="C#:person:return (!person.WhenOut.HasValue || person.WhenOut.Value.ToString(&quot;yyyy&quot;) == &quot;2099&quot;) ? &quot;0&quot; : person.WhenOut.Value.AddHours(-5).ToSince1601DateString();" />
	
    <ScalarRule Property="cn" Expression="C#:person:return String.IsNullOrEmpty(person.LoginZoe) ? null : &quot;A&quot; + (person.LoginZoe).Substring(1);" />	
	
	<ScalarRule Property="company" Expression="C#:PersonRecord:return &quot;CA-GIP&quot;;" />
	
    <ScalarRule Property="displayName" Binding="FullName" />
	  
    <ScalarRule Property="givenName" Binding="FormatedFirstName" />
	
    <ScalarRule Property="mail" Binding="Mail" />
	
	<ScalarRule Property="sAMAccountName" Expression="C#:person:return String.IsNullOrEmpty(person.LoginZoe) ? null : &quot;A&quot; + (person.LoginZoe).Substring(1);" />
	
    <ScalarRule Property="sn" Binding="LastName" />
	
    <ScalarRule Property="userAccountControl" Expression="C#:person:return &quot;514&quot;;" TimeOffsetReference="Before" TimeOffsetBeforeReference="-20160" TimeOffsetAfterReference="0" />
	<ScalarRule Property="userAccountControl" Expression="C#:person:return (person.Disabled.HasValue &amp;&amp; person.Disabled.Value) ? &quot;514&quot; : &quot;512&quot;;" Policy="Default" TimeOffsetReference="Around" TimeOffsetBeforeReference="0" TimeOffsetAfterReference="0" />
    <ScalarRule Property="userAccountControl" Expression="C#:person:return &quot;514&quot;;" TimeOffsetReference="After" TimeOffsetBeforeReference="0" TimeOffsetAfterReference="44640" />

	<ScalarRule Property="userPrincipalName" Expression="C#:PersonRecord:
      string upn = &quot;&quot;;
      if(!String.IsNullOrEmpty(PersonRecord.LoginZoe))
      {
		upn = (&quot;A&quot; + (PersonRecord.LoginZoe).Substring(1)).ToLower() + &quot;@ygie.ytech&quot;;
      }
    return upn;" />

    <QueryRule Property="parentdn" TargetBinding="dn" SourceExpression="C#:PersonRecord:return &quot;OU=CAGIP_IAM,OU=Comptes d'administration,OU=Administration,DC=ygie,DC=ytech&quot;;" />
  </ResourceType>

					  
  <PasswordResetSettings Identifier="AD_YGIE_Entry_NominativeUser" MustChange="true" Mode="1" NotifiedEmailBinding="AssignedResourceType:Owner.Person:MainRecord.MailHab" NotifiedFullNameBinding="AssignedResourceType:Owner.Person:MainRecord.Responsible.InternalDisplayName" StrengthCheck="(?!.*(.).*\1.*\1).*" AutoGenerate="true" BeneficiaryEmailBinding="AssignedResourceType:Owner.Person:MainRecord.Mail"
    BeneficiaryFullNameBinding="AssignedResourceType:Owner.Person:MainRecord.InternalDisplayName" DefaultPassword="CAGIPp@ssword2019" GeneratedLength="16" NotificationCC="cagip_habilitations@ca-gip.fr" />
	
  <PasswordResetSettings Identifier="AD_YGIE_Entry_AdministrationUser" MustChange="true" Mode="1" NotifiedEmailBinding="AssignedResourceType:Owner.Person:MainRecord.MailHab" NotifiedFullNameBinding="AssignedResourceType:Owner.Person:MainRecord.Responsible.InternalDisplayName" StrengthCheck="(?!.*(.).*\1.*\1).*" AutoGenerate="true" BeneficiaryEmailBinding="AssignedResourceType:Owner.Person:MainRecord.Mail"
    BeneficiaryFullNameBinding="AssignedResourceType:Owner.Person:MainRecord.InternalDisplayName" DefaultPassword="CAGIPp@ssword2019" GeneratedLength="16" NotificationCC="cagip_habilitations@ca-gip.fr" />

  <LdapResourceTypeMapping Identifier="AD_YGIE_Entry_NominativeUser" DefaultObjectClass="user"
    RDNAttributeIdentifier="CN" UsePermissiveModify="true" UseTreeDelete="false"
    Connection="ADYGIEExport"
    PasswordResetSetting="AD_YGIE_Entry_NominativeUser">
    <Property Property="memberOf" DataSourceBacklinkColumnName="member" />
    <Property Property="userAccountControl" IsUserAccountControlProperty="true" />
    <Property Property="cn" IsRDNProperty="true" />
    <Property Property="parentdn" IsParentProperty="true" />
    <Property Property="dn" IsDNProperty="true" />
  </LdapResourceTypeMapping>
  
  <LdapResourceTypeMapping Identifier="AD_YGIE_Entry_AdministrationUser" DefaultObjectClass="user"
    RDNAttributeIdentifier="CN" UsePermissiveModify="true" UseTreeDelete="false"
    Connection="ADYGIEExport"
    PasswordResetSetting="AD_YGIE_Entry_AdministrationUser">
    <Property Property="memberOf" DataSourceBacklinkColumnName="member" />
    <Property Property="userAccountControl" IsUserAccountControlProperty="true" />
    <Property Property="cn" IsRDNProperty="true" />
    <Property Property="parentdn" IsParentProperty="true" />
    <Property Property="dn" IsDNProperty="true" />
  </LdapResourceTypeMapping>

  
  <ResourceCorrelationRule ResourceType="AD_YGIE_Entry_NominativeUser" TargetExpression="C#:Resource:return String.IsNullOrEmpty(Resource.sAMAccountName) || !((Resource.dn).Contains(&quot;OU=CAGIP_IAM&quot;)) ? &quot;EmptysAMAccountNameValue&quot; : Resource.sAMAccountName.ToLower();" Policy="Default" SourceMatchedConfidenceLevel="110" SourceExpression="C#:PersonRecord:return String.IsNullOrEmpty(PersonRecord.LoginZoe) ? &quot;EmptyLoginZoeValue&quot; : PersonRecord.LoginZoe.ToLower();" />

<ResourceCorrelationRule ResourceType="AD_YGIE_Entry_AdministrationUser" TargetExpression="C#:Resource:return String.IsNullOrEmpty(Resource.sAMAccountName) ? &quot;EmptysAMAccountNameValue&quot; : Resource.sAMAccountName.ToLower();" Policy="Default" SourceMatchedConfidenceLevel="110" SourceExpression="C#:PersonRecord:return String.IsNullOrEmpty(PersonRecord.LoginZoe) ? &quot;EmptyLoginZoeValue&quot; : (&quot;A&quot; + (PersonRecord.LoginZoe).Substring(1)).ToLower();" />  

</ConfigurationFile>
