﻿
<ConfigurationFile xmlns="urn:schemas-usercube-com:configuration">
<!-- DROITS Administrator -->
  <AccessControlRule Profile="Administrator" EntityType="RACF_CAGS_MVSA_User" Identifier="Administrator_Resources_RACF_CAGS_MVSA_User" DisplayName_L1="Administrator_Resources_RACF_CAGS_MVSA_User">
    <Entry Permission="/Custom/Resources/RACF_CAGS_MVSA_User/View" CanExecute="true" />
    <Entry Permission="/Custom/Resources/RACF_CAGS_MVSA_User/ViewTargetResources" CanExecute="true" />
    <Entry Permission="/" />
    <Entry Permission="/Custom/ResourceFiles/RACF_CAGS_MVSA_User" CanExecute="true" />
  </AccessControlRule>

  <AccessControlRule Profile="Administrator" EntityType="RACF_CAGS_MVSA_Group" Identifier="Administrator_Resources_RACF_CAGS_MVSA_Group" DisplayName_L1="Administrator_Resources_RACF_CAGS_MVSA_Group">
    <Entry Permission="/Custom/Resources/RACF_CAGS_MVSA_Group/View" CanExecute="true" />
    <Entry Permission="/" />
    <Entry Permission="/Custom/ResourceFiles/RACF_CAGS_MVSA_Group" CanExecute="true" />
  </AccessControlRule>

<!-- DROITS CCP -->
  <AccessControlRule Profile="CCP" EntityType="RACF_CAGS_MVSA_User" Identifier="CCP_Resources_RACF_CAGS_MVSA_User" DisplayName_L1="CCP_Resources_RACF_CAGS_MVSA_User">
    <Entry Permission="/Custom/Resources/RACF_CAGS_MVSA_User/View" CanExecute="true" />
    <Entry Permission="/Custom/Resources/RACF_CAGS_MVSA_User/ViewTargetResources" CanExecute="true" />
    <Entry Permission="/" />
    <Entry Permission="/Custom/ResourceFiles/RACF_CAGS_MVSA_User" CanExecute="true" />
  </AccessControlRule>

  <AccessControlRule Profile="CCP" EntityType="RACF_CAGS_MVSA_Group" Identifier="CCP_Resources_RACF_CAGS_MVSA_Group" DisplayName_L1="CCP_Resources_RACF_CAGS_MVSA_Group">
    <Entry Permission="/Custom/Resources/RACF_CAGS_MVSA_Group/View" CanExecute="true" />
    <Entry Permission="/" />
    <Entry Permission="/Custom/ResourceFiles/RACF_CAGS_MVSA_Group" CanExecute="true" />
  </AccessControlRule>  
</ConfigurationFile>

