﻿<ConfigurationFile xmlns="urn:schemas-usercube-com:configuration">

  <CreateConnectorSynchroComplete JobIdentifier="AD_Red01_Export_Complete" Connector="AD_Red01" DisplayName_L1="AD_Red01 - Lecture Complète" OldAlgorithm="true">
    <OpenIdIdentifier Identifier="accessJob" />
    <CronTabExpression CronTab="6 4 * * 6" CronTimeZone="ServerTime" />
    
    <NoProvisioning />
  </CreateConnectorSynchroComplete>
  
  <CreateConnectorSynchroIncremental JobIdentifier="AD_Red01_Full_Incremental" Connector="AD_Red01" DisplayName_L1="10 - AD_Red01 - Lecture Incrémentale et Ecriture" OldAlgorithm="true">
    <OpenIdIdentifier Identifier="accessJob" />
    <CronTabExpression CronTab="9/30 6-19 * * *" CronTimeZone="ServerTime" />
    
    
  </CreateConnectorSynchroIncremental>
  
  <CreateConnectorSynchroComplete JobIdentifier="AD_Red01_Full_Complete" Connector="AD_Red01" DisplayName_L1="AD_Red01 - Lecture Complète et Ecriture" OldAlgorithm="true">
    <OpenIdIdentifier Identifier="accessJob" />
    
    
  </CreateConnectorSynchroComplete>

</ConfigurationFile>