﻿<ConfigurationFile xmlns="urn:schemas-usercube-com:configuration">


  <PasswordResetSettings Identifier="AD_Red01_User" MustChange="true" Mode="1" NotifiedEmailBinding="AssignedResourceType:Owner.Person:MainRecord.MailHab" NotifiedFullNameBinding="AssignedResourceType:Owner.Person:MainRecord.Responsible.InternalDisplayName" StrengthCheck="^.*" AutoGenerate="true" BeneficiaryEmailBinding="AssignedResourceType:Owner.Person:MainRecord.Mail"
    BeneficiaryFullNameBinding="AssignedResourceType:Owner.Person:MainRecord.InternalDisplayName" DefaultPassword="CAGIPp@ssword2019" GeneratedLength="15" NotificationCC="cagip_habilitations@ca-gip.fr" />


  <Category Policy="Default" Identifier="AD_Red01" DisplayName_L1="Active Directory Red01" Parent="Applications" />

  <!-- Ressource Type Legacy -->
  <ResourceType TransmittedStateValidityPeriod="180" MaximumDelete="0" MaximumDeletePercent="5" MaximumInsert="0" MaximumInsertPercent="5" MaximumUpdate="0" MaximumUpdatePercent="5" Identifier="AD_Red01_Entry_NominativeUser" DisplayName_L1="Compte AD Red01 (nominatif)" Policy="Default" TargetEntityType="AD_Red01_Entry" Category="AD_Red01" SourceEntityType="Person" BlockProvisioning="true" ApprovalWorkflowType="ManualAssignmentNotAllowed" >
    <TypeRule SingleRole="$GLOBAL$_Base_CAGIP_Admin" TimeOffsetReference="Around" TimeOffsetBeforeReference="-20160" TimeOffsetAfterReference="44640" />

    <ScalarRule Property="accountExpires" Expression="C#:person:return (!person.WhenOut.HasValue || person.WhenOut.Value.ToString(&quot;yyyy&quot;) == &quot;2099&quot;) ? &quot;0&quot; : person.WhenOut.Value.AddHours(-5).ToSince1601DateString();" />

    <ScalarRule Property="cn" Binding="LoginRed01" />
    <ScalarRule Property="displayName"
      Expression="C#:PersonRecord:
      string displayName = &quot;&quot;;
      if(PersonRecord.LastName != null &amp;&amp; PersonRecord.FormatedFirstName != null)
      {
        if(PersonRecord.UserGategory == &quot;EXTERNE&quot;)
        {
          displayName = Usercube.Expressions.Functions.UtilExpressions.RemoveDiacritics(PersonRecord.LastName).ToUpper() + &quot; &quot; + PersonRecord.FormatedFirstName + &quot; (PRESTATAIRE CA-GIP)&quot;;
        }
        else 
        {
          displayName = Usercube.Expressions.Functions.UtilExpressions.RemoveDiacritics(PersonRecord.LastName).ToUpper() + &quot; &quot; + PersonRecord.FormatedFirstName + &quot; (CA-GIP)&quot;;
        }
      }
      return displayName;"
      Policy="Default" />

    <ScalarRule Property="givenName" Binding="FormatedFirstName" />
    <ScalarRule Property="mail" Binding="Mail" />
    <ScalarRule Property="sAMAccountName" Binding="LoginRed01" />
    <ScalarRule Property="sn" Binding="LastName" />

    <ScalarRule Property="userAccountControl" Expression="C#:person:return (person.Disabled.HasValue &amp;&amp; person.Disabled.Value) ? &quot;514&quot; : &quot;512&quot;;" Policy="Default" TimeOffsetReference="Around" TimeOffsetBeforeReference="-20160" TimeOffsetAfterReference="0" />
    <ScalarRule Property="userAccountControl" Expression="C#:person:return &quot;514&quot;;" TimeOffsetReference="After" TimeOffsetBeforeReference="0" TimeOffsetAfterReference="44640" />

    <ScalarRule Property="userPrincipalName" Expression="C#:person:return String.IsNullOrEmpty(person.LoginRed01) ? null : person.LoginRed01.ToLower() + &quot;@RED01.SVC&quot;;" ComparisonType="IgnoreCase" />

    <QueryRule Property="parentdn" TargetBinding="dn" SourceExpression="C#:PersonRecord:return &quot;OU=OU_Utilisateurs,DC=RED01,DC=SVC&quot;;" />
  </ResourceType>

  <!-- Ressource Type Gold -->
  <ResourceType MaximumDelete="0" MaximumDeletePercent="5" MaximumInsert="0" MaximumInsertPercent="5" MaximumUpdate="0" MaximumUpdatePercent="5" Identifier="AD_Red01_Entry_GoldUser" DisplayName_L1="Compte AD Red01 Gold" Policy="Default" TargetEntityType="AD_Red01_Entry" Category="AD_Red01" SourceEntityType="Person" BlockProvisioning="true" ApprovalWorkflowType="ManualAssignmentNotAllowed" >
    <TypeRule SingleRole="$GLOBAL$_Base_CAGIP_Admin_Gold" TimeOffsetReference="Around" TimeOffsetBeforeReference="-20160" TimeOffsetAfterReference="44640" />

    <ScalarRule Property="accountExpires" Expression="C#:person:return (!person.WhenOut.HasValue || person.WhenOut.Value.ToString(&quot;yyyy&quot;) == &quot;2099&quot;) ? &quot;0&quot; : person.WhenOut.Value.AddHours(-5).ToSince1601DateString();" />

    <ScalarRule Property="cn" Binding="LoginAdminGold" />
    <ScalarRule Property="displayName"
      Expression="C#:PersonRecord:
      string displayName = &quot;&quot;;
      if(PersonRecord.LastName != null &amp;&amp; PersonRecord.FormatedFirstName != null)
      {
        if(PersonRecord.UserGategory == &quot;EXTERNE&quot;)
        {
          displayName = Usercube.Expressions.Functions.UtilExpressions.RemoveDiacritics(PersonRecord.LastName).ToUpper() + &quot; &quot; + PersonRecord.FormatedFirstName + &quot; (PRESTATAIRE CA-GIP)&quot;;
        }
        else 
        {
          displayName = Usercube.Expressions.Functions.UtilExpressions.RemoveDiacritics(PersonRecord.LastName).ToUpper() + &quot; &quot; + PersonRecord.FormatedFirstName + &quot; (CA-GIP)&quot;;
        }
      }
      return displayName;"
      Policy="Default" />

    <ScalarRule Property="givenName" Binding="FormatedFirstName" />
    <ScalarRule Property="mail" Binding="Mail" />
    <ScalarRule Property="sAMAccountName" Binding="LoginAdminGold" />
    <ScalarRule Property="sn" Binding="LastName" />

    <ScalarRule Property="userAccountControl" Expression="C#:person:return (person.Disabled.HasValue &amp;&amp; person.Disabled.Value) ? &quot;514&quot; : &quot;512&quot;;" Policy="Default" TimeOffsetReference="Around" TimeOffsetBeforeReference="-20160" TimeOffsetAfterReference="0" />
    <ScalarRule Property="userAccountControl" Expression="C#:person:return &quot;514&quot;;" TimeOffsetReference="After" TimeOffsetBeforeReference="0" TimeOffsetAfterReference="44640" />

    <ScalarRule Property="userPrincipalName" Expression="C#:person:return String.IsNullOrEmpty(person.LoginAdminGold) ? null : person.LoginAdminGold + &quot;@red01.svc&quot;;" />

    <QueryRule Property="parentdn" TargetBinding="dn" SourceExpression="C#:PersonRecord:return &quot;OU=700,OU=GLD,OU=OU_Utilisateurs_ESA,DC=RED01,DC=SVC&quot;;" />
  </ResourceType>

  <!-- Ressource Type Silver -->
  <ResourceType MaximumDelete="0" MaximumDeletePercent="5" MaximumInsert="0" MaximumInsertPercent="5" MaximumUpdate="0" MaximumUpdatePercent="5" Identifier="AD_Red01_Entry_SilverUser" DisplayName_L1="Compte AD Red01 Silver" Policy="Default" TargetEntityType="AD_Red01_Entry" Category="AD_Red01" SourceEntityType="Person" BlockProvisioning="true" ApprovalWorkflowType="ManualAssignmentNotAllowed" >
    <TypeRule SingleRole="$GLOBAL$_Base_CAGIP_Admin_Silver" TimeOffsetReference="Around" TimeOffsetBeforeReference="-20160" TimeOffsetAfterReference="44640" />

    <ScalarRule Property="accountExpires" Expression="C#:person:return (!person.WhenOut.HasValue || person.WhenOut.Value.ToString(&quot;yyyy&quot;) == &quot;2099&quot;) ? &quot;0&quot; : person.WhenOut.Value.AddHours(-5).ToSince1601DateString();" />

    <ScalarRule Property="cn" Binding="LoginAdminSilver" />
    <ScalarRule Property="displayName"
      Expression="C#:PersonRecord:
      string displayName = &quot;&quot;;
      if(PersonRecord.LastName != null &amp;&amp; PersonRecord.FormatedFirstName != null)
      {
        if(PersonRecord.UserGategory == &quot;EXTERNE&quot;)
        {
          displayName = Usercube.Expressions.Functions.UtilExpressions.RemoveDiacritics(PersonRecord.LastName).ToUpper() + &quot; &quot; + PersonRecord.FormatedFirstName + &quot; (PRESTATAIRE CA-GIP)&quot;;
        }
        else 
        {
          displayName = Usercube.Expressions.Functions.UtilExpressions.RemoveDiacritics(PersonRecord.LastName).ToUpper() + &quot; &quot; + PersonRecord.FormatedFirstName + &quot; (CA-GIP)&quot;;
        }
      }
      return displayName;"
      Policy="Default" />

    <ScalarRule Property="givenName" Binding="FormatedFirstName" />
    <ScalarRule Property="mail" Binding="Mail" />
    <ScalarRule Property="sAMAccountName" Binding="LoginAdminSilver" />
    <ScalarRule Property="sn" Binding="LastName" />

    <ScalarRule Property="userAccountControl" Expression="C#:person:return (person.Disabled.HasValue &amp;&amp; person.Disabled.Value) ? &quot;514&quot; : &quot;512&quot;;" Policy="Default" TimeOffsetReference="Around" TimeOffsetBeforeReference="-20160" TimeOffsetAfterReference="0" />
    <ScalarRule Property="userAccountControl" Expression="C#:person:return &quot;514&quot;;" TimeOffsetReference="After" TimeOffsetBeforeReference="0" TimeOffsetAfterReference="44640" />

   <ScalarRule Property="userPrincipalName" Expression="C#:person:return String.IsNullOrEmpty(person.LoginAdminSilver) ? null : person.LoginAdminSilver + &quot;@red01.svc&quot;;" />

    <QueryRule Property="parentdn" TargetBinding="dn" SourceExpression="C#:PersonRecord:return &quot;OU=700,OU=SLV,OU=OU_Utilisateurs_ESA,DC=RED01,DC=SVC&quot;;" />
  </ResourceType>


  <ResourceTypeMapping Identifier="AD_Red01_Entry_PersonRecord" Connection="OrganizationalDataConnection" />
  <ResourceType MaximumDelete="0" MaximumDeletePercent="30" MaximumInsert="0" MaximumInsertPercent="30" MaximumUpdate="0" MaximumUpdatePercent="30" Identifier="AD_Red01_Entry_PersonRecord" DisplayName_L1="Fiche de collaborateur (depuis l'AD Red01)" SourceEntityType="AD_Red01_Entry" Policy="Default" TargetEntityType="PersonRecord" AllowAdd="false" AllowRemove="false">
    <ScalarRule Property="LoginRed01" Binding="sAMAccountName" />
  </ResourceType>

  <LdapResourceTypeMapping Identifier="AD_Red01_Entry_NominativeUser" DefaultObjectClass="user" RDNAttributeIdentifier="CN" UsePermissiveModify="true" UseTreeDelete="false" Connection="ADRed01Export" PasswordResetSetting="AD_Red01_User">
    <Property Property="memberOf" DataSourceBacklinkColumnName="member" />
    <Property Property="userAccountControl" IsUserAccountControlProperty="true" />
    <Property Property="cn" IsRDNProperty="true" />
    <Property Property="parentdn" IsParentProperty="true" />
    <Property Property="dn" IsDNProperty="true" />
  </LdapResourceTypeMapping>

  <LdapResourceTypeMapping Identifier="AD_Red01_Entry_GoldUser" DefaultObjectClass="user" RDNAttributeIdentifier="CN" UsePermissiveModify="true" UseTreeDelete="false" Connection="ADRed01Export" PasswordResetSetting="AD_Red01_User">
    <Property Property="memberOf" DataSourceBacklinkColumnName="member" />
    <Property Property="userAccountControl" IsUserAccountControlProperty="true" />
    <Property Property="cn" IsRDNProperty="true" />
    <Property Property="parentdn" IsParentProperty="true" />
    <Property Property="dn" IsDNProperty="true" />
  </LdapResourceTypeMapping>

  <LdapResourceTypeMapping Identifier="AD_Red01_Entry_SilverUser" DefaultObjectClass="user" RDNAttributeIdentifier="CN" UsePermissiveModify="true" UseTreeDelete="false" Connection="ADRed01Export" PasswordResetSetting="AD_Red01_User">
    <Property Property="memberOf" DataSourceBacklinkColumnName="member" />
    <Property Property="userAccountControl" IsUserAccountControlProperty="true" />
    <Property Property="cn" IsRDNProperty="true" />
    <Property Property="parentdn" IsParentProperty="true" />
    <Property Property="dn" IsDNProperty="true" />
  </LdapResourceTypeMapping>


  <ResourceCorrelationRule ResourceType="AD_Red01_Entry_NominativeUser" TargetExpression="C#:Resource:return String.IsNullOrEmpty(Resource.sAMAccountName) ? &quot;EmptysAMAccountNameValue&quot; : Resource.sAMAccountName.ToLower();" Policy="Default" SourceMatchedConfidenceLevel="110" SourceExpression="C#:PersonRecord:return String.IsNullOrEmpty(PersonRecord.LoginRed01) ? &quot;EmptyLoginRed01Value&quot; : PersonRecord.LoginRed01.ToLower();" />

  <ResourceCorrelationRule ResourceType="AD_Red01_Entry_GoldUser" TargetExpression="C#:Resource:return String.IsNullOrEmpty(Resource.sAMAccountName) ? &quot;EmptysAMAccountNameValue&quot; : Resource.sAMAccountName.ToLower();" Policy="Default" SourceMatchedConfidenceLevel="110"
    SourceExpression="C#:PersonRecord:return String.IsNullOrEmpty(PersonRecord.LoginAdminGold) ? &quot;EmptyLoginAdminGoldValue&quot; : PersonRecord.LoginAdminGold.ToLower();" />

  <ResourceCorrelationRule ResourceType="AD_Red01_Entry_SilverUser" TargetExpression="C#:Resource:return String.IsNullOrEmpty(Resource.sAMAccountName) ? &quot;EmptysAMAccountNameValue&quot; : Resource.sAMAccountName.ToLower();" Policy="Default" SourceMatchedConfidenceLevel="110"
    SourceExpression="C#:PersonRecord:return String.IsNullOrEmpty(PersonRecord.LoginAdminSilver) ? &quot;EmptyLoginAdminSilverValue&quot; : PersonRecord.LoginAdminSilver.ToLower();" />
</ConfigurationFile>