﻿Identity;Profil;Organization;Category;SingleRole;CompositeRole
0000236194;Manager;S3073;;;
12744;Manager;S3022;;;
15569;Manager;S3023;;;
0000007006;Manager;S3021;;;
0000496137;Manager;S3078;;;
0000517824;Manager;S3033;;;
0000518593;Manager;S3033;;;
0000496195;Manager;S3035;;;
13553;Manager;S3008;;;
0000496499;Manager;S3025;;;
0000077201;Manager;S3037;;;
0000496130;Manager;S3052;;;
0000519967;Manager;S3052;;;
0000519623;Manager;S3052;;;
0000517824;Manager;S3028;;;
0000518593;Manager;S3028;;;
0000496499;Manager;S3076;;;
0000001783;Manager;S3055;;;
0000518247;Manager;S3027;;;
0000521274;Manager;S3034;;;
0000014006;Manager;S3041;;;
I682452;Manager;S3041;;;
I556996;Manager;S3044;;;
0000486699;Manager;S3054;;;
I019736;Manager;S3075;;;
0000496165;Manager;S3026;;;
I917742;Manager;S3030;;;
0000463755;Manager;S3090;;;
0000226481;Manager;S3099;;;
0000012669;Manager;S3003;;;
0000496180;Manager;S3007;;;
0000497162;Manager;S3093;;;
0000516932;Manager;S3004;;;
0000244260;Manager;S3009;;;
0000496711;Manager;S3010;;;
I154461;Manager;S3089;;;
0000342475;Manager;S3049;;;
0000497183;Manager;S3085;;;
12287;Manager;S3012;;;
11495;Manager;S3074;;;
0000246416;Manager;S3074;;;
0000015923;Manager;S3036;;;
0000101417;Manager;S3038;;;
0000497610;Manager;S3050;;;
0000501256;Manager;S3006;;;
I249099;Manager;S3006;;;
0000496515;Manager;S3043;;;
0000519966;Manager;S3043;;;
I556996;Manager;S3043;;;
I930661;Manager;S3043;;;
0000015056;Manager;S3094;;;
I315627;Manager;S3091;;;
0000048934;Manager;S3032;;;
0000519070;Manager;S3032;;;
0000466284;Manager;S3088;;;
0000496188;Manager;S3040;;;
0000519992;Manager;S3040;;;
0000251129;Manager;S3056;;;
0000517934;Manager;S3056;;;
0000519734;Manager;S3056;;;
0000497212;Manager;S3057;;;
0000075359;Manager;S3057;;;
0000519970;Manager;S3057;;;
I686229;Manager;S3057;;;
0000496195;Manager;S3024;;;
I917742;Manager;S3029;;;
35433;Manager;S3092;;;
0000496170;Manager;S3051;;;
I444749;Manager;S3051;;;
I212344;Manager;S3051;;;
0000236194;Manager;S3020;;;
I019736;Manager;S3020;;;
0000496528;Manager;S3031;;;
0000016052;Manager;S3069;;;
0000518804;Manager;S3071;;;
0000496488;Manager;S3071;;;
0000045058;Manager;S3067;;;
I360373;Manager;S3067;;;
0000496124;Manager;S3068;;;
I174013;Manager;S3068;;;
0000045061;Manager;S3066;;;
I255401;Manager;S3066;;;
0000496152;Manager;S3072;;;
I779356;Manager;S3072;;;
0000496142;Manager;S3070;;;
I960380;Manager;S3070;;;
