﻿<ConfigurationFile xmlns="urn:schemas-usercube-com:configuration">

  <CreateConnectorSynchroIncremental JobIdentifier="AD_ZGIE_Full_Incremental" Connector="AD_ZGIE" DisplayName_L1="11 - AD_ZGIE - Lecture Incrémentale et Ecriture">
    <OpenIdIdentifier Identifier="accessJob"/>
    <!-- <CronTabExpression CronTab="20/30 6-19 * * *" CronTimeZone="ServerTime"/> -->
  </CreateConnectorSynchroIncremental>

  <CreateConnectorSynchroComplete JobIdentifier="AD_ZGIE_Full_Complete_ecriture" Connector="AD_ZGIE" DisplayName_L1="AD_ZGIE - Lecture Complète et Ecriture">
    <OpenIdIdentifier Identifier="accessJob"/>
  </CreateConnectorSynchroComplete>


  <CreateConnectorSynchroComplete JobIdentifier="AD_ZGIE_Export_Complete" Connector="AD_ZGIE" DisplayName_L1="AD_ZGIE - Lecture Complète">
    <OpenIdIdentifier Identifier="accessJob"/>
    <!-- <CronTabExpression CronTab="22 4 * * 6" CronTimeZone="ServerTime" /> -->
    <NoProvisioning/>
  </CreateConnectorSynchroComplete>

</ConfigurationFile>