﻿
<ConfigurationFile xmlns:xsi="http:/www.w3.org/2001/XMLSchema-instance" xmlns:xsd="http:/www.w3.org/2001/XMLSchema" xmlns="urn:schemas-usercube-com:configuration">
  <Connection Identifier="LDAPLdapCagipEntryLDAPLdapCagipEntryuniqueNameGroup" Package="Usercube.CSV@0000001" DisplayName_L1="LDAPLdapCagipEntryLDAPLdapCagipEntryuniqueNameGroup" Connector="LDAP_LdapCagip" />
  <Connection Identifier="LDAPLdapCagipEntryLDAPLdapCagipEntrynisnetgroup" Package="Usercube.CSV@0000001" DisplayName_L1="LDAPLdapCagipEntryLDAPLdapCagipEntrynisnetgroup" Connector="LDAP_LdapCagip" />
  <Connection Identifier="LDAPLdapCagipEntryLDAPLdapCagipEntrynetgroup" Package="Usercube.CSV@0000001" DisplayName_L1="LDAPLdapCagipEntryLDAPLdapCagipEntrynetgroup" Connector="LDAP_LdapCagip" />
  <Connection Identifier="LDAPLdapCagipEntryLDAPLdapCagipEntrygroup" Package="Usercube.CSV@0000001" DisplayName_L1="LDAPLdapCagipEntryLDAPLdapCagipEntrygroup" Connector="LDAP_LdapCagip" />
  <Connection Identifier="LDAPLdapCagipEntry" Package="Usercube.CSV@0000001" DisplayName_L1="LDAPLdapCagipEntry" Connector="LDAP_LdapCagip" />
  <Connection Identifier="PowerShellLDAPLdapCagipFulfillment" Package="Usercube.Powershell@0000001" DisplayName_L1="PowerShellLDAPLdapCagipFulfillment" Connector="LDAP_LdapCagip" DeactivationExportFulfill="Export" />
  <Connector MaxLinkPercentageDeletedLines="30" MaxLinkPercentageInsertedLines="30" MaxPercentageDeletedLines="30" MaxPercentageInsertedLines="30" MaxPercentageUpdatedLines="30" MaximumDeletedLines="0" MaximumInsertedLines="0" MaximumLinkDeletedLines="0" MaximumLinkInsertedLines="0" MaximumUpdatedLines="0" Identifier="LDAP_LdapCagip" DisplayName_L1="LDAP_LdapCagip" Agent="Local" />

  <EntityType Identifier="LDAP_LdapCagip_Entry" DisplayName_L1="LDAP - Entry_LdapCagip">
    <Property Identifier="dn" DisplayName_L1="dn" IsKey="true" TargetColumnIndex="0" Type="String" />
    <Property Identifier="cn" DisplayName_L1="cn" TargetColumnIndex="1" Type="String" />
    <Property Identifier="uid" DisplayName_L1="uid" TargetColumnIndex="4" Type="String" />
    <Property Identifier="sn" DisplayName_L1="sn" TargetColumnIndex="3" Type="String" />
    <Property Identifier="givenName" DisplayName_L1="givenName" TargetColumnIndex="8" Type="String" />
    <Property Identifier="mail" DisplayName_L1="mail" TargetColumnIndex="5" Type="String" />
    <!-- <Property Identifier="passwordExpirationTime" DisplayName_L1="passwordExpirationTime" TargetColumnIndex="2" Type="String" HistoryPrecision="20160" /> --> 
    <Property Identifier="pwdChangedTime" DisplayName_L1="pwdChangedTime" TargetColumnIndex="6" Type="String" />
    <Property Identifier="pwdAccountLockedTime" DisplayName_L1="pwdAccountLockedTime" TargetColumnIndex="10" Type="String" />
    <Property Identifier="pwdLastAuthTime" DisplayName_L1="pwdLastAuthTime" TargetColumnIndex="7" Type="String" />
    <Property Identifier="ds_pwp_account_disabled" DisplayName_L1="ds-pwp-account-disabled" TargetColumnIndex="11" Type="String" />
    <!-- <Property Identifier="description" DisplayName_L1="description" TargetColumnIndex="9" Type="String" /> -->
    <Property Identifier="entryuuid" DisplayName_L1="entryuuid" TargetColumnIndex="12" Type="String" />
    <Property Identifier="loginShell" DisplayName_L1="loginShell" TargetColumnIndex="13" Type="String" />
    <Property Identifier="gecos" DisplayName_L1="gecos" TargetColumnIndex="14" Type="String" />
    <Property Identifier="homeDirectory" DisplayName_L1="homeDirectory" TargetColumnIndex="15" Type="String" />
    <Property Identifier="gidNumber" DisplayName_L1="gidNumber" TargetColumnIndex="16" Type="String" />
	<Property Identifier="mail_contact" DisplayName_L1="mail_contact" TargetColumnIndex="17" Type="String" />
    <Property Identifier="parent" Type="ForeignKey" TargetColumnIndex="128" />
    <Property Identifier="children" Type="ForeignKey" />
    <Property Identifier="groupMember" Type="ForeignKey" />
    <Property Identifier="memberOfGroup" Type="ForeignKey" />
    <Property Identifier="netgroupMember" Type="ForeignKey" />
    <Property Identifier="memberOfNetgroup" Type="ForeignKey" />
    <Property Identifier="nisnetgroupMember" Type="ForeignKey" />
    <Property Identifier="memberOfNisnetgroup" Type="ForeignKey" />
    <Property Identifier="uniqueNameGroupeMember" Type="ForeignKey" />
    <Property Identifier="memberOfuniqueNameGroup" Type="ForeignKey" />    
  </EntityType>
  

  <EntityTypeMapping MaximumDeletedLines="0" MaximumInsertedLines="0" MaximumUpdatedLines="0" MaxPercentageDeletedLines="30" MaxPercentageInsertedLines="30" MaxPercentageUpdatedLines="30" Identifier="LDAP_LdapCagip_Entry" Connector="LDAP_LdapCagip" ConnectionTable="LDAPLdapCagipEntry">
    <Property Identifier="dn" ConnectionColumn="dn" IsUniqueKey="true" />
    <Property Identifier="cn" ConnectionColumn="cn" />
    <Property Identifier="uid" ConnectionColumn="uid" IsUniqueKey="true" />
    <Property Identifier="sn" ConnectionColumn="sn" />
    <Property Identifier="givenName" ConnectionColumn="givenName" />
    <Property Identifier="mail" ConnectionColumn="mail" />
    <!-- <Property Identifier="passwordExpirationTime" ConnectionColumn="passwordExpirationTime" /> -->
    <Property Identifier="pwdChangedTime" ConnectionColumn="pwdChangedTime" />
    <Property Identifier="pwdAccountLockedTime" ConnectionColumn="pwdAccountLockedTime" />
    <Property Identifier="pwdLastAuthTime" ConnectionColumn="pwdLastAuthTime" />
    <Property Identifier="ds_pwp_account_disabled" ConnectionColumn="ds-pwp-account-disabled" />
    <!-- <Property Identifier="description" ConnectionColumn="description" /> -->
    <Property Identifier="entryuuid" ConnectionColumn="entryuuid" IsPrimaryKey="true" />
    <Property Identifier="loginShell" ConnectionColumn="loginShell" />
    <Property Identifier="gecos" ConnectionColumn="gecos" />
    <Property Identifier="homeDirectory" ConnectionColumn="homeDirectory" />
    <Property Identifier="gidNumber" ConnectionColumn="gidNumber" />
  </EntityTypeMapping>

  
  <EntityAssociation Identifier="LDAP_LdapCagip_Entry_LDAP_LdapCagip_Entry_group" IsProperty1Collection="true" IsProperty2Collection="true" Property2="LDAP_LdapCagip_Entry:groupMember" Property1="LDAP_LdapCagip_Entry:memberOfGroup" />
  <EntityAssociationMapping MaximumDeletedLines="0" MaximumInsertedLines="0" MaxPercentageDeletedLines="30" MaxPercentageInsertedLines="30" Connector="LDAP_LdapCagip" Identifier="LDAP_LdapCagip_Entry_LDAP_LdapCagip_Entry_group" ConnectionTable="LDAPLdapCagipEntryLDAPLdapCagipEntrygroup" Column1="memberUid" EntityPropertyMapping1="LDAP_LdapCagip_Entry:uid" Column2="dn" EntityPropertyMapping2="LDAP_LdapCagip_Entry:dn" />
  

  <EntityAssociation Identifier="LDAP_LdapCagip_Entry_LDAP_LdapCagip_Entry_netgroup" IsProperty1Collection="true" IsProperty2Collection="true" Property2="LDAP_LdapCagip_Entry:netgroupMember" Property1="LDAP_LdapCagip_Entry:memberOfNetgroup" />
  <EntityAssociationMapping MaximumDeletedLines="0" MaximumInsertedLines="0" MaxPercentageDeletedLines="30" MaxPercentageInsertedLines="30" Connector="LDAP_LdapCagip" Identifier="LDAP_LdapCagip_Entry_LDAP_LdapCagip_Entry_netgroup" ConnectionTable="LDAPLdapCagipEntryLDAPLdapCagipEntrynetgroup" Column1="memberNisNetgroup" EntityPropertyMapping1="LDAP_LdapCagip_Entry:uid" Column2="dn" EntityPropertyMapping2="LDAP_LdapCagip_Entry:dn" />

  <EntityAssociation Identifier="LDAP_LdapCagip_Entry_LDAP_LdapCagip_Entry_nisnetgroup" IsProperty1Collection="true" IsProperty2Collection="true" Property2="LDAP_LdapCagip_Entry:nisnetgroupMember" Property1="LDAP_LdapCagip_Entry:memberOfNisnetgroup" />
  <EntityAssociationMapping MaximumDeletedLines="0" MaximumInsertedLines="0" MaxPercentageDeletedLines="30" MaxPercentageInsertedLines="30" Connector="LDAP_LdapCagip" Identifier="LDAP_LdapCagip_Entry_LDAP_LdapCagip_Entry_nisnetgroup" ConnectionTable="LDAPLdapCagipEntryLDAPLdapCagipEntrynisnetgroup" Column1="nisNetgroupTriple" EntityPropertyMapping1="LDAP_LdapCagip_Entry:uid" Column2="dn" EntityPropertyMapping2="LDAP_LdapCagip_Entry:dn" />
  
  
  <EntityAssociationMapping MaximumDeletedLines="0" MaximumInsertedLines="0" MaxPercentageDeletedLines="30" MaxPercentageInsertedLines="30" Connector="LDAP_LdapCagip" Identifier="LDAP_LdapCagip_Entry_LDAP_LdapCagip_Entry_parent" ConnectionTable="LDAPLdapCagipEntry" Column1="parentDn" EntityPropertyMapping1="LDAP_LdapCagip_Entry:dn" Column2="dn" EntityPropertyMapping2="LDAP_LdapCagip_Entry:dn" />
  <EntityAssociation Identifier="LDAP_LdapCagip_Entry_LDAP_LdapCagip_Entry_parent" IsProperty1Collection="true" Property2="LDAP_LdapCagip_Entry:parent" Property1="LDAP_LdapCagip_Entry:children" />

  <EntityAssociationMapping MaximumDeletedLines="0" MaximumInsertedLines="0" MaxPercentageDeletedLines="30" MaxPercentageInsertedLines="30" Connector="LDAP_LdapCagip" Identifier="LDAP_LdapCagip_Entry_LDAP_LdapCagip_Entry_uniqueNameGroup" ConnectionTable="LDAPLdapCagipEntryLDAPLdapCagipEntryuniqueNameGroup" Column1="uniqueMember" EntityPropertyMapping1="LDAP_LdapCagip_Entry:dn" Column2="dn" EntityPropertyMapping2="LDAP_LdapCagip_Entry:dn" />
  <EntityAssociation Identifier="LDAP_LdapCagip_Entry_LDAP_LdapCagip_Entry_uniqueNameGroup" IsProperty1Collection="true" IsProperty2Collection="true" Property2="LDAP_LdapCagip_Entry:uniqueNameGroupeMember" Property1="LDAP_LdapCagip_Entry:memberOfuniqueNameGroup" />



  <DisplayEntityType PluralDisplayName_L1="Entrées LDAP LdapCagip" Identifier="LDAP_LdapCagip_Entry">
    <Property OutputType="BasicCollection" Identifier="parent" />
    <Property OutputType="BasicCollection" Identifier="children" />
    <Property OutputType="BasicCollection" Identifier="groupMember" />
    <Property OutputType="BasicCollection" Identifier="memberOfGroup" />
    <Property OutputType="BasicCollection" Identifier="netgroupMember" />
    <Property OutputType="BasicCollection" Identifier="memberOfNetgroup" />
    <Property OutputType="BasicCollection" Identifier="nisnetgroupMember" />
    <Property OutputType="BasicCollection" Identifier="memberOfNisnetgroup" />
    <Property OutputType="BasicCollection" Identifier="uniqueNameGroupeMember" />
    <Property OutputType="BasicCollection" Identifier="memberOfuniqueNameGroup" />    
  </DisplayEntityType>


  <EntityPropertyExpression Identifier="LDAP_LdapCagip_Entry_InternalDisplayName" Expression="C#:resource:return resource.dn ;" EntityType="LDAP_LdapCagip_Entry" Property="InternalDisplayName" />
 
    
  <ViewTemplate EntityType="LDAP_LdapCagip_Entry" Profile="Administrator" />
  <ViewAccessControlRules EntityType="LDAP_LdapCagip_Entry" Profile="Administrator" />

  <ReviewProvisioningAccessControlRules EntityType="LDAP_LdapCagip_Entry" Profile="Administrator" />
  <ReconciliateRolesAccessControlRules EntityType="LDAP_LdapCagip_Entry" Profile="Administrator" />

  <TargetResourceReport EntityType="LDAP_LdapCagip_Entry" Profile="Administrator" />
  <TargetResourceReportAccessControlRules EntityType="LDAP_LdapCagip_Entry" Profile="Administrator" />
  <TargetResourceReportMenus EntityType="LDAP_LdapCagip_Entry" Profile="Administrator" />
</ConfigurationFile>