﻿<ConfigurationFile xmlns="urn:schemas-usercube-com:configuration">

    <InvokeExpressionTask Identifier="LDAP_LdapCagip_PreCollect" DisplayName_L1="LDAP - Pré-collecte des fichiers" InputPath="D:/CAGIP_IAM/Powershell/PreCollecte.ps1 2" />

    <CreateConnectorSynchroComplete JobIdentifier="LDAP_LdapCagip_Export_Complete" Connector="LDAP_LdapCagip" DisplayName_L1="LDAP - Lecture Complète" OldAlgorithm="true">
        <OpenIdIdentifier Identifier="accessJob" />
        <!-- <CronTabExpression CronTimeZone="ServerTime" CronTab="17/30 6-18 * * *"/> -->
        <AddTask Task="LDAP_LdapCagip_PreCollect" Before="true" TaskToCompareWith="LDAP_LdapCagip_Export_Complete_LDAPLdapCagipEntry" />
        <NoProvisioning />
    </CreateConnectorSynchroComplete>

    <Job Identifier="LDAP_LdapCagip_Provisioning" DisplayName_L1="LDAP - Ecriture" Agent="Local">
        <GenerateProvisioningOrdersTask Identifier="LDAP_LdapCagip_Get_Provisioning_Orders" DisplayName_L1="LDAP - Récupération des ordres de provisoining">
            <TaskResourceType ResourceType="LDAP_LdapCagip_Entry_NominativeUser" />
        </GenerateProvisioningOrdersTask>
        <FulfillTask Identifier="LDAP_LdapCagip_Fulfillment" DisplayName_L1="LDAP - Alimentation automatique (Powershell)" Connector="LDAP_LdapCagip" OpenIdClient="accessJob" Agent="Local" Connection="PowerShellLDAPLdapCagipFulfillment" />
    </Job>

    <CreateConnectorSynchroComplete JobIdentifier="LDAP_LdapCagip_Full_Complete" Connector="LDAP_LdapCagip" DisplayName_L1="07 - LDAP - Lecture Complète et Ecriture" OldAlgorithm="true">
        <OpenIdIdentifier Identifier="accessJob" />
    	<!-- <CronTabExpression CronTimeZone="ServerTime" CronTab="17/30 7-19 * * *"/> -->
    	<CronTabExpression CronTimeZone="ServerTime" CronTab="17 7 * * *" />
        <AddTask Task="LDAP_LdapCagip_PreCollect" Before="true" TaskToCompareWith="LDAP_LdapCagip_Export_Complete_LDAPLdapCagipEntry" />
    </CreateConnectorSynchroComplete>

</ConfigurationFile>
