﻿<ConfigurationFile xmlns="urn:schemas-usercube-com:configuration">
  <PasswordResetSettings Identifier="LDAP_LdapCagip_Entry_NominativeUser" MustChange="true" Mode="1"
    StrengthCheck="^.*" AutoGenerate="false" DefaultPassword="CAGIPp@ssword2019"
    GeneratedLength="15" />

  <Category Policy="Default" Identifier="LDAP_LdapCagip" DisplayName_L1="LDAP_LdapCagip"
    Parent="Applications" />

  <ResourceType TransmittedStateValidityPeriod="180" MaximumDelete="0" MaximumDeletePercent="5"
    MaximumInsert="0" MaximumInsertPercent="5" MaximumUpdate="0" MaximumUpdatePercent="5"
    Identifier="LDAP_LdapCagip_Entry_ToSortUser" DisplayName_L1="Compte LDAP_LdapCagip (à trier)"
    SourceEntityType="Person" Policy="Default" TargetEntityType="LDAP_LdapCagip_Entry"
    Category="LDAP_LdapCagip" ApprovalWorkflowType="ManualAssignmentNotAllowed" />


  <ResourceType TransmittedStateValidityPeriod="180" MaximumDelete="0" MaximumDeletePercent="5"
    MaximumInsert="0" MaximumInsertPercent="5" MaximumUpdate="0" MaximumUpdatePercent="5"
    Identifier="LDAP_LdapCagip_Entry_NominativeUser"
    DisplayName_L1="Compte LDAP_LdapCagip (nominatif)" SourceEntityType="Person" Policy="Default"
    TargetEntityType="LDAP_LdapCagip_Entry" Category="LDAP_LdapCagip" RemoveOrphans="true" ApprovalWorkflowType="ManualAssignmentNotAllowed" >
    <!-- <TypeRule TimeOffsetReference="Around" TimeOffsetBeforeReference="-20160"
    TimeOffsetAfterReference="44640" /> -->
    <ScalarRule Property="cn"
      Expression="C#:PersonRecord:return (String.IsNullOrEmpty(PersonRecord.LastName) || String.IsNullOrEmpty(PersonRecord.FirstName)) ? null : (Usercube.Expressions.Functions.UtilExpressions.RemoveDiacritics(PersonRecord.LastName.Substring(0,Math.Min(PersonRecord.LastName.Length,5)) + PersonRecord.FirstName[0] + PersonRecord.FirstName[PersonRecord.FirstName.Length - 1]).ToLower());" />
    <ScalarRule Property="uid"
      Expression="C#:PersonRecord:return (String.IsNullOrEmpty(PersonRecord.LastName) || String.IsNullOrEmpty(PersonRecord.FirstName)) ? null : (Usercube.Expressions.Functions.UtilExpressions.RemoveDiacritics(PersonRecord.LastName.Substring(0,Math.Min(PersonRecord.LastName.Length,5)) + PersonRecord.FirstName[0] + PersonRecord.FirstName[PersonRecord.FirstName.Length - 1]).ToLower());" />
    <!-- PILOTE LDAP EN COURS : Jean LUKA ; 2 autres pilotes à venir -->
    <!-- <ScalarRule Property="cn" Expression="C#:PersonRecord:return
    (String.IsNullOrEmpty(PersonRecord.LoginZoe) || PersonRecord.LoginZoe == &quot;U99PD76&quot; ||
    PersonRecord.LoginZoe == &quot;U22TP68&quot; || PersonRecord.LoginZoe == &quot;U83AP86&quot; ?
    (String.IsNullOrEmpty(PersonRecord.LastName) || String.IsNullOrEmpty(PersonRecord.FirstName)) ?
    null :
    (Usercube.Expressions.Functions.UtilExpressions.RemoveDiacritics(PersonRecord.LastName.Replace(&quot;
    &quot;,&quot;&quot;).Substring(0,Math.Min(PersonRecord.LastName.Length,5)) +
    PersonRecord.FirstName[0] + PersonRecord.FirstName[PersonRecord.FirstName.Length -
    1]).ToLower()).Replace(&quot; &quot;,&quot;&quot;) : PersonRecord.LoginZoe.ToLower());"  /> -->
    <!-- PILOTE LDAP EN COURS : Jean LUKA ; 2 autres pilotes à venir -->
    <!-- <ScalarRule Property="uid" Expression="C#:PersonRecord:return
    (String.IsNullOrEmpty(PersonRecord.LoginZoe) || PersonRecord.LoginZoe == &quot;U99PD76&quot; ||
    PersonRecord.LoginZoe == &quot;U22TP68&quot; || PersonRecord.LoginZoe == &quot;U83AP86&quot; ?
    (String.IsNullOrEmpty(PersonRecord.LastName) || String.IsNullOrEmpty(PersonRecord.FirstName)) ?
    null :
    (Usercube.Expressions.Functions.UtilExpressions.RemoveDiacritics(PersonRecord.LastName.Replace(&quot;
    &quot;,&quot;&quot;).Substring(0,Math.Min(PersonRecord.LastName.Length,5)) +
    PersonRecord.FirstName[0] + PersonRecord.FirstName[PersonRecord.FirstName.Length -
    1]).ToLower()).Replace(&quot; &quot;,&quot;&quot;) : PersonRecord.LoginZoe.ToLower());" />  -->
    <ScalarRule Property="givenName"
      Expression="C#:PersonRecord:return PersonRecord.FormatedFirstName.ToLower();" />
    <ScalarRule Property="sn"
      Expression="C#:PersonRecord:return PersonRecord.FormatedLastName.ToLower();" />
    <ScalarRule Property="mail" Binding="Mail" />
    <ScalarRule Property="mail_contact" Binding="MailHab" />
    <ScalarRule Property="gecos"
      Expression="C#:PersonRecord:return (PersonRecord.FormatedLastName == null || PersonRecord.FormatedFirstName == null) ? null : PersonRecord.FormatedFirstName.ToLower() + &quot; &quot; + PersonRecord.FormatedLastName.ToLower() ;" />
    <ScalarRule Property="gidNumber" Expression="C#:return &quot;219977&quot;;" />
    <ScalarRule Property="loginShell" Expression="C#:return &quot;/usr/bin/ksh&quot;;" />
    <ScalarRule Property="homeDirectory"
      Expression="C#:PersonRecord:return (String.IsNullOrEmpty(PersonRecord.LastName) || String.IsNullOrEmpty(PersonRecord.FirstName)) ? null : (&quot;/home/&quot; + (Usercube.Expressions.Functions.UtilExpressions.RemoveDiacritics(PersonRecord.LastName.Substring(0,Math.Min(PersonRecord.LastName.Length,5)) + PersonRecord.FirstName[0] + PersonRecord.FirstName[PersonRecord.FirstName.Length - 1]).ToLower()));" />
    <!-- PILOTE LDAP EN COURS : Jean LUKA ; 2 autres pilotes à venir -->
    <!-- <ScalarRule Property="homeDirectory"  Expression="C#:PersonRecord:return
    (String.IsNullOrEmpty(PersonRecord.LoginZoe) || PersonRecord.LoginZoe == &quot;U99PD76&quot; ||
    PersonRecord.LoginZoe == &quot;U22TP68&quot; || PersonRecord.LoginZoe == &quot;U83AP86&quot; ?
    (String.IsNullOrEmpty(PersonRecord.LastName) || String.IsNullOrEmpty(PersonRecord.FirstName)) ?
    null : (&quot;/home/&quot; +
    Usercube.Expressions.Functions.UtilExpressions.RemoveDiacritics(PersonRecord.LastName.Replace(&quot;
    &quot;,&quot;&quot;).Substring(0,Math.Min(PersonRecord.LastName.Length,5)) +
    PersonRecord.FirstName[0] + PersonRecord.FirstName[PersonRecord.FirstName.Length -
    1]).ToLower()).Replace(&quot; &quot;,&quot;&quot;) : (&quot;/home/&quot; +
    PersonRecord.LoginZoe.ToLower()));"  /> -->
    <ScalarRule Property="ds_pwp_account_disabled" Expression="C#:person:return &quot;true&quot;;"
      TimeOffsetReference="Before" TimeOffsetBeforeReference="-20160" TimeOffsetAfterReference="0" />
    <!-- <ScalarRule Property="ds_pwp_account_disabled" Expression="C#:person:return
    (person.WhenIn.HasValue &amp;&amp; DateTime.Now &lt; person.WhenIn.Value) ||
    (person.WhenOut.HasValue &amp;&amp; DateTime.Now &gt; person.WhenOut.Value.AddHours(-5)) ||
    (person.Disabled.HasValue &amp;&amp; person.Disabled.Value) ? &quot;true&quot; :
    &quot;false&quot;;" TimeOffsetReference="Around" TimeOffsetBeforeReference="0"
    TimeOffsetAfterReference="0" /> -->
    <ScalarRule Property="ds_pwp_account_disabled"
      Expression="C#:person:return (person.Disabled.HasValue &amp;&amp; person.Disabled.Value) ? &quot;true&quot; : null;"
      TimeOffsetReference="Around" TimeOffsetBeforeReference="0" TimeOffsetAfterReference="0" />
    <ScalarRule Property="ds_pwp_account_disabled" Expression="C#:person:return &quot;true&quot;;"
      TimeOffsetReference="After" TimeOffsetBeforeReference="0" TimeOffsetAfterReference="44640" />
    <!-- <ScalarRule Property="passwordExpirationTime" Expression="C#:person:return
    person.WhenOutExpected == null ? &quot;9223372036854775807&quot; :
    Usercube.Expressions.Functions.UtilExpressions.ToSince1601DateString(person.WhenOutExpected.Value.AddMinutes(-1));"
    /> -->
    <QueryRule Property="parent" TargetBinding="dn"
      SourceExpression="C#:person:return &quot;ou=Nominatifs,ou=People,o=unixauth&quot;;" />
  </ResourceType>

  <!-- <ResourceTypeMapping Identifier="LDAP_LdapCagip_Entry_NominativeUser"
  DNProperty="LDAP_LdapCagip_Entry:dn" DefaultObjectClass="inetorgperson"
  ParentProperty="LDAP_LdapCagip_Entry:parent" RDNAttributeIdentifier="uid"
  UsePermissiveModify="true" UseTreeDelete="false" RDNProperty="LDAP_LdapCagip_Entry:uid"
  UserAccountControlProperty="LDAP_LdapCagip_Entry:ds_pwp_account_disabled"
  PasswordResetSetting="LDAP_LdapCagip_Entry_NominativeUser" /> -->
  <LdapResourceTypeMapping Identifier="LDAP_LdapCagip_Entry_NominativeUser"
    Connection="PowerShellLDAPLdapCagipFulfillment"
    PasswordResetSetting="LDAP_LdapCagip_Entry_NominativeUser" DefaultObjectClass="inetorgperson"
    RDNAttributeIdentifier="uid" UsePermissiveModify="true" UseTreeDelete="false">
    <Property Property="dn" IsDNProperty="true" />
    <Property Property="parent" IsParentProperty="true" />
    <Property Property="uid" IsRDNProperty="true" />
    <!-- <Property Property="memberOfGroup"DataSourceBacklinkColumnName="groupMember"/> -->
  </LdapResourceTypeMapping>

  <ResourceType TransmittedStateValidityPeriod="180" MaximumDelete="0" MaximumDeletePercent="5"
    MaximumInsert="0" MaximumInsertPercent="5" MaximumUpdate="0" MaximumUpdatePercent="5"
    Identifier="LDAP_LdapCagip_Entry_AdministrationUser"
    DisplayName_L1="Compte LDAP_LdapCagip (administration)" SourceEntityType="Person"
    Policy="Default" TargetEntityType="LDAP_LdapCagip_Entry" Category="LDAP_LdapCagip" ApprovalWorkflowType="ManualAssignmentNotAllowed" >
    <!--<ScalarRule
    Property="cn" Expression="C#:person:return &quot;A&quot; + person.EmployeeId;" />
    <ScalarRule Property="uid" Expression="C#:person:return &quot;A&quot; + person.EmployeeId;" />
    <ScalarRule Property="userPrincipalName" Expression="C#:person:return &quot;adm.&quot; +
    person.Mail;" />
    <ScalarRule Property="displayName" Expression="C#:person:return &quot;LDAP_LdapCagipM &quot; +
    person.FirstName + &quot; &quot; + person.LastName;" />-->
  </ResourceType>

  <ResourceType TransmittedStateValidityPeriod="180" MaximumDelete="0" MaximumDeletePercent="5"
    MaximumInsert="0" MaximumInsertPercent="5" MaximumUpdate="0" MaximumUpdatePercent="5"
    Identifier="LDAP_LdapCagip_Entry_TechnicalUser"
    DisplayName_L1="Compte LDAP_LdapCagip (technique)" SourceEntityType="Person" Policy="Default"
    TargetEntityType="LDAP_LdapCagip_Entry" Category="LDAP_LdapCagip" ApprovalWorkflowType="ManualAssignmentNotAllowed" />

  <!--<ResourceType
  TransmittedStateValidityPeriod="180" MaximumDelete="0" MaximumDeletePercent="5" MaximumInsert="0"
  MaximumInsertPercent="5" MaximumUpdate="0" MaximumUpdatePercent="5"
  Identifier="LDAP_LdapCagip_Entry_ServiceUser" DisplayName_L1="Compte LDAP_LdapCagip (service)"
  SourceEntityType="Person" Policy="Default" TargetEntityType="LDAP_LdapCagip_Entry"
  Category="LDAP_LdapCagip" ApprovalWorkflowType="ManualAssignmentNotAllowed" />-->

  <ResourceType TransmittedStateValidityPeriod="180" MaximumDelete="0" MaximumDeletePercent="5"
    MaximumInsert="0" MaximumInsertPercent="5" MaximumUpdate="0" MaximumUpdatePercent="5"
    Identifier="LDAP_LdapCagip_Entry_Group" DisplayName_L1="Group LDAP_LdapCagip"
    SourceEntityType="Person" Policy="Default" TargetEntityType="LDAP_LdapCagip_Entry"
    Category="LDAP_LdapCagip" ApprovalWorkflowType="ManualAssignmentNotAllowed" />

  <ResourceType TransmittedStateValidityPeriod="180" MaximumDelete="0" MaximumDeletePercent="5"
    MaximumInsert="0" MaximumInsertPercent="5" MaximumUpdate="0" MaximumUpdatePercent="5"
    Identifier="LDAP_LdapCagip_Entry_NetGroup" DisplayName_L1="NetGroup LDAP_LdapCagip"
    SourceEntityType="Person" Policy="Default" TargetEntityType="LDAP_LdapCagip_Entry"
    Category="LDAP_LdapCagip" ApprovalWorkflowType="ManualAssignmentNotAllowed" />


  <!-- <ResourceCorrelationRule ResourceType="LDAP_LdapCagip_Entry_NominativeUser"
  SourceMatchedConfidenceLevel="100" SourceBinding="Mail" TargetBinding="mail" Policy="Default" /> -->
  <ResourceCorrelationRule ResourceType="LDAP_LdapCagip_Entry_NominativeUser"
    SourceMatchedConfidenceLevel="100" SourceBinding="Mail"
    TargetExpression="C#:resource:return resource.dn.ToUpper().Contains(&quot;OU=NOMINATIFS&quot;) ? resource.mail : null;"
    Policy="Default" />
  <ResourceCorrelationRule ResourceType="LDAP_LdapCagip_Entry_NominativeUser"
    SourceMatchedConfidenceLevel="100"
    SourceExpression="C#:person:return (person.FirstName + person.LastName).Simplify();"
    TargetExpression="C#:resource:return resource.dn.ToUpper().Contains(&quot;OU=NOMINATIFS&quot;) ? (resource.givenName + resource.sn).Simplify() : null;"
    Policy="Default" />
  <!-- <ResourceClassificationRule ResourceType="LDAP_LdapCagip_Entry_NominativeUser"
  ResourceTypeIdentificationConfidenceLevel="100" TargetExpression="C#:resource:return
  resource.dn.ToUpper().Contains(&quot;OU=NOMINATIFS,&quot;);" Policy="Default" /> -->
  <!--<ResourceCorrelationRule
  ResourceType="LDAP_LdapCagip_Entry_NominativeUser" SourceMatchedConfidenceLevel="80"
  SourceExpression="C#:person:return (person.FirstName + person.LastName).Simplify();"
  TargetExpression="C#:resource:return !resource.dn.ToUpper().Contains(&quot;OU=CYBERARK&quot;) ?
  null : (resource.givenName + resource.sn).Simplify();" Policy="Default" />-->

  <ResourceCorrelationRule ResourceType="LDAP_LdapCagip_Entry_AdministrationUser"
    SourceMatchedConfidenceLevel="100"
    SourceExpression="C#:person:return (person.FirstName + person.LastName).Simplify();"
    TargetExpression="C#:resource:return resource.dn.ToUpper().Contains(&quot;OU=CYBERARK&quot;) ? (resource.givenName + resource.sn).Simplify() : null ;"
    Policy="Default" />
  <!-- <ResourceClassificationRule ResourceType="LDAP_LdapCagip_Entry_AdministrationUser"
  ResourceTypeIdentificationConfidenceLevel="100" TargetExpression="C#:resource:return
  resource.dn.ToUpper().Contains(&quot;OU=CYBERARK,&quot;);" Policy="Default" /> -->
  <!--<ResourceClassificationRule
  ResourceType="LDAP_LdapCagip_Entry_AdministrationUser" SourceMatchedConfidenceLevel="100"
  Expression="C#:resource:return resource.dn.Contains(&quot;OU=Administrators,&quot;) &amp;&amp;
  resource.dn.StartsWith(&quot;CN=A&quot;);" Policy="Default" />-->

  <ResourceClassificationRule ResourceType="LDAP_LdapCagip_Entry_TechnicalUser"
    ResourceTypeIdentificationConfidenceLevel="100"
    TargetExpression="C#:resource:return resource.dn.ToUpper().Contains(&quot;OU=APPLICATIFS,&quot;);"
    Policy="Default" />

  <ResourceClassificationRule ResourceType="LDAP_LdapCagip_Entry_Group"
    ResourceTypeIdentificationConfidenceLevel="100"
    TargetExpression="C#:resource:return resource.dn.ToUpper().Contains(&quot;OU=GROUP,&quot;);"
    Policy="Default" />

  <ResourceClassificationRule ResourceType="LDAP_LdapCagip_Entry_NetGroup"
    ResourceTypeIdentificationConfidenceLevel="100"
    TargetExpression="C#:resource:return resource.dn.ToUpper().Contains(&quot;OU=NETGROUP,&quot;);"
    Policy="Default" />


</ConfigurationFile>