﻿<ConfigurationFile xmlns="urn:schemas-usercube-com:configuration">
  <DisplayTable Identifier="LDAP_LdapCagip_Entry" EntityType="LDAP_LdapCagip_Entry" DisplayTableDesignElement="resourcetable" IsEntityTypeDefault="true">
    <Column DefaultSortPriority="1" DisplayBinding="dn" IsDisplayInSummaryView="true" IsResizable="true" IsSortable="true" CanBeFiltered="true" ColumnSize="4" />
    <Column DisplayBinding="cn" IsDisplayInSummaryView="true" IsResizable="true" IsSortable="true" CanBeFiltered="true" ColumnSize="2" />
    <Column DisplayBinding="sn" IsDisplayInSummaryView="true" IsResizable="true" IsSortable="true" CanBeFiltered="true" ColumnSize="1" />
    <Column DisplayBinding="givenName" IsDisplayInSummaryView="true" IsResizable="true" IsSortable="true" CanBeFiltered="true" ColumnSize="2" />
  </DisplayTable>

  <!-- <EntityPropertyExpression Identifier="LDAP_LdapCagip_Entry_InternalDisplayName" Expression="C#:resource:return resource.mail ?? Usercube.Expressions.Functions.UtilExpressions.ToFormatedDN(resource.dn);" EntityType="LDAP_LdapCagip_Entry" Property="InternalDisplayName" />-->

  <DisplayEntityType Identifier="LDAP_LdapCagip_Entry" IconCode="TriangleSolidUp12">
    <Property OutputType="BasicCollection" Identifier="groupMember" />
    <Property OutputType="BasicCollection" Identifier="memberOfGroup" />

    <Property OutputType="BasicCollection" Identifier="netgroupMember" />
    <Property OutputType="BasicCollection" Identifier="memberOfNetgroup" />

    <Property OutputType="BasicCollection" Identifier="nisnetgroupMember" />
    <Property OutputType="BasicCollection" Identifier="memberOfNisnetgroup" />

    <Property OutputType="BasicCollection" Identifier="uniqueNameGroupeMember" />
    <Property OutputType="BasicCollection" Identifier="memberOfuniqueNameGroup" />

    <Property OutputType="BasicCollection" Identifier="parent" />
    <Property OutputType="BasicCollection" Identifier="children" />

  </DisplayEntityType>

</ConfigurationFile>
