﻿
<ConfigurationFile xmlns:xsi="http:/www.w3.org/2001/XMLSchema-instance" xmlns:xsd="http:/www.w3.org/2001/XMLSchema" xmlns="urn:schemas-usercube-com:configuration">
  <Connection Identifier="ADCommun01Export" Package="Usercube.AD@0000001" DisplayName_L1="ADCommun01Export" Connector="AD_Commun01" DeactivationExportFulfill="Fulfill" />
  <Connector MaxLinkPercentageDeletedLines="30" MaxLinkPercentageInsertedLines="30" MaxPercentageDeletedLines="30" MaxPercentageInsertedLines="30" MaxPercentageUpdatedLines="30" MaximumDeletedLines="0" MaximumInsertedLines="0" MaximumLinkDeletedLines="0" MaximumLinkInsertedLines="0" MaximumUpdatedLines="0" Identifier="AD_Commun01" DisplayName_L1="AD_Commun01" Agent="Local" />
  <EntityType Identifier="AD_Commun01_Entry" DisplayName_L1="AD_Commun01 - Entry">
    <!-- <Property Identifier="accountExpires" DisplayName_L1="accountExpires" TargetColumnIndex="23" Type="String" HistoryPrecision="43200" /> -->
    <Property Identifier="cn" DisplayName_L1="cn" TargetColumnIndex="10" Type="String" HistoryPrecision="43200" />
    <!-- <Property Identifier="comment" DisplayName_L1="comment" TargetColumnIndex="24" Type="String" HistoryPrecision="43200" /> -->
    <Property Identifier="company" DisplayName_L1="company" TargetColumnIndex="25" Type="String" HistoryPrecision="43200" />
    <Property Identifier="department" DisplayName_L1="department" TargetColumnIndex="16" Type="String" HistoryPrecision="43200" />
    <!-- <Property Identifier="description" DisplayName_L1="description" TargetColumnIndex="1" Type="String" /> -->
    <Property Identifier="displayName" DisplayName_L1="displayName" TargetColumnIndex="14" Type="String" HistoryPrecision="43200" />
    <!-- <Property Identifier="division" DisplayName_L1="division" TargetColumnIndex="28" Type="String" HistoryPrecision="43200" /> -->
    <Property Identifier="dn" DisplayName_L1="dn" IsKey="true" TargetColumnIndex="0" Type="String" HistoryPrecision="43200" />
    <Property Identifier="employeeID" DisplayName_L1="employeeID" TargetColumnIndex="29" Type="String" HistoryPrecision="43200" />
    <Property Identifier="employeeNumber" DisplayName_L1="employeeNumber" TargetColumnIndex="30" Type="String" HistoryPrecision="43200" />
    <Property Identifier="employeeType" DisplayName_L1="employeeType" TargetColumnIndex="31" Type="String" HistoryPrecision="43200" />
    <!-- <Property Identifier="flags" DisplayName_L1="flags" TargetColumnIndex="45" Type="String" HistoryPrecision="43200" /> -->
    <Property Identifier="givenName" DisplayName_L1="givenName" TargetColumnIndex="21" Type="String" HistoryPrecision="43200" />
    <!-- <Property Identifier="info" DisplayName_L1="info" TargetColumnIndex="32" Type="String" /> -->
    <Property Identifier="initials" DisplayName_L1="initials" TargetColumnIndex="33" Type="String" HistoryPrecision="43200" />
    <Property Identifier="l" DisplayName_L1="l" TargetColumnIndex="22" Type="String" HistoryPrecision="43200" />
    <!-- <Property Identifier="lastLogon" DisplayName_L1="lastLogon" TargetColumnIndex="34" Type="String" HistoryPrecision="43200" /> -->
    <Property Identifier="mail" DisplayName_L1="mail" TargetColumnIndex="17" Type="String" HistoryPrecision="43200" />
    <!-- <Property Identifier="mobile" DisplayName_L1="mobile" TargetColumnIndex="18" Type="String" HistoryPrecision="43200" /> -->
    <Property Identifier="name" DisplayName_L1="name" TargetColumnIndex="27" Type="String" HistoryPrecision="43200" />
    <Property Identifier="objectCategory" DisplayName_L1="objectCategory" TargetColumnIndex="4" Type="String" HistoryPrecision="43200" />
    <Property Identifier="objectGuid" DisplayName_L1="objectGuid" TargetColumnIndex="3" Type="String" HistoryPrecision="43200" />
    <Property Identifier="objectSid" DisplayName_L1="objectSid" TargetColumnIndex="9" Type="String" HistoryPrecision="43200" />
    <Property Identifier="ou" DisplayName_L1="ou" TargetColumnIndex="8" Type="String" HistoryPrecision="43200" />
    <!-- <Property Identifier="pwdLastSet" DisplayName_L1="pwdLastSet" TargetColumnIndex="13" Type="String" HistoryPrecision="43200" /> -->
    <Property Identifier="rdn" DisplayName_L1="rdn" TargetColumnIndex="2" Type="String" HistoryPrecision="43200" />
    <Property Identifier="sAMAccountName" DisplayName_L1="sAMAccountName" TargetColumnIndex="11" Type="String" HistoryPrecision="43200" />
    <Property Identifier="sn" DisplayName_L1="sn" TargetColumnIndex="20" Type="String" HistoryPrecision="43200" />
    <Property Identifier="st" DisplayName_L1="st" TargetColumnIndex="35" Type="String" HistoryPrecision="43200" />
    <Property Identifier="telephoneNumber" DisplayName_L1="telephoneNumber" TargetColumnIndex="19" Type="String" HistoryPrecision="43200" />
    <Property Identifier="title" DisplayName_L1="title" TargetColumnIndex="36" Type="String" HistoryPrecision="43200" />
    <Property Identifier="uid" DisplayName_L1="uid" TargetColumnIndex="37" Type="String" HistoryPrecision="43200" />
    <Property Identifier="userAccountControl" DisplayName_L1="userAccountControl" TargetColumnIndex="15" Type="String" HistoryPrecision="43200" />
    <Property Identifier="userPrincipalName" DisplayName_L1="userPrincipalName" TargetColumnIndex="12" Type="String" HistoryPrecision="43200" />
    <!-- <Property Identifier="whenChanged" DisplayName_L1="whenChanged" TargetColumnIndex="38" Type="String" HistoryPrecision="43200" /> -->
    <Property Identifier="whenCreated" DisplayName_L1="whenCreated" TargetColumnIndex="5" Type="String" HistoryPrecision="43200" />
    <Property Identifier="parentguid" DisplayName_L1="parentguid" TargetColumnIndex="7" Type="String" HistoryPrecision="43200" />
    <!-- <Property Identifier="homeDirectory" DisplayName_L1="homeDirectory" TargetColumnIndex="41" Type="String" HistoryPrecision="43200" /> -->
    <!-- <Property Identifier="homeDrive" DisplayName_L1="homeDrive" TargetColumnIndex="42" Type="String" HistoryPrecision="43200" /> -->
    <Property Identifier="msExchMailboxGuid" DisplayName_L1="msExchMailboxGuid" TargetColumnIndex="44" Type="String" HistoryPrecision="43200" />
    <!-- <Property Identifier="scriptPath" DisplayName_L1="scriptPath" TargetColumnIndex="43" Type="String" /> -->
    <Property Identifier="parentdn" DisplayName_L1="parentdn" Type="ForeignKey" TargetColumnIndex="128" HistoryPrecision="43200" />
    <Property Identifier="children" DisplayName_L1="children" Type="ForeignKey" HistoryPrecision="43200" />
    <Property Identifier="member" DisplayName_L1="member" Type="ForeignKey" HistoryPrecision="43200" />
    <Property Identifier="memberOf" DisplayName_L1="memberOf" Type="ForeignKey" HistoryPrecision="43200" />
    <!-- <Property Identifier="manager" DisplayName_L1="manager" Type="ForeignKey" />
    <Property Identifier="managed" DisplayName_L1="managed" Type="ForeignKey" /> -->
  </EntityType>
  <EntityAssociation Identifier="AD_Commun01_Entry_parentdn" DisplayName_L1="parentdn" IsProperty1Collection="true" Property2="AD_Commun01_Entry:parentdn" Property1="AD_Commun01_Entry:children" />
  <EntityAssociation Identifier="AD_Commun01_Entry_member" DisplayName_L1="member" IsProperty1Collection="true" IsProperty2Collection="true" Property1="AD_Commun01_Entry:member" Property2="AD_Commun01_Entry:memberOf" />
  <!-- <EntityAssociation Identifier="AD_Commun01_Entry_manager" IsProperty1Collection="true" Property2="AD_Commun01_Entry:manager" Property1="AD_Commun01_Entry:managed" /> -->


  <EntityTypeMapping MaximumDeletedLines="0" MaximumInsertedLines="0" MaximumUpdatedLines="0" MaxPercentageDeletedLines="30" MaxPercentageInsertedLines="30" MaxPercentageUpdatedLines="30" Identifier="AD_Commun01_Entry" Connector="AD_Commun01" ConnectionTable="ADCommun01Export_entries">
    <Property Identifier="member" Format="link" />
    <!-- <Property Identifier="accountExpires" ConnectionColumn="accountExpires" /> -->
    <Property Identifier="cn" ConnectionColumn="cn" />
    <!-- <Property Identifier="comment" ConnectionColumn="comment" /> -->
    <Property Identifier="company" ConnectionColumn="company" />
    <Property Identifier="department" ConnectionColumn="department" />
    <!-- <Property Identifier="description" ConnectionColumn="description" /> -->
    <Property Identifier="displayName" ConnectionColumn="displayName" />
    <!-- <Property Identifier="division" ConnectionColumn="division" /> -->
    <Property Identifier="dn" ConnectionColumn="dn" IsUniqueKey="true" />
    <Property Identifier="employeeID" ConnectionColumn="employeeID" />
    <Property Identifier="employeeNumber" ConnectionColumn="employeeNumber" />
    <Property Identifier="employeeType" ConnectionColumn="employeeType" />
    <!-- <Property Identifier="flags" ConnectionColumn="flags" /> -->
    <Property Identifier="givenName" ConnectionColumn="givenName" />
    <!-- <Property Identifier="info" ConnectionColumn="info" /> -->
    <Property Identifier="initials" ConnectionColumn="initials" />
    <Property Identifier="l" ConnectionColumn="l" />
    <!-- <Property Identifier="lastLogon" ConnectionColumn="lastLogon" /> -->
    <Property Identifier="mail" ConnectionColumn="mail" />
    <!-- <Property Identifier="mobile" ConnectionColumn="mobile" /> -->
    <Property Identifier="msExchMailboxGuid" ConnectionColumn="msExchMailboxGuid" Format="guid" />
    <Property Identifier="name" ConnectionColumn="name" />
    <Property Identifier="objectCategory" ConnectionColumn="objectCategory" Format="rdn" />
    <Property Identifier="objectGuid" ConnectionColumn="objectGUID" IsPrimaryKey="true" Format="guid" />
    <Property Identifier="objectSid" ConnectionColumn="objectSid" Format="sid" />
    <Property Identifier="ou" ConnectionColumn="ou" />
    <!-- <Property Identifier="pwdLastSet" ConnectionColumn="pwdLastSet" /> -->
    <Property Identifier="rdn" ConnectionColumn="rdn" />
    <Property Identifier="sAMAccountName" ConnectionColumn="sAMAccountName" />
    <Property Identifier="sn" ConnectionColumn="sn" />
    <Property Identifier="st" ConnectionColumn="st" />
    <Property Identifier="telephoneNumber" ConnectionColumn="telephoneNumber" />
    <Property Identifier="title" ConnectionColumn="title" />
    <Property Identifier="uid" ConnectionColumn="uid" />
    <Property Identifier="userAccountControl" ConnectionColumn="userAccountControl" />
    <Property Identifier="userPrincipalName" ConnectionColumn="userPrincipalName" />
    <!-- <Property Identifier="whenChanged" ConnectionColumn="whenChanged" /> -->
    <Property Identifier="whenCreated" ConnectionColumn="whenCreated" />
    <Property Identifier="parentguid" ConnectionColumn="parentGUID" Format="guid" />
    <!-- <Property Identifier="homeDirectory" ConnectionColumn="homeDirectory" /> -->
    <!-- <Property Identifier="homeDrive" ConnectionColumn="homeDrive" /> -->
    <!-- <Property Identifier="scriptPath" ConnectionColumn="scriptPath" /> -->

    
  </EntityTypeMapping>
  <EntityAssociationMapping MaximumDeletedLines="0" MaximumInsertedLines="0" MaxPercentageDeletedLines="30" MaxPercentageInsertedLines="30" Identifier="AD_Commun01_Entry_parentdn" Column2="dn" Column1="parentdn" ConnectionTable="ADCommun01Export_entries" EntityPropertyMapping1="AD_Commun01_Entry:dn" EntityPropertyMapping2="AD_Commun01_Entry:dn" Connector="AD_Commun01" />
  <EntityAssociationMapping MaximumDeletedLines="0" MaximumInsertedLines="0" MaxPercentageDeletedLines="30" MaxPercentageInsertedLines="30" Identifier="AD_Commun01_Entry_member" Column1="dn" Column2="member" ConnectionTable="ADCommun01Export_member" EntityPropertyMapping1="AD_Commun01_Entry:dn" EntityPropertyMapping2="AD_Commun01_Entry:dn" Connector="AD_Commun01" />
  <!-- <EntityAssociationMapping MaximumDeletedLines="0" MaximumInsertedLines="0" MaxPercentageDeletedLines="30" MaxPercentageInsertedLines="30" DataSourceIsEncrypted="0" Identifier="AD_Commun01_Entry_manager" Column1="manager" Column2="dn" ConnectionTable="ad_managers" EntityPropertyMapping1="AD_Commun01_Entry:dn" EntityPropertyMapping2="AD_Commun01_Entry:dn" Connector="AD_Commun01" /> -->

  <ViewTemplate EntityType="AD_Commun01_Entry" Profile="Administrator" />
  <ViewAccessControlRules EntityType="AD_Commun01_Entry" Profile="Administrator" />

  <TargetResourceReport EntityType="AD_Commun01_Entry" Profile="Administrator" />
  <TargetResourceReportAccessControlRules EntityType="AD_Commun01_Entry" Profile="Administrator" />
  <TargetResourceReportMenus EntityType="AD_Commun01_Entry" Profile="Administrator" />
  
</ConfigurationFile>
