﻿<ConfigurationFile xmlns="urn:schemas-usercube-com:configuration">

  <ComputeCorrelationKeysTask Identifier="ComputeCorrelationKeys_Commun01" DisplayName_L1="Calcul des clés de corrélation : Commun01">
    <TaskEntityType EntityType="AD_Commun01_Entry" />
  </ComputeCorrelationKeysTask>

  <ComputeRoleModelTask Identifier="ComputeProvisioningPolicy_Commun01" DisplayName_L1="Préparation des ordres de provisioning : Commun01" BlockProvisioning="true">
    <TaskEntityType EntityType="Person" />
  </ComputeRoleModelTask>


  <CreateConnectorSynchroIncremental JobIdentifier="AD_Commun01_Full_Incremental" Connector="AD_Commun01" DisplayName_L1="06 - AD_Commun01 - Lecture Incrémentale" OldAlgorithm="true">
    <OpenIdIdentifier Identifier="accessJob" />
    	<CronTabExpression CronTimeZone="ServerTime" CronTab="47 7 * * *" />
    
    <NoProvisioning />
  </CreateConnectorSynchroIncremental>


  <CreateConnectorSynchroComplete JobIdentifier="AD_Commun01_Export_Complete" Connector="AD_Commun01" DisplayName_L1="AD_Commun01 - Lecture Complète" OldAlgorithm="true">
    <OpenIdIdentifier Identifier="accessJob" />
    
    <NoProvisioning />
    <!-- <AddTask Task="ComputeCorrelationKeys_Commun01" After="true" TaskToCompareWith="AD_Commun01_SynchronizeActiveDirectory" /> -->
    <!-- <AddTask Task="ComputeProvisioningPolicy_Commun01" Before="true" TaskToCompareWith="UpdateParametersContextDisplayNames" />	 -->
  </CreateConnectorSynchroComplete>


</ConfigurationFile>