﻿ <ConfigurationFile xmlns="urn:schemas-usercube-com:configuration"> 
  <Category Policy="Default" Identifier="AD_Commun01" DisplayName_L1="Active Directory Commun01" Parent="Applications" />

   <!-- <ResourceType TransmittedStateValidityPeriod="180" MaximumDelete="0" MaximumDeletePercent="5" MaximumInsert="0" MaximumInsertPercent="5" MaximumUpdate="0" MaximumUpdatePercent="5" Identifier="AD_Commun01_Entry_ToSortUser" DisplayName_L1="Compte AD Commun01 (à trier)" SourceEntityType="Person" Policy="Default" TargetEntityType="AD_Commun01_Entry" Category="AD_Commun01" /> -->

   <ResourceType TransmittedStateValidityPeriod="180" MaximumDelete="0" MaximumDeletePercent="5" MaximumInsert="0" MaximumInsertPercent="5" MaximumUpdate="0" MaximumUpdatePercent="5" Identifier="AD_Commun01_Entry_NominativeUser" DisplayName_L1="Compte AD Commun01 (nominatif)" Policy="Default" TargetEntityType="AD_Commun01_Entry" Category="AD_Commun01" SourceEntityType="Person" BlockProvisioning="true" ApprovalWorkflowType="ManualAssignmentNotAllowed" >
    <!--<TypeRule TimeOffsetReference="Around" TimeOffsetBeforeReference="-20160" TimeOffsetAfterReference="44640" />-->

    <ScalarRule Property="givenName" Binding="FirstName" />
    <ScalarRule Property="cn" Expression="C#:person:return &quot;U&quot; + person.EmployeeId;" />
    <ScalarRule Property="sn" Binding="LastName" />
    <!-- <ScalarRule Property="telephoneNumber" Binding="PhoneNumber" /> -->
    <!-- <ScalarRule Property="mobile" Binding="MobileNumber" /> -->
    <ScalarRule Property="sAMAccountName" Expression="C#:person:return &quot;U&quot; + person.EmployeeId;" />
    <ScalarRule Property="userPrincipalName" Binding="Mail" />
    <!--<ScalarRule Property="accountExpires" Expression="C#:person:return (!person.WhenOut.HasValue || person.WhenOut.Value.AddHours(-5).ToString(&quot;dd/MM/yyyy&quot;) == &quot;31/12/2099&quot;) ? &quot;0&quot; : person.WhenOut.Value.AddHours(-5).ToSince1601DateString();" />-->
    <ScalarRule Property="department" Binding="Organization.DisplayName" />
    <!--<ScalarRule Property="l" Binding="Location.DisplayName" />-->

    <ScalarRule Property="mail" Binding="Mail" />
    <ScalarRule Property="displayName" Expression="C#:person:return person.FirstName + &quot; &quot; + person.LastName;" />

    <ScalarRule Property="userAccountControl" Expression="C#:person:return &quot;514&quot;;" TimeOffsetReference="Before" TimeOffsetBeforeReference="-20160" TimeOffsetAfterReference="0" />
    <ScalarRule Property="userAccountControl" Expression="C#:person:return &quot;512&quot;;" TimeOffsetReference="Around" TimeOffsetBeforeReference="0" TimeOffsetAfterReference="0" />
    <ScalarRule Property="userAccountControl" Expression="C#:person:return &quot;514&quot;;" TimeOffsetReference="After" TimeOffsetBeforeReference="0" TimeOffsetAfterReference="44640" />

  </ResourceType>

  <!-- <ResourceType TransmittedStateValidityPeriod="180" MaximumDelete="0" MaximumDeletePercent="5" MaximumInsert="0" MaximumInsertPercent="5" MaximumUpdate="0" MaximumUpdatePercent="5" Identifier="AD_Commun01_Entry_AdministrationUser" DisplayName_L1="Compte AD Commun01 (administration)" Policy="Default" TargetEntityType="AD_Commun01_Entry" Category="AD_Commun01" SourceEntityType="Person"> -->
    <!-- <ScalarRule Property="cn" Expression="C#:person:return &quot;A&quot; + person.EmployeeId;" /> -->
    <!-- <ScalarRule Property="sAMAccountName" Expression="C#:person:return &quot;A&quot; + person.EmployeeId;" /> -->
    <!-- <ScalarRule Property="userPrincipalName" Expression="C#:person:return &quot;adm.&quot; + person.Mail;" /> -->
    <!-- <ScalarRule Property="displayName" Expression="C#:person:return &quot;ADM &quot; + person.FirstName + &quot; &quot; + person.LastName;" /> -->
  <!-- </ResourceType> -->

  <!-- <ResourceType TransmittedStateValidityPeriod="180" MaximumDelete="0" MaximumDeletePercent="5" MaximumInsert="0" MaximumInsertPercent="5" MaximumUpdate="0" MaximumUpdatePercent="5" Identifier="AD_Commun01_Entry_TechnicalUser" DisplayName_L1="Compte AD Commun01 (technique)" Policy="Default" TargetEntityType="AD_Commun01_Entry" Category="AD_Commun01" SourceEntityType="Person" /> -->
  <!-- <ResourceType TransmittedStateValidityPeriod="180" MaximumDelete="0" MaximumDeletePercent="5" MaximumInsert="0" MaximumInsertPercent="5" MaximumUpdate="0" MaximumUpdatePercent="5" Identifier="AD_Commun01_Entry_ServiceUser" DisplayName_L1="Compte AD Commun01 (service)" Policy="Default" TargetEntityType="AD_Commun01_Entry" Category="AD_Commun01" SourceEntityType="Person" /> -->

  <!-- <ResourceClassificationRule ResourceType="AD_Commun01_Entry_AdministrationUser" Policy="Default" ResourceTypeIdentificationConfidenceLevel="100" TargetExpression="C#:resource:
    if(resource.dn.Contains(&quot;OU=ADML,&quot;) &amp;&amp; resource.dn.StartsWith(&quot;CN=&quot;) &amp;&amp; resource.sAMAccountName.EndsWith(&quot;_ADML&quot;))
    {
      return true;
    }
    else
    {
      return false;
    }" />
  <ResourceClassificationRule ResourceType="AD_Commun01_Entry_NominativeUser" Policy="Default" ResourceTypeIdentificationConfidenceLevel="100" TargetExpression="C#:resource:
    if(resource.dn.ToUpper().EndsWith(&quot;OU=UTILISATEURS,OU=PRODGRP,DC=COMMUN01,DC=SVC&quot;) &amp;&amp; resource.dn.StartsWith(&quot;CN=&quot;) &amp;&amp; !(resource.sAMAccountName.EndsWith(&quot;_ADML&quot;)))
    {
      return true;
    }
    else 
    {
      return false;
    }" /> -->
  
  <!--<ResourceCorrelationRule ResourceType="AD_Commun01_Entry_NominativeUser" TargetExpression="C#:resource:return resource.sAMAccountName + resource.mail;" Policy="Default" SourceMatchedConfidenceLevel="100" SourceExpression="C#:person:return &quot;U&quot; + person.EmployeeId + person.Mail;" />-->
  <ResourceCorrelationRule ResourceType="AD_Commun01_Entry_NominativeUser" TargetBinding="mail" Policy="Default" SourceMatchedConfidenceLevel="100" SourceBinding="Mail" />
  <!-- <ResourceCorrelationRule ResourceType="AD_Commun01_Entry_NominativeUser" TargetBinding="sAMAccountName" Policy="Default" SourceMatchedConfidenceLevel="80" SourceExpression="C#:PersonRecord:return ((PersonRecord.LastName == null) &amp;&amp; (PersonRecord.FirstName == null))  ? null : PersonRecord.LastName + &quot;_&quot; + PersonRecord.FirstName.Substring(0,1) + &quot;PRODGRP&quot;;" /> -->
  <!-- <ResourceCorrelationRule ResourceType="AD_Commun01_Entry_NominativeUser" TargetBinding="sAMAccountName" Policy="Default" SourceMatchedConfidenceLevel="80" SourceExpression="C#:PersonRecord:return ((PersonRecord.LastName == null) &amp;&amp; (PersonRecord.FirstName == null))  ? null : PersonRecord.LastName + &quot;_&quot; + PersonRecord.FirstName.Substring(0,2) + &quot;PRODGRP&quot;;" /> -->
  <!-- <ResourceCorrelationRule ResourceType="AD_Commun01_Entry_NominativeUser" TargetExpression="C#:resource:return Usercube.Expressions.Functions.UtilExpressions.RemoveDiacritics(resource.givenName + &quot; &quot; + resource.sn).ToLower();" Policy="Default" SourceMatchedConfidenceLevel="90" SourceExpression="C#:PersonRecord:return ((PersonRecord.LastName == null) &amp;&amp; (PersonRecord.FirstName == null))  ? null : Usercube.Expressions.Functions.UtilExpressions.RemoveDiacritics(PersonRecord.FirstName + &quot; &quot; + PersonRecord.LastName).ToLower();" /> -->
  <!-- <ResourceCorrelationRule ResourceType="AD_Commun01_Entry_AdministrationUser" TargetBinding="sAMAccountName" Policy="Default" SourceMatchedConfidenceLevel="100" SourceExpression="C#:PersonRecord:return PersonRecord.LastName + &quot;_ADML&quot;;" /> -->

</ConfigurationFile>
