﻿
<ConfigurationFile xmlns:xsi="http:/www.w3.org/2001/XMLSchema-instance" xmlns:xsd="http:/www.w3.org/2001/XMLSchema" xmlns="urn:schemas-usercube-com:configuration">
  <Connection Identifier="PowerShellMetisFulfillmentHIDRED01" Package="Usercube.Powershell@0000001" DisplayName_L1="HIDRED01Connection" Connector="HID_RED01" />
  <Connection Identifier="HIDRED01User" Package="Usercube.CSV@0000001" DisplayName_L1="HIDRED01User" Connector="HID_RED01" />

  <Connector MaxLinkPercentageDeletedLines="30" MaxLinkPercentageInsertedLines="30" MaxPercentageDeletedLines="30" MaxPercentageInsertedLines="30" MaxPercentageUpdatedLines="30" MaximumDeletedLines="0" MaximumInsertedLines="0" MaximumLinkDeletedLines="0" MaximumLinkInsertedLines="0" MaximumUpdatedLines="0" Identifier="HID_RED01" DisplayName_L1="HID RED01" Agent="Local" />
  
  <!--ENTITY TYPE-->
  <EntityType Identifier="HID_RED01User" DisplayName_L1="HID_RED01User">
    <Property Identifier="fullname" DisplayName_L1="Collaborateur" TargetColumnIndex="0" Type="String" />
    <Property Identifier="mail" DisplayName_L1="Mail" TargetColumnIndex="1" Type="String" />
	<Property Identifier="RITM_for_correlation" DisplayName_L1="Numéro du ticket METIS" TargetColumnIndex="2" Type="String" />
    <Property Identifier="employeeId" DisplayName_L1="Identifiant IAM" IsKey="true" TargetColumnIndex="3" Type="String" />
    <Property Identifier="loginZoe" DisplayName_L1="Login ZOE" IsKey="true" TargetColumnIndex="4" Type="String" />
	<Property Identifier="manager" DisplayName_L1="Manager" TargetColumnIndex="5" Type="String" />
	<Property Identifier="ville" DisplayName_L1="Ville" TargetColumnIndex="6" Type="String" />
	<Property Identifier="equipe" DisplayName_L1="Equipe" TargetColumnIndex="7" Type="String" />
	<Property Identifier="contact" DisplayName_L1="Contact" TargetColumnIndex="8" Type="String" />
	<Property Identifier="loginRed01" DisplayName_L1="Login Red01" TargetColumnIndex="9" Type="String" />
	
	<Property Identifier="type" DisplayName_L1="type" Type="ForeignKey" />
  </EntityType>
  
  <EntityType Identifier="HID_RED01Type" DisplayName_L1="HID_RED01Type">
    <Property Identifier="reference" DisplayName_L1="Reference" IsKey="true" TargetColumnIndex="0" Type="String" />
    <Property Identifier="libelle" DisplayName_L1="Libellé" TargetColumnIndex="1" Type="String" />
	
    <Property Identifier="users" DisplayName_L1="Détenteur" Type="ForeignKey" />
  </EntityType>
  <EntityPropertyExpression Identifier="HID_RED01Type_InternalDisplayName" Expression="C#:HID_RED01Type: return HID_RED01Type.libelle;" EntityType="HID_RED01Type" Property="InternalDisplayName" />
  
  <!--ENTITY TYPE ASSOCIATION-->
  <EntityAssociation DisplayName_L1="Type_Users" Identifier="HID_RED01Type_Users" Property1="HID_RED01User:type" Property2="HID_RED01Type:users" IsProperty1Collection="true" IsProperty2Collection="true" />


  <!--ENTITY TYPE MAPPING-->
  <EntityTypeMapping MaximumDeletedLines="0" MaximumInsertedLines="0" MaximumUpdatedLines="0" MaxPercentageDeletedLines="30" MaxPercentageInsertedLines="30" MaxPercentageUpdatedLines="30" Connector="HID_RED01" Identifier="HID_RED01User" ConnectionTable="HIDRED01User">
	<Property Identifier="fullname" ConnectionColumn="assigned_to.name" />
	<Property Identifier="mail" ConnectionColumn="assigned_to.email" IsPrimaryKey="true" />
	<Property Identifier="employeeId" ConnectionColumn="assigned_to.u_code_iam" />
  </EntityTypeMapping>
  <EntityTypeMapping MaximumDeletedLines="0" MaximumInsertedLines="0" MaximumUpdatedLines="0" MaxPercentageDeletedLines="30" MaxPercentageInsertedLines="30" MaxPercentageUpdatedLines="30" Connector="HID_RED01" Identifier="HID_RED01Type">
	<Property Identifier="reference" ConnectionColumn="art_ref_STAN" IsPrimaryKey="true" />
	<Property Identifier="libelle" ConnectionColumn="libelle" />
  </EntityTypeMapping>
  <!-- <Resource Id="-5020" Type="HID_RED01Type" C0="-5020" C1="Calculette HID RED01" DisplayName_L1="HID RED01" /> -->
  <Resource Id="-5020" Type="HID_RED01Type" C0="Calculette HID RED01" C1="Calculette HID RED01" DisplayName_L1="HID RED01" />
  <!-- <Resource Id="-5021" Type="HID_RED01Type" C0="Calculette HID ADMIN" C1="Calculette HID ADMIN" DisplayName_L1="HID REDALPHA" /> -->


  
  <!--ASSOCIATION MAPPING-->
  <EntityAssociationMapping MaximumDeletedLines="0" MaximumInsertedLines="0" MaxPercentageDeletedLines="30" MaxPercentageInsertedLines="30" Identifier="HID_RED01Type_Users" Column1="assigned_to.email" Column2="art_ref_STAN" ConnectionTable="HIDRED01User" EntityPropertyMapping1="HID_RED01User:mail" EntityPropertyMapping2="HID_RED01Type:reference" Connector="HID_RED01" />
  
  
  <ViewTemplate EntityType="HID_RED01User" Profile="Administrator" />
  <ViewTemplate EntityType="HID_RED01Type" Profile="Administrator" />
  <ViewAccessControlRules EntityType="HID_RED01User" Profile="Administrator" />
  <ViewAccessControlRules EntityType="HID_RED01Type" Profile="Administrator" />

  <ReviewProvisioningAccessControlRules EntityType="HID_RED01User" Profile="Administrator" />
  <ReviewProvisioningAccessControlRules EntityType="HID_RED01Type" Profile="Administrator" />
  <ReconciliateRolesAccessControlRules EntityType="HID_RED01User" Profile="Administrator" />
  <ReconciliateRolesAccessControlRules EntityType="HID_RED01Type" Profile="Administrator" />

  <TargetResourceReport EntityType="HID_RED01User" Profile="Administrator" />
  <TargetResourceReport EntityType="HID_RED01Type" Profile="Administrator" />
  <TargetResourceReportAccessControlRules EntityType="HID_RED01User" Profile="Administrator" />
  <TargetResourceReportAccessControlRules EntityType="HID_RED01Type" Profile="Administrator" />
  <TargetResourceReportMenus EntityType="HID_RED01User" Profile="Administrator" />
  <TargetResourceReportMenus EntityType="HID_RED01Type" Profile="Administrator" />

   
</ConfigurationFile>
