﻿<ConfigurationFile xmlns="urn:schemas-usercube-com:configuration">
	
	<InvokeExpressionTask Identifier="Lecture_METIS_HID_RED01" DisplayName_L1="Lecture METIS HID RED01" InputPath="D:/CAGIP_IAM/Powershell/Lecture_Metis_HID_RED01_specific.ps1" />
	<InvokeExpressionTask Identifier="Lecture_METIS_HID_ADMIN" DisplayName_L1="Lecture METIS HID ADMIN" InputPath="D:/CAGIP_IAM/Powershell/Lecture_Metis_HID_ADMIN_specific.ps1" />
	
	
	<CreateConnectorSynchroComplete JobIdentifier="Metis_HID_RED01_Synchronization" Connector="HID_RED01" DisplayName_L1="Metis - Lecture - HID RED01" OldAlgorithm="true">
        <OpenIdIdentifier Identifier="accessJob" />
		<CronTabExpression CronTimeZone="ServerTime" CronTab="45 20 * * *" />
		<!-- <AddTask Task="Lecture_METIS_HID_RED01" Before="true" TaskToCompareWith="HID_RED01_PrepareSynchronization_Complete" /> -->
		<AddTask Task="Lecture_METIS_HID_RED01" Before="true" TaskToCompareWith="HID_RED01_Export_Complete_HIDRED01User" />
		<AddTask Task="Lecture_METIS_HID_ADMIN" Before="true" TaskToCompareWith="Lecture_METIS_HID_RED01" />
		<NoProvisioning />
    </CreateConnectorSynchroComplete>
	
	<CreateConnectorSynchroComplete JobIdentifier="Metis_Fulfillment" Connector="HID_RED01" DisplayName_L1="Metis - Ecriture - HID RED01" OldAlgorithm="true">
        <OpenIdIdentifier Identifier="accessJob" />
		<CronTabExpression CronTimeZone="ServerTime" CronTab="43 6 * * *" />
		<NoSynchronization />
		
    </CreateConnectorSynchroComplete>
	
	
</ConfigurationFile>