﻿<ConfigurationFile xmlns="urn:schemas-usercube-com:configuration">

	<!-- <SingleRole Identifier="Calculette_HID_RED01" DisplayName_L1="Calculette HID RED01" Description_L1="Calculette HID RED01" Category="Calculatrice" EntityType="Person" ApprovalWorkflowType="One" Policy="Default"/> -->

	<ResourceTypeMapping Identifier="Metis_ResourceType" Connection="PowerShellMetisFulfillmentHIDRED01" />
	<ResourceType MaximumDelete="0" MaximumDeletePercent="5" MaximumInsert="0" MaximumInsertPercent="5" MaximumUpdate="0" MaximumUpdatePercent="5" Identifier="Metis_ResourceType" SourceEntityType="Person" TargetEntityType="HID_RED01User" Policy="Default" Category="Metis" DisplayName_L1="Metis_HID_RED01">
		<!-- <TypeRule SingleRole="SR_HID_RED01" Policy="Default" TimeOffsetReference="Around" TimeOffsetBeforeReference="-18720"/> -->
		<!-- <NavigationRule Property="type" Resource="-5020" SingleRole="SR_HID_RED01" TimeOffsetReference="Around" TimeOffsetBeforeReference="-18720" TimeOffsetAfterReference="10080"/> -->
		<NavigationRule Property="type" Resource="Calculette HID RED01" SingleRole="SR_HID_RED01" TimeOffsetReference="Around" TimeOffsetBeforeReference="-18720" TimeOffsetAfterReference="-2880"/>
		<!-- <NavigationRule Property="type" Resource="Calculette HID ADMIN" SingleRole="SR_HID_ADMIN" TimeOffsetReference="Around" TimeOffsetBeforeReference="-18720" TimeOffsetAfterReference="10080"/> -->

		<ScalarRule Property="employeeId" Expression="C#:PersonRecord: return PersonRecord.EmployeeId;" />
		<ScalarRule Property="loginZoe" Expression="C#:PersonRecord: return PersonRecord.LoginZoe;" />
		<ScalarRule Property="manager" Expression="C#:PersonRecord: return PersonRecord.Responsible.Mail;" />
		<ScalarRule Property="ville" Expression="C#:PersonRecord:return String.IsNullOrEmpty(PersonRecord.Localisation.Site.Identifier) ? PersonRecord.RHSite : PersonRecord.Localisation.Site.Identifier ;" />
		<ScalarRule Property="contact" Expression="C#:PersonRecord:return String.IsNullOrEmpty(PersonRecord.ContactPrivilegie.Mail) ? PersonRecord.Responsible.Mail : PersonRecord.ContactPrivilegie.Mail ;" />
		<ScalarRule Property="equipe" Expression="C#:PersonRecord:
			string CGB =  PersonRecord.Organization.Identifier;
			string trigramme = PersonRecord.Organization.Trigramme;
			
			if((CGB != null) &amp;&amp; (CGB != &quot;&quot;) &amp;&amp; (trigramme != null) &amp;&amp; (trigramme != &quot;&quot;) ){
				return CGB + &quot;-&quot; + trigramme;
			}
			return null;" />


		<ScalarRule Property="mail" Binding="Mail" />
		<ScalarRule Property="loginRed01" Binding="LoginRed01" />

	</ResourceType>

	<ResourceCorrelationRule ResourceType="Metis_ResourceType" SourceMatchedConfidenceLevel="101" SourceBinding="EmployeeId" TargetBinding="employeeId" Policy="Default" />
	<ResourceCorrelationRule ResourceType="Metis_ResourceType" SourceMatchedConfidenceLevel="100" SourceExpression="C#:PersonRecord: return (String.IsNullOrEmpty(PersonRecord.LoginZoe) || String.IsNullOrEmpty(PersonRecord.Mail)) ? &quot;DoNotReconciliateString&quot; : PersonRecord.Mail;" TargetExpression="C#:resource: return String.IsNullOrEmpty(resource.employeeId) ? resource.mail : &quot;EmployeeNotMatchingString&quot;;" Policy="Default" />


</ConfigurationFile>