﻿
<ConfigurationFile xmlns:xsi="http:/www.w3.org/2001/XMLSchema-instance" xmlns:xsd="http:/www.w3.org/2001/XMLSchema" xmlns="urn:schemas-usercube-com:configuration">
  <Connection Identifier="PowerShellMetisFulfillmentListeDiffusion" Package="Usercube.Powershell@0000001" DisplayName_L1="ListeDiffusionConnection" Connector="Liste_Diffusion" />
  <Connection Identifier="ListeDiffusionUser" Package="Usercube.CSV@0000001" DisplayName_L1="ListeDiffusionUser" Connector="Liste_Diffusion" />
  <Connection Identifier="ListeDiffusionType" Package="Usercube.CSV@0000001" DisplayName_L1="ListeDiffusionType" Connector="Liste_Diffusion" />

  <Connector MaxLinkPercentageDeletedLines="30" MaxLinkPercentageInsertedLines="30" MaxPercentageDeletedLines="30" MaxPercentageInsertedLines="30" MaxPercentageUpdatedLines="30" MaximumDeletedLines="0" MaximumInsertedLines="0" MaximumLinkDeletedLines="0" MaximumLinkInsertedLines="0" MaximumUpdatedLines="0" Identifier="Liste_Diffusion" DisplayName_L1="Metis Liste_Diffusion" Agent="Local" />
  
  <!--ENTITY TYPE-->
  <EntityType Identifier="Liste_DiffusionUser" DisplayName_L1="Liste_DiffusionUser">
    <Property Identifier="fullname" DisplayName_L1="Collaborateur" TargetColumnIndex="0" Type="String" />
    <Property Identifier="mail" DisplayName_L1="Mail" TargetColumnIndex="1" Type="String" />
	<Property Identifier="RITM_for_correlation" DisplayName_L1="Numéro du ticket METIS" TargetColumnIndex="2" Type="String" />
    <Property Identifier="employeeId" DisplayName_L1="Identifiant IAM" IsKey="true" TargetColumnIndex="3" Type="String" />
    <Property Identifier="loginZoe" DisplayName_L1="Login ZOE" IsKey="true" TargetColumnIndex="4" Type="String" />
	<Property Identifier="manager" DisplayName_L1="Manager" TargetColumnIndex="5" Type="String" />
	<Property Identifier="contact" DisplayName_L1="Contact" TargetColumnIndex="6" Type="String" />
	
	<Property Identifier="type" DisplayName_L1="type" Type="ForeignKey" />
  </EntityType>
  
  <EntityType Identifier="Liste_DiffusionType" DisplayName_L1="Liste_DiffusionType">
    <Property Identifier="libelle" DisplayName_L1="Libellé" TargetColumnIndex="4" IsKey="true" Type="String" />
	<Property Identifier="mail" DisplayName_L1="Adresse email" TargetColumnIndex="5" Type="String" />
    <Property Identifier="users" DisplayName_L1="Membres" Type="ForeignKey" />
  </EntityType>
  <EntityPropertyExpression Identifier="Liste_DiffusionType_InternalDisplayName" Expression="C#:Liste_DiffusionType: return Liste_DiffusionType.libelle;" EntityType="Liste_DiffusionType" Property="InternalDisplayName" />
  
  <!--ENTITY TYPE ASSOCIATION-->
  <EntityAssociation DisplayName_L1="Type_Users" Identifier="Liste_DiffusionType_Users" Property1="Liste_DiffusionUser:type" Property2="Liste_DiffusionType:users" IsProperty1Collection="true" IsProperty2Collection="true" />


  <!--ENTITY TYPE MAPPING-->
  <EntityTypeMapping MaximumDeletedLines="0" MaximumInsertedLines="0" MaximumUpdatedLines="0" MaxPercentageDeletedLines="30" MaxPercentageInsertedLines="30" MaxPercentageUpdatedLines="30" Connector="Liste_Diffusion" Identifier="Liste_DiffusionUser" ConnectionTable="ListeDiffusionUser">
	<Property Identifier="fullname" ConnectionColumn="variables.metis_global_header_info_vs_requested_for_name" />
	<Property Identifier="mail" ConnectionColumn="variables.metis_global_header_info_vs_requested_for_name.email" IsPrimaryKey="true"/>
	<Property Identifier="employeeId" ConnectionColumn="requested_for.u_code_iam"/>
  </EntityTypeMapping>
  <EntityTypeMapping MaximumDeletedLines="0" MaximumInsertedLines="0" MaximumUpdatedLines="0" MaxPercentageDeletedLines="30" MaxPercentageInsertedLines="30" MaxPercentageUpdatedLines="30" Connector="Liste_Diffusion" Identifier="Liste_DiffusionType" ConnectionTable="ListeDiffusionType">
	<Property Identifier="libelle" ConnectionColumn="LDD"/>
	<Property Identifier="mail" IsPrimaryKey="true" ConnectionColumn="Mail"/>
  </EntityTypeMapping>
  
  


  
  <!--ASSOCIATION MAPPING-->
  <EntityAssociationMapping MaximumDeletedLines="0" MaximumInsertedLines="0" MaxPercentageDeletedLines="30" MaxPercentageInsertedLines="30" Identifier="Liste_DiffusionType_Users" Column1="variables.metis_global_header_info_vs_requested_for_name.email" Column2="variables.email_address_mailing_list" ConnectionTable="ListeDiffusionUser" EntityPropertyMapping1="Liste_DiffusionUser:mail" EntityPropertyMapping2="Liste_DiffusionType:mail" Connector="Liste_Diffusion" />
  
  
  
  <!-- Ressources dans Resources.xml-->
  
  
  
  
  <ViewTemplate EntityType="Liste_DiffusionUser" Profile="Administrator" />
  <ViewTemplate EntityType="Liste_DiffusionType" Profile="Administrator" />
  <ViewAccessControlRules EntityType="Liste_DiffusionUser" Profile="Administrator" />
  <ViewAccessControlRules EntityType="Liste_DiffusionType" Profile="Administrator" />

  <ReviewProvisioningAccessControlRules EntityType="Liste_DiffusionUser" Profile="Administrator" />
  <ReviewProvisioningAccessControlRules EntityType="Liste_DiffusionType" Profile="Administrator" />
  <ReconciliateRolesAccessControlRules EntityType="Liste_DiffusionUser" Profile="Administrator" />
  <ReconciliateRolesAccessControlRules EntityType="Liste_DiffusionType" Profile="Administrator" />

  <TargetResourceReport EntityType="Liste_DiffusionUser" Profile="Administrator" />
  <TargetResourceReport EntityType="Liste_DiffusionType" Profile="Administrator" />
  <TargetResourceReportAccessControlRules EntityType="Liste_DiffusionUser" Profile="Administrator" />
  <TargetResourceReportAccessControlRules EntityType="Liste_DiffusionType" Profile="Administrator" />
  <TargetResourceReportMenus EntityType="Liste_DiffusionUser" Profile="Administrator" />
  <TargetResourceReportMenus EntityType="Liste_DiffusionType" Profile="Administrator" />

   
</ConfigurationFile>
