﻿<ConfigurationFile xmlns="urn:schemas-usercube-com:configuration">
	
	<InvokeExpressionTask Identifier="Lecture_METIS_Liste_Diffusion" DisplayName_L1="Lecture METIS Liste Diffusion" InputPath="D:/CAGIP_IAM/Powershell/Lecture_Metis_Liste_Diffusion.ps1" />
	
	<CreateConnectorSynchroComplete JobIdentifier="Metis_Synchronization_Liste_Diffusion" Connector="Liste_Diffusion" DisplayName_L1="Metis - Lecture - Liste de diffusion" OldAlgorithm="true">
		<CronTabExpression CronTimeZone="ServerTime" CronTab="57 20 * * *" />
        <OpenIdIdentifier Identifier="accessJob" />
		<!-- <AddTask Task="Lecture_METIS_Liste_Diffusion" Before="true" TaskToCompareWith="Liste_Diffusion_PrepareSynchronization_Complete" /> -->
		<AddTask Task="Lecture_METIS_Liste_Diffusion" Before="true" TaskToCompareWith="Liste_Diffusion_Export_Complete_ListeDiffusionUser" />
		<NoProvisioning />
    </CreateConnectorSynchroComplete>
	
	<CreateConnectorSynchroComplete JobIdentifier="Metis_Fulfillment_Liste_Diffusion" Connector="Liste_Diffusion" DisplayName_L1="Metis - Ecriture - Liste de diffusion" OldAlgorithm="true">
		<CronTabExpression CronTimeZone="ServerTime" CronTab="55 6 * * *" />
        <OpenIdIdentifier Identifier="accessJob" />
		<NoSynchronization />
		
    </CreateConnectorSynchroComplete>
	
	
</ConfigurationFile>