﻿<ConfigurationFile xmlns="urn:schemas-usercube-com:configuration">


	<ResourceTypeMapping Identifier="Metis_Liste_Diffusion" Connection="PowerShellMetisFulfillmentListeDiffusion" />
	<ResourceType MaximumDelete="0" MaximumDeletePercent="5" MaximumInsert="0" MaximumInsertPercent="5" MaximumUpdate="0" MaximumUpdatePercent="5" Identifier="Metis_Liste_Diffusion" SourceEntityType="Person" TargetEntityType="Liste_DiffusionUser" Policy="Default" Category="Metis" DisplayName_L1="Metis_Liste_Diffusion">


		<ScalarRule Property="employeeId" Expression="C#:PersonRecord: return PersonRecord.EmployeeId;" />
		<ScalarRule Property="loginZoe" Expression="C#:PersonRecord: return PersonRecord.LoginZoe;" />
		<ScalarRule Property="manager" Expression="C#:PersonRecord: return PersonRecord.Responsible.Mail;" />
		<ScalarRule Property="contact" Expression="C#:PersonRecord:return String.IsNullOrEmpty(PersonRecord.ContactPrivilegie.Mail) ? PersonRecord.Responsible.Mail : PersonRecord.ContactPrivilegie.Mail ;" />
		<ScalarRule Property="mail" Binding="Mail" />

	</ResourceType>

	<ResourceCorrelationRule ResourceType="Metis_Liste_Diffusion" SourceMatchedConfidenceLevel="101" SourceExpression="C#:PersonRecord: return PersonRecord.EmployeeId;" TargetBinding="employeeId" Policy="Default" />

	<ResourceCorrelationRule ResourceType="Metis_Liste_Diffusion" SourceMatchedConfidenceLevel="100" SourceExpression="C#:PersonRecord: return (String.IsNullOrEmpty(PersonRecord.LoginZoe) || String.IsNullOrEmpty(PersonRecord.Mail)) ? &quot;DoNotReconciliateString&quot; : PersonRecord.Mail;" TargetExpression="C#:resource: return String.IsNullOrEmpty(resource.employeeId) ? resource.mail : &quot;EmployeeNotMatchingString&quot;;" Policy="Default" />

</ConfigurationFile>