﻿<ConfigurationFile xmlns="urn:schemas-usercube-com:configuration">

  <Job Identifier="Reconcialition_ComputeRoleModel_Full" DisplayName_L1="11 - Calcul complet du modèle de rôle" Agent="Local" >
	
	<UpdateEntityPropertyExpressionsTask DisplayName_L1="Mise à jour des propriétés calculées (Référentiel : collaborateurs)" >
		<TaskEntityType EntityType="Person" />
	</UpdateEntityPropertyExpressionsTask>
	
    <ComputeCorrelationKeysTask DisplayName_L1="Calcul des clés de corrélation (Référentiel : collaborateurs)" >
		<TaskEntityType EntityType="Person" />
	</ComputeCorrelationKeysTask>
	
    <ComputeRoleModelTask DisplayName_L1="Évaluation du modèle de rôle (Référentiel : collaborateurs)" >
		<TaskEntityType EntityType="Person" />
	</ComputeRoleModelTask>
	
  </Job>
  
</ConfigurationFile>