﻿<ConfigurationFile xmlns="urn:schemas-usercube-com:configuration">

  <!-- Initialisation -->
  <CreateInitializationJob DisplayName_L1="Initialisation" Agent="Local" OldAlgorithm="true">
    <OpenIdIdentifier Identifier="accessJob" />
    <!-- <AddTask Task="Init_DatabaseIndex" After="true" TaskToCompareWith="CreateDatabaseViews" />
    <AddTask Task="LDAP_LdapCagip_PreCollect" Before="true" TaskToCompareWith="LDAP_LdapCagip_PrepareSynchronization_Initial" />
    <AddTask Task="Precollecte_RH" After="true" TaskToCompareWith="LDAP_LdapCagip_PreCollect" /> -->
    <!-- <AddTask Task="Export_RACF_CAAS_PACI" After="true" TaskToCompareWith="Precollecte_RH" />
    <AddTask Task="Export_RACF_CAAS_PROD" After="true" TaskToCompareWith="Export_RACF_CAAS_PACI" />
    <AddTask Task="Export_RACF_CAAS_SUD1" After="true" TaskToCompareWith="Export_RACF_CAAS_PROD" />
    <AddTask Task="Export_RACF_CAAS_SUD2" After="true" TaskToCompareWith="Export_RACF_CAAS_SUD1" />
    <AddTask Task="Export_RACF_CAAS_SUDB" After="true" TaskToCompareWith="Export_RACF_CAAS_SUD2" />
    <AddTask Task="Export_RACF_CAAS_SUDF" After="true" TaskToCompareWith="Export_RACF_CAAS_SUDB" />
    <AddTask Task="Export_RACF_CAAS_SUDM" After="true" TaskToCompareWith="Export_RACF_CAAS_SUDF" />
    <AddTask Task="Export_RACF_CAAS_ZTEC" After="true" TaskToCompareWith="Export_RACF_CAAS_SUDM" />
    <AddTask Task="Export_RACF_CACIB_IPO1" After="true" TaskToCompareWith="Export_RACF_CAAS_ZTEC" />
    <AddTask Task="Export_RACF_CACIB_IPO2" After="true" TaskToCompareWith="Export_RACF_CACIB_IPO1" />
    <AddTask Task="Export_RACF_CACIB_IPO3" After="true" TaskToCompareWith="Export_RACF_CACIB_IPO2" />
    <AddTask Task="Export_RACF_CACIB_IPO4" After="true" TaskToCompareWith="Export_RACF_CACIB_IPO3" />
    <AddTask Task="Export_RACF_CACIB_IPOA" After="true" TaskToCompareWith="Export_RACF_CACIB_IPO4" />
    <AddTask Task="Export_RACF_CAGS_MVSA" After="true" TaskToCompareWith="Export_RACF_CACIB_IPOA" />
    <AddTask Task="Export_RACF_CAGS_MVST" After="true" TaskToCompareWith="Export_RACF_CAGS_MVSA" />
    <AddTask Task="Export_RACF_CAGS_OSET" After="true" TaskToCompareWith="Export_RACF_CAGS_MVST" />
    <AddTask Task="Export_RACF_CAGS_OSFA" After="true" TaskToCompareWith="Export_RACF_CAGS_OSET" />
    <AddTask Task="Export_RACF_CAGS_OSGA" After="true" TaskToCompareWith="Export_RACF_CAGS_OSFA" />
    <AddTask Task="Export_RACF_CAGS_OSJB" After="true" TaskToCompareWith="Export_RACF_CAGS_OSGA" />
    <AddTask Task="Export_RACF_CAGS_OSLA" After="true" TaskToCompareWith="Export_RACF_CAGS_OSJB" />
    <AddTask Task="Export_RACF_CAPS_CERT" After="true" TaskToCompareWith="Export_RACF_CAGS_OSLA" />
    <AddTask Task="Export_RACF_CAPS_AMC2" After="true" TaskToCompareWith="Export_RACF_CAPS_CERT" />
    <AddTask Task="Export_RACF_CAPS_CSYS" After="true" TaskToCompareWith="Export_RACF_CAPS_AMC2" />
    <AddTask Task="Export_RACF_CAPS_I083" After="true" TaskToCompareWith="Export_RACF_CAPS_CSYS" />
    <AddTask Task="Export_RACF_CAPS_IMIN" After="true" TaskToCompareWith="Export_RACF_CAPS_I083" />
    <AddTask Task="Export_RACF_CAPS_INT2" After="true" TaskToCompareWith="Export_RACF_CAPS_IMIN" />
    <AddTask Task="Export_RACF_CAPS_SDEV" After="true" TaskToCompareWith="Export_RACF_CAPS_INT2" />
    <AddTask Task="Export_RACF_CAPS_SYSB" After="true" TaskToCompareWith="Export_RACF_CAPS_SDEV" />
    <AddTask Task="Export_RACF_CAPS_TIPS" After="true" TaskToCompareWith="Export_RACF_CAPS_SYSB" />
    <AddTask Task="Export_RACF_CASA_ZPR1" After="true" TaskToCompareWith="Export_RACF_CAPS_TIPS" />
    <AddTask Task="Export_RACF_CASA_ZSY2" After="true" TaskToCompareWith="Export_RACF_CASA_ZPR1" />
    <AddTask Task="Export_RACF_CASA_ZDV1" After="true" TaskToCompareWith="Export_RACF_CASA_ZSY2" />
    <AddTask Task="Export_RACF_LCL_ASS1" After="true" TaskToCompareWith="Export_RACF_CASA_ZDV1" />
    <AddTask Task="Export_RACF_LCL_DEV" After="true" TaskToCompareWith="Export_RACF_LCL_ASS1" />
    <AddTask Task="Export_RACF_LCL_LIM" After="true" TaskToCompareWith="Export_RACF_LCL_DEV" />
    <AddTask Task="Export_RACF_LCL_PPR3" After="true" TaskToCompareWith="Export_RACF_LCL_LIM" />
    <AddTask Task="Export_RACF_LCL_SYSA" After="true" TaskToCompareWith="Export_RACF_LCL_PPR3" />
    <AddTask Task="Export_RACF_LCL_SYSQ" After="true" TaskToCompareWith="Export_RACF_LCL_SYSA" />
    <AddTask Task="Export_RACF_SILCA_STEC" After="true" TaskToCompareWith="Export_RACF_LCL_SYSQ" />
    <AddTask Task="Export_RACF_CACF_GS90" After="true" TaskToCompareWith="Export_RACF_SILCA_STEC" />
    <AddTask Task="Export_RACF_CACF_DD20" After="true" TaskToCompareWith="Export_RACF_CACF_GS90" />
    <AddTask Task="Export_RACF_CACF_XX10" After="true" TaskToCompareWith="Export_RACF_CACF_DD20" />
    <AddTask Task="Export_RACF_CACF_DJ02" After="true" TaskToCompareWith="Export_RACF_CACF_XX10" />
    <AddTask Task="Export_RACF_CACF_XK01" After="true" TaskToCompareWith="Export_RACF_CACF_DJ02" /> -->
    <!-- <AddTask Task="SavePreExistingAccessRights" After="true" TaskToCompareWith="Export_RACF_CACF_XK01" /> -->
    <!-- <AddTask Task="Set_AdminProfile" After="true" TaskToCompareWith="SavePreExistingAccessRights" /> -->
    <!-- <AddTask Task="Cure_All_Indexes" Before="true" TaskToCompareWith="ComputeRoleModel" Occurence="1"/>
    <AddTask Task="Cure_All_Indexes" After="true" TaskToCompareWith="ComputeRoleModel" Occurence="1"/> -->
    <NoConnectorSynchronization ConnectorIdentifier="OrganizationalData" />
    <NoConnectorProvisioning ConnectorIdentifier="LDAP_LdapCagip" />
    <NoConnectorProvisioning ConnectorIdentifier="RH" />
    <NotUsed ConnectorIdentifier="AD_Commun01" />
    <NotUsed ConnectorIdentifier="AD_Partenaires" />
	<!-- RED01 MEP -->
    <NotUsed ConnectorIdentifier="AD_Red01" />
    <NoConnectorProvisioning ConnectorIdentifier="AD_RedAlpha" />
    <NoConnectorProvisioning ConnectorIdentifier="AD_BlueAlpha" />
    <NoConnectorProvisioning ConnectorIdentifier="AD_ProdGrp" />
    <NoConnectorProvisioning ConnectorIdentifier="AD_Zoe" />
    <NoConnectorProvisioning ConnectorIdentifier="RACF_CAAS_PACI" />
    <NoConnectorProvisioning ConnectorIdentifier="RACF_CAAS_PROD" />
    <NoConnectorProvisioning ConnectorIdentifier="RACF_CAAS_SUD1" />
    <NoConnectorProvisioning ConnectorIdentifier="RACF_CAAS_SUD2" />
    <NoConnectorProvisioning ConnectorIdentifier="RACF_CAAS_SUDB" />
    <NoConnectorProvisioning ConnectorIdentifier="RACF_CAAS_SUDF" />
    <NoConnectorProvisioning ConnectorIdentifier="RACF_CAAS_SUDM" />
    <NoConnectorProvisioning ConnectorIdentifier="RACF_CAAS_ZTEC" />
    <NoConnectorProvisioning ConnectorIdentifier="RACF_CACIB_IPO1" />
    <NoConnectorProvisioning ConnectorIdentifier="RACF_CACIB_IPO2" />
    <NoConnectorProvisioning ConnectorIdentifier="RACF_CACIB_IPO3" />
    <NoConnectorProvisioning ConnectorIdentifier="RACF_CACIB_IPO4" />
    <NoConnectorProvisioning ConnectorIdentifier="RACF_CACIB_IPOA" />
    <NoConnectorProvisioning ConnectorIdentifier="RACF_CAGS_MVSA" />
    <NoConnectorProvisioning ConnectorIdentifier="RACF_CAGS_MVST" />
    <NoConnectorProvisioning ConnectorIdentifier="RACF_CAGS_OSET" />
    <NoConnectorProvisioning ConnectorIdentifier="RACF_CAGS_OSFA" />
    <NoConnectorProvisioning ConnectorIdentifier="RACF_CAGS_OSGA" />
    <NoConnectorProvisioning ConnectorIdentifier="RACF_CAGS_OSJB" />
    <NoConnectorProvisioning ConnectorIdentifier="RACF_CAGS_OSLA" />
    <NoConnectorProvisioning ConnectorIdentifier="RACF_CAPS_CERT" />
    <NoConnectorProvisioning ConnectorIdentifier="RACF_CAPS_AMC2" />
    <NoConnectorProvisioning ConnectorIdentifier="RACF_CAPS_CSYS" />
    <NoConnectorProvisioning ConnectorIdentifier="RACF_CAPS_I083" />
    <NoConnectorProvisioning ConnectorIdentifier="RACF_CAPS_IMIN" />
    <NoConnectorProvisioning ConnectorIdentifier="RACF_CAPS_INT2" />
    <NoConnectorProvisioning ConnectorIdentifier="RACF_CAPS_SDEV" />
    <NoConnectorProvisioning ConnectorIdentifier="RACF_CAPS_SYSB" />
    <NoConnectorProvisioning ConnectorIdentifier="RACF_CAPS_TIPS" />
    <NoConnectorProvisioning ConnectorIdentifier="RACF_CASA_ZPR1" />
    <NoConnectorProvisioning ConnectorIdentifier="RACF_CASA_ZSY2" />
    <NoConnectorProvisioning ConnectorIdentifier="RACF_CASA_ZDV1" />
    <NoConnectorProvisioning ConnectorIdentifier="RACF_LCL_ASS1" />
    <NoConnectorProvisioning ConnectorIdentifier="RACF_LCL_DEV" />
    <NoConnectorProvisioning ConnectorIdentifier="RACF_LCL_LIM" />
    <NoConnectorProvisioning ConnectorIdentifier="RACF_LCL_PPR3" />
    <NoConnectorProvisioning ConnectorIdentifier="RACF_LCL_SYSA" />
    <NoConnectorProvisioning ConnectorIdentifier="RACF_LCL_SYSQ" />
    <NoConnectorProvisioning ConnectorIdentifier="RACF_SILCA_STEC" />
    <NoConnectorProvisioning ConnectorIdentifier="RACF_CACF_GS90" />	
    <NoConnectorProvisioning ConnectorIdentifier="RACF_CACF_DD20" />	
    <NoConnectorProvisioning ConnectorIdentifier="RACF_CACF_XX10" />
    <NoConnectorProvisioning ConnectorIdentifier="RACF_CACF_DJ02" />
    <NoConnectorProvisioning ConnectorIdentifier="RACF_CACF_XK01" />
	<!-- TRIMEP -->
    <NoConnectorProvisioning ConnectorIdentifier="Triskell" />
	<!-- METIS MEP -->
	<NoConnectorProvisioning ConnectorIdentifier="HID_RED01" />
	<NoConnectorProvisioning ConnectorIdentifier="HID_ZOE" />
	<NoConnectorProvisioning ConnectorIdentifier="PDTA" />
	<NoConnectorProvisioning ConnectorIdentifier="PDTB" />
	<NoConnectorProvisioning ConnectorIdentifier="Smartphone" />
	<NoConnectorProvisioning ConnectorIdentifier="SkypeLine" />
	<NoConnectorProvisioning ConnectorIdentifier="Liste_Diffusion" />
	<NoConnectorProvisioning ConnectorIdentifier="METIS_Group" />
	<NoConnectorProvisioning ConnectorIdentifier="BALGEN" />
	<!-- CAPS -->
	<NoConnectorProvisioning ConnectorIdentifier="AD_CACEDICAM" />
	<NoConnectorProvisioning ConnectorIdentifier="SECPROD1" />
	<NoConnectorProvisioning ConnectorIdentifier="SECSC1" />
	<!-- CATS -->
	<NoConnectorProvisioning ConnectorIdentifier="AD_SGIE" />
	<NoConnectorProvisioning ConnectorIdentifier="AD_YGIE" />
	<NoConnectorProvisioning ConnectorIdentifier="AD_ZADM" />
	<NoConnectorProvisioning ConnectorIdentifier="AD_ZGIE" />
    <Configuration Path="D:/CAGIP_IAM/Backend/Conf" />
  </CreateInitializationJob>


  <CreateConnectorsJobs />
  <CleanDatabaseJob />
  <!-- <Job Identifier="AD_Provisioning" DisplayName_L1="AD - Ecriture" Agent="Local"> -->
    <!-- <GenerateProvisioningOrdersTask DisplayName_L1="AD ProdGrp - Récupération des ordres de provisioning" Connector="AD_ProdGrp" /> -->
    <!-- <FulfillTask DisplayName_L1="AD ProdGrp - Alimentation automatique" Connector="AD_ProdGrp" OpenIdClient="accessJob" Agent="Local" Connection="ADProdGrpFulfillment" /> -->
    <!-- <Step Identifier="Create_HomeFolderProdgrp" /> -->
    <!-- <GenerateProvisioningOrdersTask DisplayName_L1="AD Partenaires - Récupération des ordres de provisioning" Connector="AD_Partenaires" /> -->
    <!-- <FulfillTask DisplayName_L1="AD Partenaires - Alimentation automatique" Connector="AD_Partenaires" OpenIdClient="accessJob" Agent="Local" Connection="ADPartenairesFulfillment" /> -->
    <!-- <GenerateProvisioningOrdersTask DisplayName_L1="AD Zoe - Récupération des ordres de provisioning" Connector="AD_Zoe" /> -->
    <!-- <FulfillTask DisplayName_L1="AD Zoe - Alimentation automatique" Connector="AD_Zoe" OpenIdClient="accessJob" Agent="Local" Connection="ADZoeFulfillment" /> -->
    <!-- <Step Identifier="Create_HomeFolderZoe" /> -->
  <!-- </Job> -->

  <Job Identifier="HR_Full" DisplayName_L1="01 - GoZen - Lecture" Agent="Local" CronTabExpression="15 5 * * *" CronTimeZone="ServerTime">
  <!-- <Job Identifier="HR_Full" DisplayName_L1="01 - GoZen - Lecture" Agent="Local" > -->
    <Step Identifier="flush_DNS" />
    <Step Identifier="setNAS" />
    <Step Identifier="FulFill_GoZen_SQL" />
    <Step Identifier="ConvertExtractToUTF8" />
    <Step Identifier="UploadToKafka" />
    <Step Identifier="Sleep" />
    <Step Identifier="Sleep" />
    <Step Identifier="Sleep" />
    <Step Identifier="Sleep" />
    <Step Identifier="Sleep" />
    <Step Identifier="Sleep" />
    <Step Identifier="Sleep" />
    <Step Identifier="Sleep" />
    <Step Identifier="Sleep" />
    <Step Identifier="Sleep" />
    <Step Identifier="Sleep" />
    <Step Identifier="Sleep" />
    <Step Identifier="Sleep" />
    <Step Identifier="Sleep" />
    <Step Identifier="Sleep" />
    <Step Identifier="Sleep" />
    <Step Identifier="Sleep" />
    <Step Identifier="Sleep" />
    <Step Identifier="DownloadFromKafka" />
    <Step Identifier="ConvertToCSV" />
    <ExportTask Agent="Local" OpenIdClient="accessJob" DisplayName_L1="Export RhPerson" Connection="RhPerson" Identifier="HR_Full_RhPerson" IgnoreCookieFile="true" />
    <ExportTask Agent="Local" OpenIdClient="accessJob" DisplayName_L1="Export Prestataire" Connection="Prestataire" Identifier="HR_Full_Prestataire" IgnoreCookieFile="true" />
    <ExportTask Agent="Local" OpenIdClient="accessJob" DisplayName_L1="Export local" Connection="local" Identifier="HR_Full_local" IgnoreCookieFile="true" />
    <ExportTask Agent="Local" OpenIdClient="accessJob" DisplayName_L1="Export Organisation" Connection="Organisation" Identifier="HR_Full_Organisation" IgnoreCookieFile="true" />
    <ExportTask Agent="Local" OpenIdClient="accessJob" DisplayName_L1="Export Consort" Connection="Consort" Identifier="HR_Full_Consort" IgnoreCookieFile="true" />
    <ExportTask Agent="Local" OpenIdClient="accessJob" DisplayName_L1="Export EasyContrat" Connection="EasyContrat" Identifier="HR_Full_EasyContrat" IgnoreCookieFile="true" />
	<ExportTask Agent="Local" OpenIdClient="accessJob" DisplayName_L1="Export Co-localisation" Connection="colocalisationsource" Identifier="HR_Full_Co_localisation" IgnoreCookieFile="true" />
    <PrepareSynchronizationTask Identifier="HR_Collect" DisplayName_L1="RH - Collecte de données" Connector="RH" SynchronizationMode="Complete" Agent="Local" OpenIdClient="accessJob" />
    <SynchronizeTask Identifier="HR_Synchronization" DisplayName_L1="RH - Synchronisation" Connector="RH" DoNotDeleteChanges="1" />
    <!-- <Step Identifier="Update_Statistics" /> -->
    <!-- <Step Identifier="Double_Maitre" /> -->
    <!-- <Step Identifier="All_MarkDirty"/> -->
    <UpdateEntityPropertyExpressionsTask DisplayName_L1="Mise à jour des propriétés calculées" AllEntityType="1" />
    <ComputeCorrelationKeysTask DisplayName_L1="Calcul des clés de corrélation" AllEntityType="1" />
    <!-- First Pass -->
    <ComputeRoleModelTask DisplayName_L1="Référentiel - Préparation des ordres de provisioning" >
      <TaskEntityType EntityType="Organisation" />
      <TaskEntityType EntityType="Prestataire" />
	  <TaskEntityType EntityType="local" />
	  <TaskEntityType EntityType="co_localisation_source" />
	  <TaskEntityType EntityType="rh_site" />
      <TaskEntityType EntityType="Consort" />
      <TaskEntityType EntityType="Easy_Contrat" />
    </ComputeRoleModelTask>
    <GenerateProvisioningOrdersTask DisplayName_L1="Référentiel - Récupération des ordres de provisioning" >
      <TaskResourceType ResourceType="Orga" />
	  <TaskResourceType ResourceType="Localisation" />
	  <TaskResourceType ResourceType="co_localisation_source" />
	  <TaskResourceType ResourceType="RHSite_Site" />
      <TaskResourceType ResourceType="ExternalSociety" />
      <TaskResourceType ResourceType="InternalSociety" />
      <TaskResourceType ResourceType="Contract" />
	</GenerateProvisioningOrdersTask>
    <FulfillTask Identifier="OrganizationalData_Fulfillment" DisplayName_L1="Référentiel - Provisioning" >
      <TaskResourceType ResourceType="Orga" />
	  <TaskResourceType ResourceType="Localisation" />
	  <TaskResourceType ResourceType="co_localisation_source" />
	  <TaskResourceType ResourceType="RHSite_Site" />
      <TaskResourceType ResourceType="ExternalSociety" />
      <TaskResourceType ResourceType="InternalSociety" />
      <TaskResourceType ResourceType="Contract" />
	</FulfillTask>
    <!-- <ComputeRoleModelTask DisplayName_L1="Référentiel - Préparation des ordres de provisioning"  /> -->
    <UpdateEntityPropertyExpressionsTask DisplayName_L1="Mise à jour des propriétés calculées" AllEntityType="1" />
    <!-- gestion des equipes en arborescence -->
    <!-- Second Pass -->
    <ComputeRoleModelTask Identifier="Person_ComputeProvisioningPolicy" DisplayName_L1="Personnes - Préparation des ordres de provisioning" >
      <TaskEntityType EntityType="Rh_Person" />
    </ComputeRoleModelTask>
    <!-- <Step Identifier="Protect_NULL_Login_ITAM" />
    <Step Identifier="Protect_NULL_Mail_ITAM" /> -->
    <GenerateProvisioningOrdersTask DisplayName_L1="Référentiel - Récupération des ordres de provisioning" Connector="OrganizationalData" />
    <FulfillTask Agent="Local" DisplayName_L1="Référentiel - Déclenchement des workflows" OpenIdClient="accessJob" Connection="ItamTopersonPerson">
      <TaskResourceType ResourceType="Person" />
      <TaskResourceType ResourceType="Personperson" />
    </FulfillTask>
    <ComputeCorrelationKeysTask DisplayName_L1="Calcul des clés de corrélation" AllEntityType="1" />
    <!-- Third Pass -->
    <ComputeRoleModelTask Identifier="Person_ValidateProvisioningPolicy" DisplayName_L1="RH - validation des ordres de provisioning">
      <TaskEntityType EntityType="Person" />
      <TaskEntityType EntityType="PersonRecord" />
      <TaskEntityType EntityType="Rh_Person" />
	  <TaskEntityType EntityType="local" />
	  <TaskEntityType EntityType="co_localisation_source" />
      <TaskEntityType EntityType="rh_site" />
      <TaskEntityType EntityType="Easy_Contrat" />
    </ComputeRoleModelTask>
    <UpdateEntityPropertyExpressionsTask DisplayName_L1="Mise à jour des propriétés calculées" AllEntityType="1" />
    <SetInternalUserProfilesTask DisplayName_L1="Assignation des profils">
      <TaskEntityType EntityType="Person" />
      <TaskResourceType ResourceType="Personperson" />
    </SetInternalUserProfilesTask>
    <MaintainIndexesTask RebuildThreshold="30" ReorganizeThreshold="5" PageCount="1000" Offline="false" UpdateStatsThreshold="10" DisplayName_L1="Index and Statistics maintenance" />
  	<Step Identifier="SupprRepriseExistantZoe" />
	<Step Identifier="ValidationAttributsAD" />
	<Step Identifier="ValidationAttributsLDAP" />
	<Step Identifier="ValidationAttributsRACF" />
	<Step Identifier="SuppressionComptesADdormants" />
	<!-- <Step Identifier="FixEcartGozen" /> -->
  </Job>

  <Job Identifier="Change_Orga" DisplayName_L1="Changement d'équipe - Perte des droits manuels (sauf les rôles globaux)" Agent="Local">
    <Step Identifier="Delete_SR_Role_When_Change_Orga" />
    <Step Identifier="Delete_CR_Role_When_Change_Orga" />
    <Step Identifier="ComputeProvisioningPolicy_Person" />
  </Job>

  <Job Identifier="FixManualRoles" DisplayName_L1="Ajustement des dates des roles manuels" Agent="Local" CronTabExpression="15 20 * * *" CronTimeZone="ServerTime">
    <Step Identifier="RecadrageRolesManuels" />
  </Job>
  
 
  <Job Identifier="Extraction_Poles_Changes" DisplayName_L1="Extraction des changements POLES sur les dernieres 24h" Agent="Local" CronTabExpression="0 13 * * *" CronTimeZone="ServerTime">
    <Step Identifier="Extract_CAAS_Changes_EndDate" />
    <Step Identifier="Extract_CAAS_Changes_Orga" />
	<Step Identifier="NotificationExtractCAAS" />
	<Step Identifier="Extract_CACIB_Changes" />
	<Step Identifier="NotificationExtractCACIB" />
	<Step Identifier="Extract_CATS_Changes" />
	<Step Identifier="NotificationExtractCATS" />
  </Job>

  <Job Identifier="Automatisation_Revues" DisplayName_L1="Validation automatique des revues de Provisioning" Agent="Local" CronTabExpression="11 21 * * *" CronTimeZone="ServerTime" >
	<Step Identifier="ValidationAttributsAD" />
	<Step Identifier="ValidationAttributsLDAP" />
	<Step Identifier="ValidationAttributsRACF" />
    <Step Identifier="SelectRevuesSuppressions" />
    <!-- <Step Identifier="ValidationRevuesSuppressions" /> -->
    <Step Identifier="DeblocageScalarsTriskell" />
    <Step Identifier="DeblocageNavigationsTriskell" />
    <Step Identifier="DeblocageRevuesTriskell" />
  </Job>
   
  <Job Identifier="Extraction_Ano_STAN" DisplayName_L1="Reporting des anomalies STAN" Agent="Local">
    <Step Identifier="EcartDateFin" />
    <Step Identifier="ManagerDifferentTeam" />
	<Step Identifier="NotificationReporting" />
   </Job>   

  <Job Identifier="Notif_Limite_Date" DisplayName_L1="Génération notifications en cas de fin de contrat" Agent="Local" CronTabExpression="0 8 * * *" CronTimeZone="ServerTime">
    <Step Identifier="Notif_when_Contrat_Limite_Date" />
  </Job>

  <Job Identifier="RH_Synchronisation_ProvWF" DisplayName_L1="02 - GoZen - Post Validate" Agent="Local" CronTabExpression="15/30 7-19 * * *" CronTimeZone="ServerTime">
    <ComputeCorrelationKeysTaskOverride Identifier="ComputeCorrelationKeys_Rh_Person" Dirty="1" />
    <ComputeRoleModelTaskOverride Identifier="ComputeProvisioningPolicy_Rh_Person" Dirty="1" />
    <GenerateProvisioningOrdersTask DisplayName_L1="Récupération des ordres de provisioning" Connector="OrganizationalData" />
    <FulfillTask Agent="Local" DisplayName_L1="Référentiel - Déclenchement des workflows" OpenIdClient="accessJob" Connection="ItamTopersonPerson">
      <TaskResourceType ResourceType="Person" />
      <TaskResourceType ResourceType="Personperson" />
    </FulfillTask>
    <ComputeCorrelationKeysTaskOverride Identifier="ComputeCorrelationKeys_Rh_Person" Dirty="1" />
    <ComputeRoleModelTaskOverride Identifier="ComputeProvisioningPolicy_Rh_Person" Dirty="1" />
    <SetInternalUserProfilesTask DisplayName_L1="Assignation des profils">
      <TaskEntityType EntityType="Person" />
      <TaskResourceType ResourceType="Personperson" />
    </SetInternalUserProfilesTask>
  </Job>

  <Job Identifier="Actors" DisplayName_L1="Calcul des acteurs" Agent="Local" CronTabExpression="58 6,11,19 * * *" CronTimeZone="ServerTime">
    <SetInternalUserProfilesTask DisplayName_L1="Assignation des profils">
      <TaskEntityType EntityType="Person" />
      <TaskResourceType ResourceType="Personperson" />
    </SetInternalUserProfilesTask>
    <ActivityInstanceActorTask Agent="Local" OpenIdClient="accessJob" DisplayName_L1="Mis à jour des taches par acteurs" />
  </Job>

  <Job Identifier="MigrationZoe" DisplayName_L1="103 - Migration Zoe" Agent="Local">
    <Step Identifier="setNASZoe" />
    <Step Identifier="setNAS" />
    <Step Identifier="ScriptMigrationZoe" />
    <Step Identifier="ValidationGroupePKI" />
    <Step Identifier="ValidationGroupePKIpartenaires" />
	<GenerateProvisioningOrdersTask DisplayName_L1="AD Zoe - Récupération des ordres de provisioning" Connector="AD_Zoe" />
    <FulfillTask DisplayName_L1="AD Zoe - Alimentation automatique" Connector="AD_Zoe" OpenIdClient="accessJob" Agent="Local" Connection="ADZoeFulfillment" />
    <Step Identifier="Create_HomeFolderZoe" />
  </Job>
  
  <Job Identifier="MigrationRed01" DisplayName_L1="104 - Migration Saint Malo" Agent="Local"> <!-- todo mep -->
    <!-- <Step Identifier="setNASZoe" /> -->
    <!-- <Step Identifier="setNAS" /> -->
    <Step Identifier="ScriptMigrationRed01" />
    <!-- <Step Identifier="ValidationGroupePKI" /> -->
    <!-- <Step Identifier="ValidationGroupePKIpartenaires" /> -->
	<!-- <Step Identifier="ScriptRattrapgeLoginCAPS" /> -->
  </Job>
  
  <Job Identifier="MigrationZoeLocal" DisplayName_L1="Migration Zoe mode fichier local" Agent="Local">
    <Step Identifier="ScriptMigrationZoeLocal" />
    <Step Identifier="ValidationGroupePKI" />
    <Step Identifier="ValidationGroupePKIpartenaires" />
	<GenerateProvisioningOrdersTask DisplayName_L1="AD Zoe - Récupération des ordres de provisioning" Connector="AD_Zoe" />
    <FulfillTask DisplayName_L1="AD Zoe - Alimentation automatique" Connector="AD_Zoe" OpenIdClient="accessJob" Agent="Local" Connection="ADZoeFulfillment" />
    <Step Identifier="Create_HomeFolderZoe" />
  </Job>  

  <Job Identifier="RollbackZoe" DisplayName_L1="Rollback Migration Zoe" Agent="Local">
    <Step Identifier="RollbackZoe" />
	<GenerateProvisioningOrdersTask DisplayName_L1="AD Zoe - Récupération des ordres de provisioning" Connector="AD_Zoe" />
    <FulfillTask DisplayName_L1="AD Zoe - Alimentation automatique" Connector="AD_Zoe" OpenIdClient="accessJob" Agent="Local" Connection="ADZoeFulfillment" />	
  </Job> 

  <Job Identifier="RattrapageLoginCAPS" DisplayName_L1="Rattrapage des logins CAPS" Agent="Local">
    <Step Identifier="ScriptRattrapgeLoginCAPS" />
  </Job>  


  <Job Identifier="RattrapageLoginMainframe" DisplayName_L1="Rattrapage des logins Mainframe" Agent="Local" CronTabExpression="19 08 * * *" CronTimeZone="ServerTime">
    <Step Identifier="RattrapageLoginMainframe" />
  </Job>
  
  <!-- RED01 MEP -->
  <!-- <Job Identifier="RattrapageLoginRed01" DisplayName_L1="Rattrapage des logins Red01" Agent="Local"> 
  CronTabExpression="50 6 * * *" CronTimeZone="ServerTime"> -->
    <!-- <Step Identifier="RattrapageLoginRed01" /> -->
  <!-- </Job> -->

  <!-- Perform post configuration import actions  -->
  <Job Identifier="PostLoadConfig" DisplayName_L1="Actions post import de configuration" Agent="Local" UserStartDenied="true">
    <MaintainIndexesTask RebuildThreshold="30" ReorganizeThreshold="5" PageCount="1000" Offline="false" UpdateStatsThreshold="10" DisplayName_L1="Index and Statistics maintenance" />
    <CreateDatabaseViewsTask Identifier="Create_Database_Views" Agent="Local" OpenIdClient="accessJob" DisplayName_L1="Create database views" />
    <Step Identifier="ComputeAllProperties" />
    <MaintainIndexesTask RebuildThreshold="30" ReorganizeThreshold="5" PageCount="1000" Offline="false" UpdateStatsThreshold="10" DisplayName_L1="Index and Statistics maintenance" />
  </Job>

  <Job Identifier="General_Full" DisplayName_L1="Calcul général AD LDAP Identité" Agent="Local">
    <UpdateEntityPropertyExpressionsTask DisplayName_L1="Mise à jour des propriétés calculées" AllEntityType="1" />
    <ComputeCorrelationKeysTask DisplayName_L1="All Correlation Keys" AllEntityType="true" />
    <ComputeRoleModelTask DisplayName_L1="All Entities - Compute provisioning policy" >
      <TaskEntityType EntityType="AD_Commun01_Entry" />
      <TaskEntityType EntityType="AD_Partenaires_Entry" />
      <TaskEntityType EntityType="AD_ProdGrp_Entry" />
      <TaskEntityType EntityType="AD_Zoe_Entry" />
      <TaskEntityType EntityType="LDAP_LdapCagip_Entry" />
      <!-- <TaskEntityType EntityType="Rh_Person"/> -->
      <TaskEntityType EntityType="Prestataire" />
      <TaskEntityType EntityType="Organisation" />
      <TaskEntityType EntityType="Consort" />
      <!-- COMMANDE MEP -->
      <TaskEntityType EntityType="Easy_Contrat" />
      <TaskEntityType EntityType="Person" />
    </ComputeRoleModelTask>
    <GenerateProvisioningOrdersTask DisplayName_L1="Référentiel - Récupération des ordre de provisioning"  Connector="OrganizationalData" />
    <FulfillTask DisplayName_L1="Référentiel - Provisioning interne" Connector="OrganizationalData" />
    <UpdateEntityPropertyExpressionsTask DisplayName_L1="Mise à jour des propriétés calculées" AllEntityType="1" />
  </Job>

  <Job Identifier="BDD_Recalcul_Index" DisplayName_L1="BDD - Recalcul des index" Agent="Local">
    <Step Identifier="Cure_All_Indexes" />
    <Step Identifier="Update_Statistics" />
  </Job>

  <Job Identifier="BDD_Maintenance_Index" DisplayName_L1="BDD - Maintenance BDD" Agent="Local">
    <MaintainIndexesTask RebuildThreshold="30" ReorganizeThreshold="5" PageCount="1000" Offline="false" UpdateStatsThreshold="10" DisplayName_L1="Index and Statistics maintenance" />
  </Job>


  <Job Identifier="On_Boarding_Metis" DisplayName_L1="101 - METIS - Création et Modification" Agent="Local" CronTabExpression="55 7-19 * * *" CronTimeZone="ServerTime">
    <Step Identifier="Task_On_Boarding_Metis" />
  </Job>

  <Job Identifier="On_Boarding_Poles" DisplayName_L1="102 - Poles - Création et Modification" Agent="Local" CronTabExpression="22 8,12,16 * * *" CronTimeZone="ServerTime">
    <Step Identifier="Task_On_Boarding_Poles" />
  </Job>

  <Job Identifier="HR_without_Gozen" DisplayName_L1="Gozen - Lecture sans échange Gozen" Agent="Local">
    <ExportTask Agent="Local" OpenIdClient="accessJob" DisplayName_L1="Export RhPerson" Connection="RhPerson" Identifier="HR_without_Gozen_RhPerson" IgnoreCookieFile="true" />
    <ExportTask Agent="Local" OpenIdClient="accessJob" DisplayName_L1="Export Prestataire" Connection="Prestataire" Identifier="HR_without_Gozen_Prestataire" IgnoreCookieFile="true" />
    <ExportTask Agent="Local" OpenIdClient="accessJob" DisplayName_L1="Export local" Connection="local" Identifier="HR_without_Gozen_local" IgnoreCookieFile="true" />
    <ExportTask Agent="Local" OpenIdClient="accessJob" DisplayName_L1="Export Organisation" Connection="Organisation" Identifier="HR_without_Gozen_Organisation" IgnoreCookieFile="true" />
    <ExportTask Agent="Local" OpenIdClient="accessJob" DisplayName_L1="Export Consort" Connection="Consort" Identifier="HR_without_Gozen_Consort" IgnoreCookieFile="true" />
    <ExportTask Agent="Local" OpenIdClient="accessJob" DisplayName_L1="Export EasyContrat" Connection="EasyContrat" Identifier="HR_without_Gozen_EasyContrat" IgnoreCookieFile="true" />
	<ExportTask Agent="Local" OpenIdClient="accessJob" DisplayName_L1="Export Co-localisation" Connection="colocalisationsource" Identifier="HR_without_Gozen_Co_localisation" IgnoreCookieFile="true" />
    <PrepareSynchronizationTask Identifier="HR_Without_Gozen_Collect" DisplayName_L1="RH - Collecte de données" Connector="RH" SynchronizationMode="Complete" Agent="Local" OpenIdClient="accessJob" />
    <SynchronizeTask DisplayName_L1="RH - Synchronisation" Connector="RH" DoNotDeleteChanges="1" />
    <!-- <Step Identifier="Update_Statistics" /> -->
    <!-- <Step Identifier="Double_Maitre" /> -->
    <!-- <Step Identifier="All_MarkDirty"/> -->
    <UpdateEntityPropertyExpressionsTask DisplayName_L1="Mise à jour des propriétés calculées" AllEntityType="1" />
    <ComputeCorrelationKeysTask DisplayName_L1="Calcul des clés de corrélation" AllEntityType="1" />
    <!-- First Pass -->
    <ComputeRoleModelTask DisplayName_L1="Référentiel - Préparation des ordres de provisioning" >
      <TaskEntityType EntityType="Organisation" />
      <TaskEntityType EntityType="Prestataire" />
      <TaskEntityType EntityType="Consort" />
      <TaskEntityType EntityType="local" />
	  <TaskEntityType EntityType="co_localisation_source" />
      <TaskEntityType EntityType="rh_site" />
      <TaskEntityType EntityType="Easy_Contrat" />
    </ComputeRoleModelTask>
    <GenerateProvisioningOrdersTask DisplayName_L1="Référentiel - Récupération des ordres de provisioning" >
      <TaskResourceType ResourceType="Orga" />
	  <TaskResourceType ResourceType="Localisation" />
	  <TaskResourceType ResourceType="co_localisation_source" />
	  <TaskResourceType ResourceType="RHSite_Site" />
      <TaskResourceType ResourceType="ExternalSociety" />
      <TaskResourceType ResourceType="InternalSociety" />
      <TaskResourceType ResourceType="Contract" />
	</GenerateProvisioningOrdersTask>
    <FulfillTask Identifier="OrganizationalData_Fulfillment_without_Gozen" DisplayName_L1="Référentiel - Provisioning" >
      <TaskResourceType ResourceType="Orga" />
	  <TaskResourceType ResourceType="Localisation" />
	  <TaskResourceType ResourceType="co_localisation_source" />
	  <TaskResourceType ResourceType="RHSite_Site" />
      <TaskResourceType ResourceType="ExternalSociety" />
      <TaskResourceType ResourceType="InternalSociety" />
      <TaskResourceType ResourceType="Contract" />
	</FulfillTask>
    <!-- <ComputeRoleModelTask DisplayName_L1="Référentiel - Préparation des ordres de provisioning"  /> -->
    <UpdateEntityPropertyExpressionsTask DisplayName_L1="Mise à jour des propriétés calculées" AllEntityType="1" />
    <!-- gestion des equipes en arborescence -->
    <!-- Second Pass -->
    <ComputeRoleModelTask DisplayName_L1="Personnes - Préparation des ordres de provisioning" >
      <TaskEntityType EntityType="Rh_Person" />
    </ComputeRoleModelTask>
    <!-- <Step Identifier="Protect_NULL_Login_ITAM" />
    <Step Identifier="Protect_NULL_Mail_ITAM" /> -->
    <GenerateProvisioningOrdersTask DisplayName_L1="Référentiel - Récupération des ordres de provisioning"  Connector="OrganizationalData" />
    <FulfillTask Agent="Local" DisplayName_L1="Référentiel - Déclenchement des workflows" OpenIdClient="accessJob" Connection="ItamTopersonPerson">
      <TaskResourceType ResourceType="Person" />
      <TaskResourceType ResourceType="Personperson" />
    </FulfillTask>
    <ComputeCorrelationKeysTask DisplayName_L1="Calcul des clés de corrélation" AllEntityType="1" />
    <!-- Third Pass -->
    <ComputeRoleModelTask DisplayName_L1="RH - validation des ordres de provisioning">
      <TaskEntityType EntityType="Person" />
      <TaskEntityType EntityType="PersonRecord" />
      <TaskEntityType EntityType="Rh_Person" />
      <TaskEntityType EntityType="local" />
	  <TaskEntityType EntityType="co_localisation_source" />
      <TaskEntityType EntityType="rh_site" />
      <TaskEntityType EntityType="Easy_Contrat" />
    </ComputeRoleModelTask>
    <UpdateEntityPropertyExpressionsTask DisplayName_L1="Mise à jour des propriétés calculées" AllEntityType="1" />
    <SetInternalUserProfilesTask DisplayName_L1="Assignation des profils">
      <TaskEntityType EntityType="Person" />
      <TaskResourceType ResourceType="Personperson" />
    </SetInternalUserProfilesTask>
    <MaintainIndexesTask RebuildThreshold="30" ReorganizeThreshold="5" PageCount="1000" Offline="false" UpdateStatsThreshold="10" DisplayName_L1="Index and Statistics maintenance" />
  </Job>
  
  <!-- Welcome Pack -->
  <Job Identifier="Welcome_Pack_Notif" DisplayName_L1="Envoie des notifications de bienvenue" Agent="Local" CronTabExpression="17 8 * * *" CronTimeZone="ServerTime">
    <Step Identifier="Welcome_Pack_Notification" />
  </Job>
  <!-- Fin Welcome Pack -->
  
  <!-- Revocation des certificats - solution temporaire -->
  <Job Identifier="Revocation_certificat_job" DisplayName_L1="Révocation des certificats - solution temporaire" Agent="Local">
    <Step Identifier="Revocation_certificat" />
  </Job>
  
</ConfigurationFile>