﻿<ConfigurationFile xmlns="urn:schemas-usercube-com:configuration">

    <!-- <ExportTask  Agent="Local" DisplayName_L1="RACF_CAAS_PACI Precollect" Identifier="Export_RACF_CAAS_PACI" InputFile="D:/CAGIP_IAM\Sources\MainFrames\CAAS.PACI.txt" OpenIdClient="accessJob" OutputDirectory="D:/CAGIP_IAM\GeneratedSources\MainFrames\CAAS.PACI" />
    <ExportTask  Agent="Local" DisplayName_L1="RACF_CAAS_PROD Precollect" Identifier="Export_RACF_CAAS_PROD" InputFile="D:/CAGIP_IAM\Sources\MainFrames\CAAS.PROD.txt" OpenIdClient="accessJob" OutputDirectory="D:/CAGIP_IAM\GeneratedSources\MainFrames\CAAS.PROD" />
    <ExportTask  Agent="Local" DisplayName_L1="RACF_CAAS_SUD1 Precollect" Identifier="Export_RACF_CAAS_SUD1" InputFile="D:/CAGIP_IAM\Sources\MainFrames\CAAS.SUD1.txt" OpenIdClient="accessJob" OutputDirectory="D:/CAGIP_IAM\GeneratedSources\MainFrames\CAAS.SUD1" />
    <ExportTask  Agent="Local" DisplayName_L1="RACF_CAAS_SUD2 Precollect" Identifier="Export_RACF_CAAS_SUD2" InputFile="D:/CAGIP_IAM\Sources\MainFrames\CAAS.SUD2.txt" OpenIdClient="accessJob" OutputDirectory="D:/CAGIP_IAM\GeneratedSources\MainFrames\CAAS.SUD2" />
    <ExportTask  Agent="Local" DisplayName_L1="RACF_CAAS_SUDB Precollect" Identifier="Export_RACF_CAAS_SUDB" InputFile="D:/CAGIP_IAM\Sources\MainFrames\CAAS.SUDB.txt" OpenIdClient="accessJob" OutputDirectory="D:/CAGIP_IAM\GeneratedSources\MainFrames\CAAS.SUDB" />
    <ExportTask  Agent="Local" DisplayName_L1="RACF_CAAS_SUDF Precollect" Identifier="Export_RACF_CAAS_SUDF" InputFile="D:/CAGIP_IAM\Sources\MainFrames\CAAS.SUDF.txt" OpenIdClient="accessJob" OutputDirectory="D:/CAGIP_IAM\GeneratedSources\MainFrames\CAAS.SUDF" />
    <ExportTask  Agent="Local" DisplayName_L1="RACF_CAAS_SUDM Precollect" Identifier="Export_RACF_CAAS_SUDM" InputFile="D:/CAGIP_IAM\Sources\MainFrames\CAAS.SUDM.txt" OpenIdClient="accessJob" OutputDirectory="D:/CAGIP_IAM\GeneratedSources\MainFrames\CAAS.SUDM" />
    <ExportTask  Agent="Local" DisplayName_L1="RACF_CAAS_ZTEC Precollect" Identifier="Export_RACF_CAAS_ZTEC" InputFile="D:/CAGIP_IAM\Sources\MainFrames\CAAS.ZTEC.txt" OpenIdClient="accessJob" OutputDirectory="D:/CAGIP_IAM\GeneratedSources\MainFrames\CAAS.ZTEC" />
    <ExportTask  Agent="Local" DisplayName_L1="RACF_CACIB_IPO1 Precollect" Identifier="Export_RACF_CACIB_IPO1" InputFile="D:/CAGIP_IAM\Sources\MainFrames\CACIB.IPO1.txt" OpenIdClient="accessJob" OutputDirectory="D:/CAGIP_IAM\GeneratedSources\MainFrames\CACIB.IPO1" />
    <ExportTask  Agent="Local" DisplayName_L1="RACF_CACIB_IPO2 Precollect" Identifier="Export_RACF_CACIB_IPO2" InputFile="D:/CAGIP_IAM\Sources\MainFrames\CACIB.IPO2.txt" OpenIdClient="accessJob" OutputDirectory="D:/CAGIP_IAM\GeneratedSources\MainFrames\CACIB.IPO2" />
    <ExportTask  Agent="Local" DisplayName_L1="RACF_CACIB_IPO3 Precollect" Identifier="Export_RACF_CACIB_IPO3" InputFile="D:/CAGIP_IAM\Sources\MainFrames\CACIB.IPO3.txt" OpenIdClient="accessJob" OutputDirectory="D:/CAGIP_IAM\GeneratedSources\MainFrames\CACIB.IPO3" />
    <ExportTask  Agent="Local" DisplayName_L1="RACF_CACIB_IPO4 Precollect" Identifier="Export_RACF_CACIB_IPO4" InputFile="D:/CAGIP_IAM\Sources\MainFrames\CACIB.IPO4.txt" OpenIdClient="accessJob" OutputDirectory="D:/CAGIP_IAM\GeneratedSources\MainFrames\CACIB.IPO4" />
    <ExportTask  Agent="Local" DisplayName_L1="RACF_CACIB_IPOA Precollect" Identifier="Export_RACF_CACIB_IPOA" InputFile="D:/CAGIP_IAM\Sources\MainFrames\CACIB.IPOA.txt" OpenIdClient="accessJob" OutputDirectory="D:/CAGIP_IAM\GeneratedSources\MainFrames\CACIB.IPOA" />
    <ExportTask  Agent="Local" DisplayName_L1="RACF_CAGS_MVSA Precollect" Identifier="Export_RACF_CAGS_MVSA" InputFile="D:/CAGIP_IAM\Sources\MainFrames\CAGS.MVSA.txt" OpenIdClient="accessJob" OutputDirectory="D:/CAGIP_IAM\GeneratedSources\MainFrames\CAGS.MVSA" />
    <ExportTask  Agent="Local" DisplayName_L1="RACF_CAGS_MVST Precollect" Identifier="Export_RACF_CAGS_MVST" InputFile="D:/CAGIP_IAM\Sources\MainFrames\CAGS.MVST.txt" OpenIdClient="accessJob" OutputDirectory="D:/CAGIP_IAM\GeneratedSources\MainFrames\CAGS.MVST" />
    <ExportTask  Agent="Local" DisplayName_L1="RACF_CAGS_OSET Precollect" Identifier="Export_RACF_CAGS_OSET" InputFile="D:/CAGIP_IAM\Sources\MainFrames\CAGS.OSET.txt" OpenIdClient="accessJob" OutputDirectory="D:/CAGIP_IAM\GeneratedSources\MainFrames\CAGS.OSET" />
    <ExportTask  Agent="Local" DisplayName_L1="RACF_CAGS_OSFA Precollect" Identifier="Export_RACF_CAGS_OSFA" InputFile="D:/CAGIP_IAM\Sources\MainFrames\CAGS.OSFA.txt" OpenIdClient="accessJob" OutputDirectory="D:/CAGIP_IAM\GeneratedSources\MainFrames\CAGS.OSFA" />
    <ExportTask  Agent="Local" DisplayName_L1="RACF_CAGS_OSGA Precollect" Identifier="Export_RACF_CAGS_OSGA" InputFile="D:/CAGIP_IAM\Sources\MainFrames\CAGS.OSGA.txt" OpenIdClient="accessJob" OutputDirectory="D:/CAGIP_IAM\GeneratedSources\MainFrames\CAGS.OSGA" />
    <ExportTask  Agent="Local" DisplayName_L1="RACF_CAGS_OSJB Precollect" Identifier="Export_RACF_CAGS_OSJB" InputFile="D:/CAGIP_IAM\Sources\MainFrames\CAGS.OSJB.txt" OpenIdClient="accessJob" OutputDirectory="D:/CAGIP_IAM\GeneratedSources\MainFrames\CAGS.OSJB" />
    <ExportTask  Agent="Local" DisplayName_L1="RACF_CAGS_OSLA Precollect" Identifier="Export_RACF_CAGS_OSLA" InputFile="D:/CAGIP_IAM\Sources\MainFrames\CAGS.OSLA.txt" OpenIdClient="accessJob" OutputDirectory="D:/CAGIP_IAM\GeneratedSources\MainFrames\CAGS.OSLA" />
    <ExportTask  Agent="Local" DisplayName_L1="RACF_CAPS_CERT Precollect" Identifier="Export_RACF_CAPS_CERT" InputFile="D:/CAGIP_IAM\Sources\MainFrames\CAPS.CERT.txt" OpenIdClient="accessJob" OutputDirectory="D:/CAGIP_IAM\GeneratedSources\MainFrames\CAPS.CERT" />
    <ExportTask  Agent="Local" DisplayName_L1="RACF_CAPS_AMC2 Precollect" Identifier="Export_RACF_CAPS_AMC2" InputFile="D:/CAGIP_IAM\Sources\MainFrames\CAPS.AMC2.txt" OpenIdClient="accessJob" OutputDirectory="D:/CAGIP_IAM\GeneratedSources\MainFrames\CAPS.AMC2" />
    <ExportTask  Agent="Local" DisplayName_L1="RACF_CAPS_CSYS Precollect" Identifier="Export_RACF_CAPS_CSYS" InputFile="D:/CAGIP_IAM\Sources\MainFrames\CAPS.CSYS.txt" OpenIdClient="accessJob" OutputDirectory="D:/CAGIP_IAM\GeneratedSources\MainFrames\CAPS.CSYS" />
    <ExportTask  Agent="Local" DisplayName_L1="RACF_CAPS_I083 Precollect" Identifier="Export_RACF_CAPS_I083" InputFile="D:/CAGIP_IAM\Sources\MainFrames\CAPS.I083.txt" OpenIdClient="accessJob" OutputDirectory="D:/CAGIP_IAM\GeneratedSources\MainFrames\CAPS.I083" />
    <ExportTask  Agent="Local" DisplayName_L1="RACF_CAPS_IMIN Precollect" Identifier="Export_RACF_CAPS_IMIN" InputFile="D:/CAGIP_IAM\Sources\MainFrames\CAPS.IMIN.txt" OpenIdClient="accessJob" OutputDirectory="D:/CAGIP_IAM\GeneratedSources\MainFrames\CAPS.IMIN" />
    <ExportTask  Agent="Local" DisplayName_L1="RACF_CAPS_INT2 Precollect" Identifier="Export_RACF_CAPS_INT2" InputFile="D:/CAGIP_IAM\Sources\MainFrames\CAPS.INT2.txt" OpenIdClient="accessJob" OutputDirectory="D:/CAGIP_IAM\GeneratedSources\MainFrames\CAPS.INT2" />
    <ExportTask  Agent="Local" DisplayName_L1="RACF_CAPS_SDEV Precollect" Identifier="Export_RACF_CAPS_SDEV" InputFile="D:/CAGIP_IAM\Sources\MainFrames\CAPS.SDEV.txt" OpenIdClient="accessJob" OutputDirectory="D:/CAGIP_IAM\GeneratedSources\MainFrames\CAPS.SDEV" />
    <ExportTask  Agent="Local" DisplayName_L1="RACF_CAPS_SYSB Precollect" Identifier="Export_RACF_CAPS_SYSB" InputFile="D:/CAGIP_IAM\Sources\MainFrames\CAPS.SYSB.txt" OpenIdClient="accessJob" OutputDirectory="D:/CAGIP_IAM\GeneratedSources\MainFrames\CAPS.SYSB" />
    <ExportTask  Agent="Local" DisplayName_L1="RACF_CAPS_TIPS Precollect" Identifier="Export_RACF_CAPS_TIPS" InputFile="D:/CAGIP_IAM\Sources\MainFrames\CAPS.TIPS.txt" OpenIdClient="accessJob" OutputDirectory="D:/CAGIP_IAM\GeneratedSources\MainFrames\CAPS.TIPS" />
    <ExportTask  Agent="Local" DisplayName_L1="RACF_CASA_ZPR1 Precollect" Identifier="Export_RACF_CASA_ZPR1" InputFile="D:/CAGIP_IAM\Sources\MainFrames\CASA.ZPR1.txt" OpenIdClient="accessJob" OutputDirectory="D:/CAGIP_IAM\GeneratedSources\MainFrames\CASA.ZPR1" />
    <ExportTask  Agent="Local" DisplayName_L1="RACF_CASA_ZSY2 Precollect" Identifier="Export_RACF_CASA_ZSY2" InputFile="D:/CAGIP_IAM\Sources\MainFrames\CASA.ZSY2.txt" OpenIdClient="accessJob" OutputDirectory="D:/CAGIP_IAM\GeneratedSources\MainFrames\CASA.ZSY2" />
    <ExportTask  Agent="Local" DisplayName_L1="RACF_CASA_ZDV1 Precollect" Identifier="Export_RACF_CASA_ZDV1" InputFile="D:/CAGIP_IAM\Sources\MainFrames\CASA.ZDV1.txt" OpenIdClient="accessJob" OutputDirectory="D:/CAGIP_IAM\GeneratedSources\MainFrames\CASA.ZDV1" />
    <ExportTask  Agent="Local" DisplayName_L1="RACF_LCL_ASS1 Precollect" Identifier="Export_RACF_LCL_ASS1" InputFile="D:/CAGIP_IAM\Sources\MainFrames\LCL.ASS1.txt" OpenIdClient="accessJob" OutputDirectory="D:/CAGIP_IAM\GeneratedSources\MainFrames\LCL.ASS1" />
    <ExportTask  Agent="Local" DisplayName_L1="RACF_LCL_DEV Precollect" Identifier="Export_RACF_LCL_DEV" InputFile="D:/CAGIP_IAM\Sources\MainFrames\LCL.DEV.txt" OpenIdClient="accessJob" OutputDirectory="D:/CAGIP_IAM\GeneratedSources\MainFrames\LCL.DEV" />
    <ExportTask  Agent="Local" DisplayName_L1="RACF_LCL_LIM Precollect" Identifier="Export_RACF_LCL_LIM" InputFile="D:/CAGIP_IAM\Sources\MainFrames\LCL.LIM.txt" OpenIdClient="accessJob" OutputDirectory="D:/CAGIP_IAM\GeneratedSources\MainFrames\LCL.LIM" />
    <ExportTask  Agent="Local" DisplayName_L1="RACF_LCL_PPR3 Precollect" Identifier="Export_RACF_LCL_PPR3" InputFile="D:/CAGIP_IAM\Sources\MainFrames\LCL.PPR3.txt" OpenIdClient="accessJob" OutputDirectory="D:/CAGIP_IAM\GeneratedSources\MainFrames\LCL.PPR3" />
    <ExportTask  Agent="Local" DisplayName_L1="RACF_LCL_SYSA Precollect" Identifier="Export_RACF_LCL_SYSA" InputFile="D:/CAGIP_IAM\Sources\MainFrames\LCL.SYSA.txt" OpenIdClient="accessJob" OutputDirectory="D:/CAGIP_IAM\GeneratedSources\MainFrames\LCL.SYSA" />
    <ExportTask  Agent="Local" DisplayName_L1="RACF_LCL_SYSQ Precollect" Identifier="Export_RACF_LCL_SYSQ" InputFile="D:/CAGIP_IAM\Sources\MainFrames\LCL.SYSQ.txt" OpenIdClient="accessJob" OutputDirectory="D:/CAGIP_IAM\GeneratedSources\MainFrames\LCL.SYSQ" />
    <ExportTask  Agent="Local" DisplayName_L1="RACF_SILCA_STEC Precollect" Identifier="Export_RACF_SILCA_STEC" InputFile="D:/CAGIP_IAM\Sources\MainFrames\SILCA.STEC.txt" OpenIdClient="accessJob" OutputDirectory="D:/CAGIP_IAM\GeneratedSources\MainFrames\SILCA.STEC" />
    <ExportTask  Agent="Local" DisplayName_L1="RACF_CACF_GS90 Precollect" Identifier="Export_RACF_CACF_GS90" InputFile="D:/CAGIP_IAM\Sources\MainFrames\CACF.GS90.txt" OpenIdClient="accessJob" OutputDirectory="D:/CAGIP_IAM\GeneratedSources\MainFrames\RACF.CACF.GS90" />
    <ExportTask  Agent="Local" DisplayName_L1="RACF_CACF_DD20 Precollect" Identifier="Export_RACF_CACF_DD20" InputFile="D:/CAGIP_IAM\Sources\MainFrames\CACF.DD20.txt" OpenIdClient="accessJob" OutputDirectory="D:/CAGIP_IAM\GeneratedSources\MainFrames\RACF.CACF.DD20" />
    <ExportTask  Agent="Local" DisplayName_L1="RACF_CACF_XX10 Precollect" Identifier="Export_RACF_CACF_XX10" InputFile="D:/CAGIP_IAM\Sources\MainFrames\CACF.XX10.txt" OpenIdClient="accessJob" OutputDirectory="D:/CAGIP_IAM\GeneratedSources\MainFrames\RACF.CACF.XX10" />
    <ExportTask  Agent="Local" DisplayName_L1="RACF_CACF_DJ02 Precollect" Identifier="Export_RACF_CACF_DJ02" InputFile="D:/CAGIP_IAM\Sources\MainFrames\CACF.DJ02.txt" OpenIdClient="accessJob" OutputDirectory="D:/CAGIP_IAM\GeneratedSources\MainFrames\RACF.CACF.DJ02" />
    <ExportTask  Agent="Local" DisplayName_L1="RACF_CACF_XK01 Precollect" Identifier="Export_RACF_CACF_XK01" InputFile="D:/CAGIP_IAM\Sources\MainFrames\CACF.XK01.txt" OpenIdClient="accessJob" OutputDirectory="D:/CAGIP_IAM\GeneratedSources\MainFrames\RACF.CACF.XK01" /> -->

    
    <!-- <ExportTask  Agent="Local" DisplayName_L1="TSS_CACF_DD20 Precollect" Identifier="Precollect_TSS_CACF_DD20" OpenIdClient="accessJob" InputFile="D:/CAGIP_IAM\GeneratedSources\MainFrames\CACF.DD20\CACF.DD20.tmp" OutputDirectory="D:/CAGIP_IAM\GeneratedSources\MainFrames\CACF.DD20" /> -->
    <!-- <ExportTask  Agent="Local" DisplayName_L1="TSS_CACF_DJ02 Precollect" Identifier="Precollect_TSS_CACF_DJ02" OpenIdClient="accessJob" InputFile="D:/CAGIP_IAM\GeneratedSources\MainFrames\CACF.DJ02\CACF.DJ02.tmp" OutputDirectory="D:/CAGIP_IAM\GeneratedSources\MainFrames\CACF.DJ02" /> -->
    <!-- <ExportTask  Agent="Local" DisplayName_L1="TSS_CACF_GS90 Precollect" Identifier="Precollect_TSS_CACF_GS90" OpenIdClient="accessJob" InputFile="D:/CAGIP_IAM\GeneratedSources\MainFrames\CACF.GS90\CACF.GS90.tmp" OutputDirectory="D:/CAGIP_IAM\GeneratedSources\MainFrames\CACF.GS90" /> -->
    <!-- <ExportTask  Agent="Local" DisplayName_L1="TSS_CACF_XK01 Precollect" Identifier="Precollect_TSS_CACF_XK01" OpenIdClient="accessJob" InputFile="D:/CAGIP_IAM\GeneratedSources\MainFrames\CACF.XK01\CACF.XK01.tmp" OutputDirectory="D:/CAGIP_IAM\GeneratedSources\MainFrames\CACF.XK01" /> -->
    <!-- <ExportTask  Agent="Local" DisplayName_L1="TSS_CACF_XX10 Precollect" Identifier="Precollect_TSS_CACF_XX10" OpenIdClient="accessJob" InputFile="D:/CAGIP_IAM\GeneratedSources\MainFrames\CACF.XX10\CACF.XX10.tmp" OutputDirectory="D:/CAGIP_IAM\GeneratedSources\MainFrames\CACF.XX10" /> -->

</ConfigurationFile>