﻿<ConfigurationFile xmlns="urn:schemas-usercube-com:configuration">
        <Job Identifier="RACF_Synchronisation" DisplayName_L1="08 - RACF - Lecture Complète et Ecriture" Agent="Local" CronTabExpression="15 6 * * *" CronTimeZone="ServerTime">
                <Step Identifier="Precollecte_RACF" />
                <ExportTask Level="1" Agent="Local" DisplayName_L1="RACF_CAAS_PACI Precollect" OpenIdClient="accessJob" Connection="RACFCAASPACI" />
                <ExportTask Level="1" Agent="Local" DisplayName_L1="RACF_CAAS_PROD Precollect" OpenIdClient="accessJob" Connection="RACFCAASPROD" />
                <ExportTask Level="1" Agent="Local" DisplayName_L1="RACF_CAAS_SUD1 Precollect" OpenIdClient="accessJob" Connection="RACFCAASSUD1" />
                <ExportTask Level="1" Agent="Local" DisplayName_L1="RACF_CAAS_SUD2 Precollect" OpenIdClient="accessJob" Connection="RACFCAASSUD2" />
                <ExportTask Level="1" Agent="Local" DisplayName_L1="RACF_CAAS_SUDB Precollect" OpenIdClient="accessJob" Connection="RACFCAASSUDB" />
                <ExportTask Level="1" Agent="Local" DisplayName_L1="RACF_CAAS_SUDF Precollect" OpenIdClient="accessJob" Connection="RACFCAASSUDF" />
                <ExportTask Level="1" Agent="Local" DisplayName_L1="RACF_CAAS_SUDM Precollect" OpenIdClient="accessJob" Connection="RACFCAASSUDM" />
                <ExportTask Level="1" Agent="Local" DisplayName_L1="RACF_CAAS_ZTEC Precollect" OpenIdClient="accessJob" Connection="RACFCAASZTEC" />
                <ExportTask Level="1" Agent="Local" DisplayName_L1="RACF_CACIB_IPO1 Precollect" OpenIdClient="accessJob" Connection="RACFCACIBIPO1" />
                <ExportTask Level="1" Agent="Local" DisplayName_L1="RACF_CACIB_IPO2 Precollect" OpenIdClient="accessJob" Connection="RACFCACIBIPO2" />
                <ExportTask Level="1" Agent="Local" DisplayName_L1="RACF_CACIB_IPO3 Precollect" OpenIdClient="accessJob" Connection="RACFCACIBIPO3" />
                <ExportTask Level="1" Agent="Local" DisplayName_L1="RACF_CACIB_IPO4 Precollect" OpenIdClient="accessJob" Connection="RACFCACIBIPO4" />
                <ExportTask Level="1" Agent="Local" DisplayName_L1="RACF_CACIB_IPOA Precollect" OpenIdClient="accessJob" Connection="RACFCACIBIPOA" />
                <!-- <ExportTask Level="1" Agent="Local" DisplayName_L1="RACF_CAGS_MVSA Precollect" OpenIdClient="accessJob" Connection="RACFCAGSMVSA" /> -->
                <!-- <ExportTask Level="1" Agent="Local" DisplayName_L1="RACF_CAGS_MVST Precollect" OpenIdClient="accessJob" Connection="RACFCAGSMVST" /> -->
                <!-- <ExportTask Level="1" Agent="Local" DisplayName_L1="RACF_CAGS_OSET Precollect" OpenIdClient="accessJob" Connection="RACFCAGSOSET" /> -->
                <!-- <ExportTask Level="1" Agent="Local" DisplayName_L1="RACF_CAGS_OSFA Precollect" OpenIdClient="accessJob" Connection="RACFCAGSOSFA" /> -->
                <!-- <ExportTask Level="1" Agent="Local" DisplayName_L1="RACF_CAGS_OSGA Precollect" OpenIdClient="accessJob" Connection="RACFCAGSOSGA" /> -->
                <!-- <ExportTask Level="1" Agent="Local" DisplayName_L1="RACF_CAGS_OSJB Precollect" OpenIdClient="accessJob" Connection="RACFCAGSOSJB" /> -->
                <!-- <ExportTask Level="1" Agent="Local" DisplayName_L1="RACF_CAGS_OSLA Precollect" OpenIdClient="accessJob" Connection="RACFCAGSOSLA" /> -->
                <ExportTask Level="1" Agent="Local" DisplayName_L1="RACF_CAPS_CERT Precollect" OpenIdClient="accessJob" Connection="RACFCAPSCERT" />
                <ExportTask Level="1" Agent="Local" DisplayName_L1="RACF_CAPS_AMC2 Precollect" OpenIdClient="accessJob" Connection="RACFCAPSAMC2" />
                <ExportTask Level="1" Agent="Local" DisplayName_L1="RACF_CAPS_CSYS Precollect" OpenIdClient="accessJob" Connection="RACFCAPSCSYS" />
                <ExportTask Level="1" Agent="Local" DisplayName_L1="RACF_CAPS_I083 Precollect" OpenIdClient="accessJob" Connection="RACFCAPSI083" />
                <ExportTask Level="1" Agent="Local" DisplayName_L1="RACF_CAPS_IMIN Precollect" OpenIdClient="accessJob" Connection="RACFCAPSIMIN" />
                <ExportTask Level="1" Agent="Local" DisplayName_L1="RACF_CAPS_INT2 Precollect" OpenIdClient="accessJob" Connection="RACFCAPSINT2" />
                <ExportTask Level="1" Agent="Local" DisplayName_L1="RACF_CAPS_SDEV Precollect" OpenIdClient="accessJob" Connection="RACFCAPSSDEV" />
                <ExportTask Level="1" Agent="Local" DisplayName_L1="RACF_CAPS_SYSB Precollect" OpenIdClient="accessJob" Connection="RACFCAPSSYSB" />
                <ExportTask Level="1" Agent="Local" DisplayName_L1="RACF_CAPS_TIPS Precollect" OpenIdClient="accessJob" Connection="RACFCAPSTIPS" />
                <ExportTask Level="1" Agent="Local" DisplayName_L1="RACF_CASA_ZPR1 Precollect" OpenIdClient="accessJob" Connection="RACFCASAZPR1" />
                <ExportTask Level="1" Agent="Local" DisplayName_L1="RACF_CASA_ZSY2 Precollect" OpenIdClient="accessJob" Connection="RACFCASAZSY2" />
                <ExportTask Level="1" Agent="Local" DisplayName_L1="RACF_CASA_ZDV1 Precollect" OpenIdClient="accessJob" Connection="RACFCASAZDV1" />
                <ExportTask Level="1" Agent="Local" DisplayName_L1="RACF_LCL_DEV Precollect" OpenIdClient="accessJob"  Connection="RACFLCLDEV" />
                <ExportTask Level="1" Agent="Local" DisplayName_L1="RACF_LCL_LIM Precollect" OpenIdClient="accessJob"  Connection="RACFLCLLIM" />
                <ExportTask Level="1" Agent="Local" DisplayName_L1="RACF_LCL_PPR3 Precollect" OpenIdClient="accessJob" Connection="RACFLCLPPR3" />
                <ExportTask Level="1" Agent="Local" DisplayName_L1="RACF_LCL_SYSA Precollect" OpenIdClient="accessJob" Connection="RACFLCLSYSA" />
                <ExportTask Level="1" Agent="Local" DisplayName_L1="RACF_LCL_ASS1 Precollect" OpenIdClient="accessJob" Connection="RACFLCLASS1" />
                <ExportTask Level="1" Agent="Local" DisplayName_L1="RACF_LCL_SYSQ Precollect" OpenIdClient="accessJob" Connection="RACFLCLSYSQ" />
                <ExportTask Level="1" Agent="Local" DisplayName_L1="RACF_SILCA_STEC Precollect" OpenIdClient="accessJob" Connection="RACFSILCASTEC" />
                <ExportTask Level="1" Agent="Local" DisplayName_L1="RACF_CACF_GS90 Precollect" OpenIdClient="accessJob" Connection="RACFCACFGS90" />
                <ExportTask Level="1" Agent="Local" DisplayName_L1="RACF_CACF_DD20 Precollect" OpenIdClient="accessJob" Connection="RACFCACFDD20" />
                <ExportTask Level="1" Agent="Local" DisplayName_L1="RACF_CACF_XX10 Precollect" OpenIdClient="accessJob" Connection="RACFCACFXX10" />
                <ExportTask Level="1" Agent="Local" DisplayName_L1="RACF_CACF_DJ02 Precollect" OpenIdClient="accessJob" Connection="RACFCACFDJ02" />
                <ExportTask Level="1" Agent="Local" DisplayName_L1="RACF_CACF_XK01 Precollect" OpenIdClient="accessJob" Connection="RACFCACFXK01" />
				
                <!-- <ExportTask Agent="Local" OpenIdClient="accessJob" DisplayName_L1="Export RACFCAASPACIUser" Connection="RACFCAASPACIUser" Identifier="RACF_Synchronisation_RACFCAASPACIUser" IgnoreCookieFile="true" />
    <ExportTask Agent="Local" OpenIdClient="accessJob" DisplayName_L1="Export RACFCAASPACIGroup" Connection="RACFCAASPACIGroup" Identifier="RACF_Synchronisation_RACFCAASPACIGroup" IgnoreCookieFile="true" />
    <ExportTask Agent="Local" OpenIdClient="accessJob" DisplayName_L1="Export RACFCAASPACIUserGroupUsers" Connection="RACFCAASPACIUserGroupUsers" Identifier="RACF_Synchronisation_RACFCAASPACIUserGroupUsers" IgnoreCookieFile="true" /> -->
    <PrepareSynchronizationTask Identifier="DataCollect_RACF_CAAS_PACI" DisplayName_L1="RACF_CAAS_PACI - Collecte de données" Connector="RACF_CAAS_PACI" SynchronizationMode="Complete" Agent="Local" OpenIdClient="accessJob" />
                <SynchronizeTask Identifier="RACF_CAAS_PACI_Synchronization" DisplayName_L1="RACF_CAAS_PACI - Synchronisation" Connector="RACF_CAAS_PACI" />
                <!-- <ExportTask Agent="Local" OpenIdClient="accessJob" DisplayName_L1="Export RACFCAASPRODUser" Connection="RACFCAASPRODUser" Identifier="RACF_Synchronisation_RACFCAASPRODUser" IgnoreCookieFile="true" />
    <ExportTask Agent="Local" OpenIdClient="accessJob" DisplayName_L1="Export RACFCAASPRODGroup" Connection="RACFCAASPRODGroup" Identifier="RACF_Synchronisation_RACFCAASPRODGroup" IgnoreCookieFile="true" />
    <ExportTask Agent="Local" OpenIdClient="accessJob" DisplayName_L1="Export RACFCAASPRODUserGroupUsers" Connection="RACFCAASPRODUserGroupUsers" Identifier="RACF_Synchronisation_RACFCAASPRODUserGroupUsers" IgnoreCookieFile="true" /> -->
    <PrepareSynchronizationTask Identifier="DataCollect_RACF_CAAS_PROD" DisplayName_L1="RACF_CAAS_PROD - Collecte de données" Connector="RACF_CAAS_PROD" SynchronizationMode="Complete" Agent="Local" OpenIdClient="accessJob" />
                <SynchronizeTask Identifier="RACF_CAAS_PROD_Synchronization" DisplayName_L1="RACF_CAAS_PROD - Synchronisation" Connector="RACF_CAAS_PROD" />
                <!-- <ExportTask Agent="Local" OpenIdClient="accessJob" DisplayName_L1="Export RACFCAASSUD1User" Connection="RACFCAASSUD1User" Identifier="RACF_Synchronisation_RACFCAASSUD1User" IgnoreCookieFile="true" />
    <ExportTask Agent="Local" OpenIdClient="accessJob" DisplayName_L1="Export RACFCAASSUD1Group" Connection="RACFCAASSUD1Group" Identifier="RACF_Synchronisation_RACFCAASSUD1Group" IgnoreCookieFile="true" />
    <ExportTask Agent="Local" OpenIdClient="accessJob" DisplayName_L1="Export RACFCAASSUD1UserGroupUsers" Connection="RACFCAASSUD1UserGroupUsers" Identifier="RACF_Synchronisation_RACFCAASSUD1UserGroupUsers" IgnoreCookieFile="true" /> -->
    <PrepareSynchronizationTask Identifier="DataCollect_RACF_CAAS_SUD1" DisplayName_L1="RACF_CAAS_SUD1 - Collecte de données" Connector="RACF_CAAS_SUD1" SynchronizationMode="Complete" Agent="Local" OpenIdClient="accessJob" />
                <SynchronizeTask Identifier="RACF_CAAS_SUD1_Synchronization" DisplayName_L1="RACF_CAAS_SUD1 - Synchronisation" Connector="RACF_CAAS_SUD1" />
                <!-- <ExportTask Agent="Local" OpenIdClient="accessJob" DisplayName_L1="Export RACFCAASSUD2User" Connection="RACFCAASSUD2User" Identifier="RACF_Synchronisation_RACFCAASSUD2User" IgnoreCookieFile="true" />
    <ExportTask Agent="Local" OpenIdClient="accessJob" DisplayName_L1="Export RACFCAASSUD2Group" Connection="RACFCAASSUD2Group" Identifier="RACF_Synchronisation_RACFCAASSUD2Group" IgnoreCookieFile="true" />
    <ExportTask Agent="Local" OpenIdClient="accessJob" DisplayName_L1="Export RACFCAASSUD2UserGroupUsers" Connection="RACFCAASSUD2UserGroupUsers" Identifier="RACF_Synchronisation_RACFCAASSUD2UserGroupUsers" IgnoreCookieFile="true" /> -->
    <PrepareSynchronizationTask Identifier="DataCollect_RACF_CAAS_SUD2" DisplayName_L1="RACF_CAAS_SUD2 - Collecte de données" Connector="RACF_CAAS_SUD2" SynchronizationMode="Complete" Agent="Local" OpenIdClient="accessJob" />
                <SynchronizeTask Identifier="RACF_CAAS_SUD2_Synchronization" DisplayName_L1="RACF_CAAS_SUD2 - Synchronisation" Connector="RACF_CAAS_SUD2" />
                <!-- <ExportTask Agent="Local" OpenIdClient="accessJob" DisplayName_L1="Export RACFCAASSUDBUser" Connection="RACFCAASSUDBUser" Identifier="RACF_Synchronisation_RACFCAASSUDBUser" IgnoreCookieFile="true" />
    <ExportTask Agent="Local" OpenIdClient="accessJob" DisplayName_L1="Export RACFCAASSUDBGroup" Connection="RACFCAASSUDBGroup" Identifier="RACF_Synchronisation_RACFCAASSUDBGroup" IgnoreCookieFile="true" />
    <ExportTask Agent="Local" OpenIdClient="accessJob" DisplayName_L1="Export RACFCAASSUDBUserGroupUsers" Connection="RACFCAASSUDBUserGroupUsers" Identifier="RACF_Synchronisation_RACFCAASSUDBUserGroupUsers" IgnoreCookieFile="true" /> -->
    <PrepareSynchronizationTask Identifier="DataCollect_RACF_CAAS_SUDB" DisplayName_L1="RACF_CAAS_SUDB - Collecte de données" Connector="RACF_CAAS_SUDB" SynchronizationMode="Complete" Agent="Local" OpenIdClient="accessJob" />
                <SynchronizeTask Identifier="RACF_CAAS_SUDB_Synchronization" DisplayName_L1="RACF_CAAS_SUDB - Synchronisation" Connector="RACF_CAAS_SUDB" />
                <!-- <ExportTask Agent="Local" OpenIdClient="accessJob" DisplayName_L1="Export RACFCAASSUDFUser" Connection="RACFCAASSUDFUser" Identifier="RACF_Synchronisation_RACFCAASSUDFUser" IgnoreCookieFile="true" />
    <ExportTask Agent="Local" OpenIdClient="accessJob" DisplayName_L1="Export RACFCAASSUDFGroup" Connection="RACFCAASSUDFGroup" Identifier="RACF_Synchronisation_RACFCAASSUDFGroup" IgnoreCookieFile="true" />
    <ExportTask Agent="Local" OpenIdClient="accessJob" DisplayName_L1="Export RACFCAASSUDFUserGroupUsers" Connection="RACFCAASSUDFUserGroupUsers" Identifier="RACF_Synchronisation_RACFCAASSUDFUserGroupUsers" IgnoreCookieFile="true" /> -->
    <PrepareSynchronizationTask Identifier="DataCollect_RACF_CAAS_SUDF" DisplayName_L1="RACF_CAAS_SUDF - Collecte de données" Connector="RACF_CAAS_SUDF" SynchronizationMode="Complete" Agent="Local" OpenIdClient="accessJob" />
                <SynchronizeTask Identifier="RACF_CAAS_SUDF_Synchronization" DisplayName_L1="RACF_CAAS_SUDF - Synchronisation" Connector="RACF_CAAS_SUDF" />
                <!-- <ExportTask Agent="Local" OpenIdClient="accessJob" DisplayName_L1="Export RACFCAASSUDMUser" Connection="RACFCAASSUDMUser" Identifier="RACF_Synchronisation_RACFCAASSUDMUser" IgnoreCookieFile="true" />
    <ExportTask Agent="Local" OpenIdClient="accessJob" DisplayName_L1="Export RACFCAASSUDMGroup" Connection="RACFCAASSUDMGroup" Identifier="RACF_Synchronisation_RACFCAASSUDMGroup" IgnoreCookieFile="true" />
    <ExportTask Agent="Local" OpenIdClient="accessJob" DisplayName_L1="Export RACFCAASSUDMUserGroupUsers" Connection="RACFCAASSUDMUserGroupUsers" Identifier="RACF_Synchronisation_RACFCAASSUDMUserGroupUsers" IgnoreCookieFile="true" /> -->
    <PrepareSynchronizationTask Identifier="DataCollect_RACF_CAAS_SUDM" DisplayName_L1="RACF_CAAS_SUDM - Collecte de données" Connector="RACF_CAAS_SUDM" SynchronizationMode="Complete" Agent="Local" OpenIdClient="accessJob" />
                <SynchronizeTask Identifier="RACF_CAAS_SUDM_Synchronization" DisplayName_L1="RACF_CAAS_SUDM - Synchronisation" Connector="RACF_CAAS_SUDM" />
                <!-- <ExportTask Agent="Local" OpenIdClient="accessJob" DisplayName_L1="Export RACFCAASZTECUser" Connection="RACFCAASZTECUser" Identifier="RACF_Synchronisation_RACFCAASZTECUser" IgnoreCookieFile="true" />
    <ExportTask Agent="Local" OpenIdClient="accessJob" DisplayName_L1="Export RACFCAASZTECGroup" Connection="RACFCAASZTECGroup" Identifier="RACF_Synchronisation_RACFCAASZTECGroup" IgnoreCookieFile="true" />
    <ExportTask Agent="Local" OpenIdClient="accessJob" DisplayName_L1="Export RACFCAASZTECUserGroupUsers" Connection="RACFCAASZTECUserGroupUsers" Identifier="RACF_Synchronisation_RACFCAASZTECUserGroupUsers" IgnoreCookieFile="true" /> -->
    <PrepareSynchronizationTask Identifier="DataCollect_RACF_CAAS_ZTEC" DisplayName_L1="RACF_CAAS_ZTEC - Collecte de données" Connector="RACF_CAAS_ZTEC" SynchronizationMode="Complete" Agent="Local" OpenIdClient="accessJob" />
                <SynchronizeTask Identifier="RACF_CAAS_ZTEC_Synchronization" DisplayName_L1="RACF_CAAS_ZTEC - Synchronisation" Connector="RACF_CAAS_ZTEC" />
                <!-- <ExportTask Agent="Local" OpenIdClient="accessJob" DisplayName_L1="Export RACFCACIBIPO1User" Connection="RACFCACIBIPO1User" Identifier="RACF_Synchronisation_RACFCACIBIPO1User" IgnoreCookieFile="true" />
    <ExportTask Agent="Local" OpenIdClient="accessJob" DisplayName_L1="Export RACFCACIBIPO1Group" Connection="RACFCACIBIPO1Group" Identifier="RACF_Synchronisation_RACFCACIBIPO1Group" IgnoreCookieFile="true" />
    <ExportTask Agent="Local" OpenIdClient="accessJob" DisplayName_L1="Export RACFCACIBIPO1UserGroupUsers" Connection="RACFCACIBIPO1UserGroupUsers" Identifier="RACF_Synchronisation_RACFCACIBIPO1UserGroupUsers" IgnoreCookieFile="true" /> -->
    <PrepareSynchronizationTask Identifier="DataCollect_RACF_CACIB_IPO1" DisplayName_L1="RACF_CACIB_IPO1 - Collecte de données" Connector="RACF_CACIB_IPO1" SynchronizationMode="Complete" Agent="Local" OpenIdClient="accessJob" />
                <SynchronizeTask Identifier="RACF_CACIB_IPO1_Synchronization" DisplayName_L1="RACF_CACIB_IPO1 - Synchronisation" Connector="RACF_CACIB_IPO1" />
                <!-- <ExportTask Agent="Local" OpenIdClient="accessJob" DisplayName_L1="Export RACFCACIBIPO2User" Connection="RACFCACIBIPO2User" Identifier="RACF_Synchronisation_RACFCACIBIPO2User" IgnoreCookieFile="true" />
    <ExportTask Agent="Local" OpenIdClient="accessJob" DisplayName_L1="Export RACFCACIBIPO2Group" Connection="RACFCACIBIPO2Group" Identifier="RACF_Synchronisation_RACFCACIBIPO2Group" IgnoreCookieFile="true" />
    <ExportTask Agent="Local" OpenIdClient="accessJob" DisplayName_L1="Export RACFCACIBIPO2UserGroupUsers" Connection="RACFCACIBIPO2UserGroupUsers" Identifier="RACF_Synchronisation_RACFCACIBIPO2UserGroupUsers" IgnoreCookieFile="true" /> -->
    <PrepareSynchronizationTask Identifier="DataCollect_RACF_CACIB_IPO2" DisplayName_L1="RACF_CACIB_IPO2 - Collecte de données" Connector="RACF_CACIB_IPO2" SynchronizationMode="Complete" Agent="Local" OpenIdClient="accessJob" />
                <SynchronizeTask Identifier="RACF_CACIB_IPO2_Synchronization" DisplayName_L1="RACF_CACIB_IPO2 - Synchronisation" Connector="RACF_CACIB_IPO2" />
                <!-- <ExportTask Agent="Local" OpenIdClient="accessJob" DisplayName_L1="Export RACFCACIBIPO3User" Connection="RACFCACIBIPO3User" Identifier="RACF_Synchronisation_RACFCACIBIPO3User" IgnoreCookieFile="true" />
    <ExportTask Agent="Local" OpenIdClient="accessJob" DisplayName_L1="Export RACFCACIBIPO3Group" Connection="RACFCACIBIPO3Group" Identifier="RACF_Synchronisation_RACFCACIBIPO3Group" IgnoreCookieFile="true" />
    <ExportTask Agent="Local" OpenIdClient="accessJob" DisplayName_L1="Export RACFCACIBIPO3UserGroupUsers" Connection="RACFCACIBIPO3UserGroupUsers" Identifier="RACF_Synchronisation_RACFCACIBIPO3UserGroupUsers" IgnoreCookieFile="true" /> -->
    <PrepareSynchronizationTask Identifier="DataCollect_RACF_CACIB_IPO3" DisplayName_L1="RACF_CACIB_IPO3 - Collecte de données" Connector="RACF_CACIB_IPO3" SynchronizationMode="Complete" Agent="Local" OpenIdClient="accessJob" />
                <SynchronizeTask Identifier="RACF_CACIB_IPO3_Synchronization" DisplayName_L1="RACF_CACIB_IPO3 - Synchronisation" Connector="RACF_CACIB_IPO3" />
                <!-- <ExportTask Agent="Local" OpenIdClient="accessJob" DisplayName_L1="Export RACFCACIBIPO4User" Connection="RACFCACIBIPO4User" Identifier="RACF_Synchronisation_RACFCACIBIPO4User" IgnoreCookieFile="true" />
    <ExportTask Agent="Local" OpenIdClient="accessJob" DisplayName_L1="Export RACFCACIBIPO4Group" Connection="RACFCACIBIPO4Group" Identifier="RACF_Synchronisation_RACFCACIBIPO4Group" IgnoreCookieFile="true" />
    <ExportTask Agent="Local" OpenIdClient="accessJob" DisplayName_L1="Export RACFCACIBIPO4UserGroupUsers" Connection="RACFCACIBIPO4UserGroupUsers" Identifier="RACF_Synchronisation_RACFCACIBIPO4UserGroupUsers" IgnoreCookieFile="true" /> -->
    <PrepareSynchronizationTask Identifier="DataCollect_RACF_CACIB_IPO4" DisplayName_L1="RACF_CACIB_IPO4 - Collecte de données" Connector="RACF_CACIB_IPO4" SynchronizationMode="Complete" Agent="Local" OpenIdClient="accessJob" />
                <SynchronizeTask Identifier="RACF_CACIB_IPO4_Synchronization" DisplayName_L1="RACF_CACIB_IPO4 - Synchronisation" Connector="RACF_CACIB_IPO4" />
                <!-- <ExportTask Agent="Local" OpenIdClient="accessJob" DisplayName_L1="Export RACFCACIBIPOAUser" Connection="RACFCACIBIPOAUser" Identifier="RACF_Synchronisation_RACFCACIBIPOAUser" IgnoreCookieFile="true" />
    <ExportTask Agent="Local" OpenIdClient="accessJob" DisplayName_L1="Export RACFCACIBIPOAGroup" Connection="RACFCACIBIPOAGroup" Identifier="RACF_Synchronisation_RACFCACIBIPOAGroup" IgnoreCookieFile="true" />
    <ExportTask Agent="Local" OpenIdClient="accessJob" DisplayName_L1="Export RACFCACIBIPOAUserGroupUsers" Connection="RACFCACIBIPOAUserGroupUsers" Identifier="RACF_Synchronisation_RACFCACIBIPOAUserGroupUsers" IgnoreCookieFile="true" /> -->
    <PrepareSynchronizationTask Identifier="DataCollect_RACF_CACIB_IPOA" DisplayName_L1="RACF_CACIB_IPOA - Collecte de données" Connector="RACF_CACIB_IPOA" SynchronizationMode="Complete" Agent="Local" OpenIdClient="accessJob" />
                <SynchronizeTask Identifier="RACF_CACIB_IPOA_Synchronization" DisplayName_L1="RACF_CACIB_IPOA - Synchronisation" Connector="RACF_CACIB_IPOA" />
                <!-- <ExportTask Agent="Local" OpenIdClient="accessJob" DisplayName_L1="Export RACFCAGSMVSAUser" Connection="RACFCAGSMVSAUser" Identifier="RACF_Synchronisation_RACFCAGSMVSAUser" IgnoreCookieFile="true" />
    <ExportTask Agent="Local" OpenIdClient="accessJob" DisplayName_L1="Export RACFCAGSMVSAGroup" Connection="RACFCAGSMVSAGroup" Identifier="RACF_Synchronisation_RACFCAGSMVSAGroup" IgnoreCookieFile="true" />
    <ExportTask Agent="Local" OpenIdClient="accessJob" DisplayName_L1="Export RACFCAGSMVSAUserGroupUsers" Connection="RACFCAGSMVSAUserGroupUsers" Identifier="RACF_Synchronisation_RACFCAGSMVSAUserGroupUsers" IgnoreCookieFile="true" /> -->
    <!-- <PrepareSynchronizationTask Identifier="DataCollect_RACF_CAGS_MVSA" DisplayName_L1="RACF_CAGS_MVSA - Collecte de données" Connector="RACF_CAGS_MVSA" SynchronizationMode="Complete" Agent="Local" OpenIdClient="accessJob" /> -->
                <!-- <SynchronizeTask Identifier="RACF_CAGS_MVSA_Synchronization" DisplayName_L1="RACF_CAGS_MVSA - Synchronisation" Connector="RACF_CAGS_MVSA" /> -->
                <!-- <ExportTask Agent="Local" OpenIdClient="accessJob" DisplayName_L1="Export RACFCAGSMVSTUser" Connection="RACFCAGSMVSTUser" Identifier="RACF_Synchronisation_RACFCAGSMVSTUser" IgnoreCookieFile="true" />
    <ExportTask Agent="Local" OpenIdClient="accessJob" DisplayName_L1="Export RACFCAGSMVSTGroup" Connection="RACFCAGSMVSTGroup" Identifier="RACF_Synchronisation_RACFCAGSMVSTGroup" IgnoreCookieFile="true" />
    <ExportTask Agent="Local" OpenIdClient="accessJob" DisplayName_L1="Export RACFCAGSMVSTUserGroupUsers" Connection="RACFCAGSMVSTUserGroupUsers" Identifier="RACF_Synchronisation_RACFCAGSMVSTUserGroupUsers" IgnoreCookieFile="true" /> -->
    <!-- <PrepareSynchronizationTask Identifier="DataCollect_RACF_CAGS_MVST" DisplayName_L1="RACF_CAGS_MVST - Collecte de données" Connector="RACF_CAGS_MVST" SynchronizationMode="Complete" Agent="Local" OpenIdClient="accessJob" /> -->
                <!-- <SynchronizeTask Identifier="RACF_CAGS_MVST_Synchronization" DisplayName_L1="RACF_CAGS_MVST - Synchronisation" Connector="RACF_CAGS_MVST" /> -->
                <!-- <ExportTask Agent="Local" OpenIdClient="accessJob" DisplayName_L1="Export RACFCAGSOSETUser" Connection="RACFCAGSOSETUser" Identifier="RACF_Synchronisation_RACFCAGSOSETUser" IgnoreCookieFile="true" />
    <ExportTask Agent="Local" OpenIdClient="accessJob" DisplayName_L1="Export RACFCAGSOSETGroup" Connection="RACFCAGSOSETGroup" Identifier="RACF_Synchronisation_RACFCAGSOSETGroup" IgnoreCookieFile="true" />
    <ExportTask Agent="Local" OpenIdClient="accessJob" DisplayName_L1="Export RACFCAGSOSETUserGroupUsers" Connection="RACFCAGSOSETUserGroupUsers" Identifier="RACF_Synchronisation_RACFCAGSOSETUserGroupUsers" IgnoreCookieFile="true" /> -->
    <!-- <PrepareSynchronizationTask Identifier="DataCollect_RACF_CAGS_OSET" DisplayName_L1="RACF_CAGS_OSET - Collecte de données" Connector="RACF_CAGS_OSET" SynchronizationMode="Complete" Agent="Local" OpenIdClient="accessJob" /> -->
                <!-- <SynchronizeTask Identifier="RACF_CAGS_OSET_Synchronization" DisplayName_L1="RACF_CAGS_OSET - Synchronisation" Connector="RACF_CAGS_OSET" /> -->
                <!-- <ExportTask Agent="Local" OpenIdClient="accessJob" DisplayName_L1="Export RACFCAGSOSFAUser" Connection="RACFCAGSOSFAUser" Identifier="RACF_Synchronisation_RACFCAGSOSFAUser" IgnoreCookieFile="true" />
    <ExportTask Agent="Local" OpenIdClient="accessJob" DisplayName_L1="Export RACFCAGSOSFAGroup" Connection="RACFCAGSOSFAGroup" Identifier="RACF_Synchronisation_RACFCAGSOSFAGroup" IgnoreCookieFile="true" />
    <ExportTask Agent="Local" OpenIdClient="accessJob" DisplayName_L1="Export RACFCAGSOSFAUserGroupUsers" Connection="RACFCAGSOSFAUserGroupUsers" Identifier="RACF_Synchronisation_RACFCAGSOSFAUserGroupUsers" IgnoreCookieFile="true" /> -->
    <!-- <PrepareSynchronizationTask Identifier="DataCollect_RACF_CAGS_OSFA" DisplayName_L1="RACF_CAGS_OSFA - Collecte de données" Connector="RACF_CAGS_OSFA" SynchronizationMode="Complete" Agent="Local" OpenIdClient="accessJob" /> -->
                <!-- <SynchronizeTask Identifier="RACF_CAGS_OSFA_Synchronization" DisplayName_L1="RACF_CAGS_OSFA - Synchronisation" Connector="RACF_CAGS_OSFA" /> -->
                <!-- <ExportTask Agent="Local" OpenIdClient="accessJob" DisplayName_L1="Export RACFCAGSOSGAUser" Connection="RACFCAGSOSGAUser" Identifier="RACF_Synchronisation_RACFCAGSOSGAUser" IgnoreCookieFile="true" />
    <ExportTask Agent="Local" OpenIdClient="accessJob" DisplayName_L1="Export RACFCAGSOSGAGroup" Connection="RACFCAGSOSGAGroup" Identifier="RACF_Synchronisation_RACFCAGSOSGAGroup" IgnoreCookieFile="true" />
    <ExportTask Agent="Local" OpenIdClient="accessJob" DisplayName_L1="Export RACFCAGSOSGAUserGroupUsers" Connection="RACFCAGSOSGAUserGroupUsers" Identifier="RACF_Synchronisation_RACFCAGSOSGAUserGroupUsers" IgnoreCookieFile="true" /> -->
    <!-- <PrepareSynchronizationTask Identifier="DataCollect_RACF_CAGS_OSGA" DisplayName_L1="RACF_CAGS_OSGA - Collecte de données" Connector="RACF_CAGS_OSGA" SynchronizationMode="Complete" Agent="Local" OpenIdClient="accessJob" /> -->
                <!-- <SynchronizeTask Identifier="RACF_CAGS_OSGA_Synchronization" DisplayName_L1="RACF_CAGS_OSGA - Synchronisation" Connector="RACF_CAGS_OSGA" /> -->
                <!-- <ExportTask Agent="Local" OpenIdClient="accessJob" DisplayName_L1="Export RACFCAGSOSJBUser" Connection="RACFCAGSOSJBUser" Identifier="RACF_Synchronisation_RACFCAGSOSJBUser" IgnoreCookieFile="true" />
    <ExportTask Agent="Local" OpenIdClient="accessJob" DisplayName_L1="Export RACFCAGSOSJBGroup" Connection="RACFCAGSOSJBGroup" Identifier="RACF_Synchronisation_RACFCAGSOSJBGroup" IgnoreCookieFile="true" />
    <ExportTask Agent="Local" OpenIdClient="accessJob" DisplayName_L1="Export RACFCAGSOSJBUserGroupUsers" Connection="RACFCAGSOSJBUserGroupUsers" Identifier="RACF_Synchronisation_RACFCAGSOSJBUserGroupUsers" IgnoreCookieFile="true" /> -->
    <!-- <PrepareSynchronizationTask Identifier="DataCollect_RACF_CAGS_OSJB" DisplayName_L1="RACF_CAGS_OSJB - Collecte de données" Connector="RACF_CAGS_OSJB" SynchronizationMode="Complete" Agent="Local" OpenIdClient="accessJob" /> -->
                <!-- <SynchronizeTask Identifier="RACF_CAGS_OSJB_Synchronization" DisplayName_L1="RACF_CAGS_OSJB - Synchronisation" Connector="RACF_CAGS_OSJB" /> -->
                <!-- <ExportTask Agent="Local" OpenIdClient="accessJob" DisplayName_L1="Export RACFCAGSOSLAUser" Connection="RACFCAGSOSLAUser" Identifier="RACF_Synchronisation_RACFCAGSOSLAUser" IgnoreCookieFile="true" />
    <ExportTask Agent="Local" OpenIdClient="accessJob" DisplayName_L1="Export RACFCAGSOSLAGroup" Connection="RACFCAGSOSLAGroup" Identifier="RACF_Synchronisation_RACFCAGSOSLAGroup" IgnoreCookieFile="true" />
    <ExportTask Agent="Local" OpenIdClient="accessJob" DisplayName_L1="Export RACFCAGSOSLAUserGroupUsers" Connection="RACFCAGSOSLAUserGroupUsers" Identifier="RACF_Synchronisation_RACFCAGSOSLAUserGroupUsers" IgnoreCookieFile="true" /> -->
    <!-- <PrepareSynchronizationTask Identifier="DataCollect_RACF_CAGS_OSLA" DisplayName_L1="RACF_CAGS_OSLA - Collecte de données" Connector="RACF_CAGS_OSLA" SynchronizationMode="Complete" Agent="Local" OpenIdClient="accessJob" /> -->
                <!-- <SynchronizeTask Identifier="RACF_CAGS_OSLA_Synchronization" DisplayName_L1="RACF_CAGS_OSLA - Synchronisation" Connector="RACF_CAGS_OSLA" /> -->
                <!-- <ExportTask Agent="Local" OpenIdClient="accessJob" DisplayName_L1="Export RACFCAPSCERTUser" Connection="RACFCAPSCERTUser" Identifier="RACF_Synchronisation_RACFCAPSCERTUser" IgnoreCookieFile="true" />
    <ExportTask Agent="Local" OpenIdClient="accessJob" DisplayName_L1="Export RACFCAPSCERTGroup" Connection="RACFCAPSCERTGroup" Identifier="RACF_Synchronisation_RACFCAPSCERTGroup" IgnoreCookieFile="true" />
    <ExportTask Agent="Local" OpenIdClient="accessJob" DisplayName_L1="Export RACFCAPSCERTUserGroupUsers" Connection="RACFCAPSCERTUserGroupUsers" Identifier="RACF_Synchronisation_RACFCAPSCERTUserGroupUsers" IgnoreCookieFile="true" /> -->
    <PrepareSynchronizationTask Identifier="DataCollect_RACF_CAPS_CERT" DisplayName_L1="RACF_CAPS_CERT - Collecte de données" Connector="RACF_CAPS_CERT" SynchronizationMode="Complete" Agent="Local" OpenIdClient="accessJob" />
                <SynchronizeTask Identifier="RACF_CAPS_CERT_Synchronization" DisplayName_L1="RACF_CAPS_CERT - Synchronisation" Connector="RACF_CAPS_CERT" />
                <!-- <ExportTask Agent="Local" OpenIdClient="accessJob" DisplayName_L1="Export RACFCAPSAMC2User" Connection="RACFCAPSAMC2User" Identifier="RACF_Synchronisation_RACFCAPSAMC2User" IgnoreCookieFile="true" />
    <ExportTask Agent="Local" OpenIdClient="accessJob" DisplayName_L1="Export RACFCAPSAMC2Group" Connection="RACFCAPSAMC2Group" Identifier="RACF_Synchronisation_RACFCAPSAMC2Group" IgnoreCookieFile="true" />
    <ExportTask Agent="Local" OpenIdClient="accessJob" DisplayName_L1="Export RACFCAPSAMC2UserGroupUsers" Connection="RACFCAPSAMC2UserGroupUsers" Identifier="RACF_Synchronisation_RACFCAPSAMC2UserGroupUsers" IgnoreCookieFile="true" /> -->
    <PrepareSynchronizationTask Identifier="DataCollect_RACF_CAPS_AMC2" DisplayName_L1="RACF_CAPS_AMC2 - Collecte de données" Connector="RACF_CAPS_AMC2" SynchronizationMode="Complete" Agent="Local" OpenIdClient="accessJob" />
                <SynchronizeTask Identifier="RACF_CAPS_AMC2_Synchronization" DisplayName_L1="RACF_CAPS_AMC2 - Synchronisation" Connector="RACF_CAPS_AMC2" />
                <!-- <ExportTask Agent="Local" OpenIdClient="accessJob" DisplayName_L1="Export RACFCAPSCSYSUser" Connection="RACFCAPSCSYSUser" Identifier="RACF_Synchronisation_RACFCAPSCSYSUser" IgnoreCookieFile="true" />
    <ExportTask Agent="Local" OpenIdClient="accessJob" DisplayName_L1="Export RACFCAPSCSYSGroup" Connection="RACFCAPSCSYSGroup" Identifier="RACF_Synchronisation_RACFCAPSCSYSGroup" IgnoreCookieFile="true" />
    <ExportTask Agent="Local" OpenIdClient="accessJob" DisplayName_L1="Export RACFCAPSCSYSUserGroupUsers" Connection="RACFCAPSCSYSUserGroupUsers" Identifier="RACF_Synchronisation_RACFCAPSCSYSUserGroupUsers" IgnoreCookieFile="true" /> -->
    <PrepareSynchronizationTask Identifier="DataCollect_RACF_CAPS_CSYS" DisplayName_L1="RACF_CAPS_CSYS - Collecte de données" Connector="RACF_CAPS_CSYS" SynchronizationMode="Complete" Agent="Local" OpenIdClient="accessJob" />
                <SynchronizeTask Identifier="RACF_CAPS_CSYS_Synchronization" DisplayName_L1="RACF_CAPS_CSYS - Synchronisation" Connector="RACF_CAPS_CSYS" />
                <!-- <ExportTask Agent="Local" OpenIdClient="accessJob" DisplayName_L1="Export RACFCAPSI083User" Connection="RACFCAPSI083User" Identifier="RACF_Synchronisation_RACFCAPSI083User" IgnoreCookieFile="true" />
    <ExportTask Agent="Local" OpenIdClient="accessJob" DisplayName_L1="Export RACFCAPSI083Group" Connection="RACFCAPSI083Group" Identifier="RACF_Synchronisation_RACFCAPSI083Group" IgnoreCookieFile="true" />
    <ExportTask Agent="Local" OpenIdClient="accessJob" DisplayName_L1="Export RACFCAPSI083UserGroupUsers" Connection="RACFCAPSI083UserGroupUsers" Identifier="RACF_Synchronisation_RACFCAPSI083UserGroupUsers" IgnoreCookieFile="true" /> -->
    <PrepareSynchronizationTask Identifier="DataCollect_RACF_CAPS_I083" DisplayName_L1="RACF_CAPS_I083 - Collecte de données" Connector="RACF_CAPS_I083" SynchronizationMode="Complete" Agent="Local" OpenIdClient="accessJob" />
                <SynchronizeTask Identifier="RACF_CAPS_I083_Synchronization" DisplayName_L1="RACF_CAPS_I083 - Synchronisation" Connector="RACF_CAPS_I083" />
                <!-- <ExportTask Agent="Local" OpenIdClient="accessJob" DisplayName_L1="Export RACFCAPSIMINUser" Connection="RACFCAPSIMINUser" Identifier="RACF_Synchronisation_RACFCAPSIMINUser" IgnoreCookieFile="true" />
    <ExportTask Agent="Local" OpenIdClient="accessJob" DisplayName_L1="Export RACFCAPSIMINGroup" Connection="RACFCAPSIMINGroup" Identifier="RACF_Synchronisation_RACFCAPSIMINGroup" IgnoreCookieFile="true" />
    <ExportTask Agent="Local" OpenIdClient="accessJob" DisplayName_L1="Export RACFCAPSIMINUserGroupUsers" Connection="RACFCAPSIMINUserGroupUsers" Identifier="RACF_Synchronisation_RACFCAPSIMINUserGroupUsers" IgnoreCookieFile="true" /> -->
    <PrepareSynchronizationTask Identifier="DataCollect_RACF_CAPS_IMIN" DisplayName_L1="RACF_CAPS_IMIN - Collecte de données" Connector="RACF_CAPS_IMIN" SynchronizationMode="Complete" Agent="Local" OpenIdClient="accessJob" />
                <SynchronizeTask Identifier="RACF_CAPS_IMIN_Synchronization" DisplayName_L1="RACF_CAPS_IMIN - Synchronisation" Connector="RACF_CAPS_IMIN" />
                <!-- <ExportTask Agent="Local" OpenIdClient="accessJob" DisplayName_L1="Export RACFCAPSINT2User" Connection="RACFCAPSINT2User" Identifier="RACF_Synchronisation_RACFCAPSINT2User" IgnoreCookieFile="true" />
    <ExportTask Agent="Local" OpenIdClient="accessJob" DisplayName_L1="Export RACFCAPSINT2Group" Connection="RACFCAPSINT2Group" Identifier="RACF_Synchronisation_RACFCAPSINT2Group" IgnoreCookieFile="true" />
    <ExportTask Agent="Local" OpenIdClient="accessJob" DisplayName_L1="Export RACFCAPSINT2UserGroupUsers" Connection="RACFCAPSINT2UserGroupUsers" Identifier="RACF_Synchronisation_RACFCAPSINT2UserGroupUsers" IgnoreCookieFile="true" /> -->
    <PrepareSynchronizationTask Identifier="DataCollect_RACF_CAPS_INT2" DisplayName_L1="RACF_CAPS_INT2 - Collecte de données" Connector="RACF_CAPS_INT2" SynchronizationMode="Complete" Agent="Local" OpenIdClient="accessJob" />
                <SynchronizeTask Identifier="RACF_CAPS_INT2_Synchronization" DisplayName_L1="RACF_CAPS_INT2 - Synchronisation" Connector="RACF_CAPS_INT2" />
                <!-- <ExportTask Agent="Local" OpenIdClient="accessJob" DisplayName_L1="Export RACFCAPSSDEVUser" Connection="RACFCAPSSDEVUser" Identifier="RACF_Synchronisation_RACFCAPSSDEVUser" IgnoreCookieFile="true" />
    <ExportTask Agent="Local" OpenIdClient="accessJob" DisplayName_L1="Export RACFCAPSSDEVGroup" Connection="RACFCAPSSDEVGroup" Identifier="RACF_Synchronisation_RACFCAPSSDEVGroup" IgnoreCookieFile="true" />
    <ExportTask Agent="Local" OpenIdClient="accessJob" DisplayName_L1="Export RACFCAPSSDEVUserGroupUsers" Connection="RACFCAPSSDEVUserGroupUsers" Identifier="RACF_Synchronisation_RACFCAPSSDEVUserGroupUsers" IgnoreCookieFile="true" /> -->
    <PrepareSynchronizationTask Identifier="DataCollect_RACF_CAPS_SDEV" DisplayName_L1="RACF_CAPS_SDEV - Collecte de données" Connector="RACF_CAPS_SDEV" SynchronizationMode="Complete" Agent="Local" OpenIdClient="accessJob" />
                <SynchronizeTask Identifier="RACF_CAPS_SDEV_Synchronization" DisplayName_L1="RACF_CAPS_SDEV - Synchronisation" Connector="RACF_CAPS_SDEV" />
                <!-- <ExportTask Agent="Local" OpenIdClient="accessJob" DisplayName_L1="Export RACFCAPSSYSBUser" Connection="RACFCAPSSYSBUser" Identifier="RACF_Synchronisation_RACFCAPSSYSBUser" IgnoreCookieFile="true" />
    <ExportTask Agent="Local" OpenIdClient="accessJob" DisplayName_L1="Export RACFCAPSSYSBGroup" Connection="RACFCAPSSYSBGroup" Identifier="RACF_Synchronisation_RACFCAPSSYSBGroup" IgnoreCookieFile="true" />
    <ExportTask Agent="Local" OpenIdClient="accessJob" DisplayName_L1="Export RACFCAPSSYSBUserGroupUsers" Connection="RACFCAPSSYSBUserGroupUsers" Identifier="RACF_Synchronisation_RACFCAPSSYSBUserGroupUsers" IgnoreCookieFile="true" /> -->
    <PrepareSynchronizationTask Identifier="DataCollect_RACF_CAPS_SYSB" DisplayName_L1="RACF_CAPS_SYSB - Collecte de données" Connector="RACF_CAPS_SYSB" SynchronizationMode="Complete" Agent="Local" OpenIdClient="accessJob" />
                <SynchronizeTask Identifier="RACF_CAPS_SYSB_Synchronization" DisplayName_L1="RACF_CAPS_SYSB - Synchronisation" Connector="RACF_CAPS_SYSB" />
                <!-- <ExportTask Agent="Local" OpenIdClient="accessJob" DisplayName_L1="Export RACFCAPSTIPSUser" Connection="RACFCAPSTIPSUser" Identifier="RACF_Synchronisation_RACFCAPSTIPSUser" IgnoreCookieFile="true" />
    <ExportTask Agent="Local" OpenIdClient="accessJob" DisplayName_L1="Export RACFCAPSTIPSGroup" Connection="RACFCAPSTIPSGroup" Identifier="RACF_Synchronisation_RACFCAPSTIPSGroup" IgnoreCookieFile="true" />
    <ExportTask Agent="Local" OpenIdClient="accessJob" DisplayName_L1="Export RACFCAPSTIPSUserGroupUsers" Connection="RACFCAPSTIPSUserGroupUsers" Identifier="RACF_Synchronisation_RACFCAPSTIPSUserGroupUsers" IgnoreCookieFile="true" /> -->
    <PrepareSynchronizationTask Identifier="DataCollect_RACF_CAPS_TIPS" DisplayName_L1="RACF_CAPS_TIPS - Collecte de données" Connector="RACF_CAPS_TIPS" SynchronizationMode="Complete" Agent="Local" OpenIdClient="accessJob" />
                <SynchronizeTask Identifier="RACF_CAPS_TIPS_Synchronization" DisplayName_L1="RACF_CAPS_TIPS - Synchronisation" Connector="RACF_CAPS_TIPS" />
                <!-- <ExportTask Agent="Local" OpenIdClient="accessJob" DisplayName_L1="Export RACFCASAZPR1User" Connection="RACFCASAZPR1User" Identifier="RACF_Synchronisation_RACFCASAZPR1User" IgnoreCookieFile="true" />
    <ExportTask Agent="Local" OpenIdClient="accessJob" DisplayName_L1="Export RACFCASAZPR1Group" Connection="RACFCASAZPR1Group" Identifier="RACF_Synchronisation_RACFCASAZPR1Group" IgnoreCookieFile="true" />
    <ExportTask Agent="Local" OpenIdClient="accessJob" DisplayName_L1="Export RACFCASAZPR1UserGroupUsers" Connection="RACFCASAZPR1UserGroupUsers" Identifier="RACF_Synchronisation_RACFCASAZPR1UserGroupUsers" IgnoreCookieFile="true" /> -->
    <PrepareSynchronizationTask Identifier="DataCollect_RACF_CASA_ZPR1" DisplayName_L1="RACF_CASA_ZPR1 - Collecte de données" Connector="RACF_CASA_ZPR1" SynchronizationMode="Complete" Agent="Local" OpenIdClient="accessJob" />
                <SynchronizeTask Identifier="RACF_CASA_ZPR1_Synchronization" DisplayName_L1="RACF_CASA_ZPR1 - Synchronisation" Connector="RACF_CASA_ZPR1" />
                <!-- <ExportTask Agent="Local" OpenIdClient="accessJob" DisplayName_L1="Export RACFCASAZSY2User" Connection="RACFCASAZSY2User" Identifier="RACF_Synchronisation_RACFCASAZSY2User" IgnoreCookieFile="true" />
    <ExportTask Agent="Local" OpenIdClient="accessJob" DisplayName_L1="Export RACFCASAZSY2Group" Connection="RACFCASAZSY2Group" Identifier="RACF_Synchronisation_RACFCASAZSY2Group" IgnoreCookieFile="true" />
    <ExportTask Agent="Local" OpenIdClient="accessJob" DisplayName_L1="Export RACFCASAZSY2UserGroupUsers" Connection="RACFCASAZSY2UserGroupUsers" Identifier="RACF_Synchronisation_RACFCASAZSY2UserGroupUsers" IgnoreCookieFile="true" /> -->
    <PrepareSynchronizationTask Identifier="DataCollect_RACF_CASA_ZSY2" DisplayName_L1="RACF_CASA_ZSY2 - Collecte de données" Connector="RACF_CASA_ZSY2" SynchronizationMode="Complete" Agent="Local" OpenIdClient="accessJob" />
                <SynchronizeTask Identifier="RACF_CASA_ZSY2_Synchronization" DisplayName_L1="RACF_CASA_ZSY2 - Synchronisation" Connector="RACF_CASA_ZSY2" />
                <!-- <ExportTask Agent="Local" OpenIdClient="accessJob" DisplayName_L1="Export RACFCASAZDV1User" Connection="RACFCASAZDV1User" Identifier="RACF_Synchronisation_RACFCASAZDV1User" IgnoreCookieFile="true" />
    <ExportTask Agent="Local" OpenIdClient="accessJob" DisplayName_L1="Export RACFCASAZDV1Group" Connection="RACFCASAZDV1Group" Identifier="RACF_Synchronisation_RACFCASAZDV1Group" IgnoreCookieFile="true" />
    <ExportTask Agent="Local" OpenIdClient="accessJob" DisplayName_L1="Export RACFCASAZDV1UserGroupUsers" Connection="RACFCASAZDV1UserGroupUsers" Identifier="RACF_Synchronisation_RACFCASAZDV1UserGroupUsers" IgnoreCookieFile="true" /> -->
    <PrepareSynchronizationTask Identifier="DataCollect_RACF_CASA_ZDV1" DisplayName_L1="RACF_CASA_ZDV1 - Collecte de données" Connector="RACF_CASA_ZDV1" SynchronizationMode="Complete" Agent="Local" OpenIdClient="accessJob" />
                <SynchronizeTask Identifier="RACF_CASA_ZDV1_Synchronization" DisplayName_L1="RACF_CASA_ZDV1 - Synchronisation" Connector="RACF_CASA_ZDV1" />
                <!-- <ExportTask Agent="Local" OpenIdClient="accessJob" DisplayName_L1="Export RACFLCLDEVUser" Connection="RACFLCLDEVUser" Identifier="RACF_Synchronisation_RACFLCLDEVUser" IgnoreCookieFile="true" />
    <ExportTask Agent="Local" OpenIdClient="accessJob" DisplayName_L1="Export RACFLCLDEVGroup" Connection="RACFLCLDEVGroup" Identifier="RACF_Synchronisation_RACFLCLDEVGroup" IgnoreCookieFile="true" />
    <ExportTask Agent="Local" OpenIdClient="accessJob" DisplayName_L1="Export RACFLCLDEVUserGroupUsers" Connection="RACFLCLDEVUserGroupUsers" Identifier="RACF_Synchronisation_RACFLCLDEVUserGroupUsers" IgnoreCookieFile="true" /> -->
    <PrepareSynchronizationTask Identifier="DataCollect_RACF_LCL_DEV" DisplayName_L1="RACF_LCL_DEV - Collecte de données" Connector="RACF_LCL_DEV" SynchronizationMode="Complete" Agent="Local" OpenIdClient="accessJob" />
                <SynchronizeTask Identifier="RACF_LCL_DEV_Synchronization" DisplayName_L1="RACF_LCL_DEV - Synchronisation" Connector="RACF_LCL_DEV" />
                <!-- <ExportTask Agent="Local" OpenIdClient="accessJob" DisplayName_L1="Export RACFLCLLIMUser" Connection="RACFLCLLIMUser" Identifier="RACF_Synchronisation_RACFLCLLIMUser" IgnoreCookieFile="true" />
    <ExportTask Agent="Local" OpenIdClient="accessJob" DisplayName_L1="Export RACFLCLLIMGroup" Connection="RACFLCLLIMGroup" Identifier="RACF_Synchronisation_RACFLCLLIMGroup" IgnoreCookieFile="true" />
    <ExportTask Agent="Local" OpenIdClient="accessJob" DisplayName_L1="Export RACFLCLLIMUserGroupUsers" Connection="RACFLCLLIMUserGroupUsers" Identifier="RACF_Synchronisation_RACFLCLLIMUserGroupUsers" IgnoreCookieFile="true" /> -->
    <PrepareSynchronizationTask Identifier="DataCollect_RACF_LCL_LIM" DisplayName_L1="RACF_LCL_LIM - Collecte de données" Connector="RACF_LCL_LIM" SynchronizationMode="Complete" Agent="Local" OpenIdClient="accessJob" />
                <SynchronizeTask Identifier="RACF_LCL_LIM_Synchronization" DisplayName_L1="RACF_LCL_LIM - Synchronisation" Connector="RACF_LCL_LIM" />
                <!-- <ExportTask Agent="Local" OpenIdClient="accessJob" DisplayName_L1="Export RACFLCLPPR3User" Connection="RACFLCLPPR3User" Identifier="RACF_Synchronisation_RACFLCLPPR3User" IgnoreCookieFile="true" />
    <ExportTask Agent="Local" OpenIdClient="accessJob" DisplayName_L1="Export RACFLCLPPR3Group" Connection="RACFLCLPPR3Group" Identifier="RACF_Synchronisation_RACFLCLPPR3Group" IgnoreCookieFile="true" />
    <ExportTask Agent="Local" OpenIdClient="accessJob" DisplayName_L1="Export RACFLCLPPR3UserGroupUsers" Connection="RACFLCLPPR3UserGroupUsers" Identifier="RACF_Synchronisation_RACFLCLPPR3UserGroupUsers" IgnoreCookieFile="true" /> -->
    <PrepareSynchronizationTask Identifier="DataCollect_RACF_LCL_PPR3" DisplayName_L1="RACF_LCL_PPR3 - Collecte de données" Connector="RACF_LCL_PPR3" SynchronizationMode="Complete" Agent="Local" OpenIdClient="accessJob" />
                <SynchronizeTask Identifier="RACF_LCL_PPR3_Synchronization" DisplayName_L1="RACF_LCL_PPR3 - Synchronisation" Connector="RACF_LCL_PPR3" />
                <!-- <ExportTask Agent="Local" OpenIdClient="accessJob" DisplayName_L1="Export RACFLCLSYSAUser" Connection="RACFLCLSYSAUser" Identifier="RACF_Synchronisation_RACFLCLSYSAUser" IgnoreCookieFile="true" />
    <ExportTask Agent="Local" OpenIdClient="accessJob" DisplayName_L1="Export RACFLCLSYSAGroup" Connection="RACFLCLSYSAGroup" Identifier="RACF_Synchronisation_RACFLCLSYSAGroup" IgnoreCookieFile="true" />
    <ExportTask Agent="Local" OpenIdClient="accessJob" DisplayName_L1="Export RACFLCLSYSAUserGroupUsers" Connection="RACFLCLSYSAUserGroupUsers" Identifier="RACF_Synchronisation_RACFLCLSYSAUserGroupUsers" IgnoreCookieFile="true" /> -->
    <PrepareSynchronizationTask Identifier="DataCollect_RACF_LCL_SYSA" DisplayName_L1="RACF_LCL_SYSA - Collecte de données" Connector="RACF_LCL_SYSA" SynchronizationMode="Complete" Agent="Local" OpenIdClient="accessJob" />
                <SynchronizeTask Identifier="RACF_LCL_SYSA_Synchronization" DisplayName_L1="RACF_LCL_SYSA - Synchronisation" Connector="RACF_LCL_SYSA" />
                <!-- <ExportTask Agent="Local" OpenIdClient="accessJob" DisplayName_L1="Export RACFLCLASS1User" Connection="RACFLCLASS1User" Identifier="RACF_Synchronisation_RACFLCLASS1User" IgnoreCookieFile="true" />
    <ExportTask Agent="Local" OpenIdClient="accessJob" DisplayName_L1="Export RACFLCLASS1Group" Connection="RACFLCLASS1Group" Identifier="RACF_Synchronisation_RACFLCLASS1Group" IgnoreCookieFile="true" />
    <ExportTask Agent="Local" OpenIdClient="accessJob" DisplayName_L1="Export RACFLCLASS1UserGroupUsers" Connection="RACFLCLASS1UserGroupUsers" Identifier="RACF_Synchronisation_RACFLCLASS1UserGroupUsers" IgnoreCookieFile="true" /> -->
    <PrepareSynchronizationTask Identifier="DataCollect_RACF_LCL_ASS1" DisplayName_L1="RACF_LCL_ASS1 - Collecte de données" Connector="RACF_LCL_ASS1" SynchronizationMode="Complete" Agent="Local" OpenIdClient="accessJob" />
                <SynchronizeTask Identifier="RACF_LCL_ASS1_Synchronization" DisplayName_L1="RACF_LCL_ASS1 - Synchronisation" Connector="RACF_LCL_ASS1" />
                <!-- <ExportTask Agent="Local" OpenIdClient="accessJob" DisplayName_L1="Export RACFLCLSYSQUser" Connection="RACFLCLSYSQUser" Identifier="RACF_Synchronisation_RACFLCLSYSQUser" IgnoreCookieFile="true" />
    <ExportTask Agent="Local" OpenIdClient="accessJob" DisplayName_L1="Export RACFLCLSYSQGroup" Connection="RACFLCLSYSQGroup" Identifier="RACF_Synchronisation_RACFLCLSYSQGroup" IgnoreCookieFile="true" />
    <ExportTask Agent="Local" OpenIdClient="accessJob" DisplayName_L1="Export RACFLCLSYSQUserGroupUsers" Connection="RACFLCLSYSQUserGroupUsers" Identifier="RACF_Synchronisation_RACFLCLSYSQUserGroupUsers" IgnoreCookieFile="true" /> -->
    <PrepareSynchronizationTask Identifier="DataCollect_RACF_LCL_SYSQ" DisplayName_L1="RACF_LCL_SYSQ - Collecte de données" Connector="RACF_LCL_SYSQ" SynchronizationMode="Complete" Agent="Local" OpenIdClient="accessJob" />
                <SynchronizeTask Identifier="RACF_LCL_SYSQ_Synchronization" DisplayName_L1="RACF_LCL_SYSQ - Synchronisation" Connector="RACF_LCL_SYSQ" />
                <!-- <ExportTask Agent="Local" OpenIdClient="accessJob" DisplayName_L1="Export RACFSILCASTECUser" Connection="RACFSILCASTECUser" Identifier="RACF_Synchronisation_RACFSILCASTECUser" IgnoreCookieFile="true" />
    <ExportTask Agent="Local" OpenIdClient="accessJob" DisplayName_L1="Export RACFSILCASTECGroup" Connection="RACFSILCASTECGroup" Identifier="RACF_Synchronisation_RACFSILCASTECGroup" IgnoreCookieFile="true" />
    <ExportTask Agent="Local" OpenIdClient="accessJob" DisplayName_L1="Export RACFSILCASTECUserGroupUsers" Connection="RACFSILCASTECUserGroupUsers" Identifier="RACF_Synchronisation_RACFSILCASTECUserGroupUsers" IgnoreCookieFile="true" /> -->
    <PrepareSynchronizationTask Identifier="DataCollect_RACF_SILCA_STEC" DisplayName_L1="RACF_SILCA_STEC - Collecte de données" Connector="RACF_SILCA_STEC" SynchronizationMode="Complete" Agent="Local" OpenIdClient="accessJob" />
                <SynchronizeTask Identifier="RACF_SILCA_STEC_Synchronization" DisplayName_L1="RACF_SILCA_STEC - Synchronisation" Connector="RACF_SILCA_STEC" />
                <!-- <ExportTask Agent="Local" OpenIdClient="accessJob" DisplayName_L1="Export RACFCACFGS90User" Connection="RACFCACFGS90User" Identifier="RACF_Synchronisation_RACFCACFGS90User" IgnoreCookieFile="true" />
    <ExportTask Agent="Local" OpenIdClient="accessJob" DisplayName_L1="Export RACFCACFGS90Group" Connection="RACFCACFGS90Group" Identifier="RACF_Synchronisation_RACFCACFGS90Group" IgnoreCookieFile="true" />
    <ExportTask Agent="Local" OpenIdClient="accessJob" DisplayName_L1="Export RACFCACFGS90UserGroupUsers" Connection="RACFCACFGS90UserGroupUsers" Identifier="RACF_Synchronisation_RACFCACFGS90UserGroupUsers" IgnoreCookieFile="true" /> -->
    <PrepareSynchronizationTask Identifier="DataCollect_RACF_CACF_GS90" DisplayName_L1="RACF_CACF_GS90 - Collecte de données" Connector="RACF_CACF_GS90" SynchronizationMode="Complete" Agent="Local" OpenIdClient="accessJob" />
                <SynchronizeTask Identifier="RACF_CACF_GS90_Synchronization" DisplayName_L1="RACF_CACF_GS90 - Synchronisation" Connector="RACF_CACF_GS90" />
                <!-- <ExportTask Agent="Local" OpenIdClient="accessJob" DisplayName_L1="Export RACFCACFDD20User" Connection="RACFCACFDD20User" Identifier="RACF_Synchronisation_RACFCACFDD20User" IgnoreCookieFile="true" />
    <ExportTask Agent="Local" OpenIdClient="accessJob" DisplayName_L1="Export RACFCACFDD20Group" Connection="RACFCACFDD20Group" Identifier="RACF_Synchronisation_RACFCACFDD20Group" IgnoreCookieFile="true" />
    <ExportTask Agent="Local" OpenIdClient="accessJob" DisplayName_L1="Export RACFCACFDD20UserGroupUsers" Connection="RACFCACFDD20UserGroupUsers" Identifier="RACF_Synchronisation_RACFCACFDD20UserGroupUsers" IgnoreCookieFile="true" /> -->
    <PrepareSynchronizationTask Identifier="DataCollect_RACF_CACF_DD20" DisplayName_L1="RACF_CACF_DD20 - Collecte de données" Connector="RACF_CACF_DD20" SynchronizationMode="Complete" Agent="Local" OpenIdClient="accessJob" />
                <SynchronizeTask Identifier="RACF_CACF_DD20_Synchronization" DisplayName_L1="RACF_CACF_DD20 - Synchronisation" Connector="RACF_CACF_DD20" />
                <!-- <ExportTask Agent="Local" OpenIdClient="accessJob" DisplayName_L1="Export RACFCACFXX10User" Connection="RACFCACFXX10User" Identifier="RACF_Synchronisation_RACFCACFXX10User" IgnoreCookieFile="true" />
    <ExportTask Agent="Local" OpenIdClient="accessJob" DisplayName_L1="Export RACFCACFXX10Group" Connection="RACFCACFXX10Group" Identifier="RACF_Synchronisation_RACFCACFXX10Group" IgnoreCookieFile="true" />
    <ExportTask Agent="Local" OpenIdClient="accessJob" DisplayName_L1="Export RACFCACFXX10UserGroupUsers" Connection="RACFCACFXX10UserGroupUsers" Identifier="RACF_Synchronisation_RACFCACFXX10UserGroupUsers" IgnoreCookieFile="true" /> -->
    <PrepareSynchronizationTask Identifier="DataCollect_RACF_CACF_XX10" DisplayName_L1="RACF_CACF_XX10 - Collecte de données" Connector="RACF_CACF_XX10" SynchronizationMode="Complete" Agent="Local" OpenIdClient="accessJob" />
                <SynchronizeTask Identifier="RACF_CACF_XX10_Synchronization" DisplayName_L1="RACF_CACF_XX10 - Synchronisation" Connector="RACF_CACF_XX10" />
                <!-- <ExportTask Agent="Local" OpenIdClient="accessJob" DisplayName_L1="Export RACFCACFDJ02User" Connection="RACFCACFDJ02User" Identifier="RACF_Synchronisation_RACFCACFDJ02User" IgnoreCookieFile="true" />
    <ExportTask Agent="Local" OpenIdClient="accessJob" DisplayName_L1="Export RACFCACFDJ02Group" Connection="RACFCACFDJ02Group" Identifier="RACF_Synchronisation_RACFCACFDJ02Group" IgnoreCookieFile="true" />
    <ExportTask Agent="Local" OpenIdClient="accessJob" DisplayName_L1="Export RACFCACFDJ02UserGroupUsers" Connection="RACFCACFDJ02UserGroupUsers" Identifier="RACF_Synchronisation_RACFCACFDJ02UserGroupUsers" IgnoreCookieFile="true" /> -->
    <PrepareSynchronizationTask Identifier="DataCollect_RACF_CACF_DJ02" DisplayName_L1="RACF_CACF_DJ02 - Collecte de données" Connector="RACF_CACF_DJ02" SynchronizationMode="Complete" Agent="Local" OpenIdClient="accessJob" />
                <SynchronizeTask Identifier="RACF_CACF_DJ02_Synchronization" DisplayName_L1="RACF_CACF_DJ02 - Synchronisation" Connector="RACF_CACF_DJ02" />
                <!-- <ExportTask Agent="Local" OpenIdClient="accessJob" DisplayName_L1="Export RACFCACFXK01User" Connection="RACFCACFXK01User" Identifier="RACF_Synchronisation_RACFCACFXK01User" IgnoreCookieFile="true" />
    <ExportTask Agent="Local" OpenIdClient="accessJob" DisplayName_L1="Export RACFCACFXK01Group" Connection="RACFCACFXK01Group" Identifier="RACF_Synchronisation_RACFCACFXK01Group" IgnoreCookieFile="true" />
    <ExportTask Agent="Local" OpenIdClient="accessJob" DisplayName_L1="Export RACFCACFXK01UserGroupUsers" Connection="RACFCACFXK01UserGroupUsers" Identifier="RACF_Synchronisation_RACFCACFXK01UserGroupUsers" IgnoreCookieFile="true" /> -->
    <PrepareSynchronizationTask Identifier="DataCollect_RACF_CACF_XK01" DisplayName_L1="RACF_CACF_XK01 - Collecte de données" Connector="RACF_CACF_XK01" SynchronizationMode="Complete" Agent="Local" OpenIdClient="accessJob" /> 
                <SynchronizeTask Identifier="RACF_CACF_XK01_Synchronization" DisplayName_L1="RACF_CACF_XK01 - Synchronisation" Connector="RACF_CACF_XK01" />
				
                <UpdateEntityPropertyExpressionsTask DisplayName_L1="RACF - Calcul des expressions">
                        <TaskEntityType EntityType="RACF_CAAS_PACI_User" />
                        <TaskEntityType EntityType="RACF_CAAS_PACI_Group" />
                        <TaskEntityType EntityType="RACF_CAAS_PROD_User" />
                        <TaskEntityType EntityType="RACF_CAAS_PROD_Group" />
                        <TaskEntityType EntityType="RACF_CAAS_SUD1_User" />
                        <TaskEntityType EntityType="RACF_CAAS_SUD1_Group" />
                        <TaskEntityType EntityType="RACF_CAAS_SUD2_User" />
                        <TaskEntityType EntityType="RACF_CAAS_SUD2_Group" />
                        <TaskEntityType EntityType="RACF_CAAS_SUDB_User" />
                        <TaskEntityType EntityType="RACF_CAAS_SUDB_Group" />
                        <TaskEntityType EntityType="RACF_CAAS_SUDF_User" />
                        <TaskEntityType EntityType="RACF_CAAS_SUDF_Group" />
                        <TaskEntityType EntityType="RACF_CAAS_SUDM_User" />
                        <TaskEntityType EntityType="RACF_CAAS_SUDM_Group" />
                        <TaskEntityType EntityType="RACF_CAAS_ZTEC_User" />
                        <TaskEntityType EntityType="RACF_CAAS_ZTEC_Group" />
                        <TaskEntityType EntityType="RACF_CACIB_IPO1_User" />
                        <TaskEntityType EntityType="RACF_CACIB_IPO1_Group" />
                        <TaskEntityType EntityType="RACF_CACIB_IPO2_User" />
                        <TaskEntityType EntityType="RACF_CACIB_IPO2_Group" />
                        <TaskEntityType EntityType="RACF_CACIB_IPO3_User" />
                        <TaskEntityType EntityType="RACF_CACIB_IPO3_Group" />
                        <TaskEntityType EntityType="RACF_CACIB_IPO4_User" />
                        <TaskEntityType EntityType="RACF_CACIB_IPO4_Group" />
                        <TaskEntityType EntityType="RACF_CACIB_IPOA_User" />
                        <TaskEntityType EntityType="RACF_CACIB_IPOA_Group" />
                        <!-- <TaskEntityType EntityType="RACF_CAGS_MVSA_User" /> -->
                        <!-- <TaskEntityType EntityType="RACF_CAGS_MVSA_Group" /> -->
                        <!-- <TaskEntityType EntityType="RACF_CAGS_MVST_User" /> -->
                        <!-- <TaskEntityType EntityType="RACF_CAGS_MVST_Group" /> -->
                        <!-- <TaskEntityType EntityType="RACF_CAGS_OSET_User" /> -->
                        <!-- <TaskEntityType EntityType="RACF_CAGS_OSET_Group" /> -->
                        <!-- <TaskEntityType EntityType="RACF_CAGS_OSFA_User" /> -->
                        <!-- <TaskEntityType EntityType="RACF_CAGS_OSFA_Group" /> -->
                        <!-- <TaskEntityType EntityType="RACF_CAGS_OSGA_User" /> -->
                        <!-- <TaskEntityType EntityType="RACF_CAGS_OSGA_Group" /> -->
                        <!-- <TaskEntityType EntityType="RACF_CAGS_OSJB_User" /> -->
                        <!-- <TaskEntityType EntityType="RACF_CAGS_OSJB_Group" /> -->
                        <!-- <TaskEntityType EntityType="RACF_CAGS_OSLA_User" /> -->
                        <!-- <TaskEntityType EntityType="RACF_CAGS_OSLA_Group" /> -->
                        <TaskEntityType EntityType="RACF_CAPS_CERT_User" />
                        <TaskEntityType EntityType="RACF_CAPS_CERT_Group" />
                        <TaskEntityType EntityType="RACF_CAPS_AMC2_User" />
                        <TaskEntityType EntityType="RACF_CAPS_AMC2_Group" />
                        <TaskEntityType EntityType="RACF_CAPS_CSYS_User" />
                        <TaskEntityType EntityType="RACF_CAPS_CSYS_Group" />
                        <TaskEntityType EntityType="RACF_CAPS_I083_User" />
                        <TaskEntityType EntityType="RACF_CAPS_I083_Group" />
                        <TaskEntityType EntityType="RACF_CAPS_IMIN_User" />
                        <TaskEntityType EntityType="RACF_CAPS_IMIN_Group" />
                        <TaskEntityType EntityType="RACF_CAPS_INT2_User" />
                        <TaskEntityType EntityType="RACF_CAPS_INT2_Group" />
                        <TaskEntityType EntityType="RACF_CAPS_SDEV_User" />
                        <TaskEntityType EntityType="RACF_CAPS_SDEV_Group" />
                        <TaskEntityType EntityType="RACF_CAPS_SYSB_User" />
                        <TaskEntityType EntityType="RACF_CAPS_SYSB_Group" />
                        <TaskEntityType EntityType="RACF_CAPS_TIPS_User" />
                        <TaskEntityType EntityType="RACF_CAPS_TIPS_Group" />
                        <TaskEntityType EntityType="RACF_CASA_ZPR1_User" />
                        <TaskEntityType EntityType="RACF_CASA_ZPR1_Group" />
                        <TaskEntityType EntityType="RACF_CASA_ZSY2_User" />
                        <TaskEntityType EntityType="RACF_CASA_ZSY2_Group" />
                        <TaskEntityType EntityType="RACF_CASA_ZDV1_User" />
                        <TaskEntityType EntityType="RACF_CASA_ZDV1_Group" />
                        <TaskEntityType EntityType="RACF_LCL_DEV_User" />
                        <TaskEntityType EntityType="RACF_LCL_DEV_Group" />
                        <TaskEntityType EntityType="RACF_LCL_LIM_User" />
                        <TaskEntityType EntityType="RACF_LCL_LIM_Group" />
                        <TaskEntityType EntityType="RACF_LCL_PPR3_User" />
                        <TaskEntityType EntityType="RACF_LCL_PPR3_Group" />
                        <TaskEntityType EntityType="RACF_LCL_SYSA_User" />
                        <TaskEntityType EntityType="RACF_LCL_SYSA_Group" />
                        <TaskEntityType EntityType="RACF_LCL_ASS1_User" />
                        <TaskEntityType EntityType="RACF_LCL_ASS1_Group" />
                        <TaskEntityType EntityType="RACF_LCL_SYSQ_User" />
                        <TaskEntityType EntityType="RACF_LCL_SYSQ_Group" />
                        <TaskEntityType EntityType="RACF_SILCA_STEC_User" />
                        <TaskEntityType EntityType="RACF_SILCA_STEC_Group" />
                        <TaskEntityType EntityType="RACF_CACF_GS90_User" />
                        <TaskEntityType EntityType="RACF_CACF_GS90_Group" />						
                        <TaskEntityType EntityType="RACF_CACF_DD20_User" />
                        <TaskEntityType EntityType="RACF_CACF_DD20_Group" />						
                        <TaskEntityType EntityType="RACF_CACF_XX10_User" />
                        <TaskEntityType EntityType="RACF_CACF_XX10_Group" />						
                        <TaskEntityType EntityType="RACF_CACF_DJ02_User" />
                        <TaskEntityType EntityType="RACF_CACF_DJ02_Group" />						
                        <TaskEntityType EntityType="RACF_CACF_XK01_User" />
                        <TaskEntityType EntityType="RACF_CACF_XK01_Group" />						
                </UpdateEntityPropertyExpressionsTask>
                <ComputeCorrelationKeysTask DisplayName_L1="Calcul des clés de corrélation : RACF">
                        <TaskEntityType EntityType="RACF_CAAS_PACI_User" />
                        <TaskEntityType EntityType="RACF_CAAS_PROD_User" />
                        <TaskEntityType EntityType="RACF_CAAS_SUD1_User" />
                        <TaskEntityType EntityType="RACF_CAAS_SUD2_User" />
                        <TaskEntityType EntityType="RACF_CAAS_SUDB_User" />
                        <TaskEntityType EntityType="RACF_CAAS_SUDF_User" />
                        <TaskEntityType EntityType="RACF_CAAS_SUDM_User" />
                        <TaskEntityType EntityType="RACF_CAAS_ZTEC_User" />
                        <TaskEntityType EntityType="RACF_CACIB_IPO1_User" />
                        <TaskEntityType EntityType="RACF_CACIB_IPO2_User" />
                        <TaskEntityType EntityType="RACF_CACIB_IPO3_User" />
                        <TaskEntityType EntityType="RACF_CACIB_IPO4_User" />
                        <TaskEntityType EntityType="RACF_CACIB_IPOA_User" />
                        <!-- <TaskEntityType EntityType="RACF_CAGS_MVSA_User" /> -->
                        <!-- <TaskEntityType EntityType="RACF_CAGS_MVST_User" /> -->
                        <!-- <TaskEntityType EntityType="RACF_CAGS_OSET_User" /> -->
                        <!-- <TaskEntityType EntityType="RACF_CAGS_OSFA_User" /> -->
                        <!-- <TaskEntityType EntityType="RACF_CAGS_OSGA_User" /> -->
                        <!-- <TaskEntityType EntityType="RACF_CAGS_OSJB_User" /> -->
                        <!-- <TaskEntityType EntityType="RACF_CAGS_OSLA_User" /> -->
                        <TaskEntityType EntityType="RACF_CAPS_CERT_User" />
                        <TaskEntityType EntityType="RACF_CAPS_AMC2_User" />
                        <TaskEntityType EntityType="RACF_CAPS_CSYS_User" />
                        <TaskEntityType EntityType="RACF_CAPS_I083_User" />
                        <TaskEntityType EntityType="RACF_CAPS_IMIN_User" />
                        <TaskEntityType EntityType="RACF_CAPS_INT2_User" />
                        <TaskEntityType EntityType="RACF_CAPS_SDEV_User" />
                        <TaskEntityType EntityType="RACF_CAPS_SYSB_User" />
                        <TaskEntityType EntityType="RACF_CAPS_TIPS_User" />
                        <TaskEntityType EntityType="RACF_CASA_ZPR1_User" />
                        <TaskEntityType EntityType="RACF_CASA_ZSY2_User" />
                        <TaskEntityType EntityType="RACF_CASA_ZDV1_User" />
                        <TaskEntityType EntityType="RACF_LCL_DEV_User" />
                        <TaskEntityType EntityType="RACF_LCL_LIM_User" />
                        <TaskEntityType EntityType="RACF_LCL_PPR3_User" />
                        <TaskEntityType EntityType="RACF_LCL_SYSA_User" />
                        <TaskEntityType EntityType="RACF_LCL_ASS1_User" />
                        <TaskEntityType EntityType="RACF_LCL_SYSQ_User" />
                        <TaskEntityType EntityType="RACF_SILCA_STEC_User" />
                        <TaskEntityType EntityType="RACF_CACF_GS90_User" />						
                        <TaskEntityType EntityType="RACF_CACF_DD20_User" />						
                        <TaskEntityType EntityType="RACF_CACF_XX10_User" />						
                        <TaskEntityType EntityType="RACF_CACF_DJ02_User" />						
                        <TaskEntityType EntityType="RACF_CACF_XK01_User" />				
                </ComputeCorrelationKeysTask>

                <ComputeRoleModelTask DisplayName_L1="Préparation des ordres de provisioning : Person" BlockProvisioning="true">
                        <TaskEntityType EntityType="Person" />
                </ComputeRoleModelTask>

                <UpdateClassificationTask DisplayName_L1="Resource Classification">
                        <TaskEntityType EntityType="RACF_CAAS_PACI_User" />
                        <TaskEntityType EntityType="RACF_CAAS_PROD_User" />
                        <TaskEntityType EntityType="RACF_CAAS_SUD1_User" />
                        <TaskEntityType EntityType="RACF_CAAS_SUD2_User" />
                        <TaskEntityType EntityType="RACF_CAAS_SUDB_User" />
                        <TaskEntityType EntityType="RACF_CAAS_SUDF_User" />
                        <TaskEntityType EntityType="RACF_CAAS_SUDM_User" />
                        <TaskEntityType EntityType="RACF_CAAS_ZTEC_User" />
                        <TaskEntityType EntityType="RACF_CACIB_IPO1_User" />
                        <TaskEntityType EntityType="RACF_CACIB_IPO2_User" />
                        <TaskEntityType EntityType="RACF_CACIB_IPO3_User" />
                        <TaskEntityType EntityType="RACF_CACIB_IPO4_User" />
                        <TaskEntityType EntityType="RACF_CACIB_IPOA_User" />
                        <!-- <TaskEntityType EntityType="RACF_CAGS_MVSA_User" /> -->
                        <!-- <TaskEntityType EntityType="RACF_CAGS_MVST_User" /> -->
                        <!-- <TaskEntityType EntityType="RACF_CAGS_OSET_User" /> -->
                        <!-- <TaskEntityType EntityType="RACF_CAGS_OSFA_User" /> -->
                        <!-- <TaskEntityType EntityType="RACF_CAGS_OSGA_User" /> -->
                        <!-- <TaskEntityType EntityType="RACF_CAGS_OSJB_User" /> -->
                        <!-- <TaskEntityType EntityType="RACF_CAGS_OSLA_User" /> -->
                        <TaskEntityType EntityType="RACF_CAPS_CERT_User" />
                        <TaskEntityType EntityType="RACF_CAPS_AMC2_User" />
                        <TaskEntityType EntityType="RACF_CAPS_CSYS_User" />
                        <TaskEntityType EntityType="RACF_CAPS_I083_User" />
                        <TaskEntityType EntityType="RACF_CAPS_IMIN_User" />
                        <TaskEntityType EntityType="RACF_CAPS_INT2_User" />
                        <TaskEntityType EntityType="RACF_CAPS_SDEV_User" />
                        <TaskEntityType EntityType="RACF_CAPS_SYSB_User" />
                        <TaskEntityType EntityType="RACF_CAPS_TIPS_User" />
                        <TaskEntityType EntityType="RACF_CASA_ZPR1_User" />
                        <TaskEntityType EntityType="RACF_CASA_ZSY2_User" />
                        <TaskEntityType EntityType="RACF_CASA_ZDV1_User" />
                        <TaskEntityType EntityType="RACF_LCL_DEV_User" />
                        <TaskEntityType EntityType="RACF_LCL_LIM_User" />
                        <TaskEntityType EntityType="RACF_LCL_PPR3_User" />
                        <TaskEntityType EntityType="RACF_LCL_SYSA_User" />
                        <TaskEntityType EntityType="RACF_LCL_ASS1_User" />
                        <TaskEntityType EntityType="RACF_LCL_SYSQ_User" />
                        <TaskEntityType EntityType="RACF_SILCA_STEC_User" />
                        <TaskEntityType EntityType="RACF_CACF_GS90_User" />						
                        <TaskEntityType EntityType="RACF_CACF_DD20_User" />						
                        <TaskEntityType EntityType="RACF_CACF_XX10_User" />						
                        <TaskEntityType EntityType="RACF_CACF_DJ02_User" />						
                        <TaskEntityType EntityType="RACF_CACF_XK01_User" />
                </UpdateClassificationTask>

                <GenerateProvisioningOrdersTask DisplayName_L1="RACF GenerateProvisioningOrder" ForceProvisioning="true">
                        <TaskResourceType ResourceType="RACF_CAAS_PACI_User_Nominative" />
                        <TaskResourceType ResourceType="RACF_CAAS_PROD_User_Nominative" />
                        <TaskResourceType ResourceType="RACF_CAAS_SUD1_User_Nominative" />
                        <TaskResourceType ResourceType="RACF_CAAS_SUD2_User_Nominative" />
                        <TaskResourceType ResourceType="RACF_CAAS_SUDB_User_Nominative" />
                        <TaskResourceType ResourceType="RACF_CAAS_SUDF_User_Nominative" />
                        <TaskResourceType ResourceType="RACF_CAAS_SUDM_User_Nominative" />
                        <TaskResourceType ResourceType="RACF_CAAS_ZTEC_User_Nominative" />
                        <!-- <TaskResourceType ResourceType="RACF_CACIB_IPO1_User_Nominative"/> -->
                        <!-- <TaskResourceType ResourceType="RACF_CACIB_IPO2_User_Nominative"/> -->
                        <!-- <TaskResourceType ResourceType="RACF_CACIB_IPO3_User_Nominative"/> -->
                        <!-- <TaskResourceType ResourceType="RACF_CACIB_IPO4_User_Nominative"/> -->
                        <!-- <TaskResourceType ResourceType="RACF_CACIB_IPOA_User_Nominative"/> -->
                        <TaskResourceType ResourceType="RACF_CAPS_CERT_User_Nominative" />
                        <TaskResourceType ResourceType="RACF_CAPS_AMC2_User_Nominative" />
                        <TaskResourceType ResourceType="RACF_CAPS_CSYS_User_Nominative" />
                        <TaskResourceType ResourceType="RACF_CAPS_I083_User_Nominative" />
                        <TaskResourceType ResourceType="RACF_CAPS_IMIN_User_Nominative" />
                        <TaskResourceType ResourceType="RACF_CAPS_INT2_User_Nominative" />
                        <TaskResourceType ResourceType="RACF_CAPS_SDEV_User_Nominative" />
                        <TaskResourceType ResourceType="RACF_CAPS_SYSB_User_Nominative" />
                        <TaskResourceType ResourceType="RACF_CAPS_TIPS_User_Nominative" />
                        <TaskResourceType ResourceType="RACF_CASA_ZPR1_User_Nominative" />
                        <TaskResourceType ResourceType="RACF_CASA_ZSY2_User_Nominative" />
                        <TaskResourceType ResourceType="RACF_CASA_ZDV1_User_Nominative" />
                        <TaskResourceType ResourceType="RACF_LCL_DEV_User_Nominative" />
                        <TaskResourceType ResourceType="RACF_LCL_LIM_User_Nominative" />
                        <TaskResourceType ResourceType="RACF_LCL_PPR3_User_Nominative" />
                        <TaskResourceType ResourceType="RACF_LCL_SYSA_User_Nominative" />
                        <TaskResourceType ResourceType="RACF_LCL_ASS1_User_Nominative" />
                        <TaskResourceType ResourceType="RACF_LCL_SYSQ_User_Nominative" />
                        <TaskResourceType ResourceType="RACF_SILCA_STEC_User_Nominative" />
                        <TaskResourceType ResourceType="RACF_CACF_GS90_User_Nominative" />						
                        <TaskResourceType ResourceType="RACF_CACF_DD20_User_Nominative" />						
                        <TaskResourceType ResourceType="RACF_CACF_XX10_User_Nominative" />						
                        <TaskResourceType ResourceType="RACF_CACF_DJ02_User_Nominative" />						
                        <TaskResourceType ResourceType="RACF_CACF_XK01_User_Nominative" />						
                </GenerateProvisioningOrdersTask>

                <!--Instances principales -->
				<FulfillTask DisplayName_L1="PowerShell - Automatic Provisioning RACF_SILCA_STEC" Connector="RACF_SILCA_STEC" OpenIdClient="accessJob" Agent="Local" Connection="PowerShellRACFFulfillmentRACFSILCASTEC" />
				<FulfillTask DisplayName_L1="PowerShell - Automatic Provisioning RACF_CACF_XX10" Connector="RACF_CACF_XX10" OpenIdClient="accessJob" Agent="Local" Connection="PowerShellRACFFulfillmentRACFCACFXX10" />
				<FulfillTask DisplayName_L1="PowerShell - Automatic Provisioning RACF_CACF_XK01" Connector="RACF_CACF_XK01" OpenIdClient="accessJob" Agent="Local" Connection="PowerShellRACFFulfillmentRACFCACFXK01" />
                <FulfillTask DisplayName_L1="PowerShell - Automatic Provisioning RACF_CAAS_SUD1" Connector="RACF_CAAS_SUD1" OpenIdClient="accessJob" Agent="Local" Connection="PowerShellRACFFulfillmentRACFCAASSUD1" />
                <FulfillTask DisplayName_L1="PowerShell - Automatic Provisioning RACF_CAAS_ZTEC" Connector="RACF_CAAS_ZTEC" OpenIdClient="accessJob" Agent="Local" Connection="PowerShellRACFFulfillmentRACFCAASZTEC" />
                <FulfillTask DisplayName_L1="PowerShell - Automatic Provisioning RACF_CAPS_CSYS" Connector="RACF_CAPS_CSYS" OpenIdClient="accessJob" Agent="Local" Connection="PowerShellRACFFulfillmentRACFCAPSCSYS" />
                <FulfillTask DisplayName_L1="PowerShell - Automatic Provisioning RACF_CAPS_SDEV" Connector="RACF_CAPS_SDEV" OpenIdClient="accessJob" Agent="Local" Connection="PowerShellRACFFulfillmentRACFCAPSSDEV" />
                <FulfillTask DisplayName_L1="PowerShell - Automatic Provisioning RACF_CASA_ZPR1" Connector="RACF_CASA_ZPR1" OpenIdClient="accessJob" Agent="Local" Connection="PowerShellRACFFulfillmentRACFCASAZPR1" />
                <FulfillTask DisplayName_L1="PowerShell - Automatic Provisioning RACF_LCL_DEV" Connector="RACF_LCL_DEV" OpenIdClient="accessJob" Agent="Local" Connection="PowerShellRACFFulfillmentRACFLCLDEV" />
                <FulfillTask DisplayName_L1="PowerShell - Automatic Provisioning RACF_LCL_LIM" Connector="RACF_LCL_LIM" OpenIdClient="accessJob" Agent="Local" Connection="PowerShellRACFFulfillmentRACFLCLLIM" />
                <FulfillTask DisplayName_L1="PowerShell - Automatic Provisioning RACF_LCL_PPR3" Connector="RACF_LCL_PPR3" OpenIdClient="accessJob" Agent="Local" Connection="PowerShellRACFFulfillmentRACFLCLPPR3" />
                <FulfillTask DisplayName_L1="PowerShell - Automatic Provisioning RACF_LCL_SYSA" Connector="RACF_LCL_SYSA" OpenIdClient="accessJob" Agent="Local" Connection="PowerShellRACFFulfillmentRACFLCLSYSA" />
                <FulfillTask DisplayName_L1="PowerShell - Automatic Provisioning RACF_LCL_ASS1" Connector="RACF_LCL_ASS1" OpenIdClient="accessJob" Agent="Local" Connection="PowerShellRACFFulfillmentRACFLCLASS1" />
                <FulfillTask DisplayName_L1="PowerShell - Automatic Provisioning RACF_LCL_SYSQ" Connector="RACF_LCL_SYSQ" OpenIdClient="accessJob" Agent="Local" Connection="PowerShellRACFFulfillmentRACFLCLSYSQ" />

                <!--Instances secondaires -->
				<FulfillTask DisplayName_L1="PowerShell - Automatic Provisioning RACF_CAAS_PACI" Connector="RACF_CAAS_PACI" OpenIdClient="accessJob" Agent="Local" Connection="PowerShellRACFFulfillmentRACFCAASPACI" /> 
				<FulfillTask DisplayName_L1="PowerShell - Automatic Provisioning RACF_CAAS_PROD" Connector="RACF_CAAS_PROD" OpenIdClient="accessJob" Agent="Local" Connection="PowerShellRACFFulfillmentRACFCAASPROD" /> 
				<FulfillTask DisplayName_L1="PowerShell - Automatic Provisioning RACF_CAAS_SUD2" Connector="RACF_CAAS_SUD2" OpenIdClient="accessJob" Agent="Local" Connection="PowerShellRACFFulfillmentRACFCAASSUD2" /> 
				<FulfillTask DisplayName_L1="PowerShell - Automatic Provisioning RACF_CAAS_SUDB" Connector="RACF_CAAS_SUDB" OpenIdClient="accessJob" Agent="Local" Connection="PowerShellRACFFulfillmentRACFCAASSUDB" /> 
				<FulfillTask DisplayName_L1="PowerShell - Automatic Provisioning RACF_CAAS_SUDF" Connector="RACF_CAAS_SUDF" OpenIdClient="accessJob" Agent="Local" Connection="PowerShellRACFFulfillmentRACFCAASSUDF" /> 
				<FulfillTask DisplayName_L1="PowerShell - Automatic Provisioning RACF_CAAS_SUDM" Connector="RACF_CAAS_SUDM" OpenIdClient="accessJob" Agent="Local" Connection="PowerShellRACFFulfillmentRACFCAASSUDM" /> 
				<FulfillTask DisplayName_L1="PowerShell - Automatic Provisioning RACF_CAPS_CERT" Connector="RACF_CAPS_CERT" OpenIdClient="accessJob" Agent="Local" Connection="PowerShellRACFFulfillmentRACFCAPSCERT" />
				<FulfillTask DisplayName_L1="PowerShell - Automatic Provisioning RACF_CAPS_AMC2" Connector="RACF_CAPS_AMC2" OpenIdClient="accessJob" Agent="Local" Connection="PowerShellRACFFulfillmentRACFCAPSAMC2" />
				<FulfillTask DisplayName_L1="PowerShell - Automatic Provisioning RACF_CAPS_I083" Connector="RACF_CAPS_I083" OpenIdClient="accessJob" Agent="Local" Connection="PowerShellRACFFulfillmentRACFCAPSI083" />
				<FulfillTask DisplayName_L1="PowerShell - Automatic Provisioning RACF_CAPS_IMIN" Connector="RACF_CAPS_IMIN" OpenIdClient="accessJob" Agent="Local" Connection="PowerShellRACFFulfillmentRACFCAPSIMIN" />
				<FulfillTask DisplayName_L1="PowerShell - Automatic Provisioning RACF_CAPS_INT2" Connector="RACF_CAPS_INT2" OpenIdClient="accessJob" Agent="Local" Connection="PowerShellRACFFulfillmentRACFCAPSINT2" />
				<FulfillTask DisplayName_L1="PowerShell - Automatic Provisioning RACF_CAPS_SYSB" Connector="RACF_CAPS_SYSB" OpenIdClient="accessJob" Agent="Local" Connection="PowerShellRACFFulfillmentRACFCAPSSYSB" />
				<FulfillTask DisplayName_L1="PowerShell - Automatic Provisioning RACF_CAPS_TIPS" Connector="RACF_CAPS_TIPS" OpenIdClient="accessJob" Agent="Local" Connection="PowerShellRACFFulfillmentRACFCAPSTIPS" />
				<FulfillTask DisplayName_L1="PowerShell - Automatic Provisioning RACF_CASA_ZSY2" Connector="RACF_CASA_ZSY2" OpenIdClient="accessJob" Agent="Local" Connection="PowerShellRACFFulfillmentRACFCASAZSY2" />
				<FulfillTask DisplayName_L1="PowerShell - Automatic Provisioning RACF_CASA_ZDV1" Connector="RACF_CASA_ZDV1" OpenIdClient="accessJob" Agent="Local" Connection="PowerShellRACFFulfillmentRACFCASAZDV1" />
				<FulfillTask DisplayName_L1="PowerShell - Automatic Provisioning RACF_CACF_GS90" Connector="RACF_CACF_GS90" OpenIdClient="accessJob" Agent="Local" Connection="PowerShellRACFFulfillmentRACFCACFGS90" />
				<FulfillTask DisplayName_L1="PowerShell - Automatic Provisioning RACF_CACF_DD20" Connector="RACF_CACF_DD20" OpenIdClient="accessJob" Agent="Local" Connection="PowerShellRACFFulfillmentRACFCACFDD20" />
				<FulfillTask DisplayName_L1="PowerShell - Automatic Provisioning RACF_CACF_DJ02" Connector="RACF_CACF_DJ02" OpenIdClient="accessJob" Agent="Local" Connection="PowerShellRACFFulfillmentRACFCACFDJ02" />

                <MaintainIndexesTask RebuildThreshold="30" ReorganizeThreshold="5" PageCount="1000" Offline="false" UpdateStatsThreshold="10" DisplayName_L1="Index and Statistics maintenance" />
        </Job>
</ConfigurationFile>
