﻿<ConfigurationFile xmlns="urn:schemas-usercube-com:configuration">
<Job Identifier="RACF_Provisioning" DisplayName_L1="RACF - Ecriture" Agent="Local">

<GenerateProvisioningOrdersTask Identifier="RACF_GenerateProvisioningOrder" DisplayName_L1="RACF GenerateProvisioningOrder" ForceProvisioning="true">
    <TaskResourceType ResourceType="RACF_CAAS_PACI_User_Nominative" />
    <TaskResourceType ResourceType="RACF_CAAS_PROD_User_Nominative" />
    <TaskResourceType ResourceType="RACF_CAAS_SUD1_User_Nominative" />
    <TaskResourceType ResourceType="RACF_CAAS_SUD2_User_Nominative" />
    <TaskResourceType ResourceType="RACF_CAAS_SUDB_User_Nominative" />
    <TaskResourceType ResourceType="RACF_CAAS_SUDF_User_Nominative" />
    <TaskResourceType ResourceType="RACF_CAAS_SUDM_User_Nominative" />
    <TaskResourceType ResourceType="RACF_CAAS_ZTEC_User_Nominative" />
    <!-- <TaskResourceType ResourceType="RACF_CACIB_IPO1_User_Nominative"/> -->
    <!-- <TaskResourceType ResourceType="RACF_CACIB_IPO2_User_Nominative"/> -->
    <!-- <TaskResourceType ResourceType="RACF_CACIB_IPO3_User_Nominative"/> -->
    <!-- <TaskResourceType ResourceType="RACF_CACIB_IPO4_User_Nominative"/> -->
    <!-- <TaskResourceType ResourceType="RACF_CACIB_IPOA_User_Nominative"/> -->
    <TaskResourceType ResourceType="RACF_CAPS_CERT_User_Nominative" />
    <TaskResourceType ResourceType="RACF_CAPS_AMC2_User_Nominative" />
    <TaskResourceType ResourceType="RACF_CAPS_CSYS_User_Nominative" />
    <TaskResourceType ResourceType="RACF_CAPS_I083_User_Nominative" />
    <TaskResourceType ResourceType="RACF_CAPS_IMIN_User_Nominative" />
    <TaskResourceType ResourceType="RACF_CAPS_INT2_User_Nominative" />
    <TaskResourceType ResourceType="RACF_CAPS_SDEV_User_Nominative" />
    <TaskResourceType ResourceType="RACF_CAPS_SYSB_User_Nominative" />
    <TaskResourceType ResourceType="RACF_CAPS_TIPS_User_Nominative" />
    <TaskResourceType ResourceType="RACF_CASA_ZPR1_User_Nominative" />
    <TaskResourceType ResourceType="RACF_CASA_ZSY2_User_Nominative" />
    <TaskResourceType ResourceType="RACF_CASA_ZDV1_User_Nominative" />
    <TaskResourceType ResourceType="RACF_LCL_DEV_User_Nominative" />
    <TaskResourceType ResourceType="RACF_LCL_LIM_User_Nominative" />
    <TaskResourceType ResourceType="RACF_LCL_PPR3_User_Nominative" />
    <TaskResourceType ResourceType="RACF_LCL_SYSA_User_Nominative" />
    <TaskResourceType ResourceType="RACF_LCL_ASS1_User_Nominative" />
    <TaskResourceType ResourceType="RACF_LCL_SYSQ_User_Nominative" />
    <TaskResourceType ResourceType="RACF_SILCA_STEC_User_Nominative" />
    <TaskResourceType ResourceType="RACF_CACF_GS90_User_Nominative" />
    <TaskResourceType ResourceType="RACF_CACF_DD20_User_Nominative" />
    <TaskResourceType ResourceType="RACF_CACF_XX10_User_Nominative" />
    <TaskResourceType ResourceType="RACF_CACF_DJ02_User_Nominative" />
    <TaskResourceType ResourceType="RACF_CACF_XK01_User_Nominative" />
</GenerateProvisioningOrdersTask>
    
	<!--Instances principales -->
	<FulfillTask DisplayName_L1="PowerShell - Automatic Provisioning RACF_SILCA_STEC" Connector="RACF_SILCA_STEC" OpenIdClient="accessJob" Agent="Local" Connection="PowerShellRACFFulfillmentRACFSILCASTEC" />
	<FulfillTask DisplayName_L1="PowerShell - Automatic Provisioning RACF_CACF_XX10" Connector="RACF_CACF_XX10" OpenIdClient="accessJob" Agent="Local" Connection="PowerShellRACFFulfillmentRACFCACFXX10" />
	<FulfillTask DisplayName_L1="PowerShell - Automatic Provisioning RACF_CAAS_SUD1" Connector="RACF_CAAS_SUD1" OpenIdClient="accessJob" Agent="Local" Connection="PowerShellRACFFulfillmentRACFCAASSUD1" /> 
	<FulfillTask DisplayName_L1="PowerShell - Automatic Provisioning RACF_CAAS_ZTEC" Connector="RACF_CAAS_ZTEC" OpenIdClient="accessJob" Agent="Local" Connection="PowerShellRACFFulfillmentRACFCAASZTEC" /> 
	<FulfillTask DisplayName_L1="PowerShell - Automatic Provisioning RACF_CAPS_CSYS" Connector="RACF_CAPS_CSYS" OpenIdClient="accessJob" Agent="Local" Connection="PowerShellRACFFulfillmentRACFCAPSCSYS" />
	<FulfillTask DisplayName_L1="PowerShell - Automatic Provisioning RACF_CAPS_SDEV" Connector="RACF_CAPS_SDEV" OpenIdClient="accessJob" Agent="Local" Connection="PowerShellRACFFulfillmentRACFCAPSSDEV" />
	<FulfillTask DisplayName_L1="PowerShell - Automatic Provisioning RACF_CASA_ZPR1" Connector="RACF_CASA_ZPR1" OpenIdClient="accessJob" Agent="Local" Connection="PowerShellRACFFulfillmentRACFCASAZPR1" />
	<FulfillTask DisplayName_L1="PowerShell - Automatic Provisioning RACF_LCL_DEV" Connector="RACF_LCL_DEV" OpenIdClient="accessJob" Agent="Local" Connection="PowerShellRACFFulfillmentRACFLCLDEV" />
	<FulfillTask DisplayName_L1="PowerShell - Automatic Provisioning RACF_LCL_LIM" Connector="RACF_LCL_LIM" OpenIdClient="accessJob" Agent="Local" Connection="PowerShellRACFFulfillmentRACFLCLLIM" />
	<FulfillTask DisplayName_L1="PowerShell - Automatic Provisioning RACF_LCL_PPR3" Connector="RACF_LCL_PPR3" OpenIdClient="accessJob" Agent="Local" Connection="PowerShellRACFFulfillmentRACFLCLPPR3" />
	<FulfillTask DisplayName_L1="PowerShell - Automatic Provisioning RACF_LCL_SYSA" Connector="RACF_LCL_SYSA" OpenIdClient="accessJob" Agent="Local" Connection="PowerShellRACFFulfillmentRACFLCLSYSA" />
	<FulfillTask DisplayName_L1="PowerShell - Automatic Provisioning RACF_LCL_ASS1" Connector="RACF_LCL_ASS1" OpenIdClient="accessJob" Agent="Local" Connection="PowerShellRACFFulfillmentRACFLCLASS1" />
	<FulfillTask DisplayName_L1="PowerShell - Automatic Provisioning RACF_LCL_SYSQ" Connector="RACF_LCL_SYSQ" OpenIdClient="accessJob" Agent="Local" Connection="PowerShellRACFFulfillmentRACFLCLSYSQ" />

	<!--Instances secondaires -->
	<FulfillTask DisplayName_L1="PowerShell - Automatic Provisioning RACF_CAAS_PACI" Connector="RACF_CAAS_PACI" OpenIdClient="accessJob" Agent="Local" Connection="PowerShellRACFFulfillmentRACFCAASPACI" /> 
	<FulfillTask DisplayName_L1="PowerShell - Automatic Provisioning RACF_CAAS_PROD" Connector="RACF_CAAS_PROD" OpenIdClient="accessJob" Agent="Local" Connection="PowerShellRACFFulfillmentRACFCAASPROD" /> 
	<FulfillTask DisplayName_L1="PowerShell - Automatic Provisioning RACF_CAAS_SUD2" Connector="RACF_CAAS_SUD2" OpenIdClient="accessJob" Agent="Local" Connection="PowerShellRACFFulfillmentRACFCAASSUD2" /> 
	<FulfillTask DisplayName_L1="PowerShell - Automatic Provisioning RACF_CAAS_SUDB" Connector="RACF_CAAS_SUDB" OpenIdClient="accessJob" Agent="Local" Connection="PowerShellRACFFulfillmentRACFCAASSUDB" /> 
	<FulfillTask DisplayName_L1="PowerShell - Automatic Provisioning RACF_CAAS_SUDF" Connector="RACF_CAAS_SUDF" OpenIdClient="accessJob" Agent="Local" Connection="PowerShellRACFFulfillmentRACFCAASSUDF" /> 
	<FulfillTask DisplayName_L1="PowerShell - Automatic Provisioning RACF_CAAS_SUDM" Connector="RACF_CAAS_SUDM" OpenIdClient="accessJob" Agent="Local" Connection="PowerShellRACFFulfillmentRACFCAASSUDM" /> 
	<FulfillTask DisplayName_L1="PowerShell - Automatic Provisioning RACF_CAPS_CERT" Connector="RACF_CAPS_CERT" OpenIdClient="accessJob" Agent="Local" Connection="PowerShellRACFFulfillmentRACFCAPSCERT" />
	<FulfillTask DisplayName_L1="PowerShell - Automatic Provisioning RACF_CAPS_AMC2" Connector="RACF_CAPS_AMC2" OpenIdClient="accessJob" Agent="Local" Connection="PowerShellRACFFulfillmentRACFCAPSAMC2" />
	<FulfillTask DisplayName_L1="PowerShell - Automatic Provisioning RACF_CAPS_I083" Connector="RACF_CAPS_I083" OpenIdClient="accessJob" Agent="Local" Connection="PowerShellRACFFulfillmentRACFCAPSI083" />
	<FulfillTask DisplayName_L1="PowerShell - Automatic Provisioning RACF_CAPS_IMIN" Connector="RACF_CAPS_IMIN" OpenIdClient="accessJob" Agent="Local" Connection="PowerShellRACFFulfillmentRACFCAPSIMIN" />
	<FulfillTask DisplayName_L1="PowerShell - Automatic Provisioning RACF_CAPS_INT2" Connector="RACF_CAPS_INT2" OpenIdClient="accessJob" Agent="Local" Connection="PowerShellRACFFulfillmentRACFCAPSINT2" />
	<FulfillTask DisplayName_L1="PowerShell - Automatic Provisioning RACF_CAPS_SYSB" Connector="RACF_CAPS_SYSB" OpenIdClient="accessJob" Agent="Local" Connection="PowerShellRACFFulfillmentRACFCAPSSYSB" />
	<FulfillTask DisplayName_L1="PowerShell - Automatic Provisioning RACF_CAPS_TIPS" Connector="RACF_CAPS_TIPS" OpenIdClient="accessJob" Agent="Local" Connection="PowerShellRACFFulfillmentRACFCAPSTIPS" />
	<FulfillTask DisplayName_L1="PowerShell - Automatic Provisioning RACF_CASA_ZSY2" Connector="RACF_CASA_ZSY2" OpenIdClient="accessJob" Agent="Local" Connection="PowerShellRACFFulfillmentRACFCASAZSY2" />
	<FulfillTask DisplayName_L1="PowerShell - Automatic Provisioning RACF_CASA_ZDV1" Connector="RACF_CASA_ZDV1" OpenIdClient="accessJob" Agent="Local" Connection="PowerShellRACFFulfillmentRACFCASAZDV1" />
	<FulfillTask DisplayName_L1="PowerShell - Automatic Provisioning RACF_CACF_GS90" Connector="RACF_CACF_GS90" OpenIdClient="accessJob" Agent="Local" Connection="PowerShellRACFFulfillmentRACFCACFGS90" />
	<FulfillTask DisplayName_L1="PowerShell - Automatic Provisioning RACF_CACF_DD20" Connector="RACF_CACF_DD20" OpenIdClient="accessJob" Agent="Local" Connection="PowerShellRACFFulfillmentRACFCACFDD20" />


</Job>
</ConfigurationFile>
