﻿<ConfigurationFile xmlns="urn:schemas-usercube-com:configuration">

  <!-- Jobs Produit -->
  <SetRecentlyModifiedFlagTask Identifier="All_MarkDirty" DisplayName_L1="Marquage des changements" />

  <UpdateEntityPropertyExpressionsTask Identifier="ComputeAllProperties" DisplayName_L1="Mise à jour des propriétés calculées" AllEntityType="1" />

  <ComputeCorrelationKeysTask Identifier="AllEntities_ResourceCorrelationKeys" AllEntityType="true" DisplayName_L1="Mise à jours des clés de corrélation" />

  <!-- SQL  -->
  <InvokeSqlCommandTask OpenIdClient="accessJob" Agent="Local" Identifier="Update_Statistics" IsNotAQuery="1" Timeout="1800" DisplayName_L1="Raffraichissement des Statistiques" SQLCommand="exec sp_MSforeachtable 'update statistics ? with fullscan'" />
  <InvokeSqlCommandTask  Identifier="ValidationGroupePKI" IsNotAQuery="1" SQLCommand="update arn set arn.ProvisioningState=1 from UP_AssignedResourceNavigations arn 
	join UP_AssignedResourceTypes art on art.id = arn.AssignedResourceType_Id and art.ValidTo = CONVERT(DATETIME2(2), '9999-12-31 23:59:59.99') 
	join UM_EntityProperties ep on ep.Id = arn.Property_Id and ep.Identifier in ('memberOf') 
	join zz_Person p on art.Owner_Id = p.Id 
	join UP_ResourceTypes rt on art.ResourceType_Id = rt.Id and rt.Identifier in ('AD_ProdGrp_Entry_NominativeUser' , 'AD_Partenaires_Entry_NominativeUser')
	join zz_AD_ProdGrp_Entry ad on ad.Id = ARN.Resource_Id where arn.ValidTo = CONVERT(DATETIME2(2), '9999-12-31 23:59:59.99') and arn.ProvisioningState=5 and ConsolidatedProvisioningState &lt;&gt; 16 and p.Login like '%/_%' ESCAPE '/' and ad.dn IN ('CN=G_PRODGRP_PKI_OpenTrust_user_Deny_Autoenroll,OU=Autres,OU=Groupes,OU=Administration,DC=prodgrp,DC=local')" DisplayName_L1="Validation des groupes PKI prodgrp post migration ZOE" />
  
  <InvokeSqlCommandTask  Identifier="ValidationGroupePKIpartenaires" IsNotAQuery="1" SQLCommand="update arn set arn.ProvisioningState=1 from UP_AssignedResourceNavigations arn 
	join UP_AssignedResourceTypes art on art.id = arn.AssignedResourceType_Id and art.ValidTo = CONVERT(DATETIME2(2), '9999-12-31 23:59:59.99') 
	join UM_EntityProperties ep on ep.Id = arn.Property_Id and ep.Identifier in ('memberOf') 
	join zz_Person p on art.Owner_Id = p.Id 
	join UP_ResourceTypes rt on art.ResourceType_Id = rt.Id and rt.Identifier in ('AD_Partenaires_Entry_NominativeUser')
	join zz_AD_Partenaires_Entry ad on ad.Id = ARN.Resource_Id where arn.ValidTo = CONVERT(DATETIME2(2), '9999-12-31 23:59:59.99') and arn.ProvisioningState=5 and ConsolidatedProvisioningState &lt;&gt; 16 and p.Login like '%/_%' ESCAPE '/' and ad.dn IN ('CN=G_PART_PKI_OpenTrust_user_Deny_Autoenroll,OU=Autres,OU=Groupes,OU=Administration,DC=partenaires,DC=local')" DisplayName_L1="Validation des groupes PKI partenaires post migration ZOE" />


  <InvokeSqlCommandTask  Identifier="RattrapageLoginMainframe" IsNotAQuery="1" SQLCommand="UPDATE PRC SET PRC.LoginRACFLCL =R.C5
	FROM UP_AssignedResourceTypes ART
		JOIN zz_Person PR on PR.Id = ART.Owner_Id
		JOIN UP_ResourceTypes RT ON ART.ResourceType_Id = RT.id AND RT.identifier LIKE '%RACF_LCL%'
		JOIN zz_PersonRecord PRC on PRC.Person = PR.Id
		JOIN UR_Resources R ON R.Id = ART.Resource_Id AND R.ValidTo = CONVERT(DATETIME2(2), '9999-12-31 23:59:59.99');

	UPDATE PRC SET PRC.LoginRACFCACIB =R.C5
	FROM UP_AssignedResourceTypes ART
		JOIN zz_Person PR on PR.Id = ART.Owner_Id
		JOIN UP_ResourceTypes RT ON ART.ResourceType_Id = RT.id AND RT.identifier LIKE '%RACF_CACIB%'
		JOIN zz_PersonRecord PRC on PRC.Person = PR.Id
		JOIN UR_Resources R ON R.Id = ART.Resource_Id AND R.ValidTo = CONVERT(DATETIME2(2), '9999-12-31 23:59:59.99');

	UPDATE PRC SET PRC.LoginRACFCAPS =R.C5
	FROM UP_AssignedResourceTypes ART
		JOIN zz_Person PR on PR.Id = ART.Owner_Id
		JOIN UP_ResourceTypes RT ON ART.ResourceType_Id = RT.id AND RT.identifier LIKE '%RACF_CAPS%'
		JOIN zz_PersonRecord PRC on PRC.Person = PR.Id
		JOIN UR_Resources R ON R.Id = ART.Resource_Id AND R.ValidTo = CONVERT(DATETIME2(2), '9999-12-31 23:59:59.99');

	UPDATE PRC SET PRC.LoginRACFCASA =R.C5
	FROM UP_AssignedResourceTypes ART
		JOIN zz_Person PR on PR.Id = ART.Owner_Id
		JOIN UP_ResourceTypes RT ON ART.ResourceType_Id = RT.id AND RT.identifier LIKE '%RACF_CASA%'
		JOIN zz_PersonRecord PRC on PRC.Person = PR.Id
		JOIN UR_Resources R ON R.Id = ART.Resource_Id AND R.ValidTo = CONVERT(DATETIME2(2), '9999-12-31 23:59:59.99');

	UPDATE PRC SET PRC.LoginRACFCAAS =R.C5
	FROM UP_AssignedResourceTypes ART
		JOIN zz_Person PR on PR.Id = ART.Owner_Id
		JOIN UP_ResourceTypes RT ON ART.ResourceType_Id = RT.id AND RT.identifier LIKE '%RACF_CAAS%'
		JOIN zz_PersonRecord PRC on PRC.Person = PR.Id
		JOIN UR_Resources R ON R.Id = ART.Resource_Id AND R.ValidTo = CONVERT(DATETIME2(2), '9999-12-31 23:59:59.99');	
		
		
	UPDATE PRC SET PRC.LoginTSSCACF =R.C5
	FROM UP_AssignedResourceTypes ART
		JOIN zz_Person PR on PR.Id = ART.Owner_Id
		JOIN UP_ResourceTypes RT ON ART.ResourceType_Id = RT.id AND RT.identifier LIKE '%RACF_CACF%'
		JOIN zz_PersonRecord PRC on PRC.Person = PR.Id
		JOIN UR_Resources R ON R.Id = ART.Resource_Id AND R.ValidTo = CONVERT(DATETIME2(2), '9999-12-31 23:59:59.99');" DisplayName_L1="Rattrapage login Mainframe" />



  <InvokeSqlCommandTask  Identifier="SuppressionComptesADdormants" IsNotAQuery="1" SQLCommand="update art set 		 
	art.ProvisioningState=1, art.ConsolidatedProvisioningState=4
	from UP_AssignedResourceTypes art
	join UP_ResourceTypes rt on art.ResourceType_Id=rt.Id
	join zz_Person p on p.Id =  art.Owner_Id
	where CONVERT(DATETIME2(2),(DATEADD(DAY, 60,CONVERT(datetime,CONVERT(CHAR(8), p.Op_MainRecord_WhenOut, 120))))) &lt; getutcdate()
	and art.ValidTo = CONVERT(DATETIME2(2), '9999-12-31 23:59:59.99') and rt.Identifier in ('AD_ProdGrp_Entry_NominativeUser','AD_Partenaires_Entry_NominativeUser')" DisplayName_L1="Suppression comptes AD Prodgrp et Partenaires dormants" />

  <InvokeSqlCommandTask  Identifier="ValidationAttributsAD" IsNotAQuery="1" SQLCommand="update arn set arn.ProvisioningState=1
	from UP_AssignedResourceScalars arn
    join UP_AssignedResourceTypes art on art.id = arn.AssignedResourceType_Id
    and art.ValidTo = CONVERT(DATETIME2(2), '9999-12-31 23:59:59.99')
    join UP_ResourceTypes rt on art.ResourceType_Id = rt.Id
    and Identifier in ('AD_Red01_Entry_NominativeUser', 'AD_RedAlpha_Entry_NominativeUser', 'AD_ProdGrp_Entry_NominativeUser', 'AD_ProdGrp_Entry_AdministrationUser', 'AD_Partenaires_Entry_NominativeUser', 'AD_Partenaires_Entry_AdministrationUser')
    join UM_EntityProperties ep on ep.Id = arn.Property_Id
    and ep.Identifier in ('accountExpires', 'userAccountControl','department','description','l','initials','physicalDeliveryOfficeName','displayName','homeDirectory','sn','givenName','ds-pwp-account-disabled')
	join zz_Person p on art.Owner_Id = p.Id
	where arn.ValidTo = CONVERT(DATETIME2(2), '9999-12-31 23:59:59.99') and arn.ProvisioningState=5 and ConsolidatedProvisioningState &lt;&gt; 16 and arn.Value IS NOT NULL" DisplayName_L1="Validation attributs AD Red01, RedAlpha, Prodgrp, Partenaires et ADML" />

  <InvokeSqlCommandTask  Identifier="ValidationAttributsLDAP" IsNotAQuery="1" SQLCommand="update arn set arn.ProvisioningState=1
	from UP_AssignedResourceScalars arn
    join UP_AssignedResourceTypes art on art.id = arn.AssignedResourceType_Id
    and art.ValidTo = CONVERT(DATETIME2(2), '9999-12-31 23:59:59.99')
    join UP_ResourceTypes rt on art.ResourceType_Id = rt.Id
    and Identifier in ('LDAP_LdapCagip_Entry_NominativeUser')
    join UM_EntityProperties ep on ep.Id = arn.Property_Id
    and ep.Identifier in ('accountExpires', 'userAccountControl','department','description','l','initials','physicalDeliveryOfficeName','displayName','sn','givenName','ds-pwp-account-disabled')
	join zz_Person p on art.Owner_Id = p.Id
	where arn.ValidTo = CONVERT(DATETIME2(2), '9999-12-31 23:59:59.99') and arn.ProvisioningState=5 and ConsolidatedProvisioningState &lt;&gt; 16 and p.Login like '%/_%' ESCAPE '/' and arn.Value IS NOT NULL" DisplayName_L1="Validation attributs LDAP" />

  <InvokeSqlCommandTask  Identifier="ValidationAttributsRACF" IsNotAQuery="1" SQLCommand="update arn set arn.ProvisioningState=1
	from UP_AssignedResourceScalars arn
    join UP_AssignedResourceTypes art on art.id = arn.AssignedResourceType_Id
    and art.ValidTo = CONVERT(DATETIME2(2), '9999-12-31 23:59:59.99')
    join UP_ResourceTypes rt on art.ResourceType_Id = rt.Id
    and Identifier like 'RACF_%_User_Nominative'
    join UM_EntityProperties ep on ep.Id = arn.Property_Id
    and ep.Identifier in ('USBD_REVOKE', 'USBD_REVOKE_DATE')
	join zz_Person p on art.Owner_Id = p.Id
	where arn.ValidTo = CONVERT(DATETIME2(2), '9999-12-31 23:59:59.99') and arn.ProvisioningState=5 and ConsolidatedProvisioningState &lt;&gt; 16 and arn.Value IS NOT NULL" DisplayName_L1="Validation attributs RACF" />

  <InvokeSqlCommandTask  Identifier="SelectRevuesSuppressions" IsNotAQuery="0" OutputPath="D:/CAGIP_IAM/Temp/RevuesSuppressions/Suppressions.csv" SQLCommand="SELECT ART.ProvisioningState, ART.ConsolidatedProvisioningState, ART.ProvisioningReviewFilter, PR.Fullname, RT.Identifier
	from UP_AssignedResourceTypes ART
	join UP_ResourceTypes RT on ART.ResourceType_Id=RT.Id
	join zz_Person P on P.Id = ART.Owner_Id
	join zz_PersonRecord PR on PR.Id = P.MainRecord
	where RT.Identifier in ('AD_ProdGrp_Entry_NominativeUser', 'AD_Partenaires_Entry_NominativeUser', 'AD_Red01_Entry_NominativeUser', 'AD_Red01_Entry_SilverUser', 'AD_Red01_Entry_GoldUser', 'AD_RedAlpha_Entry_NominativeUser', 'AD_BlueAlpha_Entry_NominativeUser', 'Triskell_NominativeUser', 'Metis_PDTA', 'Metis_PDTB', 'Metis_HID_ZOE', 'Metis_ResourceType', 'Metis_Groupes', 'Metis_Smartphone', 'Metis_SkypeLine', 'LDAP_LdapCagip_Entry_NominativeUser', 'RACF_CAAS_PACI_User_Nominative', 'RACF_CAAS_PROD_User_Nominative', 'RACF_CAAS_SUD1_User_Nominative', 'RACF_CAAS_SUD2_User_Nominative', 'RACF_CAAS_SUDB_User_Nominative', 'RACF_CAAS_SUDF_User_Nominative', 'RACF_CAAS_SUDM_User_Nominative', 'RACF_CAAS_ZTEC_User_Nominative', 'RACF_CACF_DD20_User_Nominative', 'RACF_CACF_DJ02_User_Nominative', 'RACF_CACF_GS90_User_Nominative', 'RACF_CACF_XK01_User_Nominative', 'RACF_CACF_XX10_User_Nominative', 'RACF_CACIB_IPO1_User_Nominative', 'RACF_CACIB_IPO2_User_Nominative', 'RACF_CACIB_IPO3_User_Nominative', 'RACF_CACIB_IPO4_User_Nominative', 'RACF_CACIB_IPOA_User_Nominative', 'RACF_CAGS_MVSA_User_Nominative', 'RACF_CAGS_MVST_User_Nominative', 'RACF_CAGS_OSET_User_Nominative', 'RACF_CAGS_OSFA_User_Nominative', 'RACF_CAGS_OSGA_User_Nominative', 'RACF_CAGS_OSJB_User_Nominative', 'RACF_CAGS_OSLA_User_Nominative', 'RACF_CAPS_AMC2_User_Nominative', 'RACF_CAPS_CERT_User_Nominative', 'RACF_CAPS_CSYS_User_Nominative', 'RACF_CAPS_I083_User_Nominative', 'RACF_CAPS_IMIN_User_Nominative', 'RACF_CAPS_INT2_User_Nominative', 'RACF_CAPS_SDEV_User_Nominative', 'RACF_CAPS_SYSB_User_Nominative', 'RACF_CAPS_TIPS_User_Nominative', 'RACF_CASA_ZDV1_User_Nominative', 'RACF_CASA_ZPR1_User_Nominative', 'RACF_CASA_ZSY2_User_Nominative', 'RACF_LCL_ASS1_User_Nominative', 'RACF_LCL_DEV_User_Nominative', 'RACF_LCL_LIM_User_Nominative', 'RACF_LCL_PPR3_User_Nominative', 'RACF_LCL_SYSA_User_Nominative', 'RACF_LCL_SYSQ_User_Nominative', 'RACF_SILCA_STEC_User_Nominative')
		and ART.ValidTo = '9999-12-31 23:59:59.99'
		and ART.ProvisioningReviewFilter = 8
		and ART.OwnerType = 1
		and DATEADD(hh, CAST(SUBSTRING(PR.EndDate, 9, 2) AS INT), CONVERT(datetime, LEFT(PR.EndDate, 8))) &lt; DATEADD(dd, -31, GETDATE())
		and DATEADD(hh, CAST(SUBSTRING(PR.EndDate, 9, 2) AS INT), CONVERT(datetime, LEFT(PR.EndDate, 8))) &gt; '2024-01-01 00:00:00.00'"
	DisplayName_L1="Extraction des revues de suppressions pour les utilisateurs partis : PRODGRP, PARTENAIRES, RED01, REDALPHA, BLUEALPHA, TRISKELL, METIS (sauf LDD / BALGEN), RACF" />

  <InvokeSqlCommandTask  Identifier="ValidationRevuesSuppressions" IsNotAQuery="1" SQLCommand="update ART
	set ProvisioningState = 1, ConsolidatedProvisioningState = 4, ProvisioningReviewFilter = 0
	from UP_AssignedResourceTypes ART
	join UP_ResourceTypes RT on ART.ResourceType_Id=RT.Id
	join zz_Person P on P.Id = ART.Owner_Id
	join zz_PersonRecord PR on PR.Id = P.MainRecord
	where RT.Identifier in ('AD_ProdGrp_Entry_NominativeUser', 'AD_Partenaires_Entry_NominativeUser', 'AD_Red01_Entry_NominativeUser', 'AD_Red01_Entry_SilverUser', 'AD_Red01_Entry_GoldUser', 'AD_RedAlpha_Entry_NominativeUser', 'AD_BlueAlpha_Entry_NominativeUser', 'Triskell_NominativeUser', 'Metis_PDTA', 'Metis_PDTB', 'Metis_HID_ZOE', 'Metis_ResourceType', 'Metis_Groupes', 'Metis_Smartphone', 'Metis_SkypeLine', 'LDAP_LdapCagip_Entry_NominativeUser', 'RACF_CAAS_PACI_User_Nominative', 'RACF_CAAS_PROD_User_Nominative', 'RACF_CAAS_SUD1_User_Nominative', 'RACF_CAAS_SUD2_User_Nominative', 'RACF_CAAS_SUDB_User_Nominative', 'RACF_CAAS_SUDF_User_Nominative', 'RACF_CAAS_SUDM_User_Nominative', 'RACF_CAAS_ZTEC_User_Nominative', 'RACF_CACF_DD20_User_Nominative', 'RACF_CACF_DJ02_User_Nominative', 'RACF_CACF_GS90_User_Nominative', 'RACF_CACF_XK01_User_Nominative', 'RACF_CACF_XX10_User_Nominative', 'RACF_CACIB_IPO1_User_Nominative', 'RACF_CACIB_IPO2_User_Nominative', 'RACF_CACIB_IPO3_User_Nominative', 'RACF_CACIB_IPO4_User_Nominative', 'RACF_CACIB_IPOA_User_Nominative', 'RACF_CAGS_MVSA_User_Nominative', 'RACF_CAGS_MVST_User_Nominative', 'RACF_CAGS_OSET_User_Nominative', 'RACF_CAGS_OSFA_User_Nominative', 'RACF_CAGS_OSGA_User_Nominative', 'RACF_CAGS_OSJB_User_Nominative', 'RACF_CAGS_OSLA_User_Nominative', 'RACF_CAPS_AMC2_User_Nominative', 'RACF_CAPS_CERT_User_Nominative', 'RACF_CAPS_CSYS_User_Nominative', 'RACF_CAPS_I083_User_Nominative', 'RACF_CAPS_IMIN_User_Nominative', 'RACF_CAPS_INT2_User_Nominative', 'RACF_CAPS_SDEV_User_Nominative', 'RACF_CAPS_SYSB_User_Nominative', 'RACF_CAPS_TIPS_User_Nominative', 'RACF_CASA_ZDV1_User_Nominative', 'RACF_CASA_ZPR1_User_Nominative', 'RACF_CASA_ZSY2_User_Nominative', 'RACF_LCL_ASS1_User_Nominative', 'RACF_LCL_DEV_User_Nominative', 'RACF_LCL_LIM_User_Nominative', 'RACF_LCL_PPR3_User_Nominative', 'RACF_LCL_SYSA_User_Nominative', 'RACF_LCL_SYSQ_User_Nominative', 'RACF_SILCA_STEC_User_Nominative')
		and ART.ValidTo = '9999-12-31 23:59:59.99'
		and ART.ProvisioningReviewFilter = 8
		and ART.OwnerType = 1
		and DATEADD(hh, CAST(SUBSTRING(PR.EndDate, 9, 2) AS INT), CONVERT(datetime, LEFT(PR.EndDate, 8))) &lt; DATEADD(dd, -31, GETDATE())
		and DATEADD(hh, CAST(SUBSTRING(PR.EndDate, 9, 2) AS INT), CONVERT(datetime, LEFT(PR.EndDate, 8))) &gt; '2024-01-01 00:00:00.00'"
	DisplayName_L1="Validation des revues de suppressions pour les utilisateurs partis : PRODGRP, PARTENAIRES, RED01, REDALPHA, BLUEALPHA, TRISKELL, METIS (sauf LDD / BALGEN), RACF" />

  <InvokeSqlCommandTask  Identifier="DeblocageScalarsTriskell" IsNotAQuery="1" SQLCommand="
	update ARS set ARS.ProvisioningState=1
	from UP_AssignedResourceScalars ARS
	join UP_AssignedResourceTypes ART on ART.Id = ARS.AssignedResourceType_Id
	join UP_ResourceTypes RT on ART.ResourceType_Id=RT.Id
	where RT.Identifier = 'Triskell_NominativeUser'
		and ARS.ValidTo = '9999-12-31 23:59:59.99'
		and ARS.Value is not null
		and ART.ValidTo = '9999-12-31 23:59:59.99'
		and ART.OwnerType = 1
		and ART.ProvisioningReviewFilter &gt; 31"
	DisplayName_L1="Déblocage des créations Triskell en erreur : Resources Scalaires" />

  <InvokeSqlCommandTask  Identifier="DeblocageNavigationsTriskell" IsNotAQuery="1" SQLCommand="
	update ARN set ARN.ProvisioningState=1
	from UP_AssignedResourceNavigations ARN
	join UP_AssignedResourceTypes ART on ART.Id = ARN.AssignedResourceType_Id
	join UP_ResourceTypes RT on ART.ResourceType_Id=RT.Id
	where RT.Identifier = 'Triskell_NominativeUser'
		and ARN.ValidTo = '9999-12-31 23:59:59.99'
		and ART.ValidTo = '9999-12-31 23:59:59.99'
		and ART.OwnerType = 1
		and ART.ProvisioningReviewFilter &gt; 31"
	DisplayName_L1="Déblocage des créations Triskell en erreur : Resources Navigations" />

  <InvokeSqlCommandTask  Identifier="DeblocageRevuesTriskell" IsNotAQuery="1" SQLCommand="
	update ART set ProvisioningState = 1, ConsolidatedProvisioningState = 4, ProvisioningReviewFilter = 0
	from UP_AssignedResourceTypes ART
	join UP_ResourceTypes RT on ART.ResourceType_Id=RT.Id
	join UP_AssignedResourceNavigations ARN on ARN.AssignedResourceType_Id = ART.Id
	join UP_AssignedResourceScalars ARS on ARS.AssignedResourceType_Id = ART.Id
	where RT.Identifier = 'Triskell_NominativeUser'
		and ARS.ValidTo = '9999-12-31 23:59:59.99'
		and ARS.Value is not null
		and ARN.ValidTo = '9999-12-31 23:59:59.99'
		and ART.ValidTo = '9999-12-31 23:59:59.99'
		and ART.OwnerType = 1
		and ART.ProvisioningReviewFilter &gt; 31"
	DisplayName_L1="Déblocage des créations Triskell en erreur : Revues de provisioning" />

  <InvokeSqlCommandTask  Identifier="SupprRepriseExistantZoe" IsNotAQuery="1" SQLCommand="update arn set arn.WorkflowState=18
	from UP_AssignedResourceScalars arn
       join UP_AssignedResourceTypes art on art.id = arn.AssignedResourceType_Id
             and art.ValidTo = CONVERT(DATETIME2(2), '9999-12-31 23:59:59.99')
       join UP_ResourceTypes rt on art.ResourceType_Id = rt.Id
             and Identifier in ('AD_Zoe_Entry_NominativeUser')
       join UM_EntityProperties ep on ep.Id = arn.Property_Id
             and ep.Identifier in ('accountExpires', 'userAccountControl','department','description','l','initials','physicalDeliveryOfficeName')
	   join zz_Person p on art.Owner_Id = p.Id
	where arn.ValidTo = CONVERT(DATETIME2(2), '9999-12-31 23:59:59.99') and arn.WorkflowState &lt;&gt; 18 and ConsolidatedProvisioningState&lt;&gt;16 and arn.Value IS NOT NULL" DisplayName_L1="Suppression statut reprise Existant AD Zoe" />
	
	  <InvokeSqlCommandTask  Identifier="FixEcartGozen" IsNotAQuery="1" SQLCommand="update  arn set arn.ProvisioningState=1
	from UP_AssignedResourceNavigations arn
    join UP_AssignedResourceTypes art on art.id = arn.AssignedResourceType_Id
    and art.ValidTo = CONVERT(DATETIME2(2), '9999-12-31 23:59:59.99')
    join UP_ResourceTypes rt on art.ResourceType_Id = rt.Id
    join UM_EntityProperties ep on ep.Id = arn.Property_Id
    and ep.Identifier in ('Organization','Responsible')
	join zz_Rh_Person p on art.Owner_Id = p.Id
	where arn.ValidTo = CONVERT(DATETIME2(2), '9999-12-31 23:59:59.99')" DisplayName_L1="Rectification ecarts Gozen" />
	
	  <InvokeSqlCommandTask  Identifier="EcartDateFin" IsNotAQuery="0" OutputPath="D:/CAGIP_IAM/Temp/reporting/ecartsDateFin.csv" SQLCommand="SELECT  DISTINCT pr1.FullName
		FROM        zz_PersonRecord pr1,zz_PersonRecord pr2
		WHERE       pr1.FullName=pr2.FullName
        AND   pr1.WhenOut != pr2.WhenOut" DisplayName_L1="Ecarts Date de fin Gozen" />	
		
	  <InvokeSqlCommandTask  Identifier="ManagerDifferentTeam" IsNotAQuery="0" OutputPath="D:/CAGIP_IAM/Temp/reporting/ecartOrgaUserManager.csv" SQLCommand="select FullName from zz_PersonRecord pr join zz_PersonRecord_Responsible prr
	  on pr.Id= prr.underresponsability_Id where pr.OrgaHierarchy != (select OrgaHierarchy from zz_PersonRecord where Id=prr.Responsible_Id)" DisplayName_L1="Ecarts d'organisation User Manager" />			
	

  <InvokeSqlCommandTask  Identifier="RecadrageRolesManuels" IsNotAQuery="1" SQLCommand="update asr set asr.EndDate=SWITCHOFFSET(DateAdd(DAY,1, CONVERT(DATETIME2(2),(CONVERT(datetime,CONVERT(CHAR(8), pr.WhenOut, 120))),112)) AT TIME ZONE 'Romance Standard Time', '+00:00'), asr.ValidTo=CONVERT(DATETIME2(2), '9999-12-31 23:59:59.99')
	from UP_AssignedSingleRoles asr
    join zz_Person p on p.Id = asr.Owner_Id
    join zz_PersonRecord pr on pr.Id = p.MainRecord and pr.WhenOut &lt; '20791230230000'
	where  asr.WorkflowState in (16,3,1)
    and asr.EndDate &gt; DATEADD(month, -6, getutcdate())
    AND CONVERT(DATETIME2(2),(CONVERT(datetime,CONVERT(CHAR(8), pr.WhenOut, 120)))) &gt; getutcdate()
    and asr.ValidTo=CONVERT(DATETIME2(2), '9999-12-31 23:59:59.99')
    and asr.EndDate &lt; CONVERT(DATETIME2(2),(CONVERT(datetime,CONVERT(CHAR(8), pr.WhenOut, 120))),112)" DisplayName_L1="Recadrage roles manuels" />
	
	<InvokeSqlCommandTask Identifier="Extract_CAAS_Changes_EndDate" IsNotAQuery="0" OutputPath="D:/CAGIP_IAM/Temp/CAAS/CA-GIP_changes.csv" 
    SQLCommand="select distinct ai.Subject, p.FullName, p.Mail, p.Login, ep.Identifier,
		( select  (CASE 
        --date au format dd/mm/yyyy
		--WHEN c.Value IS NOT NULL THEN SUBSTRING(c.Value,7,2) + '/' + SUBSTRING(c.Value,5,2) + '/' + LEFT(c.Value,4)
        WHEN c.Value IS NOT NULL THEN c.Value 
        WHEN org.Trigramme IS NOT NULL THEN org.Trigramme  END)) AS [Value]
	from UW_WorkflowInstances wi
	join UW_Workflows w on wi.Workflow_Id = w.Id
	join UW_ActivityInstances ai on wi.id = ai.WorkflowInstance_Id
	join UW_Changes  c on ai.Id = c.ActivityInstance_Id 
	join UM_EntityProperties ep on ep.Id = c.Property_Id
	join zz_Person p on p.Id=wi.I40
	join zz_PersonRecord pr on pr.Id = p.MainRecord
	join zz_DomaineAD dad on dad.Id = pr.DomaineAD
	full join zz_Organization org on org.Id= c.Linked_Id
	WHERE dad.Identifier ='CAA01'
	and w.Identifier in ('Person_UpdateFull', 'Person_Prolongation', 'Person_EndFull', 'Person_EndFull_API')
	--and (ai.Subject like '%METIS%' OR ai.Subject like '%Modification%' OR ai.Subject like '%Prolongation%')
	and  ai.Subject not like '%POLES%' and  ai.Subject not like '%Boarding%'
	and (c.value is not null or c.Linked_Id is not null) 
	and CONVERT(DATETIME2(2),ai.CreationDate ) &gt;  DATEADD(hh, -24, GETDATE())
	and ep.Identifier in ('EndDate')
	order by ep.Identifier"
    DisplayName_L1="Extraction des modifications de date de fin CAAS sur les dernieres 24h" />
	
  <InvokeSqlCommandTask Identifier="Extract_CAAS_Changes_Orga" IsNotAQuery="0" OutputPath="D:/CAGIP_IAM/Temp/CAAS/CA-GIP_changes_orga.csv" 
    SQLCommand="select distinct ai.Subject, p.FullName, p.Mail, p.Login, ep.Identifier,
		( select  (CASE 
        --date au format dd/mm/yyyy
		--WHEN c.Value IS NOT NULL THEN SUBSTRING(c.Value,7,2) + '/' + SUBSTRING(c.Value,5,2) + '/' + LEFT(c.Value,4)
        WHEN c.Value IS NOT NULL THEN c.Value 
        WHEN org.Trigramme IS NOT NULL THEN org.Trigramme  END)) AS [Value]
	from UW_WorkflowInstances wi
	join UW_Workflows w on wi.Workflow_Id = w.Id
	join UW_ActivityInstances ai on wi.id = ai.WorkflowInstance_Id
	join UW_Changes  c on ai.Id = c.ActivityInstance_Id 
	join UM_EntityProperties ep on ep.Id = c.Property_Id
	join zz_Person p on p.Id=wi.I40
	join zz_PersonRecord pr on pr.Id = p.MainRecord
	join zz_DomaineAD dad on dad.Id = pr.DomaineAD
	full join zz_Organization org on org.Id= c.Linked_Id
	WHERE dad.Identifier ='CAA01'
	and w.Identifier in ('Person_UpdateFull', 'Person_Change_Orga', 'Person_Change_Orga_API')
	--and (ai.Subject like '%METIS%' OR ai.Subject like '%Modification%' OR ai.Subject like '%Changement d'équipe%')
	and  ai.Subject not like '%POLES%' and  ai.Subject not like '%Boarding%'
	and (c.value is not null or c.Linked_Id is not null) 
	and CONVERT(DATETIME2(2),ai.CreationDate ) &gt;  DATEADD(hh, -24, GETDATE())
	and ep.Identifier in ('Organization')
	order by ep.Identifier"
    DisplayName_L1="Extraction des modifications d'équipe CAAS sur les dernieres 24h" />
	
	<InvokeSqlCommandTask  Identifier="Extract_CACIB_Changes" IsNotAQuery="0" OutputPath="D:/CAGIP_IAM/Temp/CACIB/CA-GIP_changes.csv" 
    SQLCommand="select distinct ai.Subject, p.FullName, p.Mail, p.Login, ep.Identifier, SUBSTRING(c.Value,7,2) + '/' + SUBSTRING(c.Value,5,2) + '/' + LEFT(c.Value,4) as [Value]
	from UW_WorkflowInstances wi
	join UW_ActivityInstances ai on wi.id = ai.WorkflowInstance_Id
	join UW_Changes  c on ai.Id = c.ActivityInstance_Id 
	join UM_EntityProperties ep on ep.Id = c.Property_Id
	join zz_Person p on p.Id=wi.I40
	join zz_PersonRecord pr on pr.Id = p.MainRecord
	join zz_DomaineAD dad on dad.Id = pr.DomaineAD
	WHERE dad.Identifier ='EMEA.CIB'
	and (ai.Subject like '%METIS%' OR ai.Subject like '%Modification%' OR ai.Subject like '%Prolongation%' OR ai.Subject like '%Départ%')
	and  ai.Subject not like '%POLES%' and  ai.Subject not like '%Boarding%'
	and c.value is not null and CONVERT(DATETIME2(2),ai.CreationDate ) &gt;  DATEADD(hh, -24, GETDATE())
	and ep.Identifier='WhenOut'
	order by ep.Identifier" 
    DisplayName_L1="Extraction des modifications CACIB sur les dernieres 24h" />
	
	<InvokeSqlCommandTask  Identifier="Extract_CATS_Changes" IsNotAQuery="0" OutputPath="D:/CAGIP_IAM/Temp/CATS/CA-GIP_changes.csv" 
    SQLCommand="select distinct ai.Subject, p.FullName, p.Mail, p.Login, ep.Identifier, SUBSTRING(c.Value,7,2) + '/' + SUBSTRING(c.Value,5,2) + '/' + LEFT(c.Value,4) as [Value]
	from UW_WorkflowInstances wi
	join UW_ActivityInstances ai on wi.id = ai.WorkflowInstance_Id
	join UW_Changes  c on ai.Id = c.ActivityInstance_Id 
	join UM_EntityProperties ep on ep.Id = c.Property_Id
	join zz_Person p on p.Id=wi.I40
	join zz_PersonRecord pr on pr.Id = p.MainRecord
	join zz_DomaineAD dad on dad.Id = pr.DomaineAD
	WHERE dad.Identifier ='ZGIE'
	and (ai.Subject like '%METIS%' OR ai.Subject like '%Modification%' OR ai.Subject like '%Prolongation%' OR ai.Subject like '%Départ%')
	and  ai.Subject not like '%POLES%' and  ai.Subject not like '%Boarding%'
	and c.value is not null and CONVERT(DATETIME2(2),ai.CreationDate ) &gt;  DATEADD(hh, -24, GETDATE())
	and ep.Identifier='WhenOut'
	order by ep.Identifier" 
    DisplayName_L1="Extraction des modifications CATS sur les dernieres 24h" />

  <InvokeSqlCommandTask OpenIdClient="accessJob" Agent="Local" Identifier="Set_AdminProfile" IsNotAQuery="1" DisplayName_L1="Chargement des profils utilisateurs" SQLCommand="insert into UA_AssignedProfiles(id,User_Id,Profile_Id,Context_Id,AccessState) select -70,r.id,p.id,-1,16 from ur_resources r , ua_profiles p where r.cb='parard_c' and r.type=(select id FROM UM_EntityTypes where identifier = 'AD_ProdGrp_Entry') and p.identifier='Administrator'" />

  <InvokeSqlCommandTask OpenIdClient="accessJob" Agent="Local"  Identifier="Chargement_OU_Partenaire" IsNotAQuery="1" DisplayName_L1="Chargement OU Partenaire" SQLCommand="UPDATE PRC
  set PRC.OU_Partenaire = PAR.Id
  from UP_AssignedResourceTypes ART
  join zz_Person PR on PR.Id = ART.Owner_Id
  join UP_ResourceTypes RT ON ART.ResourceType_Id = RT.id and RT.identifier = 'AD_Partenaires_Entry_NominativeUser'
  join zz_AD_Partenaires_Entry_children LINK on LINK.children_Id = ART.Resource_Id
  join zz_AD_Partenaires_Entry AD on AD.id = LINK.parentdn_Id
  join zz_OUPartenaire PAR on AD.dn= CONCAT(PAR.Identifier,',OU=Utilisateurs,DC=partenaires,DC=local')
  join zz_PersonRecord PRC on PRC.Person = PR.Id
  where PRC.DomaineAD=-353;
  UPDATE zz_PersonRecord set IsOffShore=1 where Mail like '%@administration-ca-silca.fr' and IsOffShore is null" />

  <InvokeSqlCommandTask OpenIdClient="accessJob" Agent="Local" Identifier="Protect_NULL_Login_ITAM" IsNotAQuery="1" Timeout="360" DisplayName_L1="Sauvegarde du Login" SQLCommand="UPDATE ars
  SET ars.WorkflowState=16, ars.value = CASE WHEN r.ADLogin is NULL THEN PR.Login ELSE r.ADLogin END
  FROM zz_Rh_Person r
  JOIN UP_AssignedResourceTypes art ON art.Owner_Id=r.id
  JOIN UP_ResourceTypes rt ON rt.Identifier like 'Person' AND rt.Id=art.ResourceType_Id
  JOIN UP_AssignedResourceScalars ars ON ars.AssignedResourceType_Id=art.id
  JOIN zz_PersonRecord pr ON art.Resource_Id=pr.id
  JOIN UM_EntityProperties ep ON ep.Id = ars.Property_Id AND ep.Identifier = 'Login' AND ep.EntityType_Id=pr._type" />

  <InvokeSqlCommandTask OpenIdClient="accessJob" Agent="Local" Identifier="Protect_NULL_Mail_ITAM" IsNotAQuery="1" Timeout="360" DisplayName_L1="Sauvegarde du Mail" SQLCommand="UPDATE ars
  SET ars.WorkflowState=16, ars.value = CASE WHEN r.EmailAddress is NULL THEN PR.Mail ELSE r.EmailAddress END
  FROM zz_Rh_Person r
  JOIN UP_AssignedResourceTypes art ON art.Owner_Id=r.id
  JOIN UP_ResourceTypes rt ON rt.Identifier like 'Person' AND rt.Id=art.ResourceType_Id
  JOIN UP_AssignedResourceScalars ars ON ars.AssignedResourceType_Id=art.id
  JOIN zz_PersonRecord pr ON art.Resource_Id=pr.id
  JOIN UM_EntityProperties ep ON ep.Id = ars.Property_Id AND ep.Identifier = 'Mail' AND ep.EntityType_Id=pr._type" />

  <InvokeSqlCommandTask OpenIdClient="accessJob" Agent="Local"  Identifier="Cure_All_Indexes" IsNotAQuery="1" Timeout="600" DisplayName_L1="Nettoyage des index" SQLCommand="DECLARE @tableName VARCHAR(256);
  DECLARE @SQL NVARCHAR(256);
  BEGIN
  DECLARE curAllIndex CURSOR FOR SELECT TABLE_NAME AS tableName FROM INFORMATION_SCHEMA.TABLES WHERE TABLE_TYPE = 'BASE TABLE'  ORDER BY TABLE_NAME
  OPEN curAllIndex
  FETCH NEXT FROM curAllIndex INTO @tableName
  WHILE (@@FETCH_STATUS = 0)
  BEGIN
  SET @SQL = 'ALTER INDEX ALL ON ' + @tableName +  ' REBUILD '
  PRINT @SQL
  EXEC sp_executeSQL @SQL
  FETCH NEXT FROM curAllIndex INTO @tableName
  END
  CLOSE curAllIndex
  DEALLOCATE curAllIndex
  END" />

  <InvokeSqlCommandTask Identifier="Double_Maitre" Timeout="1000" IsNotAQuery="1" SQLInputFile="D:/CAGIP_IAM/Initialisation/Database/Double_Maitre.sql" DisplayName_L1="Double maitre" />

  <InvokeSqlCommandTask  Identifier="Delete_SR_Role_When_Change_Orga" IsNotAQuery="0" SQLInputFile="D:/CAGIP_IAM/Initialisation/Database/Change_Orga_Delete_Manual_Resources_SR.sql" DisplayName_L1="Changement d'équipe" OutputPath="D:/CAGIP_IAM/Initialisation/Database/Mobilite/tempSR.csv" />

  <InvokeSqlCommandTask Identifier="Delete_CR_Role_When_Change_Orga" IsNotAQuery="0" SQLInputFile="D:/CAGIP_IAM/Initialisation/Database/Change_Orga_Delete_Manual_Resources_CR.sql" DisplayName_L1="Changement d'équipe" OutputPath="D:/CAGIP_IAM/Initialisation/Database/Mobilite/tempCR.csv" />

  <InvokeSqlCommandTask OpenIdClient="accessJob" Agent="Local" Identifier="Init_DatabaseIndex" DisplayName_L1="Initialisation des index SQL" IsNotAQuery="1" SQLCommand="/* position/column conversion */
  create table #tmp_ordinals(id int, identifier varchar(4));
  insert into #tmp_ordinals(id,identifier)
  select (ROW_NUMBER() over (order by ordinal_position asc)) - 1, column_name
  from INFORMATION_SCHEMA.COLUMNS
  where TABLE_NAME='ur_resources'
  and COLUMN_NAME like 'C%' and ordinal_position&gt;5
  union all
  select (ROW_NUMBER() over (order by ordinal_position asc)) + 127, column_name
  from INFORMATION_SCHEMA.COLUMNS
  where TABLE_NAME='ur_resources'
  and COLUMN_NAME like 'I%' and ordinal_position&gt;5
  declare  @userid varchar(8000), @sql varchar(8000)
  /* Records index */
  select @sql='create index IX_Resources_'+'PersonRecord'+'_' + 'Person'
  select @sql=(@sql + ' on ur_resources(')
  select @sql=(@sql + o.identifier) from UM_EntityProperties ep join UM_EntityTypes et on et.id=ep.EntityType_Id join #tmp_ordinals o on o.id=ep.TargetColumnIndex where et.Identifier='PersonRecord' and ep.Identifier='Person'
  select @sql=(@sql + ',id) include (dirty,&quot;DisplayName_L1&quot;,&quot;DisplayName_L2&quot;')
  select @sql=(@sql+','+o.identifier) from UM_EntityProperties ep join UM_EntityTypes et on et.id=ep.EntityType_Id join #tmp_ordinals o on o.id=ep.TargetColumnIndex where et.Identifier='PersonRecord' and ep.Identifier!='Person'
  order by TargetColumnIndex
  select @sql=(@sql+') where validto=CONVERT(datetime2(2),''9999-12-31 23:59:59.99'') and &quot;type&quot;=')
  select @sql=(concat(@sql,''+et.id)) from UM_EntityTypes et where et.Identifier='PersonRecord'
  execute (@sql)
  /* Statistics */
  select @userid=id from UM_EntityTypes where Identifier='Person'
  select @sql='CREATE STATISTICS &quot;S_Resources_'+ 'Person' +'_Id&quot; ON &quot;UR_resources&quot;(&quot;id&quot;) where &quot;validto&quot;=CONVERT(datetime2(2),''9999-12-31 23:59:59.99'') and &quot;type&quot;='+@userid+' WITH FULLSCAN'
  execute (@sql)
  select @sql='CREATE STATISTICS &quot;S_AssignedResourceTypes_Owner_'+ 'Person' +'&quot; ON up_assignedresourcetypes(&quot;owner_id&quot;) where &quot;validto&quot;=CONVERT(datetime2(2),''9999-12-31 23:59:59.99'') and &quot;ownertype&quot;='+@userid+' WITH FULLSCAN'
  execute (@sql)
  select @sql='CREATE STATISTICS &quot;S_AssignedResourceScalars_Owner_'+ 'Person' +'&quot; ON up_assignedresourcescalars(&quot;owner_id&quot;) where &quot;validto&quot;=CONVERT(datetime2(2),''9999-12-31 23:59:59.99'') and &quot;ownertype&quot;='+@userid+' WITH FULLSCAN'
  execute (@sql)
  select @sql='CREATE STATISTICS &quot;S_AssignedResourceNavigations_Owner_'+ 'Person' +'&quot; ON up_assignedresourcenavigations(&quot;owner_id&quot;) where &quot;validto&quot;=CONVERT(datetime2(2),''9999-12-31 23:59:59.99'') and &quot;ownertype&quot;='+@userid+' WITH FULLSCAN'
  execute (@sql)" />

  <InvokeSqlCommandTask Identifier="FulFill_GoZen_SQL" IsNotAQuery="0" DisplayName_L1="Extract Users for GoZen" OutputPath="D:/CAGIP_IAM/EXTRACTS/KAFKA_Folder/utilisateurskafkaIN.csv" SQLCommand="SELECT DISTINCT 
  p.Identifier as CODE
  , CASE WHEN pr.LoginZoe is not null THEN pr.LoginZoe ELSE pr.Login END as LOGIN_AD
  , pr.Mail as ADR_MAIL
  , pr.LastName as NOM
  , pr.FirstName as PRENOM
  , pr.IUG as IUG
  , o.Identifier as CODE_SER
  , CONVERT(varchar(8),dateadd(DAY,1,CONVERT(date,CONVERT(CHAR(8), pr.WhenIn, 120))),112) as DATE_ENTREE
  , SUBSTRING(pr.WhenOut,0,9) as DATE_SORTIE
  , manag.IUG as IUG_MANAGER
  , pr.RHSite as DESC_SITE
  , pr.RHBatiment as DESC_BAT
  , pr.RHEtage as DESC_ETG
  , pr.RHBureau as DESC_LOC
  , pr.PhoneNumber as NUM_TEL
  , d.Identifier as CODE_DIV
  , c.Identifier as CODE_SOC
  , et.Identifier as CATEGORIE
  , CASE WHEN ct.Identifier is not null THEN ct.Identifier ELSE pr.RHMatricule END as MATRICULE
  , '' as STATUT
  , cloc.Site as COLOCALISATION
  , pr.CommentsWFE as COMMENTAIRE_WFE
  FROM zz_Person p
  JOIN zz_PersonRecord pr on p.MainRecord = pr.Id
  LEFT JOIN zz_Organization o on pr.Organization = o.Id
  LEFT JOIN zz_PersonRecord_Responsible ur on pr.id = ur.underresponsability_Id
  LEFT JOIN zz_PersonRecord manag on manag.Id = ur.Responsible_Id
  JOIN zz_Division d on  pr.Division = d.Id
  LEFT JOIN zz_Company c on pr.Company = c.Id
  LEFT JOIN zz_EmployeeType et on pr.EmployeeType = et.Id
  JOIN zz_PresenceState ps on p.PresenceState = ps.Id AND ps.Id in (-100,-101,-102)
  LEFT JOIN zz_PersonRecord_Contracts uc on uc.PersonRecords_Id  = pr.Id
  LEFT JOIN zz_Contract ct on ct.Id = uc.Contracts_Id
  LEFT JOIN zz_Co_localisation cloc on cloc.Id = pr.Co_localisation
  WHERE p.Identifier IS NOT NULL
  ORDER BY p.Identifier
" />




  <!-- Scripts -->
  <InvokeExpressionTask Agent="Local" OpenIdClient="accessJob" Identifier="Create_HomeFolderProdgrp_Incremental" InputPath="D:/CAGIP_IAM/Provisioning/6.Create_HomeFolder.ps1 -DesignJob AD_ProdGrp_Full_Incremental -ResourceType AD_ProdGrp_Entry_NominativeUser -ServeurAD WP700DCS00001.prodgrp.local -DitAD DC=prodgrp,DC=local" DisplayName_L1="Création du HomeFolder Prodgrp" />

  <InvokeExpressionTask Agent="Local" OpenIdClient="accessJob" Identifier="Create_HomeFolderProdgrp_Complete" InputPath="D:/CAGIP_IAM/Provisioning/6.Create_HomeFolder.ps1 -DesignJob AD_ProdGrp_Full_Complete -ResourceType AD_ProdGrp_Entry_NominativeUser -ServeurAD WP700DCS00001.prodgrp.local -DitAD DC=prodgrp,DC=local" DisplayName_L1="Création du HomeFolder Prodgrp" />

  <InvokeExpressionTask Agent="Local" OpenIdClient="accessJob" Identifier="Create_HomeFolderProdgrp" InputPath="D:/CAGIP_IAM/Provisioning/6.Create_HomeFolder.ps1 -DesignJob AD_Provisioning -ResourceType AD_ProdGrp_Entry_NominativeUser -ServeurAD WP700DCS00001.prodgrp.local -DitAD DC=prodgrp,DC=local" DisplayName_L1="Création du HomeFolder Prodgrp" />

  <InvokeExpressionTask Agent="Local" OpenIdClient="accessJob" Identifier="Create_HomeFolderZoe_Incremental" InputPath="D:/CAGIP_IAM/Provisioning/6.Create_HomeFolder.ps1 -DesignJob AD_Zoe_Full_Incremental -ResourceType AD_Zoe_Entry_NominativeUser -ServeurAD WP700DCS00017.zoe.gca -DitAD DC=zoe,DC=gca" DisplayName_L1="Création du HomeFolder Zoe" />

  <InvokeExpressionTask Agent="Local" OpenIdClient="accessJob" Identifier="Create_HomeFolderZoe_Complete" InputPath="D:/CAGIP_IAM/Provisioning/6.Create_HomeFolder.ps1 -DesignJob AD_Zoe_Full_Complete -ResourceType AD_Zoe_Entry_NominativeUser -ServeurAD WP700DCS00017.zoe.gca -DitAD DC=zoe,DC=gca" DisplayName_L1="Création du HomeFolder Zoe" />

  <InvokeExpressionTask Agent="Local" OpenIdClient="accessJob" Identifier="Create_HomeFolderZoe" InputPath="D:/CAGIP_IAM/Provisioning/6.Create_HomeFolder.ps1 -DesignJob AD_Provisioning -ResourceType AD_Zoe_Entry_NominativeUser -ServeurAD WP700DCS00017.zoe.gca -DitAD DC=zoe,DC=gca" DisplayName_L1="Création du HomeFolder Zoe" />

  <InvokeExpressionTask Agent="Local" OpenIdClient="accessJob" Identifier="Precollecte_RH" InputPath="D:/CAGIP_IAM/Powershell/Precollecte.ps1 3" DisplayName_L1="Précollecte RH" />

  <InvokeExpressionTask Agent="Local" OpenIdClient="accessJob" Identifier="Precollecte_RACF" InputPath="D:/CAGIP_IAM/Powershell/Precollecte.ps1 4" DisplayName_L1="Précollecte RACF" />

  <InvokeExpressionTask Agent="Local" OpenIdClient="accessJob" Identifier="Notif_when_Contrat_Limite_Date" InputPath="D:/CAGIP_IAM/Powershell/Departure_Notifications.ps1" DisplayName_L1="Genération mail J-50 J-30 J-20 et J-5" />

  <InvokeExpressionTask Agent="Local" OpenIdClient="accessJob" Identifier="NotificationExtractCAAS" InputPath="D:/CAGIP_IAM/Powershell/NotificationExtractionPoles.ps1 -Domaine CAAS" DisplayName_L1="Notification Reporting changement CAAS sur 24h" />
  
  <InvokeExpressionTask Agent="Local" OpenIdClient="accessJob" Identifier="NotificationExtractCACIB" InputPath="D:/CAGIP_IAM/Powershell/NotificationExtractionPoles.ps1 -Domaine CACIB" DisplayName_L1="Notification Reporting changement CACIB sur 24h" />
  
  <InvokeExpressionTask Agent="Local" OpenIdClient="accessJob" Identifier="NotificationExtractCATS" InputPath="D:/CAGIP_IAM/Powershell/NotificationExtractionPoles.ps1 -Domaine CATS" DisplayName_L1="Notification Reporting changement CATS sur 24h" />
  
  <InvokeExpressionTask Agent="Local" OpenIdClient="accessJob" Identifier="NotificationReporting" InputPath="D:/CAGIP_IAM/Powershell/NotificationReportingAnos.ps1" DisplayName_L1="Notification Reporting Anomalies" />
  
  <InvokeExpressionTask Agent="Local" OpenIdClient="accessJob" Identifier="Welcome_Pack_Notification" InputPath="D:/CAGIP_IAM/Powershell/WelcomePackNotification.ps1" DisplayName_L1="Genération et envoie du mail de bienvenue" />

  <!-- GOZEN -->
  <InvokeExpressionTask Agent="Local" OpenIdClient="accessJob" Identifier="ConvertExtractToUTF8" InputPath="D:/CAGIP_IAM/Kafka/ConvertExtractToUTF8.ps1" DisplayName_L1="ConvertExtractToUTF8" />

  <InvokeExpressionTask Agent="Local" OpenIdClient="accessJob" Identifier="UploadToKafka" InputPath="D:/CAGIP_IAM/Kafka/UploadToKafka.ps1" DisplayName_L1="UploadToKafka" />

  <InvokeExpressionTask Agent="Local" OpenIdClient="accessJob" Identifier="Sleep" InputPath="D:/CAGIP_IAM/Kafka/Sleep.ps1" DisplayName_L1="Sleep" />

  <InvokeExpressionTask Agent="Local" OpenIdClient="accessJob" Identifier="DownloadFromKafka" InputPath="D:/CAGIP_IAM/Kafka/DownloadFromKafka.ps1" DisplayName_L1="DownloadFromKafka" />

  <InvokeExpressionTask Agent="Local" OpenIdClient="accessJob" Identifier="ConvertToCSV" InputPath="D:/CAGIP_IAM/Kafka/ConvertToCSV.ps1" DisplayName_L1="ConvertToCSV" />

  <InvokeExpressionTask Agent="Local" OpenIdClient="accessJob" Identifier="flush_DNS" InputPath="D:/CAGIP_IAM/Kafka/flush_DNS.ps1" DisplayName_L1="purge du cache DNS" />

  <InvokeExpressionTask Agent="Local" OpenIdClient="accessJob" Identifier="setNAS" InputPath="D:/CAGIP_IAM/Kafka/setNAS.ps1" DisplayName_L1="monter le disque NAS" />


  <InvokeExpressionTask Agent="Local" Identifier="setNASZoe" OpenIdClient="accessJob" InputPath="D:/CAGIP_IAM/Powershell/setNASZoe.ps1" DisplayName_L1="monter le disque NAS Zoe" />

  <!-- Metis -->
  <InvokeExpressionTask Agent="Local" OpenIdClient="accessJob" Identifier="Task_On_Boarding_Metis" InputPath="D:/CAGIP_IAM/Powershell/OnBoarding_API.ps1 -SourceType Metis" DisplayName_L1="Nouveaux Collaborateurs Metis" />

  <InvokeExpressionTask Agent="Local" OpenIdClient="accessJob" Identifier="Task_On_Boarding_Poles" InputPath="D:/CAGIP_IAM/Powershell/OnBoarding_API.ps1 -SourceType Poles" DisplayName_L1="Arrivés et Modifications Collaborateurs Poles " />
  <!-- MigrationZoe -->
  <InvokeExpressionTask Agent="Local" Identifier="ScriptMigrationZoe" InputPath="D:/CAGIP_IAM/MigrationZoe/MigrationZoe.ps1" OpenIdClient="accessJob" DisplayName_L1="Script de migration Zoe" />
  <InvokeExpressionTask Agent="Local" Identifier="ScriptMigrationZoeLocal" InputPath="D:/CAGIP_IAM/MigrationZoe/MigrationZoeNasKO.ps1" OpenIdClient="accessJob" DisplayName_L1="Script de migration Zoe mode fichier local" />
  <InvokeExpressionTask Agent="Local" Identifier="RollbackZoe" InputPath="D:/CAGIP_IAM/MigrationZoe/RollbackZoe.ps1" OpenIdClient="accessJob" DisplayName_L1="Script de Rollback migration Zoe" />
  <!-- MigrationRed01 -->
  <InvokeExpressionTask Agent="Local" Identifier="ScriptMigrationRed01" InputPath="D:/CAGIP_IAM/MigrationRed01/MigrationRed01.ps1" OpenIdClient="accessJob" DisplayName_L1="Script de migration Red01" />
  
  <!-- Rattrapage des logins CAPS (lors de la migration Zoe)-->
  <InvokeExpressionTask Agent="Local" Identifier="ScriptRattrapgeLoginCAPS" InputPath="D:/CAGIP_IAM/Powershell/MigrationZOE_RattrapageLoginCAPS.ps1" OpenIdClient="accessJob" DisplayName_L1="Script de rattrapage des logins CAPS" />
  
  <!-- Revocation des certificats - solution temporaire -->
  <InvokeExpressionTask Agent="Local" Identifier="Revocation_certificat" InputPath="D:/CAGIP_IAM/Powershell/RevocationCertificat.ps1" OpenIdClient="accessJob" DisplayName_L1="Script de croisement de données et dépôt du résultat dans le NAS" />

  <!-- Policy RH -->
  <ComputeRoleModelTask Identifier="ComputeProvisioningPolicy_Person" DisplayName_L1="Préparation des ordres de provisioning : Person">
    <TaskEntityType EntityType="Person" />
  </ComputeRoleModelTask>

  <ComputeCorrelationKeysTask Identifier="ComputeCorrelationKeys_Rh" DisplayName_L1="Calcul des clés de corrélation : RH" Dirty="1">
    <TaskEntityType EntityType="Prestataire" />
    <TaskEntityType EntityType="Organisation" />
    <TaskEntityType EntityType="Consort" />
    <TaskEntityType EntityType="local" />	
    <TaskEntityType EntityType="rh_site" />
    <TaskEntityType EntityType="Easy_Contrat" />
  </ComputeCorrelationKeysTask>

  <ComputeRoleModelTask Identifier="ComputeProvisioningPolicy_Rh" DisplayName_L1="Préparation des ordres de provisioning : RH" Dirty="1" BlockProvisioning="false">
    <TaskEntityType EntityType="Prestataire" />
    <TaskEntityType EntityType="Organisation" />
    <TaskEntityType EntityType="Consort" />
    <TaskEntityType EntityType="local" />	
    <TaskEntityType EntityType="rh_site" />
    <TaskEntityType EntityType="Easy_Contrat" />
  </ComputeRoleModelTask>

  <UpdateEntityPropertyExpressionsTask Identifier="RH_ComputePreperties" DisplayName_L1="RH - Calcul des expressions">
    <TaskEntityType EntityType="Rh_Person" />
    <TaskEntityType EntityType="Prestataire" />
    <TaskEntityType EntityType="Organisation" />
    <TaskEntityType EntityType="Consort" />
	<TaskEntityType EntityType="local" />
    <TaskEntityType EntityType="rh_site" />
    <TaskEntityType EntityType="Easy_Contrat" />
  </UpdateEntityPropertyExpressionsTask>

  <ComputeCorrelationKeysTask Identifier="ComputeCorrelationKeys_Rh_Person" DisplayName_L1="Calcul des clés de corrélation : RH" Dirty="1">
    <TaskEntityType EntityType="Rh_Person" />
  </ComputeCorrelationKeysTask>

  <ComputeRoleModelTask Identifier="ComputeProvisioningPolicy_Rh_Person" DisplayName_L1="Préparation des ordres de provisioning : RH" Dirty="1" BlockProvisioning="false">
    <TaskEntityType EntityType="Rh_Person" />
  </ComputeRoleModelTask>

</ConfigurationFile>