﻿<ConfigurationFile xmlns="urn:schemas-usercube-com:configuration">
	
	
	
	
	<CreateConnectorSynchroComplete JobIdentifier="AD_SECPROD1_Synchronization" Connector="SECPROD1" DisplayName_L1="AD_SECPROD1 - Lecture complète " OldAlgorithm="true">
        <OpenIdIdentifier Identifier="accessJob" />
		<!-- <CronTabExpression CronTimeZone="ServerTime" CronTab="00 20 * * *"/> -->
		
		<NoProvisioning />
    </CreateConnectorSynchroComplete>
	
	<CreateConnectorSynchroComplete JobIdentifier="AD_SECPROD1_Fullfillment" Connector="SECPROD1" DisplayName_L1="AD_SECPROD1 - Ecriture vers METIS" OldAlgorithm="true">
        <OpenIdIdentifier Identifier="accessJob" />
		<!-- <CronTabExpression CronTimeZone="ServerTime" CronTab="05 20 * * *"/> -->
		<NoSynchronization />
		
    </CreateConnectorSynchroComplete>
	
	
</ConfigurationFile>