﻿<ConfigurationFile xmlns="urn:schemas-usercube-com:configuration">
  <DisplayTable Identifier="AD_SECPROD1_Entry" EntityType="AD_SECPROD1_Entry" DisplayTableDesignElement="resourcetable" IsEntityTypeDefault="true">
    <Column DefaultSortPriority="1" DisplayBinding="dn" IsDisplayInSummaryView="true" IsResizable="true" IsSortable="true" CanBeFiltered="true" ColumnSize="4" SearchOperator="Contain" />
    <Column DisplayBinding="userPrincipalName" IsDisplayInSummaryView="true" IsResizable="true" IsSortable="true" CanBeFiltered="true" ColumnSize="2" />
    <Column DisplayBinding="userAccountControl" IsDisplayInSummaryView="true" IsResizable="true" IsSortable="true" CanBeFiltered="true" ColumnSize="1" />
    <Column DisplayBinding="sAMAccountName" IsDisplayInSummaryView="true" IsResizable="true" IsSortable="true" CanBeFiltered="true" ColumnSize="2" />
    <Column DisplayBinding="displayName" IsDisplayInSummaryView="true" IsResizable="true" IsSortable="true" CanBeFiltered="true" ColumnSize="2" />
  </DisplayTable>
  
  <DisplayEntityType Identifier="AD_SECPROD1_Entry" IconCode="TriangleUp12">
    <Property OutputType="BasicCollection" Identifier="member" />
    <Property OutputType="BasicCollection" Identifier="memberOf" />
    <Property OutputType="BasicCollection" Identifier="parentdn" />
  </DisplayEntityType>


</ConfigurationFile>
