﻿<ConfigurationFile xmlns="urn:schemas-usercube-com:configuration">
  <Connection Identifier="EasyContrat" Package="Usercube.CSV@0000001" DisplayName_L1="EasyContrat" Connector="RH" />
  <Connection Identifier="Consort" Package="Usercube.CSV@0000001" DisplayName_L1="Consort" Connector="RH" />
  <Connection Identifier="Organisation" Package="Usercube.CSV@0000001" DisplayName_L1="Organisation" Connector="RH" />
  <Connection Identifier="local" Package="Usercube.CSV@0000001" DisplayName_L1="local" Connector="RH" />
  <Connection Identifier="Prestataire" Package="Usercube.CSV@0000001" DisplayName_L1="Prestataire" Connector="RH" />
  <Connection Identifier="RhPerson" Package="Usercube.CSV@0000001" DisplayName_L1="RhPerson" Connector="RH" />
  <Connection Identifier="colocalisationsource" Package="Usercube.CSV@0000001" DisplayName_L1="colocalisationsource" Connector="RH" />
  <Connector MaxLinkPercentageDeletedLines="30" MaxLinkPercentageInsertedLines="30" MaxPercentageDeletedLines="30" MaxPercentageInsertedLines="30" MaxPercentageUpdatedLines="30" MaximumDeletedLines="0" MaximumInsertedLines="0" MaximumLinkDeletedLines="0" MaximumLinkInsertedLines="0" MaximumUpdatedLines="0" Identifier="RH" DisplayName_L1="RH GoZen" Agent="Local" />

  <!--Fichier GoZen : RH -->
  <EntityType Identifier="Rh_Person" DisplayName_L1="Personne">
    <Property Identifier="IdentifiantITAM" DisplayName_L1="Code unique IAM" Type="String" TargetColumnIndex="4" IsKey="true" />
    <Property Identifier="Nom" DisplayName_L1="Nom" Type="String" TargetColumnIndex="5" />
    <Property Identifier="Prenom" DisplayName_L1="Prénom" Type="String" TargetColumnIndex="6" />
    <Property Identifier="PhoneNumber" DisplayName_L1="Numéro de téléphone GoZen" Type="String" TargetColumnIndex="7" />
    <Property Identifier="EmailAddress" DisplayName_L1="Adresse e-mail GoZen" Type="String" TargetColumnIndex="8" />
    <Property Identifier="Division" DisplayName_L1="Division" Type="String" TargetColumnIndex="9" />
    <!-- <Property Identifier="Direction" DisplayName_L1="Direction" Type="String" TargetColumnIndex="10" /> -->
    <!-- <Property Identifier="Departement" DisplayName_L1="Département" Type="String" TargetColumnIndex="11" /> -->
    <Property Identifier="Service" DisplayName_L1="Service" Type="String" TargetColumnIndex="12" />
    <Property Identifier="Site" DisplayName_L1="Site" Type="String" TargetColumnIndex="13" />
    <Property Identifier="Batiment" DisplayName_L1="Batiment" Type="String" TargetColumnIndex="30" />
    <Property Identifier="Etage" DisplayName_L1="Etage" Type="String" TargetColumnIndex="31" />
    <Property Identifier="Bureau" DisplayName_L1="Bureau" Type="String" TargetColumnIndex="32" />
    <Property Identifier="TypeDeContrat" DisplayName_L1="Type de contrat" Type="String" TargetColumnIndex="17" />
    <Property Identifier="Societe" DisplayName_L1="Société" Type="String" TargetColumnIndex="18" />
    <Property Identifier="Matricule" DisplayName_L1="N° matricule / N° contrat" Type="String" TargetColumnIndex="19" />
    <Property Identifier="DateDentree" DisplayName_L1="Date d'entrée" Type="String" TargetColumnIndex="20" />
    <Property Identifier="DateDeSortie" DisplayName_L1="Date de sortie" Type="String" TargetColumnIndex="21" />
    <Property Identifier="IUG" DisplayName_L1="Identifiant Unique Groupe" Type="String" TargetColumnIndex="22" />
    <!-- <Property Identifier="IUD" DisplayName_L1="IUD" Type="String" TargetColumnIndex="23" /> -->
    <!-- <Property Identifier="Qualite" DisplayName_L1="Civilité" Type="String" TargetColumnIndex="25" /> -->
    <Property Identifier="ManagerName" DisplayName_L1="Nom du Manager" Type="String" TargetColumnIndex="26" />
    <Property Identifier="IUGManager" DisplayName_L1="IUG du Manager" Type="String" TargetColumnIndex="27" />
    <Property Identifier="ADLogin" DisplayName_L1="Login AD" Type="String" TargetColumnIndex="28" />
    <!-- <Property Identifier="DomainAD" DisplayName_L1="Domaine AD" Type="String" TargetColumnIndex="29" /> -->
    <Property Identifier="Statut" DisplayName_L1="Statut" Type="String" TargetColumnIndex="33" />
    <Property Identifier="Co_localisation" DisplayName_L1="Co-localisation" Type="String" TargetColumnIndex="34" />
  </EntityType>
  <EntityTypeMapping MaximumDeletedLines="0" MaximumInsertedLines="0" MaximumUpdatedLines="0" MaxPercentageDeletedLines="30" MaxPercentageInsertedLines="30" MaxPercentageUpdatedLines="30" Connector="RH" ConnectionTable="RhPerson" Identifier="Rh_Person">
    <Property Identifier="IdentifiantITAM" ConnectionColumn="CODE" IsPrimaryKey="1" />
    <Property Identifier="Nom" ConnectionColumn="NOM" />
    <Property Identifier="Prenom" ConnectionColumn="PRENOM" />
    <Property Identifier="PhoneNumber" ConnectionColumn="NUM_TEL" />
    <Property Identifier="EmailAddress" ConnectionColumn="ADR_MAIL" />
    <Property Identifier="Division" ConnectionColumn="CODE_DIV" />
    <!-- <Property Identifier="Departement" ConnectionColumn="CODE_DEP" /> -->
    <Property Identifier="Service" ConnectionColumn="CODE_SER" />
    <Property Identifier="Site" ConnectionColumn="DESC_SITE" />
    <Property Identifier="Batiment" ConnectionColumn="DESC_BAT" />
    <Property Identifier="Etage" ConnectionColumn="DESC_ETG" />
    <Property Identifier="Bureau" ConnectionColumn="DESC_LOC" />
    <Property Identifier="TypeDeContrat" ConnectionColumn="CATEGORIE" />
    <Property Identifier="Societe" ConnectionColumn="CODE_SOC" />
    <Property Identifier="Matricule" ConnectionColumn="MATRICULE" />
    <Property Identifier="DateDentree" ConnectionColumn="DATE_ENTREE" />
    <Property Identifier="DateDeSortie" ConnectionColumn="DATE_SORTIE" />
    <Property Identifier="IUG" ConnectionColumn="IUG" />
    <!-- <Property Identifier="IUD" ConnectionColumn="IUD" /> -->
    <!-- <Property Identifier="Qualite" ConnectionColumn="CIVILITE" /> -->
    <!-- <Property Identifier="ManagerName" ConnectionColumn="RESP_HIER" /> -->
    <Property Identifier="IUGManager" ConnectionColumn="IUG_MANAGER" />
    <Property Identifier="ADLogin" ConnectionColumn="LOGIN_AD" />
    <!-- <Property Identifier="DomainAD" ConnectionColumn="DOMAIN_AD" /> -->
    <Property Identifier="Statut" ConnectionColumn="STATUT" />
	<Property Identifier="Co_localisation" ConnectionColumn="COLOCALISATION" />
  </EntityTypeMapping>
  <DisplayEntityType PluralDisplayName_L1="Personnes GoZen" Identifier="Rh_Person" Color="#D2B37C" IconCode="UserSync" />


  <Form Identifier="Rh_Person" EntityType="Rh_Person" IsDefaultViewForm="true">
    <Control Binding="IdentifiantITAM" />
    <Control Binding="Nom" />
    <Control Binding="Prenom" />
    <Control Binding="PhoneNumber" />
    <Control Binding="EmailAddress" />
    <Control Binding="Division" />
    <!-- <Control Binding="Direction" /> -->
    <!-- <Control Binding="Departement" /> -->
    <Control Binding="Service" />
    <Control Binding="Site" />
    <Control Binding="Batiment" />
    <Control Binding="Etage" />
    <Control Binding="Bureau" />
    <Control Binding="TypeDeContrat" />
    <Control Binding="Societe" />
    <Control Binding="Matricule" />
    <Control Binding="DateDentree" />
    <Control Binding="DateDeSortie" />
    <Control Binding="IUG" />
    <!-- <Control Binding="IUD" /> -->
    <!-- <Control Binding="Qualite" /> -->
    <!-- <Control Binding="ManagerName" /> -->
    <Control Binding="IUGManager" />
    <Control Binding="ADLogin" />
    <!-- <Control Binding="DomainAD" /> -->
    <Control Binding="Statut" />
    <Control Binding="Co_localisation" />
  </Form>

  <EntityPropertyExpression Identifier="Rh_Person_InternalDisplayName" Expression="C#:resource:return resource.IdentifiantITAM + &quot; - &quot; + resource.Nom.ToUpper() + &quot; &quot; + Usercube.Expressions.Functions.UtilExpressions.ToFirstName(resource.Prenom,System.Globalization.CultureInfo.InvariantCulture);" EntityType="Rh_Person" Property="InternalDisplayName" />

  <DisplayTable Identifier="Rh_Person" EntityType="Rh_Person" DisplayTableDesignElement="table" IsEntityTypeDefault="true">
    <Column DefaultSortPriority="1" DisplayBinding="IdentifiantITAM" IsDisplayInSummaryView="true" CanBeFiltered="true" IsResizable="true" IsSortable="true" />
    <Column DisplayBinding="Matricule" IsDisplayInSummaryView="true" IsResizable="true" CanBeFiltered="true" IsSortable="true" />
    <Column DisplayBinding="Nom" IsDisplayInSummaryView="true" IsResizable="true" CanBeFiltered="true" IsSortable="true" />
    <Column DisplayBinding="Prenom" IsDisplayInSummaryView="true" IsResizable="true" CanBeFiltered="true" IsSortable="true" />
    <Column DisplayBinding="TypeDeContrat" IsDisplayInSummaryView="true" IsResizable="true" CanBeFiltered="true" IsSortable="true" />
    <Column DisplayBinding="DateDentree" IsDisplayInSummaryView="true" IsResizable="true" CanBeFiltered="true" IsSortable="true" />
    <Column DisplayBinding="DateDeSortie" IsDisplayInSummaryView="true" IsResizable="true" CanBeFiltered="true" IsSortable="true" />
    <Column DisplayBinding="Service" IsDisplayInSummaryView="true" IsResizable="true" CanBeFiltered="true" IsSortable="true" />
    <Column DisplayBinding="Site" IsDisplayInSummaryView="true" IsResizable="true" CanBeFiltered="true" IsSortable="true" />
    <Column DisplayBinding="ADLogin" IsDisplayInSummaryView="true" IsResizable="true" CanBeFiltered="true" IsSortable="true" />
  </DisplayTable>

  <ResourceTypeMapping Identifier="Person" Connection="ItamTopersonPerson" />
  <ResourceType TransmittedStateValidityPeriod="180" MaximumDelete="0" MaximumDeletePercent="5" MaximumInsert="0" MaximumInsertPercent="5" MaximumUpdate="0" MaximumUpdatePercent="5" Identifier="Person" DisplayName_L1="Fiche de collaborateur (depuis Gozen)" Policy="Default" TargetEntityType="PersonRecord" SourceEntityType="Rh_Person" BlockProvisioning="false">
    <TypeRule />
    <ScalarRule Property="EmployeeId" Binding="IdentifiantITAM" />
    <ScalarRule Property="LastName" Binding="Nom" />
    <ScalarRule Property="FirstName" Binding="Prenom" />
    <ScalarRule Property="FullName" Expression="C#:resource:return (resource.Nom + &quot; &quot; + resource.Prenom).ToUpper();" />
    <ScalarRule Property="PhoneNumber" Binding="PhoneNumber" />
    <!-- <ScalarRule Property="Mail" Binding="EmailAddress" /> -->
    <!-- <ScalarRule Property="Title" Binding="Qualite" /> -->
    <!--<ScalarRule Property="RhDivision" Binding="Division" />-->
    <!-- <ScalarRule Property="RhDirection" Binding="Direction" /> -->
    <!-- <ScalarRule Property="RhDepartement" Binding="Departement" /> -->
    <!-- <ScalarRule Property="RhService" Binding="Service" /> -->
    <ScalarRule Property="RHSite" Binding="Site" />
    <ScalarRule Property="RHBatiment" Binding="Batiment" />
    <ScalarRule Property="RHEtage" Binding="Etage" />
    <ScalarRule Property="RHBureau" Binding="Bureau" />
    <!-- <ScalarRule Property="RHTypeDeContrat" Binding="TypeDeContrat" /> -->
    <!-- <ScalarRule Property="Company" Binding="Societe" />-->
    <ScalarRule Property="RHMatricule" Binding="Matricule" />
    <ScalarRule Property="WhenIn" Expression="C#:resource:return resource.DateDentree == null ? UtilExpressions.ParseLocalDate(&quot;20190101&quot;, &quot;Romance Standard Time&quot;, &quot;yyyyMMdd&quot;) : UtilExpressions.ParseLocalDate(resource.DateDentree, &quot;Romance Standard Time&quot;, &quot;yyyyMMdd&quot;);" />
    <ScalarRule Property="WhenOut" Expression="C#:resource:return resource.DateDeSortie == null ? UtilExpressions.ParseLocalDate(&quot;20991231&quot;, &quot;Romance Standard Time&quot;, &quot;yyyyMMdd&quot;) : UtilExpressions.ParseLocalDate(resource.DateDeSortie, &quot;Romance Standard Time&quot;, &quot;yyyyMMdd&quot;).AddHours(24);" />
    <ScalarRule Property="IUG" Binding="IUG" />
    <!-- <ScalarRule Property="IUD" Binding="IUD" /> -->
    <!-- <ScalarRule Property="ManagerName" Binding="ManagerName" />-->
    <!-- <ScalarRule Property="IUGManager" Binding="IUGManager" /> -->
    <!-- <ScalarRule Property="Login" Binding="ADLogin" /> -->
    <!-- <ScalarRule Property="DomainAD" Binding="DomainAD" /> -->
    <ScalarRule Property="WhenOutExpected" Expression="C#:resource:return resource.DateDeSortie == null ? UtilExpressions.ParseLocalDate(&quot;20991231&quot;, &quot;Romance Standard Time&quot;, &quot;yyyyMMdd&quot;) : UtilExpressions.ParseLocalDate(resource.DateDeSortie, &quot;Romance Standard Time&quot;, &quot;yyyyMMdd&quot;).AddHours(24);" />
    <ScalarRule Property="StartDate" Expression="C#:resource:return resource.DateDentree == null ? UtilExpressions.ParseLocalDate(&quot;20190101&quot;, &quot;Romance Standard Time&quot;, &quot;yyyyMMdd&quot;) : UtilExpressions.ParseLocalDate(resource.DateDentree, &quot;Romance Standard Time&quot;, &quot;yyyyMMdd&quot;);" />
    <ScalarRule Property="EndDate" Expression="C#:resource:return resource.DateDeSortie == null ? UtilExpressions.ParseLocalDate(&quot;20991231&quot;, &quot;Romance Standard Time&quot;, &quot;yyyyMMdd&quot;) : UtilExpressions.ParseLocalDate(resource.DateDeSortie, &quot;Romance Standard Time&quot;, &quot;yyyyMMdd&quot;).AddHours(24);" />
    <!-- <ScalarRule Property="UsercubeID" Expression="C#:resource:
      string mat = &quot;&quot;;
      if(resource.IdentifiantITAM.Length &gt; 7)
      {
        mat = resource.IdentifiantITAM.Substring(resource.IdentifiantITAM.Length-7,7);
      }
      else 
      {
        mat = resource.IdentifiantITAM;
        while(mat.Length &lt; 7)
        {
          mat = &quot;0&quot; + mat;
        }
      }
      return &quot;UC&quot; + mat; " Policy="Default" IsMapped="false"/> -->
    <!-- <QueryRule Property="PersonalTitle" TargetBinding="Identifier" SourceBinding="Qualite" TargetMatchedConfidenceLevel="100" /> -->
    <QueryRule Property="EmployeeType" TargetBinding="Identifier" SourceBinding="TypeDeContrat" TargetMatchedConfidenceLevel="100" />
    <QueryRule Property="Person" TargetBinding="Identifier" SourceBinding="IdentifiantITAM" TargetMatchedConfidenceLevel="100" />
    <QueryRule Property="Company" TargetBinding="Identifier" SourceBinding="Societe" TargetMatchedConfidenceLevel="100" />
    <QueryRule Property="Division" TargetBinding="Identifier" SourceBinding="Division" TargetMatchedConfidenceLevel="100" />
    <QueryRule Property="Organization" SourceExpression="C#:resource:return resource.Service !=null ? ((resource.Service).Length &lt; 5 ? null : resource.Service.Substring(0,5)) : null;" TargetBinding="Identifier" TargetMatchedConfidenceLevel="100" />
    <!-- <QueryRule Property="ManagerName" TargetBinding="FullName" SourceBinding="ManagerName" TargetMatchedConfidenceLevel="100" /> -->
    <!-- <QueryRule Property="DomaineAD" TargetBinding="Identifier" SourceBinding="DomainAD" TargetMatchedConfidenceLevel="100" /> -->
    <QueryRule Property="Responsible" TargetBinding="IUG" SourceBinding="IUGManager" TargetMatchedConfidenceLevel="100" />
	<QueryRule Property="Co_localisation" TargetBinding="Site" SourceBinding="Co_localisation" TargetMatchedConfidenceLevel="100" />
  </ResourceType>

  <!-- <ResourceType TransmittedStateValidityPeriod="180" MaximumDelete="0" MaximumDeletePercent="5" MaximumInsert="0" MaximumInsertPercent="5" MaximumUpdate="0" MaximumUpdatePercent="5" Identifier="Personperson" DisplayName_L1="Collaborateur (depuis GoZen)" EntityType="Rh_Person" Category="Comptes" Policy="Default" TargetEntityType="Person"> -->
  <ResourceTypeMapping Identifier="Personperson" Connection="ItamTopersonPerson" />
  <ResourceType TransmittedStateValidityPeriod="180" MaximumDelete="0" MaximumDeletePercent="5" MaximumInsert="0" MaximumInsertPercent="5" MaximumUpdate="0" MaximumUpdatePercent="5" Identifier="Personperson" DisplayName_L1="Collaborateur (depuis Gozen)" Policy="Default" TargetEntityType="Person" SourceEntityType="Rh_Person" BlockProvisioning="false">
    <TypeRule />
    <ScalarRule Property="Identifier" Binding="IdentifiantITAM" />
    <!-- <ScalarRule Property="Mail" Binding="EmailAddress" /> -->
    <!-- <ScalarRule Property="Login" Binding="ADLogin" /> -->
    <!-- <ScalarRule Property="UsercubeID" Expression="C#:resource:
      string mat = &quot;&quot;;
      if(resource.IdentifiantITAM.Length &gt; 7)
      {
        mat = resource.IdentifiantITAM.Substring(resource.IdentifiantITAM.Length-7,7);
      }
      else 
      {
        mat = resource.IdentifiantITAM;
        while(mat.Length &lt; 7)
        {
          mat = &quot;0&quot; + mat;
        }
      }
      return &quot;UC&quot; + mat; " Policy="Default" IsMapped="false"/> -->
  </ResourceType>

  <ContextRule Identifier="ContextRule_Rh_Person_Default" Policy="Default" SourceEntityType="Rh_Person" DisplayName_L1="ContextRule Rh_Person" />

  <ResourceCorrelationRule ResourceType="Person" TargetBinding="EmployeeId" Policy="Default" SourceMatchedConfidenceLevel="120" SourceBinding="IdentifiantITAM" />
  <!-- <ResourceCorrelationRule ResourceType="Person" TargetExpression="C#:person:return (string.IsNullOrEmpty(person.Login)) ? null : ((string.IsNullOrEmpty(person.EmployeeId)) ? person.Login.ToLower() : null) ;" Policy="Default" SourceMatchedConfidenceLevel="100" SourceBinding="ADLogin" SourceExpression="ToLower"/>
  <ResourceCorrelationRule ResourceType="Person" TargetExpression="C#:person:return (string.IsNullOrEmpty(person.Mail)) ? null : ((string.IsNullOrEmpty(person.EmployeeId)) ? person.Mail.ToLower() : null) ;" Policy="Default" SourceMatchedConfidenceLevel="90" SourceBinding="EmailAddress" SourceExpression="ToLower"/>
  <ResourceCorrelationRule ResourceType="Person" SourceMatchedConfidenceLevel="70" SourceExpression="C#:resource:return (resource.Prenom + resource.Nom + resource.EmailAddress).ToUpper();" TargetExpression="C#:person:return (person.FirstName + person.LastName + person.Mail).ToUpper();" Policy="Default" />
  <ResourceCorrelationRule ResourceType="Person" SourceMatchedConfidenceLevel="60" SourceExpression="C#:resource:return (resource.Prenom + resource.Nom).ToUpper();" TargetExpression="C#:person:return (person.FirstName + person.LastName).ToUpper();" Policy="Default" /> -->


  <ResourceCorrelationRule ResourceType="Personperson" TargetBinding="Identifier" Policy="Default" SourceMatchedConfidenceLevel="120" SourceBinding="IdentifiantITAM" />
  <!-- <ResourceCorrelationRule ResourceType="Personperson" TargetExpression="C#:person:return (string.IsNullOrEmpty(person.Login)) ? null : ((string.IsNullOrEmpty(person.Identifier)) ? person.Login.ToLower() : null) ;" Policy="Default" SourceMatchedConfidenceLevel="100" SourceBinding="ADLogin" SourceExpression="ToLower"/>
  <ResourceCorrelationRule ResourceType="Personperson" TargetExpression="C#:person:return (string.IsNullOrEmpty(person.Mail)) ? null : ((string.IsNullOrEmpty(person.Identifier)) ? person.Mail.ToLower() : null) ;" Policy="Default" SourceMatchedConfidenceLevel="90" SourceBinding="EmailAddress" SourceExpression="ToLower"/> 
  <ResourceCorrelationRule ResourceType="Personperson" SourceMatchedConfidenceLevel="70" SourceExpression="C#:resource:return (resource.Prenom + resource.Nom + resource.EmailAddress).ToUpper();" TargetExpression="C#:person:return (person.FirstName + person.LastName + person.Mail).ToUpper();" Policy="Default" />
  <ResourceCorrelationRule ResourceType="Personperson" SourceMatchedConfidenceLevel="60" SourceExpression="C#:resource:return (resource.Prenom + resource.Nom).ToUpper();" TargetExpression="C#:person:return (person.FirstName + person.LastName).ToUpper();" Policy="Default" /> -->

  <!-- Référentiel Societes Externes-->
  <EntityType Identifier="Prestataire" DisplayName_L1="Société">
    <Property Identifier="Identifier" DisplayName_L1="Code Société" Type="String" TargetColumnIndex="4" />
    <Property Identifier="DisplayName" DisplayName_L1="Raison Sociale" Type="String" TargetColumnIndex="5" />
    <!-- <Property Identifier="OuPartenaire" DisplayName_L1="OU Partenaire" Type="String" TargetColumnIndex="6" /> -->
  </EntityType>
  <EntityTypeMapping Connector="RH" ConnectionTable="Prestataire" Identifier="Prestataire" MaximumDeletedLines="0" MaximumInsertedLines="0" MaximumUpdatedLines="0" MaxPercentageDeletedLines="30" MaxPercentageInsertedLines="30" MaxPercentageUpdatedLines="30">
     <!-- <EntityTypeMapping Connector="RH" ConnectionTable="societe_externe" Identifier="Prestataire" MaximumDeletedLines="0" MaximumInsertedLines="0" MaximumUpdatedLines="0" MaxPercentageDeletedLines="30" MaxPercentageInsertedLines="30" MaxPercentageUpdatedLines="30" DataSourceIsEncrypted="0"> -->
	<Property Identifier="Identifier" ConnectionColumn="CODE_SOCIETE" IsPrimaryKey="1" />
    <Property Identifier="DisplayName" ConnectionColumn="LIBELLE_SOCIETE" />
    <!-- <Property Identifier="OuPartenaire" ConnectionColumn="OU_PARTENAIRE" /> -->
  </EntityTypeMapping>
  <DisplayEntityType PluralDisplayName_L1="Sociétés Ext." Identifier="Prestataire" />

  <ResourceTypeMapping Identifier="ExternalSociety" Connection="OrganizationalDataConnection" />
  <ResourceType TransmittedStateValidityPeriod="180" MaximumDelete="0" MaximumDeletePercent="5" MaximumInsert="0" MaximumInsertPercent="5" MaximumUpdate="0" MaximumUpdatePercent="5" Identifier="ExternalSociety" DisplayName_L1="Sociétés Ext." Policy="Default" TargetEntityType="Company" SourceEntityType="Prestataire" AllowRemove="true" AllowAdd="true" BlockProvisioning="false">
    <TypeRule />
    <ScalarRule Property="Identifier" Binding="Identifier" />
    <ScalarRule Property="DisplayName" Binding="DisplayName" />
    <!-- <ScalarRule Property="OuPartenaire" Binding="OuPartenaire" /> -->
  </ResourceType>
  <ResourceCorrelationRule ResourceType="ExternalSociety" SourceMatchedConfidenceLevel="100" SourceBinding="Identifier" TargetBinding="Identifier" Policy="Default" />

  <DisplayTable Identifier="Prestataire" EntityType="Prestataire" DisplayTableDesignElement="table" IsEntityTypeDefault="true">
    <Column DefaultSortPriority="1" DisplayBinding="Identifier" IsDisplayInSummaryView="true" CanBeFiltered="true" IsResizable="true" IsSortable="true" />
    <Column DisplayBinding="DisplayName" IsDisplayInSummaryView="true" IsResizable="true" CanBeFiltered="true" IsSortable="true" />
  </DisplayTable>

  <EntityPropertyExpression Identifier="ExternalSociety_InternalDisplayName" Binding="DisplayName" EntityType="Prestataire" Property="InternalDisplayName" />

    <!-- Référentiel Localisation-->
  <EntityType Identifier="local" DisplayName_L1="localisation">
    <Property Identifier="Identifier" DisplayName_L1="ID" Type="String" TargetColumnIndex="4" />
    <Property Identifier="Site" DisplayName_L1="Site" Type="String" TargetColumnIndex="5" />
    <Property Identifier="Batiment" DisplayName_L1="Batiment" Type="String" TargetColumnIndex="6" />
    <Property Identifier="Etage" DisplayName_L1="Etage" Type="String" TargetColumnIndex="7" />
    <Property Identifier="Bureau" DisplayName_L1="Bureau" Type="String" TargetColumnIndex="8" />
  </EntityType>
   <EntityTypeMapping Connector="RH" ConnectionTable="local" Identifier="local" MaximumDeletedLines="0" MaximumInsertedLines="0" MaximumUpdatedLines="0" MaxPercentageDeletedLines="30" MaxPercentageInsertedLines="30" MaxPercentageUpdatedLines="30">
	<Property Identifier="Identifier" ConnectionColumn="Id" IsPrimaryKey="1" />
    <Property Identifier="Site" ConnectionColumn="Site" />
    <Property Identifier="Batiment" ConnectionColumn="Batiment" />
    <Property Identifier="Etage" ConnectionColumn="Etage" />
    <Property Identifier="Bureau" ConnectionColumn="Bureau" />
	</EntityTypeMapping>
  <DisplayEntityType PluralDisplayName_L1="Localisation" Identifier="local" />
  
  <ResourceTypeMapping Identifier="Localisation" Connection="OrganizationalDataConnection" />
  <ResourceType TransmittedStateValidityPeriod="180" MaximumDelete="0" MaximumDeletePercent="5" MaximumInsert="0" MaximumInsertPercent="5" MaximumUpdate="0" MaximumUpdatePercent="5" Identifier="Localisation" DisplayName_L1="Localisation" Policy="Default" TargetEntityType="Localisation" SourceEntityType="local" AllowRemove="false" AllowAdd="true" BlockProvisioning="false">
    <TypeRule />
    <ScalarRule Property="Identifier" Binding="Identifier" />
    <!-- <ScalarRule Property="Site" Binding="Site" /> -->
    <ScalarRule Property="Batiment" Binding="Batiment" />
    <ScalarRule Property="Etage" Binding="Etage" />
    <ScalarRule Property="Bureau" Binding="Bureau" />
    <QueryRule Property="Site" TargetBinding="Identifier" SourceBinding="Site" TargetMatchedConfidenceLevel="100" />
	<!--TODOD-->
  </ResourceType>
  <ResourceCorrelationRule ResourceType="Localisation" SourceMatchedConfidenceLevel="100" SourceBinding="Identifier" TargetBinding="Identifier" Policy="Default" />

  <DisplayTable Identifier="local" EntityType="local" DisplayTableDesignElement="table" IsEntityTypeDefault="true">
    <Column DefaultSortPriority="1" DisplayBinding="Identifier" IsDisplayInSummaryView="true" CanBeFiltered="true" IsResizable="true" IsSortable="true" />
    <Column DisplayBinding="Site" IsDisplayInSummaryView="true" IsResizable="true" CanBeFiltered="true" IsSortable="true" />
    <Column DisplayBinding="Batiment" IsDisplayInSummaryView="true" IsResizable="true" CanBeFiltered="true" IsSortable="true" />
    <Column DisplayBinding="Etage" IsDisplayInSummaryView="true" IsResizable="true" CanBeFiltered="true" IsSortable="true" />
    <Column DisplayBinding="Bureau" IsDisplayInSummaryView="true" IsResizable="true" CanBeFiltered="true" IsSortable="true" />
  </DisplayTable>

  <EntityPropertyExpression Identifier="Local_InternalDisplayName" Binding="Site" EntityType="local" Property="InternalDisplayName" />
 
  <!-- Référentiel Site -->
  <EntityType Identifier="rh_site" DisplayName_L1="Site (RH)">
    <Property Identifier="Site" DisplayName_L1="Site" Type="String" IsKey="true" TargetColumnIndex="4" />
  </EntityType>
  <EntityTypeMapping Connector="RH" ConnectionTable="rhsite" Identifier="rh_site" MaximumDeletedLines="0" MaximumInsertedLines="0" MaximumUpdatedLines="0" MaxPercentageDeletedLines="30" MaxPercentageInsertedLines="30" MaxPercentageUpdatedLines="30">
    <Property Identifier="Site" ConnectionColumn="Site" IsPrimaryKey="1" />
  </EntityTypeMapping>
  <DisplayEntityType PluralDisplayName_L1="Site (RH)" Identifier="rh_site" />
  
  <ResourceTypeMapping Identifier="RHSite_Site" Connection="OrganizationalDataConnection" />
  <ResourceType TransmittedStateValidityPeriod="180" MaximumDelete="0" MaximumDeletePercent="5" MaximumInsert="0" MaximumInsertPercent="5" MaximumUpdate="0" MaximumUpdatePercent="5" Identifier="RHSite_Site" DisplayName_L1="Site (RH) vers Site" Policy="Default" TargetEntityType="Site" SourceEntityType="rh_site" AllowRemove="false" AllowAdd="true" BlockProvisioning="false">
    <TypeRule />
    <ScalarRule Property="Identifier" Binding="Site" />
  </ResourceType>
  <ResourceCorrelationRule ResourceType="RHSite_Site" SourceMatchedConfidenceLevel="100" SourceBinding="Site" TargetBinding="Identifier" Policy="Default" />

  <DisplayTable Identifier="rh_site" EntityType="rh_site" DisplayTableDesignElement="table" IsEntityTypeDefault="true">
    <Column DefaultSortPriority="1" DisplayBinding="Site" IsDisplayInSummaryView="true" CanBeFiltered="true" IsResizable="true" IsSortable="true" />
  </DisplayTable>


  <!-- Organisation-->
  <EntityType Identifier="Organisation" DisplayName_L1="Organisation">
    <Property Identifier="Code" DisplayName_L1="Code" Type="String" TargetColumnIndex="4" />
    <Property Identifier="Niveau" DisplayName_L1="Niveau" Type="String" TargetColumnIndex="5" />
    <Property Identifier="Trigramme" DisplayName_L1="Trigramme" Type="String" TargetColumnIndex="6" />
    <Property Identifier="DisplayName" DisplayName_L1="Nom" Type="String" TargetColumnIndex="7" />
    <Property Identifier="Uid_Pere" DisplayName_L1="Code hiérarchique d'appartenance" Type="String" TargetColumnIndex="8" />
	<Property Identifier="Active" DisplayName_L1="Active" Type="String" TargetColumnIndex="9" />
    <!-- <Property Identifier="ManagerLastName" DisplayName_L1="Nom du Manager" Type="String" TargetColumnIndex="9" />
    <Property Identifier="ManagerFirstName" DisplayName_L1="Prénom du manager" Type="String" TargetColumnIndex="10" />
    <Property Identifier="ManagerUIG" DisplayName_L1="IUG Manager" Type="String" TargetColumnIndex="11" /> -->
  </EntityType>
  <EntityTypeMapping Connector="RH" ConnectionTable="Organisation" Identifier="Organisation" MaximumDeletedLines="0" MaximumInsertedLines="0" MaximumUpdatedLines="0" MaxPercentageDeletedLines="30" MaxPercentageInsertedLines="30" MaxPercentageUpdatedLines="30">
    <Property Identifier="Niveau" ConnectionColumn="NIVEAU" />
    <Property Identifier="Code" ConnectionColumn="CODE" IsPrimaryKey="1" />
    <Property Identifier="Trigramme" ConnectionColumn="NOM_COURT" />
    <Property Identifier="DisplayName" ConnectionColumn="NOM_LONG" />
    <Property Identifier="Uid_Pere" ConnectionColumn="CODE_PERE" />
	<Property Identifier="Active" ConnectionColumn="ACTIVE" />
    <!-- <Property Identifier="ManagerLastName" ConnectionColumn="NOM_MANAGER" />
    <Property Identifier="ManagerFirstName" ConnectionColumn="PRENOM_MANAGER" />
    <Property Identifier="ManagerUIG" ConnectionColumn="UIG" /> -->
  </EntityTypeMapping>
  <DisplayEntityType PluralDisplayName_L1="Organisations" Identifier="Organisation" IconCode="Org" Color="#1B436A" />

  <ResourceTypeMapping Identifier="Orga" Connection="OrganizationalDataConnection" />
  <ResourceType TransmittedStateValidityPeriod="180" MaximumDelete="0" MaximumDeletePercent="5" MaximumInsert="0" MaximumInsertPercent="5" MaximumUpdate="0" MaximumUpdatePercent="5" Identifier="Orga" DisplayName_L1="Organisation" Policy="Default" TargetEntityType="Organization" SourceEntityType="Organisation" BlockProvisioning="false">
    <TypeRule />
    <ScalarRule Property="Identifier" Binding="Code" />
    <ScalarRule Property="DisplayName" Binding="DisplayName" />
    <ScalarRule Property="Niveau" Binding="Niveau" />
    <ScalarRule Property="Trigramme" Binding="Trigramme" />
	<ScalarRule Property="Active" Binding="Active" />
    <QueryRule Property="Parent" TargetBinding="Identifier" SourceBinding="Uid_Pere" TargetMatchedConfidenceLevel="100" />
    <!-- <QueryRule Property="Supervisor" TargetBinding="FullName" SourceExpression="C#:resource:return (resource.ManagerLastName + &quot; &quot; + resource.ManagerFirstName).ToUpper();" TargetMatchedConfidenceLevel="100" /> -->
  </ResourceType>
  <ResourceCorrelationRule ResourceType="Orga" SourceMatchedConfidenceLevel="100" SourceBinding="Code" TargetBinding="Identifier" Policy="Default" />

  <DisplayTable Identifier="Organisation" EntityType="Organisation" DisplayTableDesignElement="table" IsEntityTypeDefault="true">
    <Column DefaultSortPriority="1" DisplayBinding="Code" IsDisplayInSummaryView="true" CanBeFiltered="true" IsResizable="true" IsSortable="true" />
    <Column DisplayBinding="DisplayName" IsDisplayInSummaryView="true" IsResizable="true" CanBeFiltered="true" IsSortable="true" />
    <Column DisplayBinding="Trigramme" IsDisplayInSummaryView="true" IsResizable="true" CanBeFiltered="true" IsSortable="true" />
    <Column DisplayBinding="Niveau" IsDisplayInSummaryView="true" IsResizable="true" CanBeFiltered="true" IsSortable="true" />
    <!-- <Column DisplayBinding="ManagerLastName" IsDisplayInSummaryView="true" IsResizable="true" CanBeFiltered="true" IsSortable="true" />
    <Column DisplayBinding="ManagerUIG" IsDisplayInSummaryView="true" IsResizable="true" CanBeFiltered="true" IsSortable="true" /> -->
    <Column DisplayBinding="Uid_Pere" IsDisplayInSummaryView="true" IsResizable="true" CanBeFiltered="true" IsSortable="true" />
  </DisplayTable>

  <EntityPropertyExpression Identifier="Organisation_InternalDisplayName" Binding="DisplayName" EntityType="Organisation" Property="InternalDisplayName" />

  <!-- Référentiel Societes Internes-->
  <EntityType Identifier="Consort" DisplayName_L1="Société">
    <Property Identifier="Identifier" DisplayName_L1="Code Société" Type="String" TargetColumnIndex="4" />
    <Property Identifier="DisplayName" DisplayName_L1="Raison Sociale" Type="String" TargetColumnIndex="5" />
  </EntityType>
  <EntityTypeMapping Connector="RH" ConnectionTable="Consort" Identifier="Consort" MaximumDeletedLines="0" MaximumInsertedLines="0" MaximumUpdatedLines="0" MaxPercentageDeletedLines="30" MaxPercentageInsertedLines="30" MaxPercentageUpdatedLines="30">
    <Property Identifier="Identifier" ConnectionColumn="CODE_SOCIETE" IsPrimaryKey="1" />
    <Property Identifier="DisplayName" ConnectionColumn="LIBELLE_SOCIETE" />
  </EntityTypeMapping>
  <DisplayEntityType PluralDisplayName_L1="Sociétés Int." Identifier="Consort" />

  <ResourceTypeMapping Identifier="InternalSociety" Connection="OrganizationalDataConnection" />
  <ResourceType TransmittedStateValidityPeriod="180" MaximumDelete="0" MaximumDeletePercent="5" MaximumInsert="0" MaximumInsertPercent="5" MaximumUpdate="0" MaximumUpdatePercent="5" Identifier="InternalSociety" DisplayName_L1="Sociétés Int." Policy="Default" TargetEntityType="Division" SourceEntityType="Consort" BlockProvisioning="false">
    <TypeRule />
    <ScalarRule Property="Identifier" Binding="Identifier" />
    <ScalarRule Property="DisplayName" Binding="DisplayName" />
  </ResourceType>
  <ResourceCorrelationRule ResourceType="InternalSociety" SourceMatchedConfidenceLevel="100" SourceBinding="Identifier" TargetBinding="Identifier" Policy="Default" />

  <DisplayTable Identifier="Consort" EntityType="Consort" DisplayTableDesignElement="table" IsEntityTypeDefault="true">
    <Column DefaultSortPriority="1" DisplayBinding="Identifier" IsDisplayInSummaryView="true" CanBeFiltered="true" IsResizable="true" IsSortable="true" />
    <Column DisplayBinding="DisplayName" IsDisplayInSummaryView="true" IsResizable="true" CanBeFiltered="true" IsSortable="true" />
  </DisplayTable>

  <EntityPropertyExpression Identifier="InternalSociety_InternalDisplayName" Binding="DisplayName" EntityType="Consort" Property="InternalDisplayName" />


  <!-- Référentiel Contrat : Origami -->
  <EntityType Identifier="Easy_Contrat" DisplayName_L1="Commande">
    <Property Identifier="matricule" DisplayName_L1="matricule" TargetColumnIndex="1" Type="String" IsKey="true" />
    <Property Identifier="n_contrat" DisplayName_L1="n_contrat" TargetColumnIndex="8" Type="String" />
    <Property Identifier="n_commande" DisplayName_L1="n_commande" TargetColumnIndex="2" Type="String" />
    <Property Identifier="ordre_ligne" DisplayName_L1="ordre_ligne" TargetColumnIndex="5" Type="String" />
    <Property Identifier="demandeur" DisplayName_L1="demandeur" TargetColumnIndex="0" Type="String" />
    <Property Identifier="type_prestation" DisplayName_L1="type_prestation" TargetColumnIndex="7" Type="String" />
    <Property Identifier="begin_date" DisplayName_L1="begin_date" TargetColumnIndex="4" Type="String" />
    <Property Identifier="end_date" DisplayName_L1="end_date" TargetColumnIndex="6" Type="String" />
    <Property Identifier="sup_siren" DisplayName_L1="sup_siren" TargetColumnIndex="3" Type="String" />
    <Property Identifier="objet_demande" DisplayName_L1="objet_demande" TargetColumnIndex="9" Type="String" />
    <!-- <Property Identifier="PersonRecords" DisplayName_L1="Collaborateurs" Type="ForeignKey" /> -->
  </EntityType>

  <EntityPropertyExpression Identifier="Easy_Contrat_InternalDisplayName" Expression="C#:resource:return resource.matricule + &quot; &quot; + resource.objet_demande;" EntityType="Easy_Contrat" Property="InternalDisplayName" />

  <!-- COMMANDE MEP -->
  <EntityTypeMapping Identifier="Easy_Contrat" Connector="RH" ConnectionTable="EasyContrat" MaximumDeletedLines="0" MaximumInsertedLines="0" MaximumUpdatedLines="0" MaxPercentageDeletedLines="30" MaxPercentageInsertedLines="30" MaxPercentageUpdatedLines="30">
    <Property Identifier="matricule" ConnectionColumn="matricule" IsPrimaryKey="1" />
    <Property Identifier="n_contrat" ConnectionColumn="n_contrat" />
    <Property Identifier="n_commande" ConnectionColumn="n_commande" />
    <Property Identifier="demandeur" ConnectionColumn="demandeur" />
    <Property Identifier="type_prestation" ConnectionColumn="type_prestation" />
    <Property Identifier="begin_date" ConnectionColumn="begin_date" />
    <Property Identifier="end_date" ConnectionColumn="end_date" />
    <Property Identifier="sup_siren" ConnectionColumn="sup_id" />
    <Property Identifier="ordre_ligne" ConnectionColumn="ordre_ligne" />
    <Property Identifier="objet_demande" ConnectionColumn="objet_demande" />
  </EntityTypeMapping>
  
  <!-- COMMANDE MEP -->
  <DisplayEntityType PluralDisplayName_L1="Commandes" Identifier="Easy_Contrat" />
  
  <!-- COMMANDE MEP -->
  <ResourceTypeMapping Identifier="Contract" Connection="OrganizationalDataConnection" />
  <ResourceType TransmittedStateValidityPeriod="180" Identifier="Contract" DisplayName_L1="Commandes" Policy="Default" TargetEntityType="Contract" SourceEntityType="Easy_Contrat" MaximumDelete="0" MaximumDeletePercent="5" MaximumInsert="0" MaximumInsertPercent="5" MaximumUpdate="0" MaximumUpdatePercent="5" AllowAdd="true" AllowRemove="true" BlockProvisioning="false">
    <TypeRule />
    <ScalarRule Property="Identifier" Binding="matricule" />
    <ScalarRule Property="n_contrat" Binding="n_contrat" />
    <ScalarRule Property="n_commande" Binding="n_commande" />
    <ScalarRule Property="n_ligne" Binding="ordre_ligne" />
    <ScalarRule Property="DisplayName" Binding="objet_demande" />
	<!-- <ScalarRule Property="demandeur" Binding="demandeur" /> -->
	<ScalarRule Property="begin_date" Binding="begin_date" Expression="ParseLocalDate:Europe/Paris|yyyyMMdd" />
	<ScalarRule Property="end_date" Binding="end_date" Expression="ParseLocalDateThenAddMinutes:Europe/Paris|yyyyMMdd|1439" />
    <QueryRule Property="Requestors" TargetBinding="Mail" SourceBinding="demandeur" TargetMatchedConfidenceLevel="100" />
    <QueryRule Property="EmployeeTypes" TargetBinding="Identifier" SourceBinding="type_prestation" TargetMatchedConfidenceLevel="100" />
    <QueryRule Property="Companies" TargetBinding="Identifier" SourceBinding="sup_siren" TargetMatchedConfidenceLevel="100" />

  </ResourceType>
  <ResourceCorrelationRule ResourceType="Contract" SourceMatchedConfidenceLevel="100" SourceBinding="matricule" TargetBinding="Identifier" Policy="Default" />
  
  <!-- COMMANDE MEP -->
  <DisplayTable Identifier="Easy_Contrat" EntityType="Easy_Contrat" DisplayTableDesignElement="table" IsEntityTypeDefault="true">
    <Column DefaultSortPriority="1" DisplayBinding="matricule" IsDisplayInSummaryView="true" CanBeFiltered="true" IsResizable="true" IsSortable="true" />
    <Column DisplayBinding="n_contrat" IsDisplayInSummaryView="true" IsResizable="true" CanBeFiltered="true" IsSortable="true" />
    <Column DisplayBinding="n_commande" IsDisplayInSummaryView="true" IsResizable="true" CanBeFiltered="true" IsSortable="true" />
    <Column DisplayBinding="demandeur" IsDisplayInSummaryView="true" IsResizable="true" CanBeFiltered="true" IsSortable="true" />
    <Column DisplayBinding="type_prestation" IsDisplayInSummaryView="true" IsResizable="true" CanBeFiltered="true" IsSortable="true" />
    <Column DisplayBinding="begin_date" IsDisplayInSummaryView="true" IsResizable="true" CanBeFiltered="true" IsSortable="true" />
    <Column DisplayBinding="end_date" IsDisplayInSummaryView="true" IsResizable="true" CanBeFiltered="true" IsSortable="true" />
    <Column DisplayBinding="sup_siren" IsDisplayInSummaryView="true" IsResizable="true" CanBeFiltered="true" IsSortable="true" />
    <Column DisplayBinding="ordre_ligne" IsDisplayInSummaryView="true" IsResizable="true" CanBeFiltered="true" IsSortable="true" />
    <Column DisplayBinding="objet_demande" IsDisplayInSummaryView="true" IsResizable="true" CanBeFiltered="true" IsSortable="true" />
  </DisplayTable>
  <!-- Co-localisation : source -->
  <EntityType Identifier="co_localisation_source" DisplayName_L1="localisation">
    <Property Identifier="Site" DisplayName_L1="Site" Type="String" TargetColumnIndex="5" IsKey="true" />
  </EntityType>
  
  <EntityPropertyExpression Identifier="co_localisation_source_InternalDisplayName" Binding="Site" EntityType="co_localisation_source" Property="InternalDisplayName" />
  
  <EntityTypeMapping Connector="RH" ConnectionTable="colocalisationsource" Identifier="co_localisation_source" MaximumDeletedLines="0" MaximumInsertedLines="0" MaximumUpdatedLines="0" MaxPercentageDeletedLines="30" MaxPercentageInsertedLines="30" MaxPercentageUpdatedLines="30">
    <Property Identifier="Site" ConnectionColumn="Site" IsPrimaryKey="1" />
  </EntityTypeMapping>
  <DisplayEntityType PluralDisplayName_L1="Localisation" Identifier="co_localisation_source" />
  
  <ResourceTypeMapping Identifier="co_localisation_source" Connection="OrganizationalDataConnection" />
  <ResourceType TransmittedStateValidityPeriod="180" MaximumDelete="0" MaximumDeletePercent="5" MaximumInsert="0" MaximumInsertPercent="5" MaximumUpdate="0" MaximumUpdatePercent="5" Identifier="co_localisation_source" DisplayName_L1="Co-localisation" Policy="Default" TargetEntityType="Co_localisation" SourceEntityType="co_localisation_source" AllowRemove="false" AllowAdd="true" BlockProvisioning="false">
    <TypeRule />
    <ScalarRule Property="Site" Binding="Site" />
  </ResourceType>
  <ResourceCorrelationRule ResourceType="co_localisation_source" SourceMatchedConfidenceLevel="100" SourceBinding="Site" TargetBinding="Site" Policy="Default" />
  <!-- Fin Co-localisation : source -->

</ConfigurationFile>
