﻿<ConfigurationFile xmlns="urn:schemas-usercube-com:configuration">

  <Profile Identifier="RoleOfficer" DisplayName_L1="Responsable de Rôle" />

  <!-- <ReviewRolesAccessControlRules EntityType="Person" Profile="RoleOfficer" /> -->
  <BasketRulesControlRules Profile="RoleOfficer" />

  <TargetResourceReport EntityType="AD_Commun01_Entry" Profile="RoleOfficer" />
  <TargetResourceReportAccessControlRules EntityType="AD_Commun01_Entry" Profile="RoleOfficer" />
  <TargetResourceReportMenus EntityType="AD_Commun01_Entry" Profile="RoleOfficer" />

  <TargetResourceReport EntityType="AD_Partenaires_Entry" Profile="RoleOfficer" />
  <TargetResourceReportAccessControlRules EntityType="AD_Partenaires_Entry" Profile="RoleOfficer" />
  <TargetResourceReportMenus EntityType="AD_Partenaires_Entry" Profile="RoleOfficer" />

  <TargetResourceReport EntityType="AD_ProdGrp_Entry" Profile="RoleOfficer" />
  <TargetResourceReportAccessControlRules EntityType="AD_ProdGrp_Entry" Profile="RoleOfficer" />
  <TargetResourceReportMenus EntityType="AD_ProdGrp_Entry" Profile="RoleOfficer" />

  <TargetResourceReport EntityType="AD_Zoe_Entry" Profile="RoleOfficer" />
  <TargetResourceReportAccessControlRules EntityType="AD_Zoe_Entry" Profile="RoleOfficer" />
  <TargetResourceReportMenus EntityType="AD_Zoe_Entry" Profile="RoleOfficer" />

  <TargetResourceReport EntityType="LDAP_LdapCagip_Entry" Profile="RoleOfficer" />
  <TargetResourceReportAccessControlRules EntityType="LDAP_LdapCagip_Entry" Profile="RoleOfficer" />
  <TargetResourceReportMenus EntityType="LDAP_LdapCagip_Entry" Profile="RoleOfficer" />


  <ViewAccessControlRules EntityType="ProvMan_Metis_Nature" Profile="RoleOfficer" />
  <ViewAccessControlRules EntityType="ProvMan_Metis_User" Profile="RoleOfficer" />

  <!-- rapports -->
  <AccessControlRule Profile="RoleOfficer" EntityType="ReportQuery" Identifier="RoleOfficer_Reports" DisplayName_L1="RoleOfficer_Reports">
    <Entry Permission="/Report/GenerateReportFileFromReportQuery/Query" CanExecute="true" />
    <Entry Permission="/Custom/Reports/Provisioning_CompositeRoles/View" CanExecute="true" />
    <Entry Permission="/Custom/Reports/Provisioning_SingleRoles/View" CanExecute="true" />
    <!--<Entry Permission="/Custom/Reports/Provisioning_ResourceTypes/View" CanExecute="true" />
    <Entry Permission="/Custom/Reports/AccessControl_AssignedProfiles/View" CanExecute="true" />
    <Entry Permission="/Custom/Reports/Workflow_ActivityInstances/View" CanExecute="true" /> -->
    <Entry Permission="/" />
  </AccessControlRule>

  <AccessControlRule Identifier="RoleOfficer_AssignedCompositeRole" DisplayName_L1="Responsable de Rôle_AssignedCompositeRole" EntityType="AssignedCompositeRole" Profile="RoleOfficer">
    <Filter Binding="WorkflowState" Value="10" />
    <Entry CanExecute="true" Permission="/Custom/ProvisioningPolicy/ReviewRoles/Person" />
  </AccessControlRule>

  <AccessControlRule Identifier="RoleOfficer_AssignedSingleRole" DisplayName_L1="Responsable de Rôle_AssignedSingleRole" EntityType="AssignedSingleRole" Profile="RoleOfficer">
    <Filter Binding="WorkflowState" Value="10" />
    <Entry CanExecute="true" Permission="/Custom/ProvisioningPolicy/ReviewRoles/Person" />
  </AccessControlRule>

  <AccessControlRule Identifier="RoleOfficer_AssignedCompositeRole_Unique" DisplayName_L1="Responsable de Rôle_AssignedCompositeRole" EntityType="AssignedCompositeRole" Profile="RoleOfficer">
    <Filter Binding="WorkflowState" Value="8" />
    <Entry CanExecute="true" Permission="/Custom/ProvisioningPolicy/ReviewRoles/Person" />
  </AccessControlRule>

  <AccessControlRule Identifier="RoleOfficer_AssignedSingleRole_Unique" DisplayName_L1="Responsable de Rôle_AssignedSingleRole" EntityType="AssignedSingleRole" Profile="RoleOfficer">
    <Filter Binding="WorkflowState" Value="8" />
    <Entry CanExecute="true" Permission="/Custom/ProvisioningPolicy/ReviewRoles/Person" />
  </AccessControlRule>

  <!-- <ProfileRuleContext ResourceType="AD_ProdGrp_Entry_NominativeUser" SubBinding="Person:Records.ManagedServices" IsAppliedToRoot="false">
    <ProfileRule Profile="RoleOfficer" B0="Organization:Id"  B1="Organization:Supervisor.Division.Id" />
  </ProfileRuleContext> -->

  <AccessControlRule Profile="RoleOfficer" EntityType="Organization" Identifier="RoleOfficer_Resources_Organization" DisplayName_L1="RoleOfficer_Resources_Organization">
    <!-- <Entry Permission="/Custom/Resources/Organization/View" CanExecute="true" /> -->
    <!-- <Entry Permission="/Custom/Resources/Organisation/ViewOwnedResources" CanExecute="true" /> -->
    <Entry Permission="/" />
  </AccessControlRule>

  <!-- Droits lecture sur les entités -->
  <AccessControlRule Profile="RoleOfficer" EntityType="Person" Identifier="RoleOfficer_Resources_Person" DisplayName_L1="RoleOfficer_Resources_Person">
    <!-- <Entry Permission="/Custom/Resources/Person/View" CanExecute="true" FullAccessProperties="true" /> -->
    <!-- <Entry Permission="/Custom/Resources/Person/ViewOwnedResources" CanExecute="true" />
    <Entry Permission="/Custom/Resources/Person/ViewTargetResources" CanExecute="true" /> -->
    <Entry Permission="/" />
    <!--<Entry Permission="/" PropertyGroup="Person_Sensitive" />-->
  </AccessControlRule>

  <AccessControlRule Profile="RoleOfficer" EntityType="PersonRecord" Identifier="RoleOfficer_Resources_PersonRecord" DisplayName_L1="RoleOfficer_Resources_PersonRecord">
    <!-- <Entry Permission="/Custom/Resources/PersonRecord/View" CanExecute="true" FullAccessProperties="true" /> -->
    <Entry Permission="/" />
    <!--<Entry Permission="/" PropertyGroup="Person_Sensitive" />-->
  </AccessControlRule>

  <!-- <AccessControlRule Profile="RoleOfficer" EntityType="PersonalTitle" Identifier="RoleOfficer_Resources_PersonalTitle" DisplayName_L1="RoleOfficer_Resources_PersonalTitle">
    <Entry Permission="/" />
  </AccessControlRule> -->

  <AccessControlRule Profile="RoleOfficer" EntityType="EmployeeType" Identifier="RoleOfficer_Resources_EmployeeType" DisplayName_L1="RoleOfficer_Resources_EmployeeType">
    <!-- <Entry Permission="/Custom/Resources/EmployeeType/View" CanExecute="true" /> -->
    <!--<Entry Permission="/Custom/Resources/EmployeeType/ViewOwnedResources" CanExecute="true" />-->
    <Entry Permission="/" />
  </AccessControlRule>

  <AccessControlRule Profile="RoleOfficer" EntityType="Company" Identifier="RoleOfficer_Resources_Company" DisplayName_L1="RoleOfficer_Resources_Company">
    <!-- <Entry Permission="/Custom/Resources/Company/View" CanExecute="true" /> -->
    <!--<Entry Permission="/Custom/Resources/Company/ViewOwnedResources" CanExecute="true" />-->
    <Entry Permission="/" />
  </AccessControlRule>

  <AccessControlRule Profile="RoleOfficer" EntityType="Division" Identifier="RoleOfficer_Resources_Division" DisplayName_L1="RoleOfficer_Resources_Division">
    <!-- <Entry Permission="/Custom/Resources/Division/View" CanExecute="true" /> -->
    <!--<Entry Permission="/Custom/Resources/Division/ViewOwnedResources" CanExecute="true" />-->
    <Entry Permission="/" />
  </AccessControlRule>

  <!-- droits pour l'écran des rôles -->
  <AccessControlRule Profile="RoleOfficer" EntityType="CompositeRole" Identifier="RoleOfficer_CompositeRole" DisplayName_L1="RoleOfficer_CompositeRole">
    <Entry Permission="/" />
  </AccessControlRule>

  <AccessControlRule Profile="RoleOfficer" EntityType="SingleRole" Identifier="RoleOfficer_SingleRole" DisplayName_L1="RoleOfficer_SingleRole">
    <Entry Permission="/" />
  </AccessControlRule>

  <AccessControlRule Profile="RoleOfficer" EntityType="ResourceType" Identifier="RoleOfficer_ResourceType" DisplayName_L1="RoleOfficer_ResourceType">
    <Entry Permission="/" />
  </AccessControlRule>

  <AccessControlRule Profile="RoleOfficer" EntityType="Category" Identifier="RoleOfficer_Category" DisplayName_L1="RoleOfficer_Category">
    <Entry Permission="/" />
  </AccessControlRule>


</ConfigurationFile>