﻿<ConfigurationFile xmlns="urn:schemas-usercube-com:configuration">

  <Profile Identifier="SecurityOfficer" DisplayName_L1="Responsable de Sécurité Logique" />

  <AccessControlRule Profile="SecurityOfficer" EntityType="Organization" Identifier="SecurityOfficer_Resources_Organization" DisplayName_L1="SecurityOfficer_Resources_Organization"> -->
    <!-- <Filter Binding="Company.Id" Dimension="Company0"/> -->
    <Entry Permission="/Custom/Resources/Organization/View" CanExecute="true" />
    <Entry Permission="/Custom/Resources/Organisation/ViewOwnedResources" CanExecute="true" />
    <Entry Permission="/" />
  </AccessControlRule>

  <!-- Droits lecture sur les entités -->
  <AccessControlRule Profile="SecurityOfficer" EntityType="Person" Identifier="SecurityOfficer_Resources_Person" DisplayName_L1="SecurityOfficer_Resources_Person">
      <!-- <Filter Binding="Records.Organization.Id" Dimension="Organization0" />
    <Filter Binding="Records.Division.Id" Dimension="Division1" /> -->
    <Entry Permission="/Custom/Resources/Person/View" CanExecute="true" FullAccessProperties="true" />
    <Entry Permission="/Custom/Resources/Person/ViewOwnedResources" CanExecute="true" />
    <Entry Permission="/Custom/ProvisioningPolicy/ReconciliateResources/Person" CanExecute="true" />
    <Entry Permission="/Custom/Resources/Person/ViewTargetResources" CanExecute="true" />
    <Entry Permission="/" />
    <!--<Entry Permission="/" PropertyGroup="Person_Sensitive" />-->
  </AccessControlRule>

  <AccessControlRule Profile="SecurityOfficer" EntityType="PersonRecord" Identifier="SecurityOfficer_Resources_PersonRecord" DisplayName_L1="SecurityOfficer_Resources_PersonRecord">
    <Entry Permission="/Custom/Resources/PersonRecord/View" CanExecute="true" FullAccessProperties="true" />
    <Entry Permission="/" />
    <!--<Entry Permission="/" PropertyGroup="Person_Sensitive" />-->
  </AccessControlRule>


  <!-- <AccessControlRule Profile="SecurityOfficer" EntityType="PersonalTitle" Identifier="SecurityOfficer_Resources_PersonalTitle" DisplayName_L1="SecurityOfficer_Resources_PersonalTitle">
    <Entry Permission="/Custom/Resources/PersonalTitle/View" CanExecute="true" />
    <Entry Permission="/" />
  </AccessControlRule> -->

  <AccessControlRule Profile="SecurityOfficer" EntityType="EmployeeType" Identifier="SecurityOfficer_Resources_EmployeeType" DisplayName_L1="SecurityOfficer_Resources_EmployeeType">
    <Entry Permission="/Custom/Resources/EmployeeType/View" CanExecute="true" />
    <!--<Entry Permission="/Custom/Resources/EmployeeType/ViewOwnedResources" CanExecute="true" />-->
    <Entry Permission="/" />
  </AccessControlRule>

  <AccessControlRule Profile="SecurityOfficer" EntityType="Company" Identifier="SecurityOfficer_Resources_Company" DisplayName_L1="SecurityOfficer_Resources_Company">
    <Entry Permission="/Custom/Resources/Company/View" CanExecute="true" />
    <!--<Entry Permission="/Custom/Resources/Company/ViewOwnedResources" CanExecute="true" />-->
    <Entry Permission="/" />
  </AccessControlRule>

  <AccessControlRule Profile="SecurityOfficer" EntityType="Division" Identifier="SecurityOfficer_Resources_Division" DisplayName_L1="SecurityOfficer_Resources_Division">
    <Entry Permission="/Custom/Resources/Division/View" CanExecute="true" />
    <!--<Entry Permission="/Custom/Resources/Division/ViewOwnedResources" CanExecute="true" />-->
    <Entry Permission="/" />
  </AccessControlRule>

  <!-- droits sur les workflows -->
  <WorkflowAccessControlRules EntityType="Workflow_Person" Profile="SecurityOfficer"/>

</ConfigurationFile>
