﻿<ConfigurationFile xmlns="urn:schemas-usercube-com:configuration">

    <Profile Identifier="Reporting" DisplayName_L1="Reporting" />

    <!-- Droits lecture sur les entités -->
    <AccessControlRule Profile="Reporting" EntityType="PersonRecord" Identifier="Reporting_Resources_PersonRecord" DisplayName_L1="Reporting_Resources_PersonRecord">
        <Entry Permission="/Custom/Resources/PersonRecord/View" CanExecute="false" FullAccessProperties="true" />
        <Entry Permission="/" />
    </AccessControlRule>
	<AccessControlRule Profile="Reporting" EntityType="Person" Identifier="Reporting_Resources_Person" DisplayName_L1="Reporting_Resources_Person">
		<Entry Permission="/Custom/Resources/Person/View" CanExecute="false" FullAccessProperties="true" />
		<Entry Permission="/" />
	</AccessControlRule>

    <!-- Rapports -->
    <AccessControlRule Profile="Reporting" EntityType="ReportQuery" Identifier="Reporting_Reports" DisplayName_L1="Reporting_Reports">
        <Entry Permission="/Report/GenerateReportFileFromReportQuery/Query" CanExecute="true" />
        <Entry Permission="/Custom/Reports/Reports_Identity/View" CanExecute="true" />
        <Entry Permission="/Custom/Reports/Reports_Migration_Zoe/View" CanExecute="true" />
        <Entry Permission="/" />
    </AccessControlRule>

</ConfigurationFile>
