﻿<ConfigurationFile xmlns="urn:schemas-usercube-com:configuration">

  <CreateAdministratorProfile EntityType="Person">
    <DisplayNameProfile Identifier="fr-FR" DisplayName="Administrateur" />
  </CreateAdministratorProfile>

  <!-- Scaffolding droits administrateur -->
  <RoleAdministrationAccessControlRules Profile="Administrator" />
  <JobAdministrationAccessControlRules Profile="Administrator" />
  <JobExecutionAccessControlRules Profile="Administrator" />
  <SynchronizationAccessControlRules Profile="Administrator" />
  <ProvisioningAccessControlRules Profile="Administrator" />
  <ProfileAdministrationAccessControlRules Profile="Administrator" />
  <AssignProfileAccessControlRules Profile="Administrator" />
  <WorkflowFulfillmentControlRules Profile="Administrator" />
  <ResourcePickerControlRules Profile="Administrator" />
  <BasketRulesControlRules Profile="Administrator" />
  <WorkflowAccessControlRules EntityType="Workflow_Person" Profile="Administrator" />

  <!-- Scaffolding WF entités  -->
  <!-- <CreateUpdateDeleteTemplate EntityType="PersonalTitle" Profile="Administrator" /> -->
  <CreateUpdateDeleteTemplate EntityType="Organization" Profile="Administrator" />
  <CreateUpdateDeleteTemplate EntityType="EmployeeCategory" Profile="Administrator" />
  <CreateUpdateDeleteTemplate EntityType="EmployeeType" Profile="Administrator" />
  <CreateUpdateDeleteTemplate EntityType="Division" Profile="Administrator" />
  <CreateUpdateDeleteTemplate EntityType="Company" Profile="Administrator" />
  <CreateUpdateDeleteTemplate EntityType="OUPartenaire" Profile="Administrator" />
  <CreateUpdateDeleteTemplate EntityType="Localisation" Profile="Administrator" />
  <CreateUpdateDeleteTemplate EntityType="Co_localisation" Profile="Administrator" />
  <CreateUpdateDeleteTemplate EntityType="Site" Profile="Administrator" />
  <CreateUpdateDeleteTemplate EntityType="DomaineAD" Profile="Administrator" />
  <CreateUpdateDeleteTemplate EntityType="IsVDI" Profile="Administrator" />
  <CreateUpdateDeleteTemplate EntityType="IdentityType" Profile="Administrator" />  
  <!-- <ViewTemplate EntityType="RacfLclTypeName" Profile="Administrator" />  -->
  
  <!-- COMMANDE -->
  <CreateUpdateDeleteTemplate EntityType="Contract" Profile="Administrator" />
  <ViewSourceResourceTemplate EntityType="Easy_Contrat" Profile="Administrator" />
  <ReviewProvisioningAccessControlRules EntityType="Easy_Contrat" Profile="Administrator" />

  <!-- Metis -->
  <!-- <ViewTemplate EntityType="MM_Nature" Profile="Administrator" /> -->
  <!-- <ViewTemplate EntityType="MM_Statut" Profile="Administrator" /> -->
  <!-- <ViewTemplate EntityType="MM_Ticket" Profile="Administrator" /> -->
  <!-- <CreateUpdateDeleteTemplate EntityType="MM_Nature" Profile="Administrator" /> -->
  <!-- <CreateUpdateDeleteTemplate EntityType="MM_Statut" Profile="Administrator" /> -->
  <!-- <CreateUpdateDeleteTemplate EntityType="MM_Ticket" Profile="Administrator" /> -->
  <ViewTemplate EntityType="ProvMan_Metis_Nature" Profile="Administrator" />
  <ViewTargetResourceTemplate EntityType="ProvMan_Metis_User" Profile="Administrator" />
  <PerformManualProvisioningAccessControlRules EntityType="Person" Profile="Administrator" />
  <CreateUpdateDeleteTemplate EntityType="ProvMan_Metis_Nature" Profile="Administrator" />

  <!-- Scaffolding EntityType  -->
  <ReconciliateResourcesAccessControlRules EntityType="Organisation" Profile="Administrator" />
  <ReviewProvisioningAccessControlRules EntityType="Organisation" Profile="Administrator" />
  <ViewAccessControlRules EntityType="Organisation" Profile="Administrator" />

  <ReconciliateResourcesAccessControlRules EntityType="Organization" Profile="Administrator" />
  <ReviewProvisioningAccessControlRules EntityType="Organization" Profile="Administrator" />
  <ViewAccessControlRules EntityType="Organization" Profile="Administrator" />

  <!-- SOD -->
  <!-- <AccessControlRule Profile="Administrator" EntityType="Policy" Identifier="Administrator_Policy_Adm" DisplayName_L1="Administrator_Policy_Adm">
    <Entry Permission="/ProvisioningPolicy/Risk" />
  </AccessControlRule> -->

  <!-- Droits validés les rôles -->
  <AccessControlRule Profile="Administrator" EntityType="AssignedResourceType" Identifier="Administrator_AssignedResourceType" DisplayName_L1="Administrator_AssignedResourceType">
    <Entry Permission="/Custom/ProvisioningPolicy/ReviewRoles/Person" CanExecute="true" />
    <Entry Permission="/Custom/ProvisioningPolicy/ReconciliateRoles/Person" CanExecute="true" />
    <Entry Permission="/Custom/ProvisioningPolicy/ReviewProvisioning/Person" CanExecute="true" />
    <Entry Permission="/Custom/ProvisioningPolicy/ReconciliateResources/Rh_Person" CanExecute="true" />
    <Entry Permission="/" />
    <Entry Permission="/Custom/ProvisioningPolicy/ReviewProvisioning/Rh_Person" CanExecute="true" />
    <!-- <Entry Permission="/Custom/ProvisioningPolicy/ReviewProvisioning/AD_Zoe_Entry" CanExecute="true" /> -->
  </AccessControlRule>

  <AccessControlRule Profile="Administrator" EntityType="Resource" Identifier="Administrator_Resource_Custom_Workflows" DisplayName_L1="Administrator - Resources Picker - ">
    <Entry Permission="/Custom/Workflows" />
    <Entry Permission="/" />
    <!-- This Entry has been removed -->
  </AccessControlRule>

  <!-- droit d'accès au panier des droits -->
  <!-- The AccessControlRule for the "Policy" EntityType has a different structure than the other generated rules : -->
  <AccessControlRule Profile="Administrator" EntityType="Policy" Identifier="Administrator_Policy" DisplayName_L1="Administrator_Policy">
    <Entry Permission="/" />
    <!-- "Permission" scope reduced to "/Custom/Workflows" -->
    <Entry Permission="/ProvisioningPolicy/Policy" CanExecute="true" />
    <!-- "CanExecute" is now set to "false" -->
    <Entry Permission="/ProvisioningPolicy/Policy/Query" CanExecute="true" />
  </AccessControlRule>

  <!-- All the other AccessControleRules follow one unique pattern : -->
  <AccessControlRule Profile="Administrator" EntityType="AssignedCompositeRole" Identifier="Administrator_AssignedCompositeRole" DisplayName_L1="Administrator_AssignedCompositeRole">
    <Entry Permission="/" />
  </AccessControlRule>

  <AccessControlRule Profile="Administrator" EntityType="AssignedResourceNavigation" Identifier="Administrator_AssignedResourceNavigation" DisplayName_L1="Administrator_AssignedResourceNavigation">
    <Entry Permission="/" />
    <!-- "Permission" scope reduced to "/Custom/Workflows" -->
  </AccessControlRule>

  <AccessControlRule Profile="Administrator" EntityType="AssignedResourceScalar" Identifier="Administrator_AssignedResourceScalar" DisplayName_L1="Administrator_AssignedResourceScalar">
    <Entry Permission="/" />
    <!-- "Permission" scope reduced to "/Custom/Workflows" -->
  </AccessControlRule>

  <AccessControlRule Profile="Administrator" EntityType="AssignedSingleRole" Identifier="Administrator_AssignedSingleRole" DisplayName_L1="Administrator_AssignedSingleRole">
    <Entry CanExecute="true" Permission="/ProvisioningPolicy/AssignedSingleRole" />
    <Entry CanExecute="true" Permission="/ProvisioningPolicy/AssignedSingleRole/Query" />
    <Entry CanExecute="true" Permission="/ProvisioningPolicy/AssignedSingleRole/Create" />
    <Entry CanExecute="true" Permission="/ProvisioningPolicy/AssignedSingleRole/Update" />
    <Entry CanExecute="true" Permission="/ProvisioningPolicy/AssignedSingleRole/Delete" />
    <Entry Permission="/" />
    <!-- "Permission" scope reduced to "/Custom/Workflows" -->
  </AccessControlRule>

  <AccessControlRule Profile="Administrator" EntityType="Category" Identifier="Administrator_Category" DisplayName_L1="Administrator_Category">
    <Entry Permission="/" />
    <!-- "Permission" scope reduced to "/Custom/Workflows" -->
  </AccessControlRule>

  <AccessControlRule Profile="Administrator" EntityType="CompositeRole" Identifier="Administrator_CompositeRole" DisplayName_L1="Administrator_CompositeRole">
    <Entry CanExecute="true" Permission="/ProvisioningPolicy/AssignedCompositeRole" />
    <Entry CanExecute="true" Permission="/ProvisioningPolicy/AssignedCompositeRole/Query" />
    <Entry CanExecute="true" Permission="/ProvisioningPolicy/AssignedCompositeRole/Create" />
    <Entry CanExecute="true" Permission="/ProvisioningPolicy/AssignedCompositeRole/Update" />
    <Entry CanExecute="true" Permission="/ProvisioningPolicy/AssignedCompositeRole/Delete" />
    <Entry Permission="/" />
    <!-- "Permission" scope reduced to "/Custom/Workflows" -->
  </AccessControlRule>

  <AccessControlRule Profile="Administrator" EntityType="EntityProperty" Identifier="Administrator_EntityProperty" DisplayName_L1="Administrator_EntityProperty">
    <Entry Permission="/" />
    <!-- "Permission" scope reduced to "/Custom/Workflows" -->
  </AccessControlRule>

  <AccessControlRule Profile="Administrator" EntityType="ResourceType" Identifier="Administrator_ResourceType" DisplayName_L1="Administrator_ResourceType">
    <Entry Permission="/" />
    <!-- "Permission" scope reduced to "/Custom/Workflows" -->
  </AccessControlRule>

  <AccessControlRule Profile="Administrator" EntityType="SingleRole" Identifier="Administrator_SingleRole" DisplayName_L1="Administrator_SingleRole">
    <Entry Permission="/" />
    <!-- "Permission" scope reduced to "/Custom/Workflows" -->
  </AccessControlRule>

  <!-- Droits revue Provisioning sur les entités -->
  <AccessControlRule Profile="Administrator" EntityType="Resource" Identifier="Administrator_AssignedResourceTypeResource" DisplayName_L1="Administrator_AssignedResourceTypeResource">
    <Entry Permission="/Custom/ProvisioningPolicy/ReviewProvisioning/Rh_Person" CanExecute="true" />
    <!-- <Entry Permission="/Custom/ProvisioningPolicy/ReviewProvisioning/AD_Zoe_Entry" CanExecute="true" /> -->
  </AccessControlRule>

  <!-- Droits lecture sur les entités -->
  <AccessControlRule Profile="Administrator" EntityType="Person" Identifier="Administrator_Resources_Person" DisplayName_L1="Administrator_Resources_Person">
    <Entry Permission="/Custom/Resources/Person/View" CanExecute="true" FullAccessProperties="true" />
    <Entry Permission="/Custom/Resources/Person/ViewOwnedResources" CanExecute="true" />
    <Entry Permission="/Custom/ProvisioningPolicy/ReconciliateResources/Person" CanExecute="true" />
    <Entry Permission="/Custom/Resources/Person/ViewTargetResources" CanExecute="true" />
    <Entry Permission="/" />
    <Entry Permission="/" PropertyGroup="Person_Sensitive" />
  </AccessControlRule>

  <AccessControlRule Profile="Administrator" EntityType="PersonRecord" Identifier="Administrator_Resources_PersonRecord" DisplayName_L1="Administrator_Resources_PersonRecord">
    <Entry Permission="/Custom/Resources/PersonRecord/View" CanExecute="true" FullAccessProperties="true" />
    <Entry Permission="/" />
    <Entry Permission="/" PropertyGroup="Person_Sensitive" />
  </AccessControlRule>

  <AccessControlRule Profile="Administrator" EntityType="Rh_Person" Identifier="Administrator_Resources_Rh_Person" DisplayName_L1="Administrator_Resources_Rh_Person">
    <Entry Permission="/Custom/Resources/Rh_Person/View" CanExecute="true" />
    <Entry Permission="/Custom/Resources/Rh_Person/ViewOwnedResources" CanExecute="true" />
    <Entry Permission="/Custom/Resources/Rh_Person/ViewTargetResources" CanExecute="true" />
    <Entry Permission="/" />
  </AccessControlRule>

  <AccessControlRule Profile="Administrator" EntityType="AD_Zoe_Entry" Identifier="Administrator_Resources_AD_Zoe_Entry" DisplayName_L1="Administrator_Resources_AD_Zoe_Entry">
    <Entry Permission="/Custom/Resources/AD_Zoe_Entry/View" CanExecute="true" />
    <Entry Permission="/Custom/Resources/AD_Zoe_Entry/ViewOwnedResources" CanExecute="true" />
    <Entry Permission="/Custom/Resources/AD_Zoe_Entry/ViewTargetResources" CanExecute="true" />
    <Entry Permission="/" />
  </AccessControlRule>

  <AccessControlRule Profile="Administrator" EntityType="Organization" Identifier="Administrator_Resources_Organization" DisplayName_L1="Administrator_Resources_Organization">
    <Entry Permission="/Custom/Resources/Organization/View" CanExecute="true" />
    <Entry Permission="/Custom/Resources/Organization/ViewOwnedResources" CanExecute="true" />
    <Entry Permission="/" />
  </AccessControlRule>

  <AccessControlRule Profile="Administrator" EntityType="Organisation" Identifier="Administrator_Resources_Organisation" DisplayName_L1="Administrator_Resources_Organisation">
    <Entry Permission="/Custom/Resources/Organisation/View" CanExecute="true" />
    <Entry Permission="/Custom/Resources/Organisation/ViewOwnedResources" CanExecute="true" />
    <Entry Permission="/" />
  </AccessControlRule>

  <!-- <AccessControlRule Profile="Administrator" EntityType="PersonalTitle" Identifier="Administrator_Resources_PersonalTitle" DisplayName_L1="Administrator_Resources_PersonalTitle">
    <Entry Permission="/Custom/Resources/PersonalTitle/View" CanExecute="true" />
    <Entry Permission="/Custom/Resources/PersonalTitle/ViewOwnedResources" CanExecute="true" />
    <Entry Permission="/" />
  </AccessControlRule> -->

  <AccessControlRule Profile="Administrator" EntityType="ZoeMigrationStatus" Identifier="Administrator_Resources_ZoeMigrationStatus" DisplayName_L1="Administrator_Resources_ZoeMigrationStatus">
    <Entry Permission="/" />
  </AccessControlRule>

  <ViewTemplate EntityType="Red01MigrationStatus" Profile="Administrator" />

  <AccessControlRule Profile="Administrator" EntityType="EmployeeType" Identifier="Administrator_Resources_EmployeeType" DisplayName_L1="Administrator_Resources_EmployeeType">
    <Entry Permission="/Custom/Resources/EmployeeType/View" CanExecute="true" />
    <Entry Permission="/Custom/Resources/EmployeeType/ViewOwnedResources" CanExecute="true" />
    <Entry Permission="/" />
  </AccessControlRule>

  <AccessControlRule Profile="Administrator" EntityType="Prestataire" Identifier="Administrator_Resources_Prestataire" DisplayName_L1="Administrator_Resources_Prestataire">
    <Entry Permission="/Custom/Resources/Prestataire/View" CanExecute="true" />
    <Entry Permission="/Custom/Resources/Prestataire/ViewOwnedResources" CanExecute="true" />
    <Entry Permission="/" />
  </AccessControlRule>

  <AccessControlRule Profile="Administrator" EntityType="Consort" Identifier="Administrator_Resources_Consort" DisplayName_L1="Administrator_Resources_Consort">
    <Entry Permission="/Custom/Resources/Consort/View" CanExecute="true" />
    <Entry Permission="/Custom/Resources/Consort/ViewOwnedResources" CanExecute="true" />
    <Entry Permission="/" />
  </AccessControlRule>

  <AccessControlRule Profile="Administrator" EntityType="Company" Identifier="Administrator_Resources_Company" DisplayName_L1="Administrator_Resources_Company">
    <Entry Permission="/Custom/Resources/Company/View" CanExecute="true" />
    <Entry Permission="/Custom/Resources/Company/ViewOwnedResources" CanExecute="true" />
    <Entry Permission="/" />
  </AccessControlRule>

  <AccessControlRule Profile="Administrator" EntityType="Localisation" Identifier="Administrator_Resources_Localisation" DisplayName_L1="Administrator_Resources_Localisation">
    <Entry Permission="/Custom/Resources/Localisation/View" CanExecute="true" />
    <Entry Permission="/Custom/Resources/Localisation/ViewOwnedResources" CanExecute="true" />
    <Entry Permission="/" />
  </AccessControlRule>
  
  <AccessControlRule Profile="Administrator" EntityType="Co_localisation" Identifier="Administrator_Resources_Co_localisation" DisplayName_L1="Administrator_Resources_Co_localisation">
    <Entry Permission="/Custom/Resources/Co_localisation/View" CanExecute="true" />
    <Entry Permission="/Custom/Resources/Co_localisation/ViewOwnedResources" CanExecute="true" />
    <Entry Permission="/" />
  </AccessControlRule>

  <AccessControlRule Profile="Administrator" EntityType="Site" Identifier="Administrator_Resources_Site" DisplayName_L1="Administrator_Resources_Site">
    <Entry Permission="/Custom/Resources/Site/View" CanExecute="true" />
    <Entry Permission="/Custom/Resources/Site/ViewOwnedResources" CanExecute="true" />
    <Entry Permission="/" />
  </AccessControlRule>
  
  <AccessControlRule Profile="Administrator" EntityType="local" Identifier="Administrator_Resources_Local" DisplayName_L1="Administrator_Resources_Local">
    <Entry Permission="/Custom/Resources/local/View" CanExecute="true" />
    <Entry Permission="/Custom/Resources/local/ViewOwnedResources" CanExecute="true" />
    <Entry Permission="/" />
  </AccessControlRule>  
  
  <AccessControlRule Profile="Administrator" EntityType="rh_site" Identifier="Administrator_Resources_RHSite" DisplayName_L1="Administrator_Resources_RHSite">
    <Entry Permission="/Custom/Resources/rh_site/View" CanExecute="true" />
    <Entry Permission="/Custom/Resources/rh_site/ViewOwnedResources" CanExecute="true" />
    <Entry Permission="/" />
  </AccessControlRule>  

  <AccessControlRule Profile="Administrator" EntityType="IdentityType" Identifier="Administrator_Resources_IdentityType" DisplayName_L1="Administrator_Resources_IdentityType">
    <Entry Permission="/Custom/Resources/IdentityType/View" CanExecute="true" />
    <Entry Permission="/Custom/Resources/IdentityType/ViewOwnedResources" CanExecute="true" />
    <Entry Permission="/" />
  </AccessControlRule>

  <AccessControlRule Profile="Administrator" EntityType="OUPartenaire" Identifier="Administrator_Resources_OUPartenaire" DisplayName_L1="Administrator_Resources_OUPartenaire">
    <Entry Permission="/Custom/Resources/OUPartenaire/View" CanExecute="true" />
    <Entry Permission="/Custom/Resources/OUPartenaire/ViewOwnedResources" CanExecute="true" />
    <Entry Permission="/Custom/Resources/OUPartenaire/ViewTargetResources" CanExecute="true" />
    <Entry Permission="/" />
  </AccessControlRule>

  <AccessControlRule Profile="Administrator" EntityType="DomaineAD" Identifier="Administrator_Resources_DomaineAD" DisplayName_L1="Administrator_Resources_DomaineAD">
    <Entry Permission="/Custom/Resources/DomaineAD/View" CanExecute="true" />
    <Entry Permission="/Custom/Resources/DomaineAD/ViewOwnedResources" CanExecute="true" />
    <Entry Permission="/Custom/Resources/DomaineAD/ViewTargetResources" CanExecute="true" />
    <Entry Permission="/" />
  </AccessControlRule>
  
  <!-- origami -->
  <!-- <AccessControlRule Profile="Administrator" EntityType="Contract" Identifier="Administrator_Resources_Contract" DisplayName_L1="Administrator_Resources_Contract">
    <Entry Permission="/Custom/Resources/Contract/View" CanExecute="true" />
    <Entry Permission="/Custom/Resources/Contract/ViewOwnedResources" CanExecute="true" />
    <Entry Permission="/" />
  </AccessControlRule> -->

  <AccessControlRule Profile="Administrator" EntityType="Division" Identifier="Administrator_Resources_Division" DisplayName_L1="Administrator_Resources_Division">
    <Entry Permission="/Custom/Resources/Division/View" CanExecute="true" />
    <Entry Permission="/Custom/Resources/Division/ViewOwnedResources" CanExecute="true" />
    <Entry Permission="/" />
  </AccessControlRule>

  <AccessControlRule Profile="Administrator" EntityType="IsVDI" Identifier="Administrator_Resources_IsVDI" DisplayName_L1="Administrator_Resources_IsVDI">
    <Entry Permission="/Custom/Resources/IsVDI/View" CanExecute="true" />
    <Entry Permission="/Custom/Resources/IsVDI/ViewOwnedResources" CanExecute="true" />
    <Entry Permission="/" />
  </AccessControlRule>


  <!-- Droits sur les workflows -->
  <AccessControlRule Profile="Administrator" EntityType="Workflow_Person" Identifier="Administrator_Workflows_Person_*" DisplayName_L1="Administrator_Workflows_Person_*">

    <Entry Permission="/Workflows/UserActivityInstance/Query" CanExecute="true" />
    <Entry Permission="/Custom/Workflows/Person_ResourcesUpdate/Request" CanExecute="true" />
    <Entry Permission="/Custom/Workflows/Person_ResourcesUpdate/Request/ActionPending" CanExecute="true" />
    <Entry Permission="/Custom/Workflows/Person_ResourcesUpdate/Request/RefinePending" CanExecute="true" />
	<!-- Droit sur le workflow de gestion des droits API -->
    <Entry Permission="/Custom/Workflows/Person_ResourcesUpdateAPI/Request" CanExecute="true" />
    <Entry Permission="/Custom/Workflows/Person_ResourcesUpdateAPI/Request/ActionPending" CanExecute="true" />
    <Entry Permission="/Custom/Workflows/Person_ResourcesUpdateAPI/Request/RefinePending" CanExecute="true" />

    <Entry Permission="/Custom/Workflows/Person_StartInternal/Request" CanExecute="true" />
    <Entry Permission="/Custom/Workflows/Person_StartInternal/Request/ActionPending" CanExecute="true" />
    <Entry Permission="/Custom/Workflows/Person_StartInternal/Request/RefinePending" CanExecute="true" />
    <Entry Permission="/Custom/Workflows/Person_StartInternal/Review/ReviewPending" CanExecute="true" />
    <Entry Permission="/Custom/Workflows/Person_StartInternal/Review/RefinePending" CanExecute="true" />


    <Entry Permission="/Custom/Workflows/Person_StartExternal/Request" CanExecute="true" />
    <Entry Permission="/Custom/Workflows/Person_StartExternal/Request/ActionPending" CanExecute="true" />
    <Entry Permission="/Custom/Workflows/Person_StartExternal/Request/RefinePending" CanExecute="true" />
    <Entry Permission="/Custom/Workflows/Person_StartExternal/Review/ReviewPending" CanExecute="true" />
    <Entry Permission="/Custom/Workflows/Person_StartExternal/Review/RefinePending" CanExecute="true" />

    <Entry Permission="/Custom/Workflows/Person_StartFull/Request" CanExecute="true" />
    <Entry Permission="/Custom/Workflows/Person_StartFull/Request/ActionPending" CanExecute="true" />
    <Entry Permission="/Custom/Workflows/Person_StartFull/Request/RefinePending" CanExecute="true" />
    <Entry Permission="/Custom/Workflows/Person_StartFull/Review/ReviewPending" CanExecute="true" />
    <Entry Permission="/Custom/Workflows/Person_StartFull/Review/RefinePending" CanExecute="true" />

    <Entry Permission="/Custom/Workflows/Person_UpdateFull/Request" CanExecute="true" />
    <Entry Permission="/Custom/Workflows/Person_UpdateFull/Request/ActionPending" CanExecute="true" />
    <Entry Permission="/Custom/Workflows/Person_UpdateFull/Request/RefinePending" CanExecute="true" />

    <Entry Permission="/Custom/Workflows/Person_EndFull/Request" CanExecute="true" />
    <Entry Permission="/Custom/Workflows/Person_EndFull/Request/ActionPending" CanExecute="true" />
    <Entry Permission="/Custom/Workflows/Person_EndFull/Request/RefinePending" CanExecute="true" />
    <Entry Permission="/Custom/Workflows/Person_EndFull/Review/ReviewPending" CanExecute="true" />
    <Entry Permission="/Custom/Workflows/Person_EndFull/Review/RefinePending" CanExecute="true" />

    <Entry Permission="/Custom/Workflows/Person_EndFull_API/Request" CanExecute="true" />
    <Entry Permission="/Custom/Workflows/Person_EndFull_API/Request/ActionPending" CanExecute="true" />
    <Entry Permission="/Custom/Workflows/Person_EndFull_API/Request/RefinePending" CanExecute="true" />


    <Entry Permission="/Custom/Workflows/Person_Prolongation/Request" CanExecute="true" />
    <Entry Permission="/Custom/Workflows/Person_Prolongation/Request/ActionPending" CanExecute="true" />
    <Entry Permission="/Custom/Workflows/Person_Prolongation/Request/RefinePending" CanExecute="true" />
    <Entry Permission="/Custom/Workflows/Person_Prolongation/Review/ReviewPending" CanExecute="true" />
    <Entry Permission="/Custom/Workflows/Person_Prolongation/Review/RefinePending" CanExecute="true" />

    <Entry Permission="/Custom/Workflows/Person_ChangeState/Request" CanExecute="true" />
    <Entry Permission="/Custom/Workflows/Person_ModifyLogin/Request" CanExecute="true" />

    <Entry Permission="/Custom/Workflows/Person_ModifyLoginRed01/Request" CanExecute="true" />
    <Entry Permission="/Custom/Workflows/Person_ModifyLoginMainframe/Request" CanExecute="true" />
	<Entry Permission="/Custom/Workflows/Person_ModifyLoginCAPS/Request" CanExecute="true" />

    <Entry Permission="/Custom/Workflows/Helpdesk_Person_Delete/Request" CanExecute="true" />
    <Entry Permission="/Custom/Workflows/Helpdesk_Person_Delete/Request/ActionPending" CanExecute="true" />
    <Entry Permission="/Custom/Workflows/Helpdesk_Person_Delete/Request/RefinePending" CanExecute="true" />

    <Entry Permission="/Custom/Workflows/Person_Matricule/Request" CanExecute="true" />
    <Entry Permission="/Custom/Workflows/Person_Matricule/Request/ActionPending" CanExecute="true" />

    <Entry Permission="/Custom/Workflows/Person_Change_Orga/Request" CanExecute="true" />
    <Entry Permission="/Custom/Workflows/Person_Change_Orga/Request/ActionPending" CanExecute="true" />
    <Entry Permission="/Custom/Workflows/Person_Change_Orga/Request/RefinePending" CanExecute="true" />
    <Entry Permission="/Custom/Workflows/Person_Change_Orga/Review/ReviewPending" CanExecute="true" />
    <Entry Permission="/Custom/Workflows/Person_Change_Orga/Review/RefinePending" CanExecute="true" />
	
    <Entry Permission="/Custom/Workflows/Person_Change_Loca/Request" CanExecute="true" />
    <Entry Permission="/Custom/Workflows/Person_Change_Loca/Request/ActionPending" CanExecute="true" />
    <Entry Permission="/Custom/Workflows/Person_Change_Loca/Request/RefinePending" CanExecute="true" />
    <Entry Permission="/Custom/Workflows/Person_Change_Loca/Review/ReviewPending" CanExecute="true" />
    <Entry Permission="/Custom/Workflows/Person_Change_Loca/Review/RefinePending" CanExecute="true" />	
	
    <Entry Permission="/Custom/Workflows/Person_Change_Activity/Request" CanExecute="true" />
    <Entry Permission="/Custom/Workflows/Person_Change_Activity/Request/ActionPending" CanExecute="true" />
    <Entry Permission="/Custom/Workflows/Person_Change_Activity/Request/RefinePending" CanExecute="true" />
    <Entry Permission="/Custom/Workflows/Person_Change_Activity/Review/ReviewPending" CanExecute="true" />
    <Entry Permission="/Custom/Workflows/Person_Change_Activity/Review/RefinePending" CanExecute="true" />	
	
    <Entry Permission="/Custom/Workflows/Person_Change_Metier/Request" CanExecute="true" />
    <Entry Permission="/Custom/Workflows/Person_Change_Metier/Request/ActionPending" CanExecute="true" />
    <Entry Permission="/Custom/Workflows/Person_Change_Metier/Request/RefinePending" CanExecute="true" />
    <Entry Permission="/Custom/Workflows/Person_Change_Metier/Review/ReviewPending" CanExecute="true" />
    <Entry Permission="/Custom/Workflows/Person_Change_Metier/Review/RefinePending" CanExecute="true" />
	
    <Entry Permission="/Custom/Workflows/Person_Change_Name/Request" CanExecute="true" />
    <Entry Permission="/Custom/Workflows/Person_Change_Name/Request/ActionPending" CanExecute="true" />
    <Entry Permission="/Custom/Workflows/Person_Change_Name/Request/RefinePending" CanExecute="true" />
    <Entry Permission="/Custom/Workflows/Person_Change_Name/Review/ReviewPending" CanExecute="true" />
    <Entry Permission="/Custom/Workflows/Person_Change_Name/Review/RefinePending" CanExecute="true" />

    <!-- Droits sur les workflows API-->
    <Entry Permission="/Custom/Workflows/Person_StartFull_API/Request/ActionPending" CanExecute="true" />
    <Entry Permission="/Custom/Workflows/Person_StartFull_API/Review/ReviewPending" CanExecute="true" />
    <Entry Permission="/Custom/Workflows/Person_StartFull_API/Review/RefinePending" CanExecute="true" />

    <Entry Permission="/Custom/Workflows/Person_Ext_Update_API/Request/ActionPending" CanExecute="true" />
    <Entry Permission="/Custom/Workflows/Person_Change_Orga_API/Request/ActionPending" CanExecute="true" />
    <Entry Permission="/Custom/Workflows/Person_Change_Loca_API/Request/ActionPending" CanExecute="true" />
    <Entry Permission="/Custom/Workflows/Person_Change_Activity_API/Request/ActionPending" CanExecute="true" />
    <Entry Permission="/Custom/Workflows/Person_Change_Activity_API/Request/RefinePending" CanExecute="true" />
  </AccessControlRule>
  
  <!-- COMMANDE / WFE -->
  <AccessControlRule Profile="Administrator" EntityType="Workflow_Person" Identifier="Administrator_Workflows_Person_Change_Commande" DisplayName_L1="Administrator_Workflows_Person_Change_Commande">
	<Filter Binding="Person.Records.EmployeeType.EmployeeCategory.Identifier" Value="EXTERNE" />

	<Entry Permission="/Custom/Workflows/Person_Change_Commande/Request" CanExecute="true" />
	<Entry Permission="/Custom/Workflows/Person_Change_Commande/Request/ActionPending" CanExecute="true" />
	<Entry Permission="/Custom/Workflows/Person_Change_Commande/Request/RefinePending" CanExecute="true" />
	<Entry Permission="/Custom/Workflows/Person_Change_Commande/Review/ReviewPending" CanExecute="true" />
	<Entry Permission="/Custom/Workflows/Person_Change_Commande/Review/RefinePending" CanExecute="true" />

	<Entry Permission="/Custom/Workflows/Person_Change_Commande_API/Request" CanExecute="true" />
	<Entry Permission="/Custom/Workflows/Person_Change_Commande_API/Request/ActionPending" CanExecute="true" />
	<Entry Permission="/Custom/Workflows/Person_Change_Commande_API/Request/RefinePending" CanExecute="true" />

	<Entry Permission="/Custom/Workflows/Person_ChangeExternalWFE/Request" CanExecute="true" />
	<Entry Permission="/Custom/Workflows/Person_ChangeExternalWFE/Request/ActionPending" CanExecute="true" />
	<Entry Permission="/Custom/Workflows/Person_ChangeExternalWFE/Request/RefinePending" CanExecute="true" />
  </AccessControlRule>

  <AccessControlRule Profile="Administrator" EntityType="Workflow_Person" Identifier="Administrator_Workflows_Person_StartInternal" DisplayName_L1="Administrator_Workflows_Person_StartInternal">
    <Filter Binding="Person.Records.EmployeeType.EmployeeCategory.Identifier" Value="INTERNE" />
    <Filter Binding="Person.Records.Division.Identifier" Value="70176" />
    <!-- <Filter Binding="Person.Records.Organization.Niveau" Value="4" /> -->
    <Entry Permission="/Custom/Workflows/Person_StartInternal/Request" CanExecute="true" Priority="1" />
  </AccessControlRule>

  <AccessControlRule Profile="Administrator" EntityType="Workflow_Person" Identifier="Administrator_Workflows_Person_StartExternal" DisplayName_L1="Administrator_Workflows_Person_StartExternal">
    <Filter Binding="Person.Records.EmployeeType.EmployeeCategory.Identifier" Value="EXTERNE" />
    <Filter Binding="Person.Records.Division.Identifier" Value="70176" />
    <!-- <Filter Binding="Person.Records.Organization.Niveau" Value="4" /> -->
    <Entry Permission="/Custom/Workflows/Person_StartExternal/Request" CanExecute="true" Priority="1" />
  </AccessControlRule>

  <AccessControlRule Profile="Administrator" EntityType="Workflow_Person" Identifier="Administrator_Workflows_Person_StartFull" DisplayName_L1="Administrator_Workflows_Person_StartFull">
    <Filter Binding="Person.Records.Division.Identifier" Value="70176" />
    <!-- <Filter Binding="Person.Records.Organization.Niveau" Value="4" /> -->
    <Entry Permission="/Custom/Workflows/Person_StartFull/Request" CanExecute="true" Priority="1" />
  </AccessControlRule>

  <AccessControlRule Profile="Administrator" EntityType="Workflow_Person" Identifier="Administrator_Workflows_Person_UpdateFull" DisplayName_L1="Administrator_Workflows_Person_UpdateFull">
    <Filter Binding="Person.Records.Division.Identifier" Value="70176" />
    <!-- <Filter Binding="Person.Records.Organization.Niveau" Value="4" /> -->
    <Entry Permission="/Custom/Workflows/Person_UpdateFull/Request" CanExecute="true" Priority="1" />
  </AccessControlRule>
  
  <AccessControlRule Profile="Administrator" EntityType="Workflow_Person" Identifier="Administrator_Workflows_Person_ChangeEmployeeTypeExternal_*" DisplayName_L1="Administrator_Workflows_Person_ChangeEmployeeTypeExternal_*">
	<Filter Binding="Person.Records.EmployeeType.EmployeeCategory.Identifier" Value="EXTERNE" />
	
    <Entry Permission="/Custom/Workflows/Person_ChangeEmployeeTypeExternal/Request" CanExecute="true" />
	<Entry Permission="/Custom/Workflows/Person_ChangeEmployeeTypeExternal/Request/ActionPending" CanExecute="true" />
    <Entry Permission="/Custom/Workflows/Person_ChangeEmployeeTypeExternal/Request/RefinePending" CanExecute="true" />
	<Entry Permission="/Custom/Workflows/Person_ChangeEmployeeTypeExternal/Review/ReviewPending" CanExecute="true" />
    <Entry Permission="/Custom/Workflows/Person_ChangeEmployeeTypeExternal/Review/RefinePending" CanExecute="true" />
  </AccessControlRule>
  
  <AccessControlRule Profile="Administrator" EntityType="Workflow_Person" Identifier="Administrator_Workflows_Person_ChangeEmployeeTypeInternal_*" DisplayName_L1="Administrator_Workflows_Person_ChangeEmployeeTypeInternal_*">
	<Filter Binding="Person.Records.EmployeeType.EmployeeCategory.Identifier" Value="INTERNE" />
	
    <Entry Permission="/Custom/Workflows/Person_ChangeEmployeeTypeInternal/Request" CanExecute="true" />
	<Entry Permission="/Custom/Workflows/Person_ChangeEmployeeTypeInternal/Request/ActionPending" CanExecute="true" />
    <Entry Permission="/Custom/Workflows/Person_ChangeEmployeeTypeInternal/Request/RefinePending" CanExecute="true" />
	<Entry Permission="/Custom/Workflows/Person_ChangeEmployeeTypeInternal/Review/ReviewPending" CanExecute="true" />
    <Entry Permission="/Custom/Workflows/Person_ChangeEmployeeTypeInternal/Review/RefinePending" CanExecute="true" />
	
  </AccessControlRule>

  <!-- Rapports -->
  <AccessControlRule Profile="Administrator" EntityType="ReportQuery" Identifier="Administrator_Reports" DisplayName_L1="Administrator_Reports">
    <Entry Permission="/Report/GenerateReportFileFromReportQuery/Query" CanExecute="true" />
    <Entry Permission="/Custom/Reports/Provisioning_CompositeRoles/View" CanExecute="true" />
    <Entry Permission="/Custom/Reports/Provisioning_SingleRoles/View" CanExecute="true" />
    <Entry Permission="/Custom/Reports/Provisioning_ResourceTypes/View" CanExecute="true" />
    <Entry Permission="/Custom/Reports/AccessControl_AssignedProfiles/View" CanExecute="true" />
	<Entry Permission="/Custom/Reports/AccessControl_AssignedProfiles_MA/View" CanExecute="true" />
    <Entry Permission="/Custom/Reports/AccessControl_AssignedProfiles_RO/View" CanExecute="true" />

    <Entry Permission="/Custom/Reports/User_AssignedResourceScalars/View" CanExecute="true" />
    <Entry Permission="/Custom/Reports/User_AssignedResourceNavigations/View" CanExecute="true" />
    <Entry Permission="/Custom/Reports/User_AssignedResourceTypes/View" CanExecute="true" />
    <Entry Permission="/Custom/Reports/User_AssignedSingleRoles/View" CanExecute="true" />
    <Entry Permission="/Custom/Reports/User_AssignedCompositeRoles/View" CanExecute="true" />
    <!-- <Entry Permission="/Custom/Reports/Workflow_ActivityInstances/View" CanExecute="true" /> -->
    <Entry Permission="/Custom/Reports/Reports_Identity/View" CanExecute="true" />
    <Entry Permission="/Custom/Reports/Reports_PersonRecord_Identity/View" CanExecute="true" />
    <Entry Permission="/Custom/Reports/Reports_Person_Identity/View" CanExecute="true" />
    <Entry Permission="/Custom/Reports/Reports_Migration_Zoe/View" CanExecute="true" />
	
	<Entry Permission="/Custom/Reports/Navigation_Role/View" CanExecute="true" />
    <Entry Permission="/Custom/Reports/Single_Role_Rule/View" CanExecute="true" />
	
	<Entry Permission="/Custom/Reports/Error_Zoe_Tasks/View" CanExecute="true" />

    <Entry Permission="/" />
  </AccessControlRule>

  <AccessControlRule Profile="Administrator" EntityType="ResourceNavigationRule" Identifier="Administrator_ResourceNavigationRule" DisplayName_L1="Administrator_ResourceNavigationRule">
    <Entry Permission="/" />
    <Entry Permission="/ProvisioningPolicy/ResourceNavigationRule/Query" CanExecute="true" />
  </AccessControlRule>
  
  <AccessControlRule Profile="Administrator" EntityType="SingleRoleRule" Identifier="Administrator_SingleRoleRule" DisplayName_L1="Administrator_SingleRoleRule">
    <Entry Permission="/" />
    <Entry Permission="/ProvisioningPolicy/SingleRoleRule/Query" CanExecute="true" />
  </AccessControlRule>

  <AccessControlRule Profile="Administrator" EntityType="ActivityTemplateState" Identifier="Administrator_ActivityTemplateState" DisplayName_L1="Administrator_ActivityTemplateState">
    <Entry Permission="/Workflows/ActivityTemplateState/Query" CanExecute="true" />
  </AccessControlRule>

  <AccessControlRule Profile="Administrator" EntityType="ActivityInstance" Identifier="Administrator_ActivityInstance" DisplayName_L1="Administrator_ActivityInstance">
    <Entry Permission="/Custom/Reports/Workflow_ActivityInstances/View" CanExecute="true" />
    <Entry Permission="/Custom/Reports/Workflow_ActivityInstancesYear/View" CanExecute="true" />
    <Entry Permission="/" />
  </AccessControlRule>

  <AccessControlRule Profile="Administrator" EntityType="AssignedProfile" Identifier="Administrator_AssignedProfile" DisplayName_L1="Administrator_AssignedProfile">
    <Entry Permission="/Custom/Reports/AccessControl_AssignedProfiles/View" CanExecute="true" />
    <Entry Permission="/" />
  </AccessControlRule>

  <!-- Droits connecteurs-->
  <AccessControlRule Profile="Administrator" EntityType="Connector" Identifier="Administrator_Connector" DisplayName_L1="Administrator_Connector">
    <Entry Permission="/Connectors/Connector/Query" CanExecute="true" />
    <Entry Permission="/" />
  </AccessControlRule>

  <AccessControlRule Profile="Administrator" EntityType="WorkflowInstance" Identifier="Administrator_WorkflowInstance" DisplayName_L1="Administrator_WorkflowInstance">
    <Entry CanExecute="true" Permission="/Workflows/WorkflowInstanceData/Query" />
    <Entry CanExecute="true" Permission="/Workflows/WorkflowInstance/Query" />
    <Entry Permission="/" />
  </AccessControlRule>

  <!--<AccessControlRule Profile="Administrator" EntityType="Workflow_Person" Identifier="Workflows_Person_ChangePosition" DisplayName_L1="Workflows_Person_ChangePosition">
        <Entry Permission="/Custom/Workflows/Person_ChangePosition" CanExecute="true" />
        <Entry Permission="/Custom/Workflows/Person_ChangePosition/Request" CanExecute="true" />
        <Entry Permission="/Custom/Workflows/Person_ChangePosition/Request/ActionPending" CanExecute="true" />
  </AccessControlRule>-->

  <!-- Requeteur -->
  <AccessControlRule Profile="Administrator" EntityType="Universe" Identifier="Administrator_Universe" DisplayName_L1="Administrator_Universe">
    <Entry Permission="/Universes/UniverseData/Query" CanExecute="true" />
  </AccessControlRule>

  <AccessControlRule Profile="Administrator" EntityType="Person" Identifier="Administrator_Universe_Person" DisplayName_L1="Administrator_Universe">
    <Entry Permission="/Universes/UniverseData/Query" CanExecute="true" />
  </AccessControlRule>
  <AccessControlRule Profile="Administrator" EntityType="PersonRecord" Identifier="Administrator_Universe_PersonRecord" DisplayName_L1="Administrator_Universe">
    <Entry Permission="/Universes/UniverseData/Query" CanExecute="true" />
  </AccessControlRule>

  <AccessControlRule Profile="Administrator" EntityType="Connector" Identifier="Universe_Administrator_Connector" DisplayName_L1="Administrator_Connector">
    <Entry Permission="/Universes/UniverseData/Query" />
  </AccessControlRule>

  <AccessControlRule Profile="Administrator" EntityType="CompositeRole" Identifier="Universe_Administrator_CompositeRole" DisplayName_L1="Administrator_CompositeRole">
    <Entry Permission="/Universes/UniverseData/Query" />
  </AccessControlRule>

  <AccessControlRule Profile="Administrator" EntityType="SingleRole" Identifier="Universe_Administrator_SingleRole" DisplayName_L1="Administrator_SingleRole">
    <Entry Permission="/Universes/UniverseData/Query" />
  </AccessControlRule>

  <AccessControlRule Profile="Administrator" EntityType="ResourceType" Identifier="Universe_Administrator_ResourceType" DisplayName_L1="Administrator_ResourceType">
    <Entry Permission="/Universes/UniverseData/Query" />
  </AccessControlRule>

  <AccessControlRule Profile="Administrator" EntityType="Category" Identifier="Universe_Administrator_Category" DisplayName_L1="Administrator_Category">
    <Entry Permission="/Universes/UniverseData/Query" />
  </AccessControlRule>

  <AccessControlRule Profile="Administrator" EntityType="Policy" Identifier="Universe_Administrator_Policy" DisplayName_L1="Administrator_Policy">
    <Entry Permission="/Universes/UniverseData/Query" />
  </AccessControlRule>

  <AccessControlRule Profile="Administrator" EntityType="AssignedCompositeRole" Identifier="Universe_Administrator_AssignedCompositeRole" DisplayName_L1="Administrator_AssignedCompositeRole">
    <Entry Permission="/Universes/UniverseData/Query" />
  </AccessControlRule>

  <AccessControlRule Profile="Administrator" EntityType="AssignedSingleRole" Identifier="Universe_Administrator_AssignedSingleRole" DisplayName_L1="Administrator_AssignedSingleRole">
    <Entry Permission="/Universes/UniverseData/Query" />
  </AccessControlRule>

  <AccessControlRule Profile="Administrator" EntityType="AssignedResourceType" Identifier="Universe_Administrator_AssignedResourceType" DisplayName_L1="Administrator_AssignedResourceType">
    <Entry Permission="/Universes/UniverseData/Query" />
  </AccessControlRule>

  <AccessControlRule Profile="Administrator" EntityType="AssignedResourceNavigation" Identifier="Universe_Administrator_AssignedResourceNavigation" DisplayName_L1="Administrator_AssignedResourceNavigation">
    <Entry Permission="/Universes/UniverseData/Query" />
  </AccessControlRule>

  <AccessControlRule Profile="Administrator" EntityType="AssignedResourceScalar" Identifier="Universe_Administrator_AssignedResourceScalar" DisplayName_L1="Administrator_AssignedResourceScalar">
    <Entry Permission="/Universes/UniverseData/Query" />
  </AccessControlRule>

  <AccessControlRule Profile="Administrator" EntityType="Workflow" Identifier="Universe_Administrator_Workflow" DisplayName_L1="Administrator_AssignedResourceScalar">
    <Entry Permission="/Universes/UniverseData/Query" />
  </AccessControlRule>

  <AccessControlRule Profile="Administrator" EntityType="WorkflowInstance" Identifier="Universe_Administrator_WorkflowInstance" DisplayName_L1="Administrator_AssignedResourceScalar">
    <Entry Permission="/Universes/UniverseData/Query" />
  </AccessControlRule>

  <AccessControlRule Profile="Administrator" EntityType="Activity" Identifier="Universe_Administrator_Activity" DisplayName_L1="Administrator_AssignedResourceScalar">
    <Entry Permission="/Universes/UniverseData/Query" />
  </AccessControlRule>

  <AccessControlRule Profile="Administrator" EntityType="ActivityInstance" Identifier="Universe_Administrator_ActivityInstance" DisplayName_L1="Administrator_AssignedResourceScalar">
    <Entry Permission="/Universes/UniverseData/Query" />
  </AccessControlRule>
</ConfigurationFile>