﻿<ConfigurationFile xmlns="urn:schemas-usercube-com:configuration">

  <Profile Identifier="API_CCP" DisplayName_L1="API_Habilitation (ne pas assigner)" />

  <AccessControlRule Profile="API_CCP" EntityType="Person" Identifier="API_CCP_Resources_Person" DisplayName_L1="API_CCP_Resources_Person">
    <Entry Permission="/Custom/Resources/Person/Query" FullAccessProperties="true" />
    <Entry Permission="/Custom/Resources/Person/View"  FullAccessProperties="true" />
  </AccessControlRule>
  <AccessControlRule Profile="API_CCP" EntityType="PersonRecord" Identifier="API_CCP_Resources_PersonRecord" DisplayName_L1="API_CCP_Resources_PersonRecord">
    <Entry Permission="/Custom/Resources/PersonRecord/Query" FullAccessProperties="true" />
  </AccessControlRule>
  <AccessControlRule Profile="API_CCP" EntityType="DomaineAD" Identifier="API_CCP_Resources_DomaineAD" DisplayName_L1="API_CCP_Resources_DomaineAD">
    <Entry Permission="/Custom/Resources/DomaineAD/Query" FullAccessProperties="true" />
    <Entry Permission="/Custom/Resources/DomaineAD/View"  FullAccessProperties="true"/>
  </AccessControlRule>  
  <AccessControlRule Profile="API_CCP" EntityType="IsVDI" Identifier="API_CCP_Resources_IsVDI" DisplayName_L1="API_CCP_Resources_IsVDI">
    <Entry Permission="/Custom/Resources/IsVDI/Query" FullAccessProperties="true" />
    <Entry Permission="/Custom/Resources/IsVDI/View"  FullAccessProperties="true"/>
  </AccessControlRule>
  <AccessControlRule Profile="API_CCP" EntityType="Contract" Identifier="API_CCP_Resources_Contract" DisplayName_L1="API_CCP_Resources_Contract">
    <Entry Permission="/Custom/Resources/Contract/Query" FullAccessProperties="true" />
    <Entry Permission="/Custom/Resources/Contract/View"  FullAccessProperties="true"/>
  </AccessControlRule>  
  <!-- droits sur les workflows -->
  <AccessControlRule Profile="API_CCP" EntityType="Workflow_Person" Identifier="API_CCP_Workflows_Person_*" DisplayName_L1="API_CCP_Workflows_Person">
    <Entry Permission="/Custom/Workflows/Person_StartFull_API/Request/ActionPending" CanExecute="true" />
    <Entry Permission="/Custom/Workflows/Person_Ext_Update_API/Request/ActionPending" CanExecute="true" />
    <Entry Permission="/Custom/Workflows/Person_EndFull_API/Request/ActionPending" CanExecute="true" />
    <Entry Permission="/Custom/Workflows/Person_Change_Orga_API/Request/ActionPending" CanExecute="true" />
    <Entry Permission="/Custom/Workflows/Person_Change_Loca_API/Request/ActionPending" CanExecute="true" />
    <Entry Permission="/Custom/Workflows/Helpdesk_Person_Delete_API/Request/ActionPending" CanExecute="true" />
    <Entry Permission="/Custom/Workflows/Person_Change_Company_API/Request/ActionPending" CanExecute="true" />
    <Entry Permission="/Custom/Workflows/Person_Change_Activity_API/Request/ActionPending" CanExecute="true" />
    <Entry Permission="/Custom/Workflows/Person_ResourcesUpdateAPI/Request/ActionPending" CanExecute="true" />
  </AccessControlRule>
  
  <!-- COMMANDE MEP -->
  <AccessControlRule Profile="API_CCP" EntityType="Workflow_Person" Identifier="API_CCP_Workflows_Person_Change_Commande" DisplayName_L1="API_CCP_Workflows_Person_Change_Commande">
	<Filter Binding="Person.Records.EmployeeType.EmployeeCategory.Identifier" Value="EXTERNE" />
    <Entry Permission="/Custom/Workflows/Person_Change_Commande_API/Request/ActionPending" CanExecute="true" />
  </AccessControlRule>


</ConfigurationFile>
