﻿<ConfigurationFile xmlns="urn:schemas-usercube-com:configuration">

  <Profile Identifier="CCP" DisplayName_L1="Gestionnaire Habilitations" />

  <!-- Scaffolding droits administrateur -->
  <RoleAdministrationAccessControlRules Profile="CCP" />
  <JobAdministrationAccessControlRules Profile="CCP" />
  <JobExecutionAccessControlRules Profile="CCP" />
  <SynchronizationAccessControlRules Profile="CCP" />
  <ProvisioningAccessControlRules Profile="CCP" />
  
  <ProfileAdministrationAccessControlRules Profile="CCP" />
  <AssignProfileAccessControlRules Profile="CCP" />
  <WorkflowFulfillmentControlRules Profile="CCP" />
  <ResourcePickerControlRules Profile="CCP" />
  <BasketRulesControlRules Profile="CCP" />

  <!-- Scaffolding WF entités  -->
  <!-- <CreateUpdateDeleteTemplate EntityType="PersonalTitle" Profile="CCP" /> -->
  <CreateUpdateDeleteTemplate EntityType="Organization" Profile="CCP" />
  <CreateUpdateDeleteTemplate EntityType="EmployeeCategory" Profile="CCP" />
  <CreateUpdateDeleteTemplate EntityType="EmployeeType" Profile="CCP" />
  <CreateUpdateDeleteTemplate EntityType="Division" Profile="CCP" />
  <CreateUpdateDeleteTemplate EntityType="Company" Profile="CCP" />
  <CreateUpdateDeleteTemplate EntityType="Localisation" Profile="CCP" />
  <CreateUpdateDeleteTemplate EntityType="Site" Profile="CCP" />
  <CreateUpdateDeleteTemplate EntityType="OUPartenaire" Profile="CCP" />
  <CreateUpdateDeleteTemplate EntityType="IdentityType" Profile="CCP" />  
  <CreateUpdateDeleteTemplate EntityType="DomaineAD" Profile="CCP" />
  <CreateUpdateDeleteTemplate EntityType="IsVDI" Profile="CCP" />
  <!-- COMMANDE -->
  <CreateUpdateDeleteTemplate EntityType="Contract" Profile="CCP" />
  <ViewSourceResourceTemplate EntityType="Easy_Contrat" Profile="CCP" />

  <!-- Metis -->
  <!-- <ViewTemplate EntityType="MM_Nature" Profile="CCP" /> -->
  <!-- <ViewTemplate EntityType="MM_Statut" Profile="CCP" /> -->
  <!-- <ViewTemplate EntityType="MM_Ticket" Profile="CCP" /> -->
  <!-- <CreateUpdateDeleteTemplate EntityType="MM_Nature" Profile="CCP" /> -->
  <!-- <CreateUpdateDeleteTemplate EntityType="MM_Statut" Profile="CCP" /> -->
  <!-- <CreateUpdateDeleteTemplate EntityType="MM_Ticket" Profile="CCP" /> -->
  <ViewTemplate EntityType="ProvMan_Metis_Nature" Profile="CCP" />
  <ViewTargetResourceTemplate EntityType="ProvMan_Metis_User" Profile="CCP" />
  <PerformManualProvisioningAccessControlRules EntityType="Person" Profile="CCP" />
  <CreateUpdateDeleteTemplate EntityType="ProvMan_Metis_Nature" Profile="CCP" />
  
  <!-- Triskell -->
  <ViewTemplate EntityType="Triskell_User" Profile="CCP" />
  <ViewTemplate EntityType="Triskell_Role" Profile="CCP" />
  <ViewTemplate EntityType="Triskell_TimeSheet" Profile="CCP" />
  <ViewAccessControlRules EntityType="Triskell_User" Profile="CCP" />
  <ViewAccessControlRules EntityType="Triskell_Role" Profile="CCP" />
  <ViewAccessControlRules EntityType="Triskell_TimeSheet" Profile="CCP" />
  
  <!-- droit d'accès au lancements des jobs -->
  <AccessControlRule Profile="CCP" EntityType="JobInstance" Identifier="CCP_JobInstance" DisplayName_L1="CCP_JobInstance">
    <Entry Permission="/Jobs/JobInstance/Create" CanExecute="true" />
  </AccessControlRule>

  <AccessControlRule Profile="CCP" EntityType="TaskInstance" Identifier="CCP_TaskInstance" DisplayName_L1="CCP_TaskInstance">
    <Entry Permission="/Jobs/TaskInstance/Create" CanExecute="true" />
  </AccessControlRule>

  <!-- droit d'accès au panier des droits -->
  <!-- The AccessControlRule for the "Policy" EntityType has a different structure than the other generated rules : -->
  <AccessControlRule Profile="CCP" EntityType="Policy" Identifier="CCP_Policy" DisplayName_L1="CCP_Policy">
    <Entry Permission="/" />
    <!-- "Permission" scope reduced to "/Custom/Workflows" -->
    <Entry Permission="/ProvisioningPolicy/Policy" CanExecute="true" />
    <!-- "CanExecute" is now set to "false" -->
    <Entry Permission="/ProvisioningPolicy/Policy/Query" CanExecute="true" />
  </AccessControlRule>

  <AccessControlRule Profile="CCP" EntityType="Resource" Identifier="CCP_Resource_Custom_Workflows" DisplayName_L1="CCP - Resources Picker - ">
    <Entry Permission="/Custom/Workflows" />
    <Entry Permission="/" />
  </AccessControlRule>


  <!-- <AccessControlRule Profile="CCP" EntityType="Policy" Identifier="CCP_Policy_Adm" DisplayName_L1="CCP_Policy_Adm">
    <Entry Permission="/ProvisioningPolicy/Risk" />
  </AccessControlRule> -->

  <!-- Droits revue Provisioning sur les entités -->
  <AccessControlRule Profile="CCP" EntityType="Resource" Identifier="CCP_AssignedResourceTypeResource" DisplayName_L1="CCP_AssignedResourceTypeResource">
    <Entry Permission="/Custom/ProvisioningPolicy/ReviewProvisioning/Rh_Person" CanExecute="true" />
    <!-- <Entry Permission="/Custom/ProvisioningPolicy/ReviewProvisioning/AD_Zoe_Entry" CanExecute="true" /> -->
  </AccessControlRule>

  <!-- Droits validés les rôles -->
  <AccessControlRule Profile="CCP" EntityType="AssignedResourceType" Identifier="CCP_AssignedResourceType" DisplayName_L1="CCP_AssignedResourceType">
    <Entry Permission="/Custom/ProvisioningPolicy/ReviewRoles/Person" CanExecute="true" />
    <Entry Permission="/Custom/ProvisioningPolicy/ReviewProvisioning/Rh_Person" CanExecute="true" />
    <!-- <Entry Permission="/Custom/ProvisioningPolicy/ReviewProvisioning/AD_Zoe_Entry" CanExecute="true" /> -->
    <Entry Permission="/Custom/ProvisioningPolicy/ReconciliateResources/Person" CanExecute="true" />
    <Entry Permission="/" />
    <Entry Permission="/Custom/ProvisioningPolicy/ReconciliateRoles/Person" CanExecute="true" />
    <Entry Permission="/Custom/ProvisioningPolicy/ReviewProvisioning/Person" CanExecute="true" />
    <Entry Permission="/Custom/ProvisioningPolicy/ReconciliateResources/Rh_Person" CanExecute="true" />
  </AccessControlRule>

  <!-- All the other AccessControleRules follow one unique pattern : -->
  <AccessControlRule Profile="CCP" EntityType="AssignedCompositeRole" Identifier="CCP_AssignedCompositeRole" DisplayName_L1="CCP_AssignedCompositeRole">
    <Entry Permission="/Custom/ProvisioningPolicy/ReviewRoles/Person" CanExecute="true" />
    <Entry Permission="/" />
    <!-- "Permission" scope reduced to "/Custom/Workflows" -->
  </AccessControlRule>

  <AccessControlRule Profile="CCP" EntityType="AssignedResourceNavigation" Identifier="CCP_AssignedResourceNavigation" DisplayName_L1="CCP_AssignedResourceNavigation">
    <Entry Permission="/" />
    <!-- "Permission" scope reduced to "/Custom/Workflows" -->
  </AccessControlRule>

  <AccessControlRule Profile="CCP" EntityType="AssignedResourceScalar" Identifier="CCP_AssignedResourceScalar" DisplayName_L1="CCP_AssignedResourceScalar">
    <Entry Permission="/" />
    <!-- "Permission" scope reduced to "/Custom/Workflows" -->
  </AccessControlRule>

  <AccessControlRule Profile="CCP" EntityType="Category" Identifier="CCP_Category" DisplayName_L1="CCP_Category">
    <Entry Permission="/" />
    <!-- "Permission" scope reduced to "/Custom/Workflows" -->
  </AccessControlRule>

  <AccessControlRule Profile="CCP" EntityType="CompositeRole" Identifier="CCP_CompositeRole" DisplayName_L1="CCP_CompositeRole">
    <Entry Permission="/" />
    <!-- "Permission" scope reduced to "/Custom/Workflows" -->
  </AccessControlRule>

  <AccessControlRule Profile="CCP" EntityType="Connector" Identifier="CCP_Connector" DisplayName_L1="CCP_Connector">
    <Entry Permission="/Connectors/Connector/Query" CanExecute="true" />
    <Entry Permission="/" />
  </AccessControlRule>

  <AccessControlRule Profile="CCP" EntityType="EntityProperty" Identifier="CCP_EntityProperty" DisplayName_L1="CCP_EntityProperty">
    <Entry Permission="/" />
    <!-- "Permission" scope reduced to "/Custom/Workflows" -->
  </AccessControlRule>

  <AccessControlRule Profile="CCP" EntityType="ResourceType" Identifier="CCP_ResourceType" DisplayName_L1="CCP_ResourceType">
    <Entry Permission="/" />
    <!-- "Permission" scope reduced to "/Custom/Workflows" -->
  </AccessControlRule>

  <AccessControlRule Profile="CCP" EntityType="SingleRole" Identifier="CCP_SingleRole" DisplayName_L1="CCP_SingleRole">
    <Entry Permission="/" />
	<Entry Permission="/Custom/Resources/Person/ViewOwnedResources" CanExecute="true" />																			 
    <!-- "Permission" scope reduced to "/Custom/Workflows" -->
  </AccessControlRule>

  <!-- Droits lecture sur les entités -->
  <AccessControlRule Profile="CCP" EntityType="Person" Identifier="CCP_Resources_Person" DisplayName_L1="CCP_Resources_Person">
    <Entry Permission="/Custom/Resources/Person/View" CanExecute="true" FullAccessProperties="true" />
    <Entry Permission="/Custom/Resources/Person/ViewOwnedResources" CanExecute="true" />
    <Entry Permission="/Custom/Resources/Person/ViewTargetResources" CanExecute="true" />
    <Entry Permission="/Custom/ProvisioningPolicy/ReconciliateResources/Person" CanExecute="true" />
    <Entry Permission="/" />
    <Entry Permission="/" PropertyGroup="Person_Sensitive" />
  </AccessControlRule>

  <AccessControlRule Profile="CCP" EntityType="PersonRecord" Identifier="CCP_Resources_PersonRecord" DisplayName_L1="CCP_Resources_PersonRecord">
    <Entry Permission="/Custom/Resources/PersonRecord/View" CanExecute="true" FullAccessProperties="true" />
    <Entry Permission="/" />
    <Entry Permission="/" PropertyGroup="Person_Sensitive" />
  </AccessControlRule>

  <AccessControlRule Profile="CCP" EntityType="Rh_Person" Identifier="CCP_Resources_Rh_Person" DisplayName_L1="CCP_Resources_Rh_Person">
    <Entry Permission="/Custom/Resources/Rh_Person/View" CanExecute="true" />
    <Entry Permission="/Custom/Resources/Rh_Person/ViewOwnedResources" CanExecute="true" />
    <Entry Permission="/Custom/Resources/Rh_Person/ViewTargetResources" CanExecute="true" />
    <Entry Permission="/" />
  </AccessControlRule>

  <AccessControlRule Profile="CCP" EntityType="AD_Zoe_Entry" Identifier="CCP_Resources_AD_Zoe_Entry" DisplayName_L1="CCP_Resources_AD_Zoe_Entry">
    <Entry Permission="/Custom/Resources/AD_Zoe_Entry/View" CanExecute="true" />
    <Entry Permission="/Custom/Resources/AD_Zoe_Entry/ViewOwnedResources" CanExecute="true" />
    <Entry Permission="/Custom/Resources/AD_Zoe_Entry/ViewTargetResources" CanExecute="true" />
    <Entry Permission="/" />
  </AccessControlRule>

  <AccessControlRule Profile="CCP" EntityType="Organization" Identifier="CCP_Resources_Organization" DisplayName_L1="CCP_Resources_Organization">
    <Entry Permission="/Custom/Resources/Organization/View" CanExecute="true" />
    <Entry Permission="/Custom/Resources/Organization/ViewOwnedResources" CanExecute="true" />
    <Entry Permission="/" />
  </AccessControlRule>

  <AccessControlRule Profile="CCP" EntityType="Organisation" Identifier="CCP_Resources_Organisation" DisplayName_L1="CCP_Resources_Organisation">
    <Entry Permission="/Custom/Resources/Organisation/View" CanExecute="true" />
    <Entry Permission="/Custom/Resources/Organisation/ViewOwnedResources" CanExecute="true" />
    <Entry Permission="/" />
  </AccessControlRule>

  <!-- <AccessControlRule Profile="CCP" EntityType="PersonalTitle" Identifier="CCP_Resources_PersonalTitle" DisplayName_L1="CCP_Resources_PersonalTitle">
    <Entry Permission="/Custom/Resources/PersonalTitle/View" CanExecute="true" />
    <Entry Permission="/Custom/Resources/PersonalTitle/ViewOwnedResources" CanExecute="true" />
    <Entry Permission="/" />
  </AccessControlRule> -->

  <AccessControlRule Profile="CCP" EntityType="ZoeMigrationStatus" Identifier="CCP_Resources_ZoeMigrationStatus" DisplayName_L1="CCP_Resources_ZoeMigrationStatus">
    <Entry Permission="/" />
  </AccessControlRule>

  <ViewTemplate EntityType="Red01MigrationStatus" Profile="CCP" />

  <AccessControlRule Profile="CCP" EntityType="EmployeeType" Identifier="CCP_Resources_EmployeeType" DisplayName_L1="CCP_Resources_EmployeeType">
    <Entry Permission="/Custom/Resources/EmployeeType/View" CanExecute="true" />
    <Entry Permission="/Custom/Resources/EmployeeType/ViewOwnedResources" CanExecute="true" />
    <Entry Permission="/" />
  </AccessControlRule>
  
  <AccessControlRule Profile="CCP" EntityType="IdentityType" Identifier="CCP_Resources_IdentityType" DisplayName_L1="CCP_Resources_IdentityType">
    <Entry Permission="/Custom/Resources/IdentityType/View" CanExecute="true" />
    <Entry Permission="/Custom/Resources/IdentityType/ViewOwnedResources" CanExecute="true" />
    <Entry Permission="/" />
  </AccessControlRule>

  <AccessControlRule Profile="CCP" EntityType="Prestataire" Identifier="CCP_Resources_Prestataire" DisplayName_L1="CCP_Resources_Prestataire">
    <Entry Permission="/Custom/Resources/Prestataire/View" CanExecute="true" />
    <Entry Permission="/Custom/Resources/Prestataire/ViewOwnedResources" CanExecute="true" />
    <Entry Permission="/" />
  </AccessControlRule>

  <AccessControlRule Profile="CCP" EntityType="Consort" Identifier="CCP_Resources_Consort" DisplayName_L1="CCP_Resources_Consort">
    <Entry Permission="/Custom/Resources/Consort/View" CanExecute="true" />
    <Entry Permission="/Custom/Resources/Consort/ViewOwnedResources" CanExecute="true" />
    <Entry Permission="/" />
  </AccessControlRule>


  <AccessControlRule Profile="CCP" EntityType="Company" Identifier="CCP_Resources_Company" DisplayName_L1="CCP_Resources_Company">
    <Entry Permission="/Custom/Resources/Company/View" CanExecute="true" />
    <Entry Permission="/Custom/Resources/Company/ViewOwnedResources" CanExecute="true" />
    <Entry Permission="/" />
  </AccessControlRule>

  <AccessControlRule Profile="CCP" EntityType="Localisation" Identifier="CCP_Resources_Localisation" DisplayName_L1="CCP_Resources_Localisation">
    <Entry Permission="/Custom/Resources/Localisation/View" CanExecute="true" />
    <Entry Permission="/Custom/Resources/Localisation/ViewOwnedResources" CanExecute="true" />
    <Entry Permission="/" />
  </AccessControlRule>
  
  <AccessControlRule Profile="CCP" EntityType="Co_localisation" Identifier="CCP_Resources_Co_localisation" DisplayName_L1="CCP_Resources_Co_localisation">
    <Entry Permission="/Custom/Resources/Co_localisation/View" CanExecute="true" />
    <Entry Permission="/" />
  </AccessControlRule>

  <AccessControlRule Profile="CCP" EntityType="Site" Identifier="CCP_Resources_Site" DisplayName_L1="CCP_Resources_Site">
    <Entry Permission="/Custom/Resources/Site/View" CanExecute="true" />
    <Entry Permission="/Custom/Resources/Site/ViewOwnedResources" CanExecute="true" />
    <Entry Permission="/" />
  </AccessControlRule>

  <AccessControlRule Profile="CCP" EntityType="local" Identifier="CCP_Resources_local" DisplayName_L1="CCP_Resources_local">
    <Entry Permission="/Custom/Resources/local/View" CanExecute="true" />
    <Entry Permission="/Custom/Resources/local/ViewOwnedResources" CanExecute="true" />
    <Entry Permission="/" />
  </AccessControlRule>

  <AccessControlRule Profile="CCP" EntityType="rh_site" Identifier="CCP_Resources_RHSite" DisplayName_L1="CCP_Resources_RHSite">
    <Entry Permission="/Custom/Resources/rh_site/View" CanExecute="true" />
    <Entry Permission="/Custom/Resources/rh_site/ViewOwnedResources" CanExecute="true" />
    <Entry Permission="/" />
  </AccessControlRule>

  <AccessControlRule Profile="CCP" EntityType="OUPartenaire" Identifier="CCP_Resources_OUPartenaire" DisplayName_L1="CCP_Resources_OUPartenaire">
    <Entry Permission="/Custom/Resources/OUPartenaire/View" CanExecute="true" />
    <Entry Permission="/Custom/Resources/OUPartenaire/ViewOwnedResources" CanExecute="true" />
    <Entry Permission="/Custom/Resources/OUPartenaire/ViewTargetResources" CanExecute="true" />
    <Entry Permission="/" />
  </AccessControlRule>

  <AccessControlRule Profile="CCP" EntityType="DomaineAD" Identifier="CCP_Resources_DomaineAD" DisplayName_L1="CCP_Resources_DomaineAD">
    <Entry Permission="/Custom/Resources/DomaineAD/View" CanExecute="true" />
    <Entry Permission="/Custom/Resources/DomaineAD/ViewOwnedResources" CanExecute="true" />
    <Entry Permission="/Custom/Resources/DomaineAD/ViewTargetResources" CanExecute="true" />
    <Entry Permission="/" />
  </AccessControlRule>

  <AccessControlRule Profile="CCP" EntityType="Division" Identifier="CCP_Resources_Division" DisplayName_L1="CCP_Resources_Division">
    <Entry Permission="/Custom/Resources/Division/View" CanExecute="true" />
    <Entry Permission="/Custom/Resources/Division/ViewOwnedResources" CanExecute="true" />
    <Entry Permission="/" />
  </AccessControlRule>

  <AccessControlRule Profile="CCP" EntityType="IsVDI" Identifier="CCP_Resources_IsVDI" DisplayName_L1="CCP_Resources_IsVDI">
    <Entry Permission="/Custom/Resources/IsVDI/View" CanExecute="true" />
    <Entry Permission="/Custom/Resources/IsVDI/ViewOwnedResources" CanExecute="true" />
    <Entry Permission="/Custom/Resources/IsVDI/ViewTargetResources" CanExecute="true" />
    <Entry Permission="/" />
  </AccessControlRule>
  <!-- origami -->
  <!-- <AccessControlRule Profile="CCP" EntityType="Contract" Identifier="CCP_Resources_Contract" DisplayName_L1="CCP_Resources_Contract">
    <Entry Permission="/Custom/Resources/Contract/View" CanExecute="true" />
    <Entry Permission="/Custom/Resources/Contract/ViewOwnedResources" CanExecute="true" />
    <Entry Permission="/" />
  </AccessControlRule> -->

  <ViewTemplate EntityType="ProvMan_Metis_User" Profile="CCP" />
  <TargetResourceReport EntityType="ProvMan_Metis_User" />
  <TargetResourceReportAccessControlRules EntityType="ProvMan_Metis_User" Profile="CCP" />

  <ViewTemplate EntityType="AD_Commun01_Entry" Profile="CCP" />
  <TargetResourceReport EntityType="AD_Commun01_Entry" />
  <TargetResourceReportAccessControlRules EntityType="AD_Commun01_Entry" Profile="CCP" />
  <TargetResourceReportMenus EntityType="AD_Commun01_Entry" />
  <ViewAccessControlRules EntityType="AD_Commun01_Entry" Profile="CCP" />
  <ReviewProvisioningAccessControlRules EntityType="AD_Commun01_Entry" Profile="CCP" />
  <ReconciliateRolesAccessControlRules EntityType="AD_Commun01_Entry" Profile="CCP" />

  <ViewTemplate EntityType="AD_Partenaires_Entry" Profile="CCP" />
  <TargetResourceReport EntityType="AD_Partenaires_Entry" />
  <TargetResourceReportAccessControlRules EntityType="AD_Partenaires_Entry" Profile="CCP" />
  <TargetResourceReportMenus EntityType="AD_Partenaires_Entry" />
  <ViewAccessControlRules EntityType="AD_Partenaires_Entry" Profile="CCP" />
  <ReviewProvisioningAccessControlRules EntityType="AD_Partenaires_Entry" Profile="CCP" />
  <ReconciliateRolesAccessControlRules EntityType="AD_Partenaires_Entry" Profile="CCP" />

  <ViewTemplate EntityType="AD_ProdGrp_Entry" Profile="CCP" />
  <TargetResourceReport EntityType="AD_ProdGrp_Entry" />
  <TargetResourceReportAccessControlRules EntityType="AD_ProdGrp_Entry" Profile="CCP" />
  <TargetResourceReportMenus EntityType="AD_ProdGrp_Entry" />
  <ViewAccessControlRules EntityType="AD_ProdGrp_Entry" Profile="CCP" />
  <ReviewProvisioningAccessControlRules EntityType="AD_ProdGrp_Entry" Profile="CCP" />
  <ReconciliateRolesAccessControlRules EntityType="AD_ProdGrp_Entry" Profile="CCP" />

  <ViewTemplate EntityType="AD_Zoe_Entry" Profile="CCP" />
  <TargetResourceReport EntityType="AD_Zoe_Entry" />
  <TargetResourceReportAccessControlRules EntityType="AD_Zoe_Entry" Profile="CCP" />
  <TargetResourceReportMenus EntityType="AD_Zoe_Entry" />
  <ViewAccessControlRules EntityType="AD_Zoe_Entry" Profile="CCP" />
  <ReviewProvisioningAccessControlRules EntityType="AD_Zoe_Entry" Profile="CCP" />
  <ReconciliateRolesAccessControlRules EntityType="AD_Zoe_Entry" Profile="CCP" />

  <ViewTemplate EntityType="LDAP_LdapCagip_Entry" Profile="CCP" />
  <TargetResourceReport EntityType="LDAP_LdapCagip_Entry" />
  <TargetResourceReportAccessControlRules EntityType="LDAP_LdapCagip_Entry" Profile="CCP" />
  <TargetResourceReportMenus EntityType="LDAP_LdapCagip_Entry" />
  <ViewAccessControlRules EntityType="LDAP_LdapCagip_Entry" Profile="CCP" />
  <ReviewProvisioningAccessControlRules EntityType="LDAP_LdapCagip_Entry" Profile="CCP" />
  <ReconciliateRolesAccessControlRules EntityType="LDAP_LdapCagip_Entry" Profile="CCP" />

  <!-- Droits sur les workflows -->
  <AccessControlRule Profile="CCP" EntityType="ActivityTemplateTransition" Identifier="CCP_ActivityTemplateTransition" DisplayName_L1="CCPActivityTemplateTransition">
    <Entry CanExecute="true" Permission="/Workflows/ActivityTemplateTransition/Query" />
    <Entry Permission="/" />
  </AccessControlRule>

  <AccessControlRule Profile="CCP" EntityType="Workflow" Identifier="CCP_Workflow" DisplayName_L1="CCPWorkflow">
    <Entry CanExecute="true" Permission="/Workflows/Workflow/Query" />
    <Entry Permission="/" />
  </AccessControlRule>

  <!-- <ReviewRolesAccessControlRules EntityType="Person" Profile="CCP"/> -->
  <ReviewProvisioningAccessControlRules EntityType="Person" Profile="CCP" />
  <WorkflowAccessControlRules EntityType="Workflow_Person" Profile="CCP" />
  <ReconciliateRolesAccessControlRules EntityType="Person" Profile="CCP" />

  <WorkflowOverviewControlRules EntityType="Person" Profile="CCP" />
  <!-- <AccessControlRule Profile="CCP" EntityType="Workflow_Person" Identifier="CCP_WorkflowSuperVision_Workflow_Person" DisplayName_L1="CCP - WorkflowSupervision">
    <Entry CanExecute="true" Permission="/Workflows/WorkflowInstance/Query" />
    <Entry CanExecute="true" Permission="/Workflows/WorkflowInstance/Supervise" />
    <Entry Permission="/" />  
</AccessControlRule> -->
  <WorkflowOverviewControlRules EntityType="Organization" Profile="CCP" />
  <!-- <AccessControlRule Profile="CCP" EntityType="Workflow_Organization" Identifier="CCP_WorkflowSuperVision_Workflow_Organization" DisplayName_L1="CCP - WorkflowSupervision">
    <Entry CanExecute="true" Permission="/Workflows/WorkflowInstance/Query" />
    <Entry CanExecute="true" Permission="/Workflows/WorkflowInstance/Supervise" />
    <Entry Permission="/" />  
</AccessControlRule> -->
  <WorkflowOverviewControlRules EntityType="Division" Profile="CCP" />
  <!-- <AccessControlRule Profile="CCP" EntityType="Workflow_Division" Identifier="CCP_WorkflowSuperVision_Workflow_Division" DisplayName_L1="CCP - WorkflowSupervision">
    <Entry CanExecute="true" Permission="/Workflows/WorkflowInstance/Query" />
    <Entry CanExecute="true" Permission="/Workflows/WorkflowInstance/Supervise" />
    <Entry Permission="/" />  
</AccessControlRule> -->
  <WorkflowOverviewControlRules EntityType="Company" Profile="CCP" />
  <WorkflowOverviewControlRules EntityType="Localisation" Profile="CCP" />
  <WorkflowOverviewControlRules EntityType="Site" Profile="CCP" />
  <!-- <AccessControlRule Profile="CCP" EntityType="Workflow_Company" Identifier="CCP_WorkflowSuperVision_Workflow_Company" DisplayName_L1="CCP - WorkflowSupervision">
    <Entry CanExecute="true" Permission="/Workflows/WorkflowInstance/Query" />
    <Entry CanExecute="true" Permission="/Workflows/WorkflowInstance/Supervise" />
    <Entry Permission="/" />  
</AccessControlRule> -->
  <!-- <WorkflowOverviewControlRules EntityType="PersonalTitle" Profile="CCP"/> -->
  <!-- <AccessControlRule Profile="CCP" EntityType="Workflow_PersonalTitle" Identifier="CCP_WorkflowSuperVision_Workflow_PersonalTitle" DisplayName_L1="CCP - WorkflowSupervision">
    <Entry CanExecute="true" Permission="/Workflows/WorkflowInstance/Query" />
    <Entry CanExecute="true" Permission="/Workflows/WorkflowInstance/Supervise" />
    <Entry Permission="/" />  
</AccessControlRule> -->
  <WorkflowOverviewControlRules EntityType="EmployeeType" Profile="CCP" />
  <!-- <AccessControlRule Profile="CCP" EntityType="Workflow_EmployeeType" Identifier="CCP_WorkflowSuperVision_Workflow_EmployeeType" DisplayName_L1="CCP - WorkflowSupervision">
    <Entry CanExecute="true" Permission="/Workflows/WorkflowInstance/Query" />
    <Entry CanExecute="true" Permission="/Workflows/WorkflowInstance/Supervise" />
    <Entry Permission="/" />  
</AccessControlRule> -->

  <AccessControlRule Profile="CCP" EntityType="Workflow_Person" Identifier="CCP_Workflows_Person_*" DisplayName_L1="CCP_Workflows_Person_*">

    <Entry Permission="/Workflows/UserActivityInstance/Query" CanExecute="true" />
    <Entry Permission="/Custom/Workflows/Person_ResourcesUpdate/Request" CanExecute="true" />
    <Entry Permission="/Custom/Workflows/Person_ResourcesUpdate/Request/ActionPending" CanExecute="true" />
    <Entry Permission="/Custom/Workflows/Person_ResourcesUpdate/Request/RefinePending" CanExecute="true" />

    <!-- <Entry Permission="/Custom/Workflows/Person_StartInternal/Request" CanExecute="true" /> -->
    <Entry Permission="/Custom/Workflows/Person_StartInternal/Request/ActionPending" CanExecute="true" />
    <Entry Permission="/Custom/Workflows/Person_StartInternal/Request/RefinePending" CanExecute="true" />
    <Entry Permission="/Custom/Workflows/Person_StartInternal/Review/ReviewPending" CanExecute="true" />
    <Entry Permission="/Custom/Workflows/Person_StartInternal/Review/RefinePending" CanExecute="true" />

    <!-- <Entry Permission="/Custom/Workflows/Person_StartExternal/Request" CanExecute="true" /> -->
    <Entry Permission="/Custom/Workflows/Person_StartExternal/Request/ActionPending" CanExecute="true" />
    <Entry Permission="/Custom/Workflows/Person_StartExternal/Request/RefinePending" CanExecute="true" />
    <Entry Permission="/Custom/Workflows/Person_StartExternal/Review/ReviewPending" CanExecute="true" />
    <Entry Permission="/Custom/Workflows/Person_StartExternal/Review/RefinePending" CanExecute="true" />

    <Entry Permission="/Custom/Workflows/Person_StartFull/Request" CanExecute="true" />
    <Entry Permission="/Custom/Workflows/Person_StartFull/Request/ActionPending" CanExecute="true" />
    <Entry Permission="/Custom/Workflows/Person_StartFull/Request/RefinePending" CanExecute="true" />
    <Entry Permission="/Custom/Workflows/Person_StartFull/Review/ReviewPending" CanExecute="true" />
    <Entry Permission="/Custom/Workflows/Person_StartFull/Review/RefinePending" CanExecute="true" />

    <Entry Permission="/Custom/Workflows/Person_UpdateFull/Request" CanExecute="true" />
    <Entry Permission="/Custom/Workflows/Person_UpdateFull/Request/ActionPending" CanExecute="true" />
    <Entry Permission="/Custom/Workflows/Person_UpdateFull/Request/RefinePending" CanExecute="true" />

    <Entry Permission="/Custom/Workflows/Person_EndFull/Request" CanExecute="true" />
    <Entry Permission="/Custom/Workflows/Person_EndFull/Request/ActionPending" CanExecute="true" />
    <Entry Permission="/Custom/Workflows/Person_EndFull/Request/RefinePending" CanExecute="true" />
    <Entry Permission="/Custom/Workflows/Person_EndFull/Review/ReviewPending" CanExecute="true" />
    <Entry Permission="/Custom/Workflows/Person_EndFull/Review/RefinePending" CanExecute="true" />

    <Entry Permission="/Custom/Workflows/Person_EndFull_API/Request" CanExecute="true" />
    <Entry Permission="/Custom/Workflows/Person_EndFull_API/Request/ActionPending" CanExecute="true" />
    <Entry Permission="/Custom/Workflows/Person_EndFull_API/Request/RefinePending" CanExecute="true" />

    <Entry Permission="/Custom/Workflows/Person_Prolongation/Request" CanExecute="true" />
    <Entry Permission="/Custom/Workflows/Person_Prolongation/Request/ActionPending" CanExecute="true" />
    <Entry Permission="/Custom/Workflows/Person_Prolongation/Request/RefinePending" CanExecute="true" />
    <Entry Permission="/Custom/Workflows/Person_Prolongation/Review/ReviewPending" CanExecute="true" />
    <Entry Permission="/Custom/Workflows/Person_Prolongation/Review/RefinePending" CanExecute="true" />

    <Entry Permission="/Custom/Workflows/Person_ChangeState/Request" CanExecute="true" />
    <Entry Permission="/Custom/Workflows/Person_ModifyLogin/Request" CanExecute="true" />

    <Entry Permission="/Custom/Workflows/Person_ModifyLoginRed01/Request" CanExecute="true" />
    <Entry Permission="/Custom/Workflows/Person_ModifyLoginMainframe/Request" CanExecute="true" />
	<Entry Permission="/Custom/Workflows/Person_ModifyLoginCAPS/Request" CanExecute="true" />

    <Entry Permission="/Custom/Workflows/Person_StartFull_API/Review/ReviewPending" CanExecute="true" />
    <Entry Permission="/Custom/Workflows/Person_StartFull_API/Review/RefinePending" CanExecute="true" />

    <Entry Permission="/Custom/Workflows/Person_Matricule/Request" CanExecute="true" />
    <Entry Permission="/Custom/Workflows/Person_Matricule/Request/ActionPending" CanExecute="true" />

    <Entry Permission="/Custom/Workflows/Person_Change_Orga/Request" CanExecute="true" />
    <Entry Permission="/Custom/Workflows/Person_Change_Orga/Request/ActionPending" CanExecute="true" />
    <Entry Permission="/Custom/Workflows/Person_Change_Orga/Request/RefinePending" CanExecute="true" />
    <Entry Permission="/Custom/Workflows/Person_Change_Orga/Review/ReviewPending" CanExecute="true" />
    <Entry Permission="/Custom/Workflows/Person_Change_Orga/Review/RefinePending" CanExecute="true" />

    <Entry Permission="/Custom/Workflows/Person_Change_Loca/Request" CanExecute="true" />
    <Entry Permission="/Custom/Workflows/Person_Change_Loca/Request/ActionPending" CanExecute="true" />
    <Entry Permission="/Custom/Workflows/Person_Change_Loca/Request/RefinePending" CanExecute="true" />
    <Entry Permission="/Custom/Workflows/Person_Change_Loca/Review/ReviewPending" CanExecute="true" />
    <Entry Permission="/Custom/Workflows/Person_Change_Loca/Review/RefinePending" CanExecute="true" />

    <Entry Permission="/Custom/Workflows/Person_Change_Activity/Request" CanExecute="true" />
    <Entry Permission="/Custom/Workflows/Person_Change_Activity/Request/ActionPending" CanExecute="true" />
    <Entry Permission="/Custom/Workflows/Person_Change_Activity/Request/RefinePending" CanExecute="true" />
    <Entry Permission="/Custom/Workflows/Person_Change_Activity/Review/ReviewPending" CanExecute="true" />
    <Entry Permission="/Custom/Workflows/Person_Change_Activity/Review/RefinePending" CanExecute="true" />

    <Entry Permission="/Custom/Workflows/Person_Change_Metier/Request" CanExecute="true" />
    <Entry Permission="/Custom/Workflows/Person_Change_Metier/Request/ActionPending" CanExecute="true" />
    <Entry Permission="/Custom/Workflows/Person_Change_Metier/Request/RefinePending" CanExecute="true" />
    <Entry Permission="/Custom/Workflows/Person_Change_Metier/Review/ReviewPending" CanExecute="true" />
    <Entry Permission="/Custom/Workflows/Person_Change_Metier/Review/RefinePending" CanExecute="true" />
	
    <Entry Permission="/Custom/Workflows/Person_Change_Name/Request" CanExecute="true" />
    <Entry Permission="/Custom/Workflows/Person_Change_Name/Request/ActionPending" CanExecute="true" />
    <Entry Permission="/Custom/Workflows/Person_Change_Name/Request/RefinePending" CanExecute="true" />
    <Entry Permission="/Custom/Workflows/Person_Change_Name/Review/ReviewPending" CanExecute="true" />
    <Entry Permission="/Custom/Workflows/Person_Change_Name/Review/RefinePending" CanExecute="true" />

  </AccessControlRule>
  
  <!-- COMMANDE -->
  <AccessControlRule Profile="CCP" EntityType="Workflow_Person" Identifier="CCP_Workflows_Person_Change_Commande" DisplayName_L1="CCP_Workflows_Person_Change_Commande">
	<Filter Binding="Person.Records.EmployeeType.EmployeeCategory.Identifier" Value="EXTERNE" />

	<Entry Permission="/Custom/Workflows/Person_Change_Commande/Request" CanExecute="true" />
	<Entry Permission="/Custom/Workflows/Person_Change_Commande/Request/ActionPending" CanExecute="true" />
	<Entry Permission="/Custom/Workflows/Person_Change_Commande/Request/RefinePending" CanExecute="true" />
	<Entry Permission="/Custom/Workflows/Person_Change_Commande/Review/ReviewPending" CanExecute="true" />
	<Entry Permission="/Custom/Workflows/Person_Change_Commande/Review/RefinePending" CanExecute="true" />

	<Entry Permission="/Custom/Workflows/Person_ChangeExternalWFE/Request" CanExecute="true" />
	<Entry Permission="/Custom/Workflows/Person_ChangeExternalWFE/Request/ActionPending" CanExecute="true" />
	<Entry Permission="/Custom/Workflows/Person_ChangeExternalWFE/Request/RefinePending" CanExecute="true" />
  </AccessControlRule>

  <AccessControlRule Profile="CCP" EntityType="Workflow_Person" Identifier="CCP_Workflows_Person_StartFull_API" DisplayName_L1="CCP_Workflows_Person_StartFull_API">
    <Filter Binding="Person.Records.Division.Identifier" Value="70176" />
    <Entry Permission="/Custom/Workflows/Person_StartFull_API/Review" CanExecute="true" Priority="1" />
  </AccessControlRule>

  <AccessControlRule Profile="CCP" EntityType="Workflow_Person" Identifier="CCP_Workflows_Person_StartInternal" DisplayName_L1="CCP_Workflows_Person_StartInternal">
    <Filter Binding="Person.Records.EmployeeType.EmployeeCategory.Identifier" Value="INTERNE" />
    <Filter Binding="Person.Records.Division.Identifier" Value="70176" />
    <!-- <Filter Binding="Person.Records.DomaineAD.Id" Value="-356" /> -->
    <Entry Permission="/Custom/Workflows/Person_StartInternal/Request" CanExecute="true" Priority="1" />
  </AccessControlRule>

  <AccessControlRule Profile="CCP" EntityType="Workflow_Person" Identifier="CCP_Workflows_Person_StartExternal" DisplayName_L1="CCP_Workflows_Person_StartExternal">
    <Filter Binding="Person.Records.EmployeeType.EmployeeCategory.Identifier" Value="EXTERNE" />
    <Filter Binding="Person.Records.Division.Identifier" Value="70176" />
    <!-- <Filter Binding="Person.Records.DomaineAD.Id" Value="-356" /> -->
    <Entry Permission="/Custom/Workflows/Person_StartExternal/Request" CanExecute="true" Priority="1" />
  </AccessControlRule>

  <!-- <AccessControlRule Profile="CCP" EntityType="Workflow_Person" Identifier="CCP_Workflows_Person_StartFull" DisplayName_L1="CCP_Workflows_Person_StartFull">
    <Filter Binding="Person.Records.Division.Identifier" Value="70176" />
    <Entry Permission="/Custom/Workflows/Person_StartFull/Request" CanExecute="true" Priority="1" />
  </AccessControlRule> -->

  <AccessControlRule Profile="CCP" EntityType="Workflow_Person" Identifier="CCP_Workflows_Person_UpdateFull" DisplayName_L1="CCP_Workflows_Person_UpdateFull">
    <Filter Binding="Person.Records.Division.Identifier" Value="70176" />
    <Entry Permission="/Custom/Workflows/Person_UpdateFull/Request" CanExecute="true" Priority="1" />
  </AccessControlRule>

  <AccessControlRule Profile="CCP" EntityType="Workflow_Person" Identifier="CCP_Workflows_Person_EndFull" DisplayName_L1="CCP_Workflows_Person_EndFull">
    <Filter Binding="Person.Records.Division.Identifier" Value="70176" />
    <Entry Permission="/Custom/Workflows/Person_EndFull/Request" CanExecute="true" Priority="1" />
    <Entry Permission="/Custom/Workflows/Person_EndFull_API/Request" CanExecute="true" Priority="1" />
  </AccessControlRule>

  <AccessControlRule Profile="CCP" EntityType="AssignedProfile" Identifier="CCP_AssignedProfile" DisplayName_L1="CCP_AssignedProfile">
    <Entry Permission="/Custom/Reports/AccessControl_AssignedProfiles_MA/View" CanExecute="true" />
    <Entry Permission="/Custom/Reports/AccessControl_AssignedProfiles_RO/View" CanExecute="true" />
  </AccessControlRule>
  
  <AccessControlRule Profile="CCP" EntityType="Workflow_Person" Identifier="CCP_Workflows_Person_ChangeEmployeeTypeExternal_*" DisplayName_L1="CCP_Workflows_Person_ChangeEmployeeTypeExternal_*">
	<Filter Binding="Person.Records.EmployeeType.EmployeeCategory.Identifier" Value="EXTERNE" />
	
    <Entry Permission="/Custom/Workflows/Person_ChangeEmployeeTypeExternal/Request" CanExecute="true" />
	<Entry Permission="/Custom/Workflows/Person_ChangeEmployeeTypeExternal/Request/ActionPending" CanExecute="true" />
    <Entry Permission="/Custom/Workflows/Person_ChangeEmployeeTypeExternal/Request/RefinePending" CanExecute="true" />
	<Entry Permission="/Custom/Workflows/Person_ChangeEmployeeTypeExternal/Review/ReviewPending" CanExecute="true" />
    <Entry Permission="/Custom/Workflows/Person_ChangeEmployeeTypeExternal/Review/RefinePending" CanExecute="true" />
  </AccessControlRule>
  
  <AccessControlRule Profile="CCP" EntityType="Workflow_Person" Identifier="CCP_Workflows_Person_ChangeEmployeeTypeInternal_*" DisplayName_L1="CCP_Workflows_Person_ChangeEmployeeTypeInternal_*">
	<Filter Binding="Person.Records.EmployeeType.EmployeeCategory.Identifier" Value="INTERNE" />
	
    <Entry Permission="/Custom/Workflows/Person_ChangeEmployeeTypeInternal/Request" CanExecute="true" />
	<Entry Permission="/Custom/Workflows/Person_ChangeEmployeeTypeInternal/Request/ActionPending" CanExecute="true" />
    <Entry Permission="/Custom/Workflows/Person_ChangeEmployeeTypeInternal/Request/RefinePending" CanExecute="true" />
	<Entry Permission="/Custom/Workflows/Person_ChangeEmployeeTypeInternal/Review/ReviewPending" CanExecute="true" />
    <Entry Permission="/Custom/Workflows/Person_ChangeEmployeeTypeInternal/Review/RefinePending" CanExecute="true" />
  </AccessControlRule>
																																  
  <!-- Rapports -->
  <AccessControlRule Profile="CCP" EntityType="ReportQuery" Identifier="CCP_Reports" DisplayName_L1="CCP_Reports">
    <Entry Permission="/Report/GenerateReportFileFromReportQuery/Query" CanExecute="true" />
    <Entry Permission="/Custom/Reports/Provisioning_CompositeRoles/View" CanExecute="true" />
    <Entry Permission="/Custom/Reports/Provisioning_SingleRoles/View" CanExecute="true" />
    <Entry Permission="/Custom/Reports/Provisioning_ResourceTypes/View" CanExecute="true" />
    <!--<Entry Permission="/Custom/Reports/AccessControl_AssignedProfiles/View" CanExecute="true" />-->
	<Entry Permission="/Custom/Reports/Workflow_ActivityInstances/View" CanExecute="true" />

    <Entry Permission="/Custom/Reports/AccessControl_AssignedProfiles_MA/View" CanExecute="true" />
    <Entry Permission="/Custom/Reports/AccessControl_AssignedProfiles_RO/View" CanExecute="true" />

    <Entry Permission="/Custom/Reports/User_AssignedResourceScalars/View" CanExecute="true" />
    <Entry Permission="/Custom/Reports/User_AssignedResourceNavigations/View" CanExecute="true" />
    <Entry Permission="/Custom/Reports/User_AssignedResourceTypes/View" CanExecute="true" />
    <Entry Permission="/Custom/Reports/User_AssignedSingleRoles/View" CanExecute="true" />
    <Entry Permission="/Custom/Reports/User_AssignedCompositeRoles/View" CanExecute="true" />

    <Entry Permission="/Custom/Reports/Reports_Identity/View" CanExecute="true" />
    <Entry Permission="/Custom/Reports/Reports_Migration_Zoe/View" CanExecute="true" />
    <Entry Permission="/Custom/Reports/Reports_PersonRecord_Identity/View" CanExecute="true" />
    <Entry Permission="/Custom/Reports/Reports_Person_Identity/View" CanExecute="true" />
	
	<Entry Permission="/Custom/Reports/Navigation_Role/View" CanExecute="true" />
	<Entry Permission="/Custom/Reports/Single_Role_Rule/View" CanExecute="true" />
	
	<Entry Permission="/Custom/Reports/Error_Zoe_Tasks/View" CanExecute="true" />
	
    <Entry Permission="/" />
  </AccessControlRule>

  <AccessControlRule Profile="CCP" EntityType="ResourceNavigationRule" Identifier="CCP_ResourceNavigationRule" DisplayName_L1="CCP_ResourceNavigationRule">
    <Entry Permission="/" />
    <Entry Permission="/ProvisioningPolicy/ResourceNavigationRule/Query" CanExecute="true" />
  </AccessControlRule>
  
  <AccessControlRule Profile="CCP" EntityType="SingleRoleRule" Identifier="CCP_SingleRoleRule" DisplayName_L1="CCP_SingleRoleRule">
    <Entry Permission="/" />
    <Entry Permission="/ProvisioningPolicy/SingleRoleRule/Query" CanExecute="true" />
  </AccessControlRule>
  
  <!-- droits connecteurs-->
  <AccessControlRule Profile="CCP" EntityType="WorkflowInstance" Identifier="CCP_WorkflowInstance" DisplayName_L1="CCP_WorkflowInstance">
    <Entry Permission="/Workflows/WorkflowInstanceData/Query" CanExecute="true" />
    <Entry Permission="/Workflows/WorkflowInstance/Query" CanExecute="true" />
    <Entry Permission="/" />
  </AccessControlRule>

  <!--<AccessControlRule Profile="CCP" EntityType="Workflow_Person" Identifier="Workflows_Person_ChangePosition" DisplayName_L1="Workflows_Person_ChangePosition">
        <Entry Permission="/Custom/Workflows/Person_ChangePosition" CanExecute="true" />
        <Entry Permission="/Custom/Workflows/Person_ChangePosition/Request" CanExecute="true" />
        <Entry Permission="/Custom/Workflows/Person_ChangePosition/Request/ActionPending" CanExecute="true" />
  </AccessControlRule>-->

  <!-- Requeteur -->
  <AccessControlRule Profile="CCP" EntityType="Universe" Identifier="CCP_Universe" DisplayName_L1="CCP_Universe">
    <Entry Permission="/Universes/UniverseData/Query" CanExecute="true" />
  </AccessControlRule>

  <AccessControlRule Profile="CCP" EntityType="Person" Identifier="CCP_Universe_Person" DisplayName_L1="CCP_Universe">
    <Entry Permission="/Universes/UniverseData/Query" CanExecute="true" />
  </AccessControlRule>
  <AccessControlRule Profile="CCP" EntityType="PersonRecord" Identifier="CCP_Universe_PersonRecord" DisplayName_L1="CCP_Universe">
    <Entry Permission="/Universes/UniverseData/Query" CanExecute="true" />
  </AccessControlRule>

  <AccessControlRule Profile="CCP" EntityType="Connector" Identifier="Universe_CCP_Connector" DisplayName_L1="CCP_Connector">
    <Entry Permission="/Universes/UniverseData/Query" />
  </AccessControlRule>

  <AccessControlRule Profile="CCP" EntityType="CompositeRole" Identifier="Universe_CCP_CompositeRole" DisplayName_L1="CCP_CompositeRole">
    <Entry Permission="/Universes/UniverseData/Query" />
  </AccessControlRule>

  <AccessControlRule Profile="CCP" EntityType="SingleRole" Identifier="Universe_CCP_SingleRole" DisplayName_L1="CCP_SingleRole">
    <Entry Permission="/Universes/UniverseData/Query" />
  </AccessControlRule>

  <AccessControlRule Profile="CCP" EntityType="ResourceType" Identifier="Universe_CCP_ResourceType" DisplayName_L1="CCP_ResourceType">
    <Entry Permission="/Universes/UniverseData/Query" />
  </AccessControlRule>

  <AccessControlRule Profile="CCP" EntityType="Category" Identifier="Universe_CCP_Category" DisplayName_L1="CCP_Category">
    <Entry Permission="/Universes/UniverseData/Query" />
  </AccessControlRule>

  <AccessControlRule Profile="CCP" EntityType="Policy" Identifier="Universe_CCP_Policy" DisplayName_L1="CCP_Policy">
    <Entry Permission="/Universes/UniverseData/Query" />
  </AccessControlRule>

  <AccessControlRule Identifier="CCP_AssignedCompositeRole" DisplayName_L1="Responsable de Rôle_AssignedCompositeRole" EntityType="AssignedCompositeRole" Profile="CCP">
    <Filter Binding="WorkflowState" Value="10" />
    <Entry CanExecute="true" Permission="/Custom/ProvisioningPolicy/ReviewRoles/Person" />
	<Entry Permission="/Custom/Resources/Person/ViewOwnedResources" CanExecute="true" />
  </AccessControlRule>

  <AccessControlRule Identifier="CCP_AssignedSingleRole" DisplayName_L1="Responsable de Rôle_AssignedSingleRole" EntityType="AssignedSingleRole" Profile="CCP">
    <Filter Binding="WorkflowState" Value="10" />
    <Entry CanExecute="true" Permission="/Custom/ProvisioningPolicy/ReviewRoles/Person" />
	<Entry Permission="/Custom/Resources/Person/ViewOwnedResources" CanExecute="true" />
  </AccessControlRule>

  <AccessControlRule Identifier="CCP_AssignedCompositeRole_Unique" DisplayName_L1="Responsable de Rôle_AssignedCompositeRole" EntityType="AssignedCompositeRole" Profile="CCP">
    <Filter Binding="WorkflowState" Value="8" />
    <Entry CanExecute="true" Permission="/Custom/ProvisioningPolicy/ReviewRoles/Person" />
	<Entry Permission="/Custom/Resources/Person/ViewOwnedResources" CanExecute="true" />
  </AccessControlRule>

  <AccessControlRule Identifier="CCP_AssignedSingleRole_Unique" DisplayName_L1="Responsable de Rôle_AssignedSingleRole" EntityType="AssignedSingleRole" Profile="CCP">
    <Filter Binding="WorkflowState" Value="8" />
    <Entry CanExecute="true" Permission="/Custom/ProvisioningPolicy/ReviewRoles/Person" />
	<Entry Permission="/Custom/Resources/Person/ViewOwnedResources" CanExecute="true" />
  </AccessControlRule>

  <AccessControlRule Profile="CCP" EntityType="AssignedResourceType" Identifier="Universe_CCP_AssignedResourceType" DisplayName_L1="CCP_AssignedResourceType">
    <Entry Permission="/Universes/UniverseData/Query" />
	<Entry Permission="/Custom/Resources/Person/ViewOwnedResources" CanExecute="true" />
  </AccessControlRule>

  <AccessControlRule Profile="CCP" EntityType="AssignedResourceNavigation" Identifier="Universe_CCP_AssignedResourceNavigation" DisplayName_L1="CCP_AssignedResourceNavigation">
    <Entry Permission="/Universes/UniverseData/Query" />
	<Entry Permission="/Custom/Resources/Person/ViewOwnedResources" CanExecute="true" />
  </AccessControlRule>

  <AccessControlRule Profile="CCP" EntityType="AssignedResourceScalar" Identifier="Universe_CCP_AssignedResourceScalar" DisplayName_L1="CCP_AssignedResourceScalar">
    <Entry Permission="/Universes/UniverseData/Query" />
	<Entry Permission="/Custom/Resources/Person/ViewOwnedResources" CanExecute="true" />
  </AccessControlRule>


  <AccessControlRule Profile="CCP" EntityType="Workflow" Identifier="Universe_CCP_Workflow" DisplayName_L1="CCP_AssignedResourceScalar">
    <Entry Permission="/Universes/UniverseData/Query" />
	<Entry Permission="/Custom/Resources/Person/ViewOwnedResources" CanExecute="true" />
  </AccessControlRule>

  <AccessControlRule Profile="CCP" EntityType="WorkflowInstance" Identifier="Universe_CCP_WorkflowInstance" DisplayName_L1="CCP_AssignedResourceScalar">
    <Entry Permission="/Universes/UniverseData/Query" />
  </AccessControlRule>

  <AccessControlRule Profile="CCP" EntityType="Activity" Identifier="Universe_CCP_Activity" DisplayName_L1="CCP_AssignedResourceScalar">
    <Entry Permission="/Universes/UniverseData/Query" />
  </AccessControlRule>

  <AccessControlRule Profile="CCP" EntityType="ActivityInstance" Identifier="Universe_CCP_ActivityInstance" DisplayName_L1="CCP_AssignedResourceScalar">
    <Entry Permission="/Universes/UniverseData/Query" />
  </AccessControlRule>
  
  <AccessControlRule Profile="CCP" EntityType="ActivityInstance" Identifier="CCP_ActivityInstance" DisplayName_L1="CCP_ActivityInstance">
    <Entry Permission="/Custom/Reports/Workflow_ActivityInstances/View" CanExecute="true" />
    <Entry Permission="/Custom/Reports/Workflow_ActivityInstancesYear/View" CanExecute="true" />
    <Entry Permission="/" />
  </AccessControlRule>
  
</ConfigurationFile>