﻿<ConfigurationFile xmlns="urn:schemas-usercube-com:configuration">

	<Profile Identifier="Audit" DisplayName_L1="Auditeur" />

	<AccessControlRule Identifier="Audit_AssignedCompositeRole" DisplayName_L1="Audit_AssignedCompositeRole" EntityType="AssignedCompositeRole" Profile="Audit">
		<Entry Permission="/" />
	</AccessControlRule>

	<AccessControlRule Identifier="Audit_AssignedResourceScalar" DisplayName_L1="Audit_AssignedResourceScalar" EntityType="AssignedResourceScalar" Profile="Audit">
		<Entry Permission="/" />
	</AccessControlRule>

	<AccessControlRule Identifier="Audit_AssignedResourceNavigation" DisplayName_L1="Audit_AssignedResourceNavigation" EntityType="AssignedResourceNavigation" Profile="Audit">
		<Entry Permission="/" />
	</AccessControlRule>

	<AccessControlRule Identifier="Audit_AssignedResourceType" DisplayName_L1="Audit_AssignedResourceType" EntityType="AssignedResourceType" Profile="Audit">
		<Entry Permission="/" />
	</AccessControlRule>

	<AccessControlRule Identifier="Audit_AssignedSingleRole" DisplayName_L1="Audit_AssignedSingleRole" EntityType="AssignedSingleRole" Profile="Audit">
		<Entry Permission="/" />
	</AccessControlRule>

	<AccessControlRule Identifier="Audit_Category" DisplayName_L1="Audit_Category" EntityType="Category" Profile="Audit">
		<Entry Permission="/" />
	</AccessControlRule>

	<AccessControlRule Profile="Audit" EntityType="Person" Identifier="Audit_Resources_Person" DisplayName_L1="Audit_Resources_Person">
		<Entry Permission="/Custom/Resources/Person/View" CanExecute="true" FullAccessProperties="true" />
		<Entry Permission="/Custom/Resources/Person/ViewOwnedResources" CanExecute="true" />
		<!-- <Entry Permission="/Custom/Resources/Person/ViewTargetResources" CanExecute="true" /> -->
		<Entry Permission="/" />
		<Entry Permission="/" PropertyGroup="Person_Sensitive" />
	</AccessControlRule>

	<AccessControlRule Profile="Audit" EntityType="PersonRecord" Identifier="Audit_Resources_PersonRecord" DisplayName_L1="Audit_Resources_PersonRecord">
		<Entry Permission="/Custom/Resources/PersonRecord/View" CanExecute="true" FullAccessProperties="true" />
		<Entry Permission="/" />
		<Entry Permission="/" PropertyGroup="Person_Sensitive" />
	</AccessControlRule>

	<!-- Rapports -->
	<AccessControlRule Profile="Audit" EntityType="ReportQuery" Identifier="Audit_Reports" DisplayName_L1="Audit_Reports">
		<Entry Permission="/Report/GenerateReportFileFromReportQuery/Query" CanExecute="true" />
		<Entry Permission="/Custom/Reports/Reports_Identity/View" CanExecute="true" />
		<!--<Entry Permission="/Custom/Reports/Reports_Migration_Zoe/View" CanExecute="true" />-->
		<Entry Permission="/" />
	</AccessControlRule>

</ConfigurationFile>
