﻿<ConfigurationFile xmlns="urn:schemas-usercube-com:configuration">

  <Profile Identifier="APIKafka" DisplayName_L1="API_Kafka (ne pas assigner)" />

  <AccessControlRule Profile="APIKafka" EntityType="Person" Identifier="APIKafka_Resources_Person" DisplayName_L1="APIKafka_Resources_Person">
    <Entry Permission="/Custom/Resources/Person/Query" FullAccessProperties="true" />
    <Entry Permission="/Custom/Resources/Person/View"  FullAccessProperties="true" />
  </AccessControlRule>
  <AccessControlRule Profile="APIKafka" EntityType="PersonRecord" Identifier="APIKafka_Resources_PersonRecord" DisplayName_L1="APIKafka_Resources_PersonRecord">
    <Entry Permission="/Custom/Resources/PersonRecord/Query" FullAccessProperties="true" />
  </AccessControlRule>
  <AccessControlRule Profile="APIKafka" EntityType="DomaineAD" Identifier="APIKafka_Resources_DomaineAD" DisplayName_L1="APIKafka_Resources_DomaineAD">
    <Entry Permission="/Custom/Resources/DomaineAD/Query" FullAccessProperties="true" />
    <Entry Permission="/Custom/Resources/DomaineAD/View"  FullAccessProperties="true"/>
  </AccessControlRule>  
  <!-- droits sur les workflows -->
  <AccessControlRule Profile="APIKafka" EntityType="Workflow_Person" Identifier="APIKafka_Workflows_Person_*" DisplayName_L1="APIKafka_Workflows_Person">
    <Entry Permission="/Custom/Workflows/Person_StartFull_API/Request/ActionPending" CanExecute="true" />
    <Entry Permission="/Custom/Workflows/Person_Ext_Update_API/Request/ActionPending" CanExecute="true" />
  </AccessControlRule>

</ConfigurationFile>
