﻿<ConfigurationFile xmlns="urn:schemas-usercube-com:configuration">

 <Profile Identifier="RoleOfficerComposite" DisplayName_L1="Responsable de Profil (par Role composé)" />

  <!-- COMPOSITE ROLE -->
  <AccessControlRule Identifier="RoleOfficerComposite_AssignedCompositeRole_SR2" DisplayName_L1="Responsable de Rôle (niveau 2) SingleRole AssignedCompositeRole" EntityType="AssignedCompositeRole" Profile="RoleOfficerComposite">
    <Filter Binding="Role.Id" CompositeRole="true"  />
	<Filter Binding="WorkflowState" Value="9" />
    <Entry CanExecute="true" Permission="/Custom/ProvisioningPolicy/ReviewRoles/Person" />
  </AccessControlRule>
  
  <AccessControlRule Identifier="RoleOfficerComposite_AssignedCompositeRole_SR3" DisplayName_L1="Responsable de Rôle (niveau 2) SingleRole AssignedCompositeRole" EntityType="AssignedCompositeRole" Profile="RoleOfficerComposite">
    <Filter Binding="Role.Id" CompositeRole="true"  />
	<Filter Binding="WorkflowState" Value="12" />
    <Entry CanExecute="true" Permission="/Custom/ProvisioningPolicy/ReviewRoles/Person" />
  </AccessControlRule> 

  <!-- SINGLE ROLE -->
  <AccessControlRule Identifier="RoleOfficerComposite_AssignedSingleRole_SR2" DisplayName_L1="Responsable de Rôle (niveau 2) SingleRole AssignedSingleRole" EntityType="AssignedSingleRole" Profile="RoleOfficerComposite">
    <Filter Binding="Role.Id" CompositeRole="true"  />
    <Filter Binding="WorkflowState" Value="9" />
    <Entry CanExecute="true" Permission="/Custom/ProvisioningPolicy/ReviewRoles/Person" />
  </AccessControlRule>
  
  <AccessControlRule Identifier="RoleOfficerComposite_AssignedSingleRole_SR3" DisplayName_L1="Responsable de Rôle (niveau 2) SingleRole AssignedSingleRole" EntityType="AssignedSingleRole" Profile="RoleOfficerComposite">
    <Filter Binding="Role.Id" CompositeRole="true"  />
    <Filter Binding="WorkflowState" Value="12" />
    <Entry CanExecute="true" Permission="/Custom/ProvisioningPolicy/ReviewRoles/Person" />
  </AccessControlRule>
  
  <AccessControlRule Profile="RoleOfficerComposite" EntityType="Person" Identifier="RoleOfficerComposite_Resources_Person" DisplayName_L1="RoleOfficerComposite_Resources_Person">
	<Entry CanExecute="true" Permission="/Custom/ProvisioningPolicy/ReviewRoles/Person" />
  </AccessControlRule>

  <AccessControlRule Profile="RoleOfficerComposite" EntityType="PersonRecord" Identifier="RoleOfficerComposite_Resources_PersonRecord" DisplayName_L1="RoleOfficerComposite_Resources_PersonRecord">
    <Entry Permission="/" />
  </AccessControlRule>

  <!-- <AccessControlRule Profile="RoleOfficerComposite" EntityType="Organization" Identifier="RoleOfficerComposite_Resources_Organization" DisplayName_L1="RoleOfficerComposite_Resources_Organization"> -->
    <!-- <Entry Permission="/" /> -->
  <!-- </AccessControlRule> -->

  <AccessControlRule Profile="RoleOfficerComposite" EntityType="EmployeeType" Identifier="RoleOfficerComposite_Resources_EmployeeType" DisplayName_L1="RoleOfficerComposite_Resources_EmployeeType">
    <Entry Permission="/" />
  </AccessControlRule>

  <AccessControlRule Profile="RoleOfficerComposite" EntityType="Company" Identifier="RoleOfficerComposite_Resources_Company" DisplayName_L1="RoleOfficerComposite_Resources_Company">
    <Entry Permission="/" />
  </AccessControlRule>

  <AccessControlRule Profile="RoleOfficerComposite" EntityType="Division" Identifier="RoleOfficerComposite_Resources_Division" DisplayName_L1="RoleOfficerComposite_Resources_Division">
    <Entry Permission="/" />
  </AccessControlRule>

  <!-- droits pour l'écran des rôles -->
  <AccessControlRule Profile="RoleOfficerComposite" EntityType="CompositeRole" Identifier="RoleOfficerComposite_CompositeRole" DisplayName_L1="RoleOfficerComposite_CompositeRole">
    <Entry Permission="/" />
  </AccessControlRule>

  <AccessControlRule Profile="RoleOfficerComposite" EntityType="SingleRole" Identifier="RoleOfficerComposite_SingleRole" DisplayName_L1="RoleOfficerComposite_SingleRole">
    <Entry Permission="/" />
  </AccessControlRule>

  <AccessControlRule Profile="RoleOfficerComposite" EntityType="ResourceType" Identifier="RoleOfficerComposite_ResourceType" DisplayName_L1="RoleOfficerComposite_ResourceType">
    <Entry Permission="/" />
  </AccessControlRule>

  <AccessControlRule Profile="RoleOfficerComposite" EntityType="Category" Identifier="RoleOfficerComposite_Category" DisplayName_L1="RoleOfficerComposite_Category">
    <Entry Permission="/" />
  </AccessControlRule>
  
  
  <!-- POUR LES RAPPORTS -->
  
  <!-- <AccessControlRule Profile="RoleOfficerComposite" EntityType="CompositeRole" Identifier="RoleOfficerComposite_CompositeRole_report" DisplayName_L1="RoleOfficer2_CompositeRole_report"> -->
    <!-- <Filter Binding="Id" CompositeRole="true"  /> -->
	<!-- <Entry Permission="/Custom/Reports/Single_Role_Rule/View" CanExecute="true" /> -->
  <!-- </AccessControlRule> -->

  <!-- <AccessControlRule Profile="RoleOfficerComposite" EntityType="SingleRole" Identifier="RoleOfficerComposite_SingleRole_report" DisplayName_L1="RoleOfficer2_SingleRole_report"> -->
	<!-- <Entry Permission="/Custom/Reports/Single_Role_Rule/View" CanExecute="true" /> -->
  <!-- </AccessControlRule> -->
  
  <AccessControlRule Profile="RoleOfficerComposite" EntityType="SingleRoleRule" Identifier="RoleOfficerComposite_SingleRole_report" DisplayName_L1="RoleOfficer2_SingleRole_report">
	 <Filter Binding="CompositeRole.Id" CompositeRole="true"  />
	<Entry Permission="/Custom/Reports/Single_Role_Rule/View" CanExecute="true" />
  </AccessControlRule>

	<AccessControlRule Profile="RoleOfficerComposite" EntityType="ReportQuery" Identifier="RoleOfficerComposite_Reports" DisplayName_L1="RoleOfficerComposite_Reports">
		<Entry Permission="/Report/GenerateReportFileFromReportQuery/Query" CanExecute="true" />
		<Entry Permission="/Custom/Reports/Single_Role_Rule/View" CanExecute="true" />
		<!-- <Entry Permission="/Custom/Reports/Provisioning_SingleRoles/View" CanExecute="true" /> -->
		<!-- <Entry Permission="/Custom/Reports/User_AssignedSingleRoles/View" CanExecute="true" />	 -->
	</AccessControlRule>

</ConfigurationFile>