﻿<ConfigurationFile xmlns="urn:schemas-usercube-com:configuration">


  <Profile Identifier="Assistante" DisplayName_L1="Assistant.e" />
  
  <!-- Droits lecture sur les entités -->
  <AccessControlRule Profile="Assistante" EntityType="Person" Identifier="Assistante_Resources_Person" DisplayName_L1="Assistante_Resources_Person">
    <Filter Binding="Records.Organization.Id" Dimension="Organization0" />
	<!-- <Filter Binding="Records.Responsible.Id" Dimension="Responsible6" />  -->
    <Entry Permission="/Custom/Resources/Person/View" CanExecute="true" FullAccessProperties="false" />
    <Entry Permission="/Custom/Resources/Person/ViewOwnedResources" CanExecute="true" />
    <!-- <Entry Permission="/Custom/Resources/Person/ViewTargetResources" CanExecute="true" /> -->
    <Entry Permission="/" />
    <!-- <Entry Permission="/" PropertyGroup="Person_Sensitive" /> -->
  </AccessControlRule>


  <AccessControlRule Profile="Assistante" EntityType="PersonRecord" Identifier="Assistante_Resources_PersonRecord" DisplayName_L1="Assistante_Resources_PersonRecord">
    <Filter Binding="Person.Records.Organization.Id" Dimension="Organization0" />   	
	<!-- <Filter Binding="Person.Records.Responsible.Id" Dimension="Responsible6" />  -->
	<!-- <Entry Permission="/Custom/Resources/PersonRecord/View" CanExecute="true" FullAccessProperties="true" /> -->
	<Entry Permission="/Custom/Resources/PersonRecord/View" CanExecute="true" FullAccessProperties="false" />
    <Entry Permission="/" />
    <!-- <Entry Permission="/" PropertyGroup="Person_Sensitive" /> -->
  </AccessControlRule>


  <AccessControlRule Profile="Assistante" EntityType="Organization" Identifier="Assistante_Resources_Organization" DisplayName_L1="Assistante_Resources_Organization">
	<Filter Binding="Id" Dimension="Organization0" />
    <Entry Permission="/Custom/Resources/Organization/View" CanExecute="true" />
    <Entry Permission="/Custom/Resources/Organisation/ViewOwnedResources" CanExecute="true" />
    <Entry Permission="/" />
  </AccessControlRule>

  <!-- <AccessControlRule Profile="Assistante" EntityType="PersonalTitle" Identifier="Assistante_Resources_PersonalTitle" DisplayName_L1="Assistante_Resources_PersonalTitle">
    <Entry Permission="/" />
  </AccessControlRule> -->

  <AccessControlRule Profile="Assistante" EntityType="IsVDI" Identifier="Assistante_Resources_IsVDI" DisplayName_L1="Assistante_Resources_IsVDI">
    <Entry Permission="/Custom/Resources/IsVDI/View" CanExecute="true" />
    <Entry Permission="/" />
  </AccessControlRule>

  <!-- <AccessControlRule Profile="Assistante" EntityType="Contract" Identifier="Assistante_Resources_Contract" DisplayName_L1="Assistante_Resources_Contract">
    <Entry Permission="/Custom/Resources/Contract/View" CanExecute="true" />
    <Entry Permission="/Custom/Resources/Contract/ViewOwnedResources" CanExecute="true" />
    <Entry Permission="/" /
  </AccessControlRule> -->

  <AccessControlRule Profile="Assistante" EntityType="EmployeeType" Identifier="Assistante_Resources_EmployeeType" DisplayName_L1="Assistante_Resources_EmployeeType">
    <Entry Permission="/Custom/Resources/EmployeeType/View" CanExecute="true" />
    <Entry Permission="/" />
  </AccessControlRule>
  
  <AccessControlRule Profile="Assistante" EntityType="IdentityType" Identifier="Assistante_Resources_IdentityType" DisplayName_L1="Assistante_Resources_IdentityType">
    <Entry Permission="/Custom/Resources/IdentityType/View" CanExecute="true" />
    <Entry Permission="/" />
  </AccessControlRule>  

  <AccessControlRule Profile="Assistante" EntityType="EmployeeCategory" Identifier="Assistante_Resources_EmployeeCategory" DisplayName_L1="Assistante_Resources_EmployeeCategory">
    <Entry Permission="/Custom/Resources/EmployeeCategory/View" CanExecute="true" />
    <Entry Permission="/" />
  </AccessControlRule>

  <AccessControlRule Profile="Assistante" EntityType="Company" Identifier="Assistante_Resources_Company" DisplayName_L1="Assistante_Resources_Company">
    <Entry Permission="/Custom/Resources/Company/View" CanExecute="true" />
    <Entry Permission="/" />
  </AccessControlRule>  
  
  
  <!-- <AccessControlRule Profile="Assistante" EntityType="AssignedProfile" Identifier="Assistante_AssignedProfile" DisplayName_L1="Assistante_AssignedProfile"> -->
    <!-- <Filter Binding="User" Dimension="Responsible6" />   -->
    <!-- <Entry Permission="/Custom/Reports/AccessControl_AssignedProfiles/View" CanExecute="true" /> -->
    <!-- <Entry Permission="/" /> -->
  <!-- </AccessControlRule> -->
  
  <AccessControlRule Profile="Assistante" EntityType="Localisation" Identifier="Assistante_Resources_Localisation" DisplayName_L1="Assistante_Resources_Localisation">
    <Entry Permission="/Custom/Resources/Localisation/View" CanExecute="true" />
    <Entry Permission="/" />
  </AccessControlRule>
  
  <AccessControlRule Profile="Assistante" EntityType="Site" Identifier="Assistante_Resources_Site" DisplayName_L1="Assistante_Resources_Site">
    <Entry Permission="/Custom/Resources/Site/View" CanExecute="true" />
    <Entry Permission="/" />
  </AccessControlRule>

  <AccessControlRule Profile="Assistante" EntityType="Co_localisation" Identifier="Assistante_Resources_Co_localisation" DisplayName_L1="Assistante_Resources_Co_localisation">
    <Entry Permission="/Custom/Resources/Co_localisation/View" CanExecute="true" />
    <Entry Permission="/" />
  </AccessControlRule>
  
  <AccessControlRule Profile="Assistante" EntityType="Contract" Identifier="Assistante_Resources_Contract" DisplayName_L1="Assistante_Resources_Contract">
    <Entry Permission="/Custom/Resources/Contract/View" CanExecute="true" />
    <Entry Permission="/" />
  </AccessControlRule>

  <AccessControlRule Profile="Assistante" EntityType="OUPartenaire" Identifier="Assistante_Resources_OUPartenaire" DisplayName_L1="Assistante_Resources_OUPartenaire">
    <Entry Permission="/Custom/Resources/OUPartenaire/View" CanExecute="true" />
    <Entry Permission="/" />
  </AccessControlRule>

  <!-- <AccessControlRule Profile="Assistante" EntityType="Division" Identifier="Assistante_Resources_Division" DisplayName_L1="Assistante_Resources_Division">
    <Entry Permission="/Custom/Resources/Division/View" CanExecute="true" />
    <Entry Permission="/" />
  </AccessControlRule> -->


  <!-- droits sur les workflows -->


  <AccessControlRule Profile="Assistante" EntityType="Workflow_Person" Identifier="Assistante_Workflows_Person_Filter1" DisplayName_L1="Assistante_Workflows_Person_Filter1">
	<Filter Binding="Person.Records.Organization.Id" Dimension="Organization0" />
    <!-- <Filter Binding="Person.Records.Responsible.Id" Dimension="Responsible6" /> -->
    <Filter Binding="Person.Records.IdentityType.Identifier" Value="Manager" />

    <!--<Entry Permission="/Custom/Workflows/Person_Change_Orga/Request" CanExecute="true" Priority="1" />
    <Entry Permission="/Custom/Workflows/Person_Change_Orga/Request/ActionPending" CanExecute="true" Priority="1" />-->
	
	<Entry Permission="/Custom/Workflows/Person_Change_Loca/Request" CanExecute="true" Priority="1" />
    <Entry Permission="/Custom/Workflows/Person_Change_Loca/Request/ActionPending" CanExecute="true" Priority="1" />
	
	<Entry Permission="/Custom/Workflows/Person_Change_Activity/Request" CanExecute="true" Priority="1" />
    <Entry Permission="/Custom/Workflows/Person_Change_Activity/Request/ActionPending" CanExecute="true" Priority="1" />
	
    <Entry Permission="/Custom/Workflows/Person_ResourcesUpdate/Request" CanExecute="true" />
    <Entry Permission="/Custom/Workflows/Person_ResourcesUpdate/Request/ActionPending" CanExecute="true" />
    <Entry Permission="/Custom/Workflows/Person_ResourcesUpdate/Request/RefinePending" CanExecute="true" />

    <Entry Permission="/Custom/Workflows/Person_Prolongation/Request" CanExecute="true" />
    <Entry Permission="/Custom/Workflows/Person_Prolongation/Request/ActionPending" CanExecute="true" />

    <Entry Permission="/Custom/Workflows/Person_EndFull/Request" CanExecute="true" />
    <Entry Permission="/Custom/Workflows/Person_EndFull/Request/ActionPending" CanExecute="true" />	
	
    <Entry Permission="/Custom/Workflows/Person_Change_Name/Request" CanExecute="true" />
    <Entry Permission="/Custom/Workflows/Person_Change_Name/Request/ActionPending" CanExecute="true" />
	
	<Entry Permission="/Custom/Workflows/Person_Change_Metier/Request" CanExecute="true" />
    <Entry Permission="/Custom/Workflows/Person_Change_Metier/Request/ActionPending" CanExecute="true" />
  </AccessControlRule>
  
  <AccessControlRule Profile="Assistante" EntityType="Workflow_Person" Identifier="Assistante_Workflows_Person_Filter2" DisplayName_L1="Assistante_Workflows_Person_Filter2">
	<Filter Binding="Person.Records.Organization.Id" Dimension="Organization0" />
    <!-- <Filter Binding="Person.Records.Responsible.Id" Dimension="Responsible6" /> -->
    <Filter Binding="Person.Records.IdentityType.Identifier" Value="Utilisateur final" />
	
    <!--<Entry Permission="/Custom/Workflows/Person_Change_Orga/Request" CanExecute="true" Priority="1" />
    <Entry Permission="/Custom/Workflows/Person_Change_Orga/Request/ActionPending" CanExecute="true" Priority="1" />-->
	
	<Entry Permission="/Custom/Workflows/Person_Change_Loca/Request" CanExecute="true" Priority="1" />
    <Entry Permission="/Custom/Workflows/Person_Change_Loca/Request/ActionPending" CanExecute="true" Priority="1" />
	
	<Entry Permission="/Custom/Workflows/Person_Change_Activity/Request" CanExecute="true" Priority="1" />
    <Entry Permission="/Custom/Workflows/Person_Change_Activity/Request/ActionPending" CanExecute="true" Priority="1" />
	
    <Entry Permission="/Custom/Workflows/Person_ResourcesUpdate/Request" CanExecute="true" />
    <Entry Permission="/Custom/Workflows/Person_ResourcesUpdate/Request/ActionPending" CanExecute="true" />
    <Entry Permission="/Custom/Workflows/Person_ResourcesUpdate/Request/RefinePending" CanExecute="true" />

    <Entry Permission="/Custom/Workflows/Person_Prolongation/Request" CanExecute="true" />
    <Entry Permission="/Custom/Workflows/Person_Prolongation/Request/ActionPending" CanExecute="true" />

    <Entry Permission="/Custom/Workflows/Person_EndFull/Request" CanExecute="true" />
    <Entry Permission="/Custom/Workflows/Person_EndFull/Request/ActionPending" CanExecute="true" />	
	
    <Entry Permission="/Custom/Workflows/Person_Change_Name/Request" CanExecute="true" />
    <Entry Permission="/Custom/Workflows/Person_Change_Name/Request/ActionPending" CanExecute="true" />
	
	<Entry Permission="/Custom/Workflows/Person_Change_Metier/Request" CanExecute="true" />
    <Entry Permission="/Custom/Workflows/Person_Change_Metier/Request/ActionPending" CanExecute="true" />
  </AccessControlRule>

  <AccessControlRule Profile="Assistante" EntityType="Workflow_Person" Identifier="Assistante_Workflows_Person_Filter3" DisplayName_L1="Assistante_Workflows_Person_Filter3">
	<Filter Binding="Person.Records.Organization.Id" Dimension="Organization0" />
    <Filter Binding="Person.Records.IdentityType.Identifier" Value="Assistante" />
	
	<Entry Permission="/Custom/Workflows/Person_Change_Metier/Request" />
    <Entry Permission="/Custom/Workflows/Person_Change_Metier/Request/ActionPending" />
  </AccessControlRule>
  
  <!-- COMMANDE MEP -->
  <AccessControlRule Profile="Assistante" EntityType="Workflow_Person" Identifier="Assistante_Workflows_Person_Change_Commande" DisplayName_L1="Assistante_Workflows_Person_Change_Commande">
	<Filter Binding="Person.Records.Organization.Id" Dimension="Organization0" />
    <Filter Binding="Person.Records.IdentityType.Identifier" Value="Utilisateur final" />
	<Filter Binding="Person.Records.EmployeeType.EmployeeCategory.Identifier" Value="EXTERNE" />
	
	<Entry Permission="/Custom/Workflows/Person_Change_Commande/Request" CanExecute="true" Priority="1" />
    <Entry Permission="/Custom/Workflows/Person_Change_Commande/Request/ActionPending" CanExecute="true" Priority="1" />
  </AccessControlRule>

  
  <AccessControlRule Profile="Assistante" EntityType="Workflow_Person" Identifier="Assistante_Workflows_Person_Change_Orga" DisplayName_L1="Assistante_Workflows_Person_Change_Orga">
    <!--<Filter Binding="Person.Records.EmployeeType.EmployeeCategory.Identifier" Value="INTERNE" />-->
    <Filter Binding="Person.Records.Responsible.EmployeeType.EmployeeCategory.Identifier" Value="INTERNE" />
	
	<!-- <Filter Binding="Person.Records.Organization.Active" Value="1" /> -->
	<!-- <Filter Binding="Person.Records.Organization.Niveau" Value="4" /> -->
																										
    <Entry Permission="/Custom/Workflows/Person_Change_Orga/Request" CanExecute="true" Priority="1" />
    <Entry Permission="/Custom/Workflows/Person_Change_Orga/Request/ActionPending" CanExecute="true" Priority="1" />
    <Entry Permission="/Custom/Workflows/Person_Change_Orga/Request/RefinePending" CanExecute="true" Priority="1" />
  </AccessControlRule>

  <AccessControlRule Profile="Assistante" EntityType="Workflow_Person" Identifier="Assistante_Workflows_Person_StartInternal" DisplayName_L1="Assistante_Workflows_Person_StartInternal">
    <Filter Binding="Person.Records.EmployeeType.EmployeeCategory.Identifier" Value="INTERNE" />
    <Filter Binding="Person.Records.Division.Identifier" Value="70176" />
    <Filter Binding="Person.Records.DomaineAD.Id" Value="-356" />
    <Filter Binding="Person.Records.Organization.Id" Dimension="Organization0" />
    <Filter Binding="Person.Records.Responsible.EmployeeType.EmployeeCategory.Identifier" Value="INTERNE" />
	
	<Filter Binding="Person.Records.Organization.Niveau" Value="4" />
	<Filter Binding="Person.Records.Organization.Active" Value="1" />

    <Entry Permission="/Workflows/UserActivityInstance/Query" CanExecute="true" />
    <Entry Permission="/Custom/Workflows/Person_StartInternal/Request" CanExecute="true" Priority="1" />
  </AccessControlRule>

  <AccessControlRule Profile="Assistante" EntityType="Workflow_Person" Identifier="Assistante_Workflows_Person_StartExternal" DisplayName_L1="Assistante_Workflows_Person_StartExternal">
    <Filter Binding="Person.Records.EmployeeType.EmployeeCategory.Identifier" Value="EXTERNE" />
    <Filter Binding="Person.Records.Division.Identifier" Value="70176" />
    <Filter Binding="Person.Records.DomaineAD.Id" Value="-356" />
    <Filter Binding="Person.Records.Organization.Id" Dimension="Organization0" />
	<Filter Binding="Person.Records.Responsible.EmployeeType.EmployeeCategory.Identifier" Value="INTERNE" />
    <!--<Filter Binding="Person.Records.Responsible.Organization.Id" Dimension="Organization0" />-->
	
	<Filter Binding="Person.Records.Organization.Niveau" Value="4" />
	<Filter Binding="Person.Records.Organization.Active" Value="1" />

    <Entry Permission="/Workflows/UserActivityInstance/Query" CanExecute="true" />
    <Entry Permission="/Custom/Workflows/Person_StartExternal/Request" CanExecute="true" Priority="1" />
  </AccessControlRule>
  
  <AccessControlRule Profile="Assistante" EntityType="Workflow_Person" Identifier="Assistante_Workflows_Person_ChangeEmployeeTypeExternal_F1" DisplayName_L1="Assistante_Workflows_Person_ChangeEmployeeTypeExternal_F1">
  
	<Filter Binding="Person.Records.EmployeeType.EmployeeCategory.Identifier" Value="EXTERNE" />
	<Filter Binding="Person.Records.IdentityType.Identifier" Value="Manager" />
	
    <Entry Permission="/Custom/Workflows/Person_ChangeEmployeeTypeExternal/Request" CanExecute="true" />
	<Entry Permission="/Custom/Workflows/Person_ChangeEmployeeTypeExternal/Request/ActionPending" CanExecute="true" />
    <Entry Permission="/Custom/Workflows/Person_ChangeEmployeeTypeExternal/Request/RefinePending" CanExecute="true" />
  </AccessControlRule>
  <AccessControlRule Profile="Assistante" EntityType="Workflow_Person" Identifier="Assistante_Workflows_Person_ChangeEmployeeTypeExternal_F2" DisplayName_L1="Assistante_Workflows_Person_ChangeEmployeeTypeExternal_F2">
  
	<Filter Binding="Person.Records.EmployeeType.EmployeeCategory.Identifier" Value="EXTERNE" />
	<Filter Binding="Person.Records.IdentityType.Identifier" Value="Utilisateur final" />
	
    <Entry Permission="/Custom/Workflows/Person_ChangeEmployeeTypeExternal/Request" CanExecute="true" />
	<Entry Permission="/Custom/Workflows/Person_ChangeEmployeeTypeExternal/Request/ActionPending" CanExecute="true" />
    <Entry Permission="/Custom/Workflows/Person_ChangeEmployeeTypeExternal/Request/RefinePending" CanExecute="true" />
  </AccessControlRule>
  
  <AccessControlRule Profile="Assistante" EntityType="Workflow_Person" Identifier="Assistante_Workflows_Person_ChangeEmployeeTypeInternal_F1" DisplayName_L1="Assistante_Workflows_Person_ChangeEmployeeTypeInternal_F1">
  
	<Filter Binding="Person.Records.EmployeeType.EmployeeCategory.Identifier" Value="INTERNE" />
	<Filter Binding="Person.Records.IdentityType.Identifier" Value="Manager" />
	
    <Entry Permission="/Custom/Workflows/Person_ChangeEmployeeTypeInternal/Request" CanExecute="true" />
	<Entry Permission="/Custom/Workflows/Person_ChangeEmployeeTypeInternal/Request/ActionPending" CanExecute="true" />
    <Entry Permission="/Custom/Workflows/Person_ChangeEmployeeTypeInternal/Request/RefinePending" CanExecute="true" />
  </AccessControlRule>
  <AccessControlRule Profile="Assistante" EntityType="Workflow_Person" Identifier="Assistante_Workflows_Person_ChangeEmployeeTypeInternal_F2" DisplayName_L1="Assistante_Workflows_Person_ChangeEmployeeTypeInternal_F2">
  
	<Filter Binding="Person.Records.EmployeeType.EmployeeCategory.Identifier" Value="INTERNE" />
	<Filter Binding="Person.Records.IdentityType.Identifier" Value="Utilisateur final" />
	
    <Entry Permission="/Custom/Workflows/Person_ChangeEmployeeTypeInternal/Request" CanExecute="true" />
	<Entry Permission="/Custom/Workflows/Person_ChangeEmployeeTypeInternal/Request/ActionPending" CanExecute="true" />
    <Entry Permission="/Custom/Workflows/Person_ChangeEmployeeTypeInternal/Request/RefinePending" CanExecute="true" />
  </AccessControlRule>

  <!-- droits pour l'écran des rôles -->
  <AccessControlRule Profile="Assistante" EntityType="CompositeRole" Identifier="Assistante_CompositeRole" DisplayName_L1="Assistante_CompositeRole">
    <Entry Permission="/" />
  </AccessControlRule>

  <AccessControlRule Profile="Assistante" EntityType="SingleRole" Identifier="Assistante_SingleRole" DisplayName_L1="Assistante_SingleRole">
    <Entry Permission="/" />
  </AccessControlRule>

  <AccessControlRule Profile="Assistante" EntityType="ResourceType" Identifier="Assistante_ResourceType" DisplayName_L1="Assistante_ResourceType">
    <Entry Permission="/" />
  </AccessControlRule>

  <AccessControlRule Profile="Assistante" EntityType="Category" Identifier="Assistante_Category" DisplayName_L1="Assistante_Category">
    <Entry Permission="/" />
  </AccessControlRule>


  <AccessControlRule Profile="Assistante" EntityType="ActivityTemplateState" Identifier="Assistante_ActivityTemplateState" DisplayName_L1="Assistante_ActivityTemplateState">
    <Entry Permission="/Workflows/ActivityTemplateState/Query" CanExecute="true" />
  </AccessControlRule>

  <!-- rapports -->
  <AccessControlRule Profile="Assistante" EntityType="ReportQuery" Identifier="Assistante_Reports" DisplayName_L1="Assistante_Reports">
    <Entry Permission="/Report/GenerateReportFileFromReportQuery/Query" CanExecute="true" />
    <!-- <Entry Permission="/Custom/Reports/AccessControl_AssignedProfiles/View" CanExecute="true" /> -->
    <!-- <Entry Permission="/Custom/Reports/Workflow_ActivityInstances/View" CanExecute="true" /> -->
    <Entry Permission="/Custom/Reports/Reports_Identity/View" CanExecute="true" />
    <Entry Permission="/" />
  </AccessControlRule>


  <AccessControlRule Profile="Assistante" EntityType="ActivityInstance" Identifier="Assistante_ActivityInstance" DisplayName_L1="Assistante_ActivityInstance">
    <Entry Permission="/" />
  </AccessControlRule>
  
  
   <!-- Supervision des Workflows -->
  <AccessControlRule Identifier="Assistante_WorkflowSuperVision_AssignedCompositeRole" DisplayName_L1="Assistante - Supervision des WorkflowsAssignedCompositeRole" EntityType="AssignedCompositeRole" Profile="Assistante">
    <Entry CanExecute="true" Permission="/Workflows/WorkflowInstance/Supervise" />
	<Entry Permission="/Custom/Resources/Person/ViewOwnedResources" CanExecute="true" />
  </AccessControlRule>
  <AccessControlRule Identifier="Assistante_WorkflowSuperVision_AssignedResourceNavigation" DisplayName_L1="Assistante - Supervision des WorkflowsAssignedResourceNavigation" EntityType="AssignedResourceNavigation" Profile="Assistante">
    <Entry CanExecute="true" Permission="/Workflows/WorkflowInstance/Supervise" />
	<Entry Permission="/Custom/Resources/Person/ViewOwnedResources" CanExecute="true" />
  </AccessControlRule>
  <AccessControlRule Identifier="Assistante_WorkflowSuperVision_AssignedResourceScalar" DisplayName_L1="Assistante - Supervision des WorkflowsAssignedResourceScalar" EntityType="AssignedResourceScalar" Profile="Assistante">
    <Entry CanExecute="true" Permission="/Workflows/WorkflowInstance/Supervise" />
	<Entry Permission="/Custom/Resources/Person/ViewOwnedResources" CanExecute="true" />
  </AccessControlRule>
  <AccessControlRule Identifier="Assistante_WorkflowSuperVision_AssignedResourceType" DisplayName_L1="Assistante - Supervision des WorkflowsAssignedResourceType" EntityType="AssignedResourceType" Profile="Assistante">
    <Entry CanExecute="true" Permission="/Workflows/WorkflowInstance/Supervise" />
	<Entry Permission="/Custom/Resources/Person/ViewOwnedResources" CanExecute="true" />
  </AccessControlRule>
  <AccessControlRule Identifier="Assistante_WorkflowSuperVision_AssignedSingleRole" DisplayName_L1="Assistante - Supervision des WorkflowsAssignedSingleRole" EntityType="AssignedSingleRole" Profile="Assistante">
    <Entry CanExecute="true" Permission="/Workflows/WorkflowInstance/Supervise" />
	<Entry Permission="/Custom/Resources/Person/ViewOwnedResources" CanExecute="true" />
  </AccessControlRule>
  <AccessControlRule Identifier="Assistante_WorkflowSuperVision_Category" DisplayName_L1="Assistante - Supervision des WorkflowsCategory" EntityType="Category" Profile="Assistante">
    <Entry CanExecute="true" Permission="/Workflows/WorkflowInstance/Supervise" />
  </AccessControlRule>
  <AccessControlRule Identifier="Assistante_WorkflowSuperVision_Workflow_Person" DisplayName_L1="Assistante - Supervision des Workflows" EntityType="Workflow_Person" Profile="Assistante">
    <Filter Binding="Person.Records.Organization.Id" Dimension="Organization0" />
    <!-- <Filter Binding="Person.Records.Responsible.Id" Dimension="Responsible6" /> -->
    <Entry CanExecute="true" Permission="/Custom/Workflows/Supervise/Workflow_Person" />
    <Entry CanExecute="true" Permission="/Workflows/WorkflowInstance/Supervise" />
  </AccessControlRule>


</ConfigurationFile>