﻿<ConfigurationFile xmlns="urn:schemas-usercube-com:configuration">


  <Profile Identifier="Manager" DisplayName_L1="Responsable Opérationnel" />
  
  <!-- Droits lecture sur les entités -->
  <AccessControlRule Profile="Manager" EntityType="Person" Identifier="Manager_Resources_Person_F1" DisplayName_L1="Manager_Resources_Person_F1">
    <!-- <Filter Binding="Records.Organization.Id" Dimension="Organization0" /> -->
	<Filter Binding="MainRecord.Responsible.Id" Dimension="Responsible6" /> 
	<!-- <Filter Binding="Records.Id" Dimension="Responsible6" /> -->
    <!-- <Entry Permission="/Custom/Resources/Person/View" CanExecute="true" FullAccessProperties="true" /> -->
    <Entry Permission="/Custom/Resources/Person/View" CanExecute="true" FullAccessProperties="false" />
    <Entry Permission="/Custom/Resources/Person/ViewOwnedResources" CanExecute="true" />
    <!-- <Entry Permission="/Custom/Resources/Person/ViewTargetResources" CanExecute="true" /> -->
    <Entry Permission="/" />
    <!-- <Entry Permission="/" PropertyGroup="Person_Sensitive" /> -->
  </AccessControlRule>
  
  <AccessControlRule Profile="Manager" EntityType="Person" Identifier="Manager_Resources_Person_F2" DisplayName_L1="Manager_Resources_Person_F2">
    <!-- <Filter Binding="Records.Organization.Id" Dimension="Organization0" /> -->
	<!-- <Filter Binding="Records.Responsible.Id" Dimension="Responsible6" />  -->
	<Filter Binding="MainRecord.Id" Dimension="Responsible6" />
    <!-- <Entry Permission="/Custom/Resources/Person/View" CanExecute="true" FullAccessProperties="true" /> -->
    <Entry Permission="/Custom/Resources/Person/View" CanExecute="true" FullAccessProperties="false" />
    <Entry Permission="/Custom/Resources/Person/ViewOwnedResources" CanExecute="true" />
    <!-- <Entry Permission="/Custom/Resources/Person/ViewTargetResources" CanExecute="true" /> -->
    <Entry Permission="/" />
    <!-- <Entry Permission="/" PropertyGroup="Person_Sensitive" /> -->
  </AccessControlRule>

  <AccessControlRule Profile="Manager" EntityType="PersonRecord" Identifier="Manager_Resources_PersonRecord_F1" DisplayName_L1="Manager_Resources_PersonRecord_F1">
   	<Filter Binding="Person.MainRecord.Responsible.Id" Dimension="Responsible6" /> 
   	<!-- <Filter Binding="Person.Records.Id" Dimension="Responsible6" />  -->
	<!-- <Entry Permission="/Custom/Resources/PersonRecord/View" CanExecute="true" FullAccessProperties="true" /> -->
	<Entry Permission="/Custom/Resources/PersonRecord/View" CanExecute="true" FullAccessProperties="false" />
    <Entry Permission="/" />
    <!-- <Entry Permission="/" PropertyGroup="Person_Sensitive" /> -->
  </AccessControlRule>
  
    <AccessControlRule Profile="Manager" EntityType="PersonRecord" Identifier="Manager_Resources_PersonRecord_F2" DisplayName_L1="Manager_Resources_PersonRecord_F2">
   	<!-- <Filter Binding="Person.Records.Responsible.Id" Dimension="Responsible6" />  -->
   	<Filter Binding="Person.MainRecord.Id" Dimension="Responsible6" /> 
	<!-- <Entry Permission="/Custom/Resources/PersonRecord/View" CanExecute="true" FullAccessProperties="true" /> -->
	<Entry Permission="/Custom/Resources/PersonRecord/View" CanExecute="true" FullAccessProperties="false"/>
    <Entry Permission="/" />
    <!-- <Entry Permission="/" PropertyGroup="Person_Sensitive" /> -->
  </AccessControlRule>


  <!-- <AccessControlRule Profile="Manager" EntityType="PersonalTitle" Identifier="Manager_Resources_PersonalTitle" DisplayName_L1="Manager_Resources_PersonalTitle">
    <Entry Permission="/" />
  </AccessControlRule> -->
  
  <AccessControlRule Profile="Manager" EntityType="Organization" Identifier="Manager_Resources_Organization" DisplayName_L1="Manager_Resources_Organization">
	<Filter Binding="PersonRecords.Responsible.Id" Dimension="Responsible6" />
    <Entry Permission="/Custom/Resources/Organization/View" CanExecute="true" />
    <Entry Permission="/Custom/Resources/Organisation/ViewOwnedResources" CanExecute="true" />
    <Entry Permission="/" />
  </AccessControlRule>

  <AccessControlRule Profile="Manager" EntityType="IsVDI" Identifier="Manager_Resources_IsVDI" DisplayName_L1="Manager_Resources_IsVDI">
    <Entry Permission="/Custom/Resources/IsVDI/View" CanExecute="true" />
    <Entry Permission="/" />
  </AccessControlRule>

  <!-- <AccessControlRule Profile="Manager" EntityType="Contract" Identifier="Manager_Resources_Contract" DisplayName_L1="Manager_Resources_Contract">
    <Entry Permission="/Custom/Resources/Contract/View" CanExecute="true" />
    <Entry Permission="/Custom/Resources/Contract/ViewOwnedResources" CanExecute="true" />
    <Entry Permission="/" />
  </AccessControlRule> -->

  <AccessControlRule Profile="Manager" EntityType="EmployeeType" Identifier="Manager_Resources_EmployeeType" DisplayName_L1="Manager_Resources_EmployeeType">
    <Entry Permission="/Custom/Resources/EmployeeType/View" CanExecute="true" />
    <Entry Permission="/" />
  </AccessControlRule>
  

  <AccessControlRule Profile="Manager" EntityType="IdentityType" Identifier="Manager_Resources_IdentityType" DisplayName_L1="Manager_Resources_IdentityType">
    <Entry Permission="/Custom/Resources/IdentityType/View" CanExecute="true" />
    <Entry Permission="/" />
  </AccessControlRule>  

  <AccessControlRule Profile="Manager" EntityType="EmployeeCategory" Identifier="Manager_Resources_EmployeeCategory" DisplayName_L1="Manager_Resources_EmployeeCategory">
    <Entry Permission="/Custom/Resources/EmployeeCategory/View" CanExecute="true" />
    <Entry Permission="/" />
  </AccessControlRule>

  <AccessControlRule Profile="Manager" EntityType="Company" Identifier="Manager_Resources_Company" DisplayName_L1="Manager_Resources_Company">
    <Entry Permission="/Custom/Resources/Company/View" CanExecute="true" />
    <Entry Permission="/" />
  </AccessControlRule>  


  <AccessControlRule Profile="Manager" EntityType="DomaineAD" Identifier="Manager_Resources_DomaineAD" DisplayName_L1="Manager_Resources_">
    <Entry Permission="/Custom/Resources/DomaineAD/View" CanExecute="true" />
    <Entry Permission="/" />
  </AccessControlRule>
  
  <!-- <AccessControlRule Profile="Manager" EntityType="AssignedProfile" Identifier="Manager_AssignedProfile" DisplayName_L1="Manager_AssignedProfile"> -->
    <!-- <Filter Binding="User" Dimension="Responsible6" />   -->
    <!-- <Entry Permission="/Custom/Reports/AccessControl_AssignedProfiles/View" CanExecute="true" /> -->
    <!-- <Entry Permission="/" /> -->
  <!-- </AccessControlRule> -->
  
  <AccessControlRule Profile="Manager" EntityType="Localisation" Identifier="Manager_Resources_Localisation" DisplayName_L1="Manager_Resources_Localisation">
    <Entry Permission="/Custom/Resources/Localisation/View" CanExecute="true" />
    <Entry Permission="/" />
  </AccessControlRule>
  
  <AccessControlRule Profile="Manager" EntityType="Site" Identifier="Manager_Resources_Site" DisplayName_L1="Manager_Resources_Site">
    <Entry Permission="/Custom/Resources/Site/View" CanExecute="true" />
    <Entry Permission="/" />
  </AccessControlRule>

  <AccessControlRule Profile="Manager" EntityType="Co_localisation" Identifier="Manager_Resources_Co_localisation" DisplayName_L1="Manager_Resources_Co_localisation">
    <Entry Permission="/Custom/Resources/Co_localisation/View" CanExecute="true" />
    <Entry Permission="/" />
  </AccessControlRule>
  
  <AccessControlRule Profile="Manager" EntityType="Contract" Identifier="Manager_Resources_Contract" DisplayName_L1="Manager_Resources_Contract">
    <Entry Permission="/Custom/Resources/Contract/View" CanExecute="true" />
    <Entry Permission="/" />
  </AccessControlRule>

  <!-- <AccessControlRule Profile="Manager" EntityType="OUPartenaire" Identifier="Manager_Resources_OUPartenaire" DisplayName_L1="Manager_Resources_OUPartenaire"> -->
    <!-- <Entry Permission="/Custom/Resources/OUPartenaire/View" CanExecute="true" /> -->
    <!-- <Entry Permission="/" /> -->
  <!-- </AccessControlRule> -->

  <!-- <AccessControlRule Profile="Manager" EntityType="Division" Identifier="Manager_Resources_Division" DisplayName_L1="Manager_Resources_Division">
    <Entry Permission="/Custom/Resources/Division/View" CanExecute="true" />
    <Entry Permission="/" />
  </AccessControlRule> -->


  <!-- droits sur les workflows -->
  <!-- <WorkflowAccessControlRules EntityType="Workflow_Person" Profile="Manager" > -->
      <!-- <Filter Binding="Person.Records.Responsible.Id" Dimension="Responsible6" /> -->
  <!-- </WorkflowAccessControlRules> -->

  <AccessControlRule Profile="Manager" EntityType="Workflow_Person" Identifier="Manager_Workflows_Person_*" DisplayName_L1="Manager_Workflows_Person_*">
    <!-- <Filter Binding="Person.Records.Organization.Id" Dimension="Organization0" /> -->
    <!-- <Filter Binding="Person.Records.Responsible.EmployeeType.EmployeeCategory.Identifier" Value="INTERNE" /> -->
    <Filter Binding="Person.MainRecord.Responsible.Id" Dimension="Responsible6" />
    <!--<Entry Permission="/Custom/Workflows/Person_Change_Orga/Request" CanExecute="true" Priority="1" />
    <Entry Permission="/Custom/Workflows/Person_Change_Orga/Request/ActionPending" CanExecute="true" Priority="1" />-->
	
	<Entry Permission="/Custom/Workflows/Person_Change_Loca/Request" CanExecute="true" Priority="1" />
    <Entry Permission="/Custom/Workflows/Person_Change_Loca/Request/ActionPending" CanExecute="true" Priority="1" />
	
	<Entry Permission="/Custom/Workflows/Person_Change_Activity/Request" CanExecute="true" Priority="1" />
    <Entry Permission="/Custom/Workflows/Person_Change_Activity/Request/ActionPending" CanExecute="true" Priority="1" />
	
    <Entry Permission="/Custom/Workflows/Person_ResourcesUpdate/Request" CanExecute="true" />
    <Entry Permission="/Custom/Workflows/Person_ResourcesUpdate/Request/ActionPending" CanExecute="true" />
    <Entry Permission="/Custom/Workflows/Person_ResourcesUpdate/Request/RefinePending" CanExecute="true" />

    <Entry Permission="/Custom/Workflows/Person_Prolongation/Request" CanExecute="true" />
    <Entry Permission="/Custom/Workflows/Person_Prolongation/Request/ActionPending" CanExecute="true" />

    <Entry Permission="/Custom/Workflows/Person_EndFull/Request" CanExecute="true" />
    <Entry Permission="/Custom/Workflows/Person_EndFull/Request/ActionPending" CanExecute="true" />	
	
    <Entry Permission="/Custom/Workflows/Person_Change_Name/Request" CanExecute="true" />
    <Entry Permission="/Custom/Workflows/Person_Change_Name/Request/ActionPending" CanExecute="true" />
	
	<Entry Permission="/Custom/Workflows/Person_Change_Metier/Request" CanExecute="true" />
    <Entry Permission="/Custom/Workflows/Person_Change_Metier/Request/ActionPending" CanExecute="true" />
	
  </AccessControlRule>
  
  <!-- COMMANDE MEP -->
  <AccessControlRule Profile="Manager" EntityType="Workflow_Person" Identifier="Manager_Workflows_Person_Change_Commande" DisplayName_L1="Manager_Workflows_Person_Change_Commande">
	<Filter Binding="Person.MainRecord.Responsible.Id" Dimension="Responsible6" /> 
	<Filter Binding="Person.Op_MainRecord_EmployeeType_EmployeeCategory_DisplayName" Value="EXTERNE" />
	
	<Entry Permission="/Custom/Workflows/Person_Change_Commande/Request" CanExecute="true" Priority="1" />
    <Entry Permission="/Custom/Workflows/Person_Change_Commande/Request/ActionPending" CanExecute="true" Priority="1" />
  </AccessControlRule>

  <AccessControlRule Profile="Manager" EntityType="Workflow_Person" Identifier="Manager_Workflows_Person_Change_Orga" DisplayName_L1="Manager_Workflows_Person_Change_Orga">
    <!--<Filter Binding="Person.Records.EmployeeType.EmployeeCategory.Identifier" Value="INTERNE" />-->
	<Filter Binding="Person.Records.Responsible.EmployeeType.EmployeeCategory.Identifier" Value="INTERNE" />
	<!-- <Filter Binding="Person.Records.Responsible.Op_EmployeeType_EmployeeCategory_DisplayName" Value="INTERNE" /> -->
	<!-- <Filter Binding="Person.Records.Organization.Active" Value="1" /> -->
	<!-- <Filter Binding="Person.Records.Organization.Niveau" Value="4" /> -->

    <Entry Permission="/Custom/Workflows/Person_Change_Orga/Request" CanExecute="true" Priority="1" />
    <Entry Permission="/Custom/Workflows/Person_Change_Orga/Request/ActionPending" CanExecute="true" Priority="1" />
	<Entry Permission="/Custom/Workflows/Person_Change_Orga/Request/RefinePending" CanExecute="true" Priority="1" />
  </AccessControlRule>

  <AccessControlRule Profile="Manager" EntityType="Workflow_Person" Identifier="Manager_Workflows_Person_StartInternal" DisplayName_L1="Manager_Workflows_Person_StartInternal">
    <Filter Binding="Person.Records.EmployeeType.EmployeeCategory.Identifier" Value="INTERNE" />
    <Filter Binding="Person.Records.Division.Identifier" Value="70176" />
    <Filter Binding="Person.Records.DomaineAD.Id" Value="-356" />
    <Filter Binding="Person.Records.Organization.Id" Dimension="Organization0" />
    <Filter Binding="Person.Records.Responsible.EmployeeType.EmployeeCategory.Identifier" Value="INTERNE" />
	
	<Filter Binding="Person.Records.Organization.Niveau" Value="4" />
	<Filter Binding="Person.Records.Organization.Active" Value="1" />

    <Entry Permission="/Workflows/UserActivityInstance/Query" CanExecute="true" />
    <Entry Permission="/Custom/Workflows/Person_StartInternal/Request" CanExecute="true" Priority="1" />
  </AccessControlRule>

  <AccessControlRule Profile="Manager" EntityType="Workflow_Person" Identifier="Manager_Workflows_Person_StartExternal" DisplayName_L1="Manager_Workflows_Person_StartExternal">
    <Filter Binding="Person.Records.EmployeeType.EmployeeCategory.Identifier" Value="EXTERNE" />
    <Filter Binding="Person.Records.Division.Identifier" Value="70176" />
    <Filter Binding="Person.Records.DomaineAD.Id" Value="-356" />
    <Filter Binding="Person.Records.Organization.Id" Dimension="Organization0" />
	<Filter Binding="Person.Records.Responsible.EmployeeType.EmployeeCategory.Identifier" Value="INTERNE" />
    <!--<Filter Binding="Person.Records.Responsible.Organization.Id" Dimension="Organization0" />-->
	
	<Filter Binding="Person.Records.Organization.Niveau" Value="4" />
	<Filter Binding="Person.Records.Organization.Active" Value="1" />

    <Entry Permission="/Workflows/UserActivityInstance/Query" CanExecute="true" />
    <Entry Permission="/Custom/Workflows/Person_StartExternal/Request" CanExecute="true" Priority="1" />
  </AccessControlRule>
  
  <AccessControlRule Profile="Manager" EntityType="Workflow_Person" Identifier="Manager_Workflows_Person_ChangeEmployeeTypeExternal_*" DisplayName_L1="Manager_Workflows_Person_ChangeEmployeeTypeExternal_*">
  
    <Filter Binding="Person.MainRecord.Responsible.Id" Dimension="Responsible6" />
	<Filter Binding="Person.Records.EmployeeType.EmployeeCategory.Identifier" Value="EXTERNE" />
	
    <Entry Permission="/Custom/Workflows/Person_ChangeEmployeeTypeExternal/Request" CanExecute="true" />
	<Entry Permission="/Custom/Workflows/Person_ChangeEmployeeTypeExternal/Request/ActionPending" CanExecute="true" />
    <Entry Permission="/Custom/Workflows/Person_ChangeEmployeeTypeExternal/Request/RefinePending" CanExecute="true" />
  </AccessControlRule>
  
  <AccessControlRule Profile="Manager" EntityType="Workflow_Person" Identifier="Manager_Workflows_Person_ChangeEmployeeTypeInternal_*" DisplayName_L1="Manager_Workflows_Person_ChangeEmployeeTypeInternal_*">
  
    <Filter Binding="Person.MainRecord.Responsible.Id" Dimension="Responsible6" />
	<Filter Binding="Person.Records.EmployeeType.EmployeeCategory.Identifier" Value="INTERNE" />
	
    <Entry Permission="/Custom/Workflows/Person_ChangeEmployeeTypeInternal/Request" CanExecute="true" />
	<Entry Permission="/Custom/Workflows/Person_ChangeEmployeeTypeInternal/Request/ActionPending" CanExecute="true" />
    <Entry Permission="/Custom/Workflows/Person_ChangeEmployeeTypeInternal/Request/RefinePending" CanExecute="true" />
  </AccessControlRule>



  <!-- droits pour l'écran des rôles -->
  <AccessControlRule Profile="Manager" EntityType="CompositeRole" Identifier="Manager_CompositeRole" DisplayName_L1="Manager_CompositeRole">
    <Entry Permission="/" />
  </AccessControlRule>

  <AccessControlRule Profile="Manager" EntityType="SingleRole" Identifier="Manager_SingleRole" DisplayName_L1="Manager_SingleRole">
    <Entry Permission="/" />
  </AccessControlRule>

  <AccessControlRule Profile="Manager" EntityType="ResourceType" Identifier="Manager_ResourceType" DisplayName_L1="Manager_ResourceType">
    <Entry Permission="/" />
  </AccessControlRule>

  <AccessControlRule Profile="Manager" EntityType="Category" Identifier="Manager_Category" DisplayName_L1="Manager_Category">
    <Entry Permission="/" />
  </AccessControlRule>

  <AccessControlRule Profile="Manager" EntityType="ActivityTemplateState" Identifier="Manager_ActivityTemplateState" DisplayName_L1="Manager_ActivityTemplateState">
    <Entry Permission="/Workflows/ActivityTemplateState/Query" CanExecute="true" />
  </AccessControlRule>

  <!-- rapports -->
  <AccessControlRule Profile="Manager" EntityType="ReportQuery" Identifier="Manager_Reports" DisplayName_L1="Manager_Reports">
    <Entry Permission="/Report/GenerateReportFileFromReportQuery/Query" CanExecute="true" />
    <!-- <Entry Permission="/Custom/Reports/AccessControl_AssignedProfiles/View" CanExecute="true" /> -->
    <!-- <Entry Permission="/Custom/Reports/Workflow_ActivityInstances/View" CanExecute="true" /> -->
    <Entry Permission="/Custom/Reports/Reports_Identity/View" CanExecute="true" />
    <Entry Permission="/" />
  </AccessControlRule>


  <AccessControlRule Profile="Manager" EntityType="ActivityInstance" Identifier="Manager_ActivityInstance" DisplayName_L1="Manager_ActivityInstance">
    <Entry Permission="/" />
  </AccessControlRule>
  
  
   <!-- Supervision des Workflows -->
  <AccessControlRule Identifier="Manager_WorkflowSuperVision_AssignedCompositeRole" DisplayName_L1="Responsable Opérationnel - Supervision des WorkflowsAssignedCompositeRole" EntityType="AssignedCompositeRole" Profile="Manager">
    <Entry CanExecute="true" Permission="/Workflows/WorkflowInstance/Supervise" />
	<Entry Permission="/Custom/Resources/Person/ViewOwnedResources" CanExecute="true" />
  </AccessControlRule>
  <AccessControlRule Identifier="Manager_WorkflowSuperVision_AssignedResourceNavigation" DisplayName_L1="Responsable Opérationnel - Supervision des WorkflowsAssignedResourceNavigation" EntityType="AssignedResourceNavigation" Profile="Manager">
    <Entry CanExecute="true" Permission="/Workflows/WorkflowInstance/Supervise" />
	<Entry Permission="/Custom/Resources/Person/ViewOwnedResources" CanExecute="true" />
  </AccessControlRule>
  <AccessControlRule Identifier="Manager_WorkflowSuperVision_AssignedResourceScalar" DisplayName_L1="Responsable Opérationnel - Supervision des WorkflowsAssignedResourceScalar" EntityType="AssignedResourceScalar" Profile="Manager">
    <Entry CanExecute="true" Permission="/Workflows/WorkflowInstance/Supervise" />
	<Entry Permission="/Custom/Resources/Person/ViewOwnedResources" CanExecute="true" />
  </AccessControlRule>
  <AccessControlRule Identifier="Manager_WorkflowSuperVision_AssignedResourceType" DisplayName_L1="Responsable Opérationnel - Supervision des WorkflowsAssignedResourceType" EntityType="AssignedResourceType" Profile="Manager">
    <Entry CanExecute="true" Permission="/Workflows/WorkflowInstance/Supervise" />
	<Entry Permission="/Custom/Resources/Person/ViewOwnedResources" CanExecute="true" />
  </AccessControlRule>
  <AccessControlRule Identifier="Manager_WorkflowSuperVision_AssignedSingleRole" DisplayName_L1="Responsable Opérationnel - Supervision des WorkflowsAssignedSingleRole" EntityType="AssignedSingleRole" Profile="Manager">
    <Entry CanExecute="true" Permission="/Workflows/WorkflowInstance/Supervise" />
	<Entry Permission="/Custom/Resources/Person/ViewOwnedResources" CanExecute="true" />
  </AccessControlRule>
  <AccessControlRule Identifier="Manager_WorkflowSuperVision_Category" DisplayName_L1="Responsable Opérationnel - Supervision des WorkflowsCategory" EntityType="Category" Profile="Manager">
    <Entry CanExecute="true" Permission="/Workflows/WorkflowInstance/Supervise" />
  </AccessControlRule>
  <AccessControlRule Identifier="Manager_WorkflowSuperVision_Workflow_Person" DisplayName_L1="Responsable Opérationnel - Supervision des Workflows" EntityType="Workflow_Person" Profile="Manager">
    <!-- <Filter Binding="Person.Records.Organization.Id" Dimension="Organization0" /> -->
    <Filter Binding="Person.MainRecord.Responsible.Id" Dimension="Responsible6" />
    <Entry CanExecute="true" Permission="/Custom/Workflows/Supervise/Workflow_Person" />
    <Entry CanExecute="true" Permission="/Workflows/WorkflowInstance/Supervise" />
  </AccessControlRule>

</ConfigurationFile>