﻿<ConfigurationFile xmlns="urn:schemas-usercube-com:configuration">

  <Profile Identifier="ReadOnly" DisplayName_L1="Consultation"/>

  <!-- retirer les ReadOnlys par défaut -->
  <!-- <ProfileRuleContext ResourceType="AD_ProdGrp_Entry_NominativeUser" SubBinding="Person:Records" IsAppliedToRoot="false">
    <ProfileRule Profile="ReadOnly" B0="PersonRecord:Organization.Id" B1="PersonRecord:Division.Id" B2="PersonRecord:EmployeeType.EmployeeCategory.Id" />
  </ProfileRuleContext> -->

  <!-- Annuaire -->
  <AccessControlRule Profile="ReadOnly" EntityType="Person" Identifier="ReadOnly_Resources_Person" DisplayName_L1="Consultation_Resources_Person">
    <Filter Binding="PresenceState.Id" Value="-101" />
    <Entry Permission="/Custom/Resources/Person/View" CanExecute="true" />
    <Entry Permission="/" />
  </AccessControlRule>

  <AccessControlRule Profile="ReadOnly" EntityType="Organization" Identifier="ReadOnly_Resources_Organization" DisplayName_L1="Consultation_Resources_Organization">
    <!-- <Filter Binding="Company.Id" Dimension="Company0"/> -->
    <!-- <Entry Permission="/Custom/Resources/Organisation/ViewOwnedResources" CanExecute="true" /> -->
    <Entry Permission="/Custom/Resources/Person" />
  </AccessControlRule>

 
  <AccessControlRule Profile="ReadOnly" EntityType="PersonRecord" Identifier="ReadOnly_Resources_PersonRecord" DisplayName_L1="Consultation_Resources_PersonRecord">
    <Entry Permission="/Custom/Resources/PersonRecord/View" CanExecute="true" />
    <Entry Permission="/" />
    <!--<Entry Permission="/" PropertyGroup="Person_Sensitive" />-->
  </AccessControlRule>

</ConfigurationFile>
