﻿<ConfigurationFile xmlns="urn:schemas-usercube-com:configuration">

	<Profile Identifier="Gestionnaire_WFE" DisplayName_L1="Gestionnaire Workforce externe" />


	<AccessControlRule Profile="Gestionnaire_WFE" EntityType="Workflow_Person" Identifier="Gestionnaire_WFE_Worklows_External" DisplayName_L1="Gestionnaire_WFE_Worklows_External">
		<Filter Binding="Person.Op_MainRecord_EmployeeType_EmployeeCategory_DisplayName" Value="EXTERNE" />

		<Entry Permission="/Custom/Workflows/Person_Change_Commande/Request" CanExecute="true" />
		<Entry Permission="/Custom/Workflows/Person_Change_Commande/Request/ActionPending" CanExecute="true" />

		<Entry Permission="/Custom/Workflows/Person_ChangeExternalWFE/Request" CanExecute="true" />
		<Entry Permission="/Custom/Workflows/Person_ChangeExternalWFE/Request/ActionPending" CanExecute="true" />
		<Entry Permission="/Custom/Workflows/Person_ChangeExternalWFE/Request/RefinePending" CanExecute="true" />
	</AccessControlRule>

	<AccessControlRule Identifier="Gestionnaire_WFE_AssignedCompositeRole" DisplayName_L1="Gestionnaire_WFE_AssignedCompositeRole" EntityType="AssignedCompositeRole" Profile="Gestionnaire_WFE">
		<Entry Permission="/" />
	</AccessControlRule>

	<AccessControlRule Identifier="Gestionnaire_WFE_AssignedResourceScalar" DisplayName_L1="Gestionnaire_WFE_AssignedResourceScalar" EntityType="AssignedResourceScalar" Profile="Gestionnaire_WFE">
		<Entry Permission="/" />
	</AccessControlRule>

	<AccessControlRule Identifier="Gestionnaire_WFE_AssignedResourceNavigation" DisplayName_L1="Gestionnaire_WFE_AssignedResourceNavigation" EntityType="AssignedResourceNavigation" Profile="Gestionnaire_WFE">
		<Entry Permission="/" />
	</AccessControlRule>

	<AccessControlRule Identifier="Gestionnaire_WFE_AssignedResourceType" DisplayName_L1="Gestionnaire_WFE_AssignedResourceType" EntityType="AssignedResourceType" Profile="Gestionnaire_WFE">
		<Entry Permission="/" />
	</AccessControlRule>

	<AccessControlRule Identifier="Gestionnaire_WFE_AssignedSingleRole" DisplayName_L1="Gestionnaire_WFE_AssignedSingleRole" EntityType="AssignedSingleRole" Profile="Gestionnaire_WFE">
		<Entry Permission="/" />
	</AccessControlRule>

	<AccessControlRule Identifier="Gestionnaire_WFE_Category" DisplayName_L1="Gestionnaire_WFE_Category" EntityType="Category" Profile="Gestionnaire_WFE">
		<Entry Permission="/" />
	</AccessControlRule>

	<AccessControlRule Profile="Gestionnaire_WFE" EntityType="Person" Identifier="Gestionnaire_WFE_Resources_Person" DisplayName_L1="Gestionnaire_WFE_Resources_Person">
		<Entry Permission="/Custom/Resources/Person/View" CanExecute="true" FullAccessProperties="true" />
		<Entry Permission="/Custom/Resources/Person/ViewOwnedResources" CanExecute="true" />
		<!-- <Entry Permission="/Custom/Resources/Person/ViewTargetResources" CanExecute="true" /> -->
		<Entry Permission="/" />
		<Entry Permission="/" PropertyGroup="Person_Sensitive" />
	</AccessControlRule>

	<AccessControlRule Profile="Gestionnaire_WFE" EntityType="PersonRecord" Identifier="Gestionnaire_WFE_Resources_PersonRecord" DisplayName_L1="Gestionnaire_WFE_Resources_PersonRecord">
		<Entry Permission="/Custom/Resources/PersonRecord/View" CanExecute="true" FullAccessProperties="true" />
		<Entry Permission="/" />
		<Entry Permission="/" PropertyGroup="Person_Sensitive" />
	</AccessControlRule>

	<!-- Rapports -->
	<AccessControlRule Profile="Gestionnaire_WFE" EntityType="ReportQuery" Identifier="Gestionnaire_WFE_Reports" DisplayName_L1="Gestionnaire_WFE_Reports">
		<Entry Permission="/Report/GenerateReportFileFromReportQuery/Query" CanExecute="true" />
		<Entry Permission="/Custom/Reports/Reports_Identity/View" CanExecute="true" />
		<!--<Entry Permission="/Custom/Reports/Reports_Migration_Zoe/View" CanExecute="true" />-->
		<Entry Permission="/" />
	</AccessControlRule>

</ConfigurationFile>
