﻿<ConfigurationFile xmlns="urn:schemas-usercube-com:configuration">

  <Profile Identifier="TechAdmin" DisplayName_L1="Administrateur Technique" /> 

  <PerformManualProvisioningAccessControlRules Profile="TechAdmin" EntityType="Person"/>
  
  <AccessControlRule Identifier="TechAdmin_AssignedResourceType_Custom_ProvisioningPolicy_PerformManualProvisioning_Person" DisplayName_L1="TechAdminAssignedResourceType" EntityType="AssignedResourceType" Profile="TechAdmin">
   	<Filter Binding="Role.ResourceType:Category.Id" Category="true" />
    <Entry Permission="/Custom/Resources/Person/ViewTargetResources" CanExecute="true" />
    <Entry CanExecute="true" Permission="/ProvisioningPolicy/AssignedResourceType/ManualProvisioningReview" />
    <Entry CanExecute="true" Permission="/Custom/ProvisioningPolicy/PerformManualProvisioning/Person" />
  </AccessControlRule>

  <!-- <TargetResourceReport EntityType="AD_Commun01_Entry" Profile="TechAdmin" /> -->
  <!-- <TargetResourceReportAccessControlRules EntityType="AD_Commun01_Entry" Profile="TechAdmin" /> -->
  <!-- <TargetResourceReportMenus EntityType="AD_Commun01_Entry" Profile="TechAdmin" /> -->

  <!-- <TargetResourceReport  EntityType="AD_Partenaires_Entry" Profile="TechAdmin" /> -->
  <!-- <TargetResourceReportAccessControlRules  EntityType="AD_Partenaires_Entry" Profile="TechAdmin" /> -->
  <!-- <TargetResourceReportMenus  EntityType="AD_Partenaires_Entry" Profile="TechAdmin" /> -->

  <!-- <TargetResourceReport  EntityType="AD_ProdGrp_Entry" Profile="TechAdmin" /> -->
  <!-- <TargetResourceReportAccessControlRules  EntityType="AD_ProdGrp_Entry" Profile="TechAdmin" /> -->
  <!-- <TargetResourceReportMenus  EntityType="AD_ProdGrp_Entry" Profile="TechAdmin" /> -->

  <!-- <TargetResourceReport  EntityType="AD_Zoe_Entry" Profile="TechAdmin" /> -->
  <!-- <TargetResourceReportAccessControlRules  EntityType="AD_Zoe_Entry" Profile="TechAdmin" /> -->
  <!-- <TargetResourceReportMenus  EntityType="AD_Zoe_Entry" Profile="TechAdmin" /> -->

  <!-- <TargetResourceReport  EntityType="LDAP_LdapCagip_Entry" Profile="TechAdmin" /> -->
  <!-- <TargetResourceReportAccessControlRules  EntityType="LDAP_LdapCagip_Entry" Profile="TechAdmin" /> -->
  <!-- <TargetResourceReportMenus  EntityType="LDAP_LdapCagip_Entry" Profile="TechAdmin" /> -->

  <!-- Droits lecture sur les entités --> 
  <!-- <AccessControlRule Profile="TechAdmin" EntityType="Person" Identifier="TechAdmin_Resources_Person" DisplayName_L1="TechAdmin_Resources_Person"> -->
    <!-- <Entry Permission="/Custom/Resources/Person/View" CanExecute="true" FullAccessProperties="true" /> -->
    <!-- <Entry Permission="/Custom/Resources/Person/ViewOwnedResources" CanExecute="true" /> -->
    <!-- <Entry Permission="/Custom/Resources/Person/ViewTargetResources" CanExecute="true" /> -->
    <!-- <Entry Permission="/" /> -->
    <!--No<Entry Permission="/" PropertyGroup="Person_Sensitive" />--> 
  <!-- </AccessControlRule> -->

  <!-- <AccessControlRule Profile="TechAdmin" EntityType="PersonRecord" Identifier="TechAdmin_Resources_PersonRecord" DisplayName_L1="TechAdmin_Resources_PersonRecord"> -->
    <!-- <Entry Permission="/Custom/Resources/PersonRecord/View" CanExecute="true" FullAccessProperties="true" /> -->
    <!-- <Entry Permission="/" /> -->
    <!--No<Entry Permission="/" PropertyGroup="Person_Sensitive" />--> 
  <!-- </AccessControlRule> -->

  <!-- <AccessControlRule Profile="TechAdmin" EntityType="Rh_Person" Identifier="TechAdmin_Resources_Rh_Person" DisplayName_L1="TechAdmin_Resources_Rh_Person"> -->
    <!-- <Entry Permission="/Custom/Resources/Rh_Person/View" CanExecute="true" /> -->
    <!-- <Entry Permission="/Custom/Resources/Rh_Person/ViewOwnedResources" CanExecute="true" /> -->
    <!-- <Entry Permission="/Custom/Resources/Rh_Person/ViewTargetResources" CanExecute="true" /> -->
    <!-- <Entry Permission="/" /> -->
  <!-- </AccessControlRule> -->

  <!-- <AccessControlRule Profile="TechAdmin" EntityType="Organization" Identifier="TechAdmin_Resources_Organization" DisplayName_L1="TechAdmin_Resources_Organization"> -->
    <!-- <Entry Permission="/Custom/Resources/Organization/View" CanExecute="true" /> -->
    <!-- <Entry Permission="/Custom/Resources/Organization/ViewOwnedResources" CanExecute="true" /> -->
    <!-- <Entry Permission="/" /> -->
  <!-- </AccessControlRule> -->

  <!-- <AccessControlRule Profile="TechAdmin" EntityType="Organisation" Identifier="TechAdmin_Resources_Organisation" DisplayName_L1="TechAdmin_Resources_Organisation"> -->
    <!-- <Entry Permission="/Custom/Resources/Organisation/View" CanExecute="true" /> -->
    <!-- <Entry Permission="/Custom/Resources/Organisation/ViewOwnedResources" CanExecute="true" /> -->
    <!-- <Entry Permission="/" /> -->
  <!-- </AccessControlRule> -->

  <!-- No<AccessControlRule Profile="TechAdmin" EntityType="PersonalTitle" Identifier="TechAdmin_Resources_PersonalTitle" DisplayName_L1="TechAdmin_Resources_PersonalTitle"> -->
    <!-- No<Entry Permission="/Custom/Resources/PersonalTitle/View" CanExecute="true" /> -->
    <!-- No<Entry Permission="/Custom/Resources/PersonalTitle/ViewOwnedResources" CanExecute="true" /> -->
    <!-- No<Entry Permission="/" /> -->
  <!-- No</AccessControlRule> --> 

  <!-- <AccessControlRule Profile="TechAdmin" EntityType="EmployeeType" Identifier="TechAdmin_Resources_EmployeeType" DisplayName_L1="TechAdmin_Resources_EmployeeType"> -->
    <!-- <Entry Permission="/Custom/Resources/EmployeeType/View" CanExecute="true" /> -->
    <!-- <Entry Permission="/Custom/Resources/EmployeeType/ViewOwnedResources" CanExecute="true" /> -->
    <!-- <Entry Permission="/" /> -->
  <!-- </AccessControlRule> -->

  <!-- <AccessControlRule Profile="TechAdmin" EntityType="Prestataire" Identifier="TechAdmin_Resources_Prestataire" DisplayName_L1="TechAdmin_Resources_Prestataire"> -->
    <!-- <Entry Permission="/Custom/Resources/Prestataire/View" CanExecute="true" /> -->
    <!-- <Entry Permission="/Custom/Resources/Prestataire/ViewOwnedResources" CanExecute="true" /> -->
    <!-- <Entry Permission="/" /> -->
  <!-- </AccessControlRule> -->

  <!-- <AccessControlRule Profile="TechAdmin" EntityType="Consort" Identifier="TechAdmin_Resources_Consort" DisplayName_L1="TechAdmin_Resources_Consort"> -->
    <!-- <Entry Permission="/Custom/Resources/Consort/View" CanExecute="true" /> -->
    <!-- <Entry Permission="/Custom/Resources/Consort/ViewOwnedResources" CanExecute="true" /> -->
    <!-- <Entry Permission="/" /> -->
  <!-- </AccessControlRule> -->

  <!-- <AccessControlRule Profile="TechAdmin" EntityType="Company" Identifier="TechAdmin_Resources_Company" DisplayName_L1="TechAdmin_Resources_Company"> -->
    <!-- <Entry Permission="/Custom/Resources/Company/View" CanExecute="true" /> -->
    <!-- <Entry Permission="/Custom/Resources/Company/ViewOwnedResources" CanExecute="true" /> -->
    <!-- <Entry Permission="/" /> -->
  <!-- </AccessControlRule> -->

  <!-- <AccessControlRule Profile="TechAdmin" EntityType="Division" Identifier="TechAdmin_Resources_Division" DisplayName_L1="TechAdmin_Resources_Division"> -->
    <!-- <Entry Permission="/Custom/Resources/Division/View" CanExecute="true" /> -->
    <!-- <Entry Permission="/Custom/Resources/Division/ViewOwnedResources" CanExecute="true" /> -->
    <!-- <Entry Permission="/" /> -->
  <!-- </AccessControlRule> -->

  <!-- rapports --> 
  <!-- <AccessControlRule Profile="TechAdmin" EntityType="ReportQuery" Identifier="TechAdmin_Reports" DisplayName_L1="TechAdmin_Reports"> -->
    <!-- <Entry Permission="/Report/GenerateReportFileFromReportQuery/Query" CanExecute="true" /> -->
    <!--No<Entry Permission="/Custom/Reports/Provisioning_CompositeRoles/View" CanExecute="true" /> -->
    <!-- No<Entry Permission="/Custom/Reports/Provisioning_SingleRoles/View" CanExecute="true" /> -->
    <!-- No<Entry Permission="/Custom/Reports/Provisioning_ResourceTypes/View" CanExecute="true" /> -->
    <!-- No<Entry Permission="/Custom/Reports/AccessControl_AssignedProfiles/View" CanExecute="true" /> -->
    <!-- No<Entry Permission="/Custom/Reports/Workflow_ActivityInstances/View" CanExecute="true" /> --> 
    <!-- <Entry Permission="/" /> -->
  <!-- </AccessControlRule> -->

  <!-- droits connecteurs--> 
  <!-- <AccessControlRule Profile="TechAdmin" EntityType="Connector" Identifier="TechAdmin_Connector" DisplayName_L1="TechAdmin_Connector"> -->
    <!-- <Entry Permission="/Connectors/Connector/Query" CanExecute="true" /> -->
    <!-- <Entry Permission="/" /> -->
  <!-- </AccessControlRule> -->

  <!-- <AccessControlRule Profile="TechAdmin" EntityType="WorkflowInstance" Identifier="TechAdmin_WorkflowInstance" DisplayName_L1="TechAdmin_WorkflowInstance"> -->
    <!-- <Entry Permission="/Workflows/WorkflowInstanceData/Query" CanExecute="true" /> -->
    <!-- <Entry Permission="/Workflows/WorkflowInstance/Query" CanExecute="true" /> -->
    <!-- <Entry Permission="/" /> -->
  <!-- </AccessControlRule> -->

  <!--No<AccessControlRule Profile="TechAdmin" EntityType="Workflow_Person" Identifier="Workflows_Person_ChangePosition" DisplayName_L1="Workflows_Person_ChangePosition">
        No<Entry Permission="/Custom/Workflows/Person_ChangePosition" CanExecute="true" />
        No<Entry Permission="/Custom/Workflows/Person_ChangePosition/Request" CanExecute="true" />
        No<Entry Permission="/Custom/Workflows/Person_ChangePosition/Request/ActionPending" CanExecute="true" />
  No</AccessControlRule>-->

</ConfigurationFile>
