﻿<ConfigurationFile xmlns="urn:schemas-usercube-com:configuration">

 <Profile Identifier="RoleOfficerByRole" DisplayName_L1="Responsable de Profil (par Catégorie)" />

  <!-- CATEGORY -->
  <AccessControlRule Identifier="RoleOfficerByRole_AssignedCompositeRole_L2" DisplayName_L1="Responsable de Rôle (niveau 2) Category AssignedCompositeRole" EntityType="AssignedCompositeRole" Profile="RoleOfficerByRole">
    <Filter Binding="Role.Category.Id" Category="true"  />
	<Filter Binding="WorkflowState" Value="9" />
    <Entry CanExecute="true" Permission="/Custom/ProvisioningPolicy/ReviewRoles/Person" />
  </AccessControlRule>
  
  <AccessControlRule Identifier="RoleOfficerByRole_AssignedCompositeRole_L3" DisplayName_L1="Responsable de Rôle (niveau 2)Category AssignedCompositeRole" EntityType="AssignedCompositeRole" Profile="RoleOfficerByRole">
    <Filter Binding="Role.Category.Id" Category="true"  />
	<Filter Binding="WorkflowState" Value="12" />
    <Entry CanExecute="true" Permission="/Custom/ProvisioningPolicy/ReviewRoles/Person" />
  </AccessControlRule> 

  <AccessControlRule Identifier="RoleOfficerByRole_AssignedSingleRole_L2" DisplayName_L1="Responsable de Rôle (niveau 2) Category AssignedSingleRole" EntityType="AssignedSingleRole" Profile="RoleOfficerByRole">
    <Filter Binding="Role.Category.Id" Category="true"  />
    <Filter Binding="WorkflowState" Value="9" />
    <Entry CanExecute="true" Permission="/Custom/ProvisioningPolicy/ReviewRoles/Person" />
  </AccessControlRule>
  
  <AccessControlRule Identifier="RoleOfficerByRole_AssignedSingleRole_L3" DisplayName_L1="Responsable de Rôle (niveau 2) Category AssignedSingleRole" EntityType="AssignedSingleRole" Profile="RoleOfficerByRole">
    <Filter Binding="Role.Category.Id" Category="true"  />
    <Filter Binding="WorkflowState" Value="12" />
    <Entry CanExecute="true" Permission="/Custom/ProvisioningPolicy/ReviewRoles/Person" />
  </AccessControlRule>
  

    
  <AccessControlRule Profile="RoleOfficerByRole" EntityType="Person" Identifier="RoleOfficerByRole_Resources_Person" DisplayName_L1="RoleOfficerByRole_Resources_Person">
    <!-- <Entry Permission="/" /> -->
    <Entry Permission="/Custom/ProvisioningPolicy/ReviewRoles/Person" CanExecute="true" />
  </AccessControlRule>

  <AccessControlRule Profile="RoleOfficerByRole" EntityType="PersonRecord" Identifier="RoleOfficerByRole_Resources_PersonRecord" DisplayName_L1="RoleOfficerByRole_Resources_PersonRecord">
    <Entry Permission="/" />
  </AccessControlRule>

  <!-- <AccessControlRule Profile="RoleOfficerByRole" EntityType="Organization" Identifier="RoleOfficerByRole_Resources_Organization" DisplayName_L1="RoleOfficerByRole_Resources_Organization"> -->
    <!-- <Entry Permission="/" /> -->
  <!-- </AccessControlRule> -->

  <AccessControlRule Profile="RoleOfficerByRole" EntityType="EmployeeType" Identifier="RoleOfficerByRole_Resources_EmployeeType" DisplayName_L1="RoleOfficerByRole_Resources_EmployeeType">
    <Entry Permission="/" />
  </AccessControlRule>

  <AccessControlRule Profile="RoleOfficerByRole" EntityType="Company" Identifier="RoleOfficerByRole_Resources_Company" DisplayName_L1="RoleOfficerByRole_Resources_Company">
    <Entry Permission="/" />
  </AccessControlRule>

  <AccessControlRule Profile="RoleOfficerByRole" EntityType="Division" Identifier="RoleOfficerByRole_Resources_Division" DisplayName_L1="RoleOfficerByRole_Resources_Division">
    <Entry Permission="/" />
  </AccessControlRule>

  <!-- droits pour l'écran des rôles -->
  <AccessControlRule Profile="RoleOfficerByRole" EntityType="CompositeRole" Identifier="RoleOfficerByRole_CompositeRole" DisplayName_L1="RoleOfficerByRole_CompositeRole">
    <Entry Permission="/" />
  </AccessControlRule>

  <AccessControlRule Profile="RoleOfficerByRole" EntityType="SingleRole" Identifier="RoleOfficerByRole_SingleRole" DisplayName_L1="RoleOfficerByRole_SingleRole">
    <Entry Permission="/" />
  </AccessControlRule>

  <AccessControlRule Profile="RoleOfficerByRole" EntityType="ResourceType" Identifier="RoleOfficerByRole_ResourceType" DisplayName_L1="RoleOfficerByRole_ResourceType">
    <Entry Permission="/" />
  </AccessControlRule>

  <AccessControlRule Profile="RoleOfficerByRole" EntityType="Category" Identifier="RoleOfficerByRole_Category" DisplayName_L1="RoleOfficerByRole_Category">
    <Entry Permission="/" />
  </AccessControlRule>
  
  <!-- POUR LES RAPPORTS -->
	<AccessControlRule Profile="RoleOfficerByRole" EntityType="ResourceNavigationRule" Identifier="RoleOfficerByRole_ResourceNavigationRule" DisplayName_L1="RoleOfficerByRole_ResourceNavigationRule">
		<Filter Binding="SingleRole.Category.Id" Category="true"  />
		<Entry Permission="/Custom/Reports/Navigation_Role/View" CanExecute="true" />
	</AccessControlRule>
	
	<!-- <AccessControlRule Identifier="RoleOfficerByRole_AssignedSingleRole_Reports" DisplayName_L1="Responsable de Rôle Reports" EntityType="AssignedSingleRole" Profile="RoleOfficerByRole"> -->
		<!-- <Filter Binding="Role.Category.Id" Category="true"  /> -->
		<!-- <Entry Permission="/Custom/Reports/User_AssignedSingleRoles/View" CanExecute="true" />	 -->
	<!-- </AccessControlRule> -->

	<AccessControlRule Profile="RoleOfficerByRole" EntityType="ReportQuery" Identifier="RoleOfficerByRole_Reports" DisplayName_L1="RoleOfficerByRole_Reports">
		<Entry Permission="/Report/GenerateReportFileFromReportQuery/Query" CanExecute="true" />
		<Entry Permission="/Custom/Reports/Navigation_Role/View" CanExecute="true" />
		<!-- <Entry Permission="/Custom/Reports/Provisioning_SingleRoles/View" CanExecute="true" /> -->
		<!-- <Entry Permission="/Custom/Reports/User_AssignedSingleRoles/View" CanExecute="true" />	 -->
	</AccessControlRule>

</ConfigurationFile>