﻿<ConfigurationFile xmlns="urn:schemas-usercube-com:configuration">
	<!-- AUDIT ACCESS + CONNECTORS + WORKFLOW SUPERVISION + REPORTS -->
    <Profile Identifier="AuditAdv" DisplayName_L1="Auditeur avancé" />
	
	<!-- DROITS SUR LES ENTITY TYPES : lecture -->
	<!-- menus -->
	<ViewTemplate Profile="AuditAdv" EntityType="Organization" />
	<ViewTemplate Profile="AuditAdv" EntityType="Company" />
	<ViewTemplate Profile="AuditAdv" EntityType="Localisation" />
	
	<!-- fiche identité -->
	<ViewTemplate Profile="AuditAdv" EntityType="EmployeeCategory" />	<!-- interne/externe -->
	<ViewTemplate Profile="AuditAdv" EntityType="EmployeeType" />		<!-- type de contrat -->
	<ViewTemplate Profile="AuditAdv" EntityType="IdentityType" /> 		<!-- user/manager/assistant -->
	<ViewTemplate Profile="AuditAdv" EntityType="Division" /> 			<!-- CAGIP -->
	<ViewTemplate Profile="AuditAdv" EntityType="Site" /> 				<!-- site -->
	<ViewTemplate Profile="AuditAdv" EntityType="OUPartenaire" /> 		<!-- OU partenaires -->
	<ViewTemplate Profile="AuditAdv" EntityType="DomaineAD" /> 			<!-- domaine AD -->
	<ViewTemplate Profile="AuditAdv" EntityType="IsVDI" /> 				<!-- bureautique/admin -->
	<ViewTemplate Profile="AuditAdv" EntityType="Contract" /> 			<!-- commandes -->

	<!-- DROITS SUR LES CONNECTEURS : lecture -->
	<!-- AD -->
	<ViewTemplate Profile="AuditAdv" EntityType="AD_Commun01_Entry" />
	<ViewTemplate Profile="AuditAdv" EntityType="AD_Zoe_Entry" />
	<ViewTemplate Profile="AuditAdv" EntityType="AD_ProdGrp_Entry" />
	<ViewTemplate Profile="AuditAdv" EntityType="AD_Partenaires_Entry" />
	<ViewTemplate Profile="AuditAdv" EntityType="AD_Red01_Entry" />
	<ViewTemplate Profile="AuditAdv" EntityType="AD_RedAlpha_Entry" />
	<!-- <ViewTemplate Profile="AuditAdv" EntityType="AD_SECPROD1_Entry" /> -->
	<!-- <ViewTemplate Profile="AuditAdv" EntityType="AD_SECSC1_Entry" /> -->
	<!-- <ViewTemplate Profile="AuditAdv" EntityType="AD_CACEDICAM_Entry" /> -->
	<!-- <ViewTemplate Profile="AuditAdv" EntityType="AD_BlueAlpha_Entry" /> -->
	
	<!-- LDAP -->
	<!-- <ViewTemplate Profile="AuditAdv" EntityType="LDAP_LdapCagip_Entry" /> -->
	
	<!-- Ticketing -->
	<!-- <ViewTemplate Profile="AuditAdv" EntityType="ProvMan_Metis_User" /> -->
	
	<!-- Triskell -->
	<!-- <ViewTemplate Profile="AuditAdv" EntityType="Triskell_User" /> -->
	
	<!-- METIS -->
	<!-- <ViewTemplate Profile="AuditAdv" EntityType="HID_RED01User" /> -->
	<!-- <ViewTemplate Profile="AuditAdv" EntityType="HID_ZOEUser" /> -->
	<!-- <ViewTemplate Profile="AuditAdv" EntityType="ISADUser" /> -->
	<!-- <ViewTemplate Profile="AuditAdv" EntityType="Liste_DiffusionUser" /> -->
	<!-- <ViewTemplate Profile="AuditAdv" EntityType="MAC_Bureautique_User" /> -->
	<!-- <ViewTemplate Profile="AuditAdv" EntityType="MAC_Developpeur_User" /> -->
	<!-- <ViewTemplate Profile="AuditAdv" EntityType="METIS_GroupUser" /> -->
	<!-- <ViewTemplate Profile="AuditAdv" EntityType="PDTAUser" /> -->
	<!-- <ViewTemplate Profile="AuditAdv" EntityType="PDTBUser" /> -->
	<!-- <ViewTemplate Profile="AuditAdv" EntityType="Reaffectation_HID_User" /> -->
	<!-- <ViewTemplate Profile="AuditAdv" EntityType="SkypeLineUser" /> -->
	<!-- <ViewTemplate Profile="AuditAdv" EntityType="SmartphoneUser" /> -->
	
	<!-- Gozen -->
	<ViewTemplate Profile="AuditAdv" EntityType="Rh_Person" />
	<ViewTemplate Profile="AuditAdv" EntityType="Organisation" />
	<ViewTemplate Profile="AuditAdv" EntityType="Consort" />
	<ViewTemplate Profile="AuditAdv" EntityType="Prestataire" />
	<ViewTemplate Profile="AuditAdv" EntityType="Easy_Contrat" />
	<ViewTemplate Profile="AuditAdv" EntityType="local" />
	<ViewTemplate Profile="AuditAdv" EntityType="rh_site" />
	
	
	<AccessControlRule Profile="AuditAdv" EntityType="SingleRole" Identifier="AuditAdv_SingleRole" DisplayName_L1="AuditAdv_SingleRole" >
		<Entry Permission="/" />
	</AccessControlRule>
	
	<AccessControlRule Profile="AuditAdv" EntityType="AssignedSingleRole" Identifier="AuditAdv_AssignedSingleRole" DisplayName_L1="AuditAdv_AssignedSingleRole" >
		<Entry Permission="/" />
    </AccessControlRule>
	
	<AccessControlRule Profile="AuditAdv" EntityType="SingleRoleRule" Identifier="AuditAdv_SingleRoleRule" DisplayName_L1="AuditAdv_SingleRoleRule" >
		<Entry Permission="/" />
	</AccessControlRule>
	
	<AccessControlRule Profile="AuditAdv" EntityType="CompositeRole" Identifier="AuditAdv_CompositeRole" DisplayName_L1="AuditAdv_CompositeRole" >
		<Entry Permission="/" />
	</AccessControlRule>
	
	<AccessControlRule Profile="AuditAdv" EntityType="AssignedCompositeRole" Identifier="AuditAdv_AssignedCompositeRole" DisplayName_L1="AuditAdv_AssignedCompositeRole" >
		<Entry Permission="/" />
	</AccessControlRule>

	<AccessControlRule Profile="AuditAdv" EntityType="ResourceNavigationRule" Identifier="AuditAdv_ResourceNavigationRule" DisplayName_L1="AuditAdv_ResourceNavigationRule" >
		<Entry Permission="/" />
	</AccessControlRule>

	<AccessControlRule Profile="AuditAdv" EntityType="AssignedResourceNavigation" Identifier="AuditAdv_AssignedResourceNavigation" DisplayName_L1="AuditAdv_AssignedResourceNavigation" >
		<Entry Permission="/" />
	</AccessControlRule>

	<AccessControlRule Profile="AuditAdv" EntityType="AssignedResourceScalar" Identifier="AuditAdv_AssignedResourceScalar" DisplayName_L1="AuditAdv_AssignedResourceScalar" >
		<Entry Permission="/" />
	</AccessControlRule>
	
	<AccessControlRule Profile="AuditAdv" EntityType="ResourceType" Identifier="AuditAdv_ResourceType" DisplayName_L1="AuditAdv_ResourceType" >
		<Entry Permission="/" />
	</AccessControlRule>

	<AccessControlRule Profile="AuditAdv" EntityType="AssignedResourceType" Identifier="AuditAdv_AssignedResourceType" DisplayName_L1="AuditAdv_AssignedResourceType" >
		<Entry Permission="/" />
	</AccessControlRule>
	
	<AccessControlRule Profile="AuditAdv" EntityType="Category" Identifier="AuditAdv_Category" DisplayName_L1="AuditAdv_Category" >
		<Entry Permission="/" />
	</AccessControlRule>
	
	<AccessControlRule Profile="AuditAdv" EntityType="AssignedProfile" Identifier="AuditAdv_AssignedProfile" DisplayName_L1="AuditAdv_AssignedProfile" >
		<Entry Permission="/" />
	</AccessControlRule>



	<AccessControlRule Profile="AuditAdv" EntityType="Person" Identifier="AuditAdv_Resources_Person" DisplayName_L1="AuditAdv_Resources_Person">
		<Entry Permission="/Custom/Resources/Person/View" CanExecute="true" FullAccessProperties="true" />
		<Entry Permission="/Custom/Resources/Person/ViewOwnedResources" CanExecute="true" />
		<!-- <Entry Permission="/Custom/Resources/Person/ViewTargetResources" CanExecute="true" /> -->
		<Entry Permission="/" />
		<Entry Permission="/" PropertyGroup="Person_Sensitive" />
	 </AccessControlRule>

	<AccessControlRule Profile="AuditAdv" EntityType="PersonRecord" Identifier="AuditAdv_Resources_PersonRecord" DisplayName_L1="AuditAdv_Resources_PersonRecord">
		<Entry Permission="/Custom/Resources/PersonRecord/View" CanExecute="true" FullAccessProperties="true" />
		<Entry Permission="/" />
		<Entry Permission="/" PropertyGroup="Person_Sensitive" />
	</AccessControlRule>

    <!-- RAPPORTS -->
    <AccessControlRule Profile="AuditAdv" EntityType="ReportQuery" Identifier="AuditAdv_Reports" DisplayName_L1="AuditAdv_Reports">
        <Entry Permission="/Report/GenerateReportFileFromReportQuery/Query" CanExecute="true" />
		
		<Entry Permission="/Custom/Reports/Provisioning_CompositeRoles/View" CanExecute="true" />
		<Entry Permission="/Custom/Reports/Provisioning_SingleRoles/View" CanExecute="true" />
		<!-- <Entry Permission="/Custom/Reports/Provisioning_ResourceTypes/View" CanExecute="true" /> -->
		<Entry Permission="/Custom/Reports/AccessControl_AssignedProfiles/View" CanExecute="true" />
		<Entry Permission="/Custom/Reports/AccessControl_AssignedProfiles_MA/View" CanExecute="true" />
		<Entry Permission="/Custom/Reports/AccessControl_AssignedProfiles_RO/View" CanExecute="true" />
		<!-- <Entry Permission="/Custom/Reports/User_AssignedResourceScalars/View" CanExecute="true" /> -->
		<!-- <Entry Permission="/Custom/Reports/User_AssignedResourceNavigations/View" CanExecute="true" /> -->
		<!-- <Entry Permission="/Custom/Reports/User_AssignedResourceTypes/View" CanExecute="true" /> -->
		<Entry Permission="/Custom/Reports/User_AssignedSingleRoles/View" CanExecute="true" />
		<Entry Permission="/Custom/Reports/User_AssignedCompositeRoles/View" CanExecute="true" />
		<!-- <Entry Permission="/Custom/Reports/Workflow_ActivityInstances/View" CanExecute="true" /> -->
		<Entry Permission="/Custom/Reports/Reports_Identity/View" CanExecute="true" />
		<!-- <Entry Permission="/Custom/Reports/Reports_PersonRecord_Identity/View" CanExecute="true" /> -->
		<!-- <Entry Permission="/Custom/Reports/Reports_Person_Identity/View" CanExecute="true" /> -->
		<Entry Permission="/Custom/Reports/Reports_Migration_Zoe/View" CanExecute="true" />
		<Entry Permission="/Custom/Reports/Navigation_Role/View" CanExecute="true" />
		<Entry Permission="/Custom/Reports/Single_Role_Rule/View" CanExecute="true" />
		<!-- <Entry Permission="/Custom/Reports/Error_Zoe_Tasks/View" CanExecute="true" /> -->
        <Entry Permission="/" />
    </AccessControlRule>
	
	<!-- SUPERVISION DES WORKFLOWS -->
	<WorkflowOverviewControlRules Profile="AuditAdv" EntityType="Person"/>

</ConfigurationFile>
