﻿<ConfigurationFile xmlns="urn:schemas-usercube-com:configuration">

 <Profile Identifier="RoleOfficer2" DisplayName_L1="Responsable de Profil (par Role)" />

  <!-- COMPOSITE ROLE -->
  <AccessControlRule Identifier="RoleOfficer2_AssignedCompositeRole_SR2" DisplayName_L1="Responsable de Rôle (niveau 2) SingleRole AssignedCompositeRole" EntityType="AssignedCompositeRole" Profile="RoleOfficer2">
    <Filter Binding="Role.Id" SingleRole="true"  />
	<Filter Binding="WorkflowState" Value="9" />
    <Entry CanExecute="true" Permission="/Custom/ProvisioningPolicy/ReviewRoles/Person" />
  </AccessControlRule>
  
  <AccessControlRule Identifier="RoleOfficer2_AssignedCompositeRole_SR3" DisplayName_L1="Responsable de Rôle (niveau 2) SingleRole AssignedCompositeRole" EntityType="AssignedCompositeRole" Profile="RoleOfficer2">
    <Filter Binding="Role.Id" SingleRole="true"  />
	<Filter Binding="WorkflowState" Value="12" />
    <Entry CanExecute="true" Permission="/Custom/ProvisioningPolicy/ReviewRoles/Person" />
  </AccessControlRule> 

  <!-- SINGLE ROLE -->
  <AccessControlRule Identifier="RoleOfficer2_AssignedSingleRole_SR2" DisplayName_L1="Responsable de Rôle (niveau 2) SingleRole AssignedSingleRole" EntityType="AssignedSingleRole" Profile="RoleOfficer2">
    <Filter Binding="Role.Id" SingleRole="true"  />
    <Filter Binding="WorkflowState" Value="9" />
    <Entry CanExecute="true" Permission="/Custom/ProvisioningPolicy/ReviewRoles/Person" />
  </AccessControlRule>
  
  <AccessControlRule Identifier="RoleOfficer2_AssignedSingleRole_SR3" DisplayName_L1="Responsable de Rôle (niveau 2) SingleRole AssignedSingleRole" EntityType="AssignedSingleRole" Profile="RoleOfficer2">
    <Filter Binding="Role.Id" SingleRole="true"  />
    <Filter Binding="WorkflowState" Value="12" />
    <Entry CanExecute="true" Permission="/Custom/ProvisioningPolicy/ReviewRoles/Person" />
  </AccessControlRule>
  
  <AccessControlRule Profile="RoleOfficer2" EntityType="Person" Identifier="RoleOfficer2_Resources_Person" DisplayName_L1="RoleOfficer2_Resources_Person">
	<Entry CanExecute="true" Permission="/Custom/ProvisioningPolicy/ReviewRoles/Person" />
  </AccessControlRule>

  <AccessControlRule Profile="RoleOfficer2" EntityType="PersonRecord" Identifier="RoleOfficer2_Resources_PersonRecord" DisplayName_L1="RoleOfficer2_Resources_PersonRecord">
    <Entry Permission="/" />
  </AccessControlRule>

  <!-- <AccessControlRule Profile="RoleOfficer2" EntityType="Organization" Identifier="RoleOfficer2_Resources_Organization" DisplayName_L1="RoleOfficer2_Resources_Organization"> -->
    <!-- <Entry Permission="/" /> -->
  <!-- </AccessControlRule> -->

  <AccessControlRule Profile="RoleOfficer2" EntityType="EmployeeType" Identifier="RoleOfficer2_Resources_EmployeeType" DisplayName_L1="RoleOfficer2_Resources_EmployeeType">
    <Entry Permission="/" />
  </AccessControlRule>

  <AccessControlRule Profile="RoleOfficer2" EntityType="Company" Identifier="RoleOfficer2_Resources_Company" DisplayName_L1="RoleOfficer2_Resources_Company">
    <Entry Permission="/" />
  </AccessControlRule>

  <AccessControlRule Profile="RoleOfficer2" EntityType="Division" Identifier="RoleOfficer2_Resources_Division" DisplayName_L1="RoleOfficer2_Resources_Division">
    <Entry Permission="/" />
  </AccessControlRule>

  <!-- droits pour l'écran des rôles -->
  <AccessControlRule Profile="RoleOfficer2" EntityType="CompositeRole" Identifier="RoleOfficer2_CompositeRole" DisplayName_L1="RoleOfficer2_CompositeRole">
    <Entry Permission="/" />
  </AccessControlRule>

  <AccessControlRule Profile="RoleOfficer2" EntityType="SingleRole" Identifier="RoleOfficer2_SingleRole" DisplayName_L1="RoleOfficer2_SingleRole">
    <Entry Permission="/" />
  </AccessControlRule>

  <AccessControlRule Profile="RoleOfficer2" EntityType="ResourceType" Identifier="RoleOfficer2_ResourceType" DisplayName_L1="RoleOfficer2_ResourceType">
    <Entry Permission="/" />
  </AccessControlRule>

  <AccessControlRule Profile="RoleOfficer2" EntityType="Category" Identifier="RoleOfficer2_Category" DisplayName_L1="RoleOfficer2_Category">
    <Entry Permission="/" />
  </AccessControlRule>
  
  
  <!-- POUR LES RAPPORTS -->
	<AccessControlRule Profile="RoleOfficer2" EntityType="ResourceNavigationRule" Identifier="RoleOfficer2_ResourceNavigationRule" DisplayName_L1="RoleOfficer2_ResourceNavigationRule">
		<Filter Binding="SingleRole.Id" SingleRole="true"  />
		<Entry Permission="/Custom/Reports/Navigation_Role/View" CanExecute="true" />
		<!-- <Entry Permission="/Custom/Reports/Provisioning_SingleRoles/View" CanExecute="true" /> -->
	</AccessControlRule>

	<!-- <AccessControlRule Identifier="RoleOfficer2_AssignedSingleRole_Reports" DisplayName_L1="Responsable de Rôle Reports" EntityType="AssignedSingleRole" Profile="RoleOfficer2"> -->
		<!-- <Filter Binding="Role.Id" SingleRole="true" /> -->
		<!-- <Entry Permission="/Custom/Reports/User_AssignedSingleRoles/View" CanExecute="true" />	 -->
		<!-- <Entry Permission="/Custom/Reports/Provisioning_SingleRoles/View" CanExecute="true" /> -->
<!-- </AccessControlRule> -->

	<AccessControlRule Profile="RoleOfficer2" EntityType="ReportQuery" Identifier="RoleOfficer2_Reports" DisplayName_L1="RoleOfficer2_Reports">
		<Entry Permission="/Report/GenerateReportFileFromReportQuery/Query" CanExecute="true" />
		<Entry Permission="/Custom/Reports/Navigation_Role/View" CanExecute="true" />
		<!-- <Entry Permission="/Custom/Reports/Provisioning_SingleRoles/View" CanExecute="true" /> -->
		<!-- <Entry Permission="/Custom/Reports/User_AssignedSingleRoles/View" CanExecute="true" />	 -->
	</AccessControlRule>

</ConfigurationFile>