﻿<ConfigurationFile xmlns="urn:schemas-usercube-com:configuration">

  <Profile Identifier="Utilisateur" DisplayName_L1="Utilisateur"/>

  <!-- retirer les utilisateurs par défaut -->
  <!-- <ProfileRuleContext ResourceType="AD_ProdGrp_Entry_NominativeUser" SubBinding="Person:Records" IsAppliedToRoot="false">
    <ProfileRule Profile="Utilisateur" B0="PersonRecord:Organization.Id" B1="PersonRecord:Division.Id" B2="PersonRecord:EmployeeType.EmployeeCategory.Id" />
  </ProfileRuleContext> -->

  <!-- SELF -->
  <AccessControlRule Profile="Utilisateur" EntityType="Person" Identifier="Utilisateur_Resources_Person_Self" DisplayName_L1="Utilisateur_Resources_Person_Self">
    <Filter Binding="Records.Organization.Id" Dimension="Organization0" />
    <Filter Binding="Records.Division.Id" Dimension="Division1" />
    <Entry Permission="/Custom/Resources/Person/Self" CanExecute="true" />
    <!-- <Entry Permission="/Custom/Resources/Person/ViewOwnedResources" CanExecute="true" /> -->
    <Entry Permission="/" />
  </AccessControlRule>

  <AccessControlRule Profile="Utilisateur" EntityType="PersonRecord" Identifier="Utilisateur_Resources_PersonRecord_Self" DisplayName_L1="Utilisateur_Resources_PersonRecord_Self">
    <Entry Permission="/Custom/Resources/Person/Self" />
    <!-- <Entry Permission="/Custom/Resources/Person/ViewOwnedResources" CanExecute="true" />
    <Entry Permission="/Custom/Resources/Person/ViewTargetResources" CanExecute="true" /> -->
    <Entry Permission="/" />
  </AccessControlRule>

  <!-- Annuaire -->
  <AccessControlRule Profile="Utilisateur" EntityType="Person" Identifier="Utilisateur_Resources_Person" DisplayName_L1="Utilisateur_Resources_Person">
    <Filter Binding="Records.Organization.Id" Dimension="Organization0" />
    <Filter Binding="Records.Division.Id" Dimension="Division1" />
    <Filter Binding="PresenceState.Id" Value="-101" />
    <Entry Permission="/Custom/Resources/Person/View" CanExecute="true" />
    <Entry Permission="/" />
  </AccessControlRule>

  <AccessControlRule Profile="Utilisateur" EntityType="Organization" Identifier="Utilisateur_Resources_Organization" DisplayName_L1="Utilisateur_Resources_Organization">
    <!-- <Filter Binding="Company.Id" Dimension="Company0"/> -->
    <Entry Permission="/Custom/Resources/Organization/View" CanExecute="true" />
    <!-- <Entry Permission="/Custom/Resources/Organisation/ViewOwnedResources" CanExecute="true" /> -->
    <Entry Permission="/" />
  </AccessControlRule>


  <AccessControlRule Profile="Utilisateur" EntityType="PersonRecord" Identifier="Utilisateur_Resources_PersonRecord" DisplayName_L1="Utilisateur_Resources_PersonRecord">
    <Filter Binding="Organization.Id" Dimension="Organization0" />
    <Filter Binding="Division.Id" Dimension="Division1" />
    <Entry Permission="/Custom/Resources/PersonRecord/View" CanExecute="true" />
    <Entry Permission="/" />
    <!--<Entry Permission="/" PropertyGroup="Person_Sensitive" />-->
  </AccessControlRule>

  <!-- <AccessControlRule Profile="Utilisateur" EntityType="Workflow_Person" Identifier="Utilisateur_Workflows_Person_*" DisplayName_L1="Utilisateur_Workflows_Person_*">
    <Entry Permission="/Workflows/UserActivityInstance/Query" CanExecute="true" />
    <Entry Permission="/Custom/Workflows/Person_ResourcesUpdate_Self/Request" CanExecute="true" />
    <Entry Permission="/Custom/Workflows/Person_ResourcesUpdate_Self/Request/ActionPending" CanExecute="true" />
    <Entry Permission="/Custom/Workflows/Person_ResourcesUpdate_Self/Request/RefinePending" CanExecute="true" />
  </AccessControlRule> -->

  <!-- droits pour l'écran des rôles -->
  <AccessControlRule Profile="Utilisateur" EntityType="CompositeRole" Identifier="Utilisateur_CompositeRole" DisplayName_L1="Utilisateur_CompositeRole">
    <Entry Permission="/" />
  </AccessControlRule>

  <AccessControlRule Profile="Utilisateur" EntityType="SingleRole" Identifier="Utilisateur_SingleRole" DisplayName_L1="Utilisateur_SingleRole">
    <Entry Permission="/" />
  </AccessControlRule>

  <AccessControlRule Profile="Utilisateur" EntityType="ResourceType" Identifier="Utilisateur_ResourceType" DisplayName_L1="Utilisateur_ResourceType">
    <Entry Permission="/" />
  </AccessControlRule>

  <AccessControlRule Profile="Utilisateur" EntityType="Category" Identifier="Utilisateur_Category" DisplayName_L1="Utilisateur_Category">
    <Entry Permission="/" />
  </AccessControlRule>

</ConfigurationFile>
