﻿<ConfigurationFile xmlns="urn:schemas-usercube-com:configuration">

    <Profile Identifier="AdminPAM" DisplayName_L1="Administrateur PAM" />

<AccessControlRule Identifier="AdminPAM_AssignedCompositeRole" DisplayName_L1="AdminPAM_AssignedCompositeRole" EntityType="AssignedCompositeRole" Profile="AdminPAM">
    <Entry Permission="/" />
  </AccessControlRule>

  <AccessControlRule Identifier="AdminPAM_AssignedResourceScalar" DisplayName_L1="AdminPAM_AssignedResourceScalar" EntityType="AssignedResourceScalar" Profile="AdminPAM">
    <Entry Permission="/" />
  </AccessControlRule>

  <AccessControlRule Identifier="AdminPAM_AssignedResourceNavigation" DisplayName_L1="AdminPAM_AssignedResourceNavigation" EntityType="AssignedResourceNavigation" Profile="AdminPAM">
    <Entry Permission="/" />
  </AccessControlRule>

  <AccessControlRule Identifier="AdminPAM_AssignedResourceType" DisplayName_L1="AdminPAM_AssignedResourceType" EntityType="AssignedResourceType" Profile="AdminPAM">
    <Entry Permission="/" />
  </AccessControlRule>

  <AccessControlRule Identifier="AdminPAM_AssignedSingleRole" DisplayName_L1="AdminPAM_AssignedSingleRole" EntityType="AssignedSingleRole" Profile="AdminPAM">
        <Entry Permission="/" />
    </AccessControlRule>
	
  <AccessControlRule Identifier="AdminPAM_Category" DisplayName_L1="AdminPAM_Category" EntityType="Category" Profile="AdminPAM">
		<Entry Permission="/" />
	  </AccessControlRule>

  <AccessControlRule Profile="AdminPAM" EntityType="Person" Identifier="AdminPAM_Resources_Person" DisplayName_L1="AdminPAM_Resources_Person">
    <Entry Permission="/Custom/Resources/Person/View" CanExecute="true" FullAccessProperties="true" />
    <Entry Permission="/Custom/Resources/Person/ViewOwnedResources" CanExecute="true" />
    <!-- <Entry Permission="/Custom/Resources/Person/ViewTargetResources" CanExecute="true" /> -->
		<Entry Permission="/" />
    <Entry Permission="/" PropertyGroup="Person_Sensitive" />
	  </AccessControlRule>

  <AccessControlRule Profile="AdminPAM" EntityType="PersonRecord" Identifier="AdminPAM_Resources_PersonRecord" DisplayName_L1="AdminPAM_Resources_PersonRecord">
    <Entry Permission="/Custom/Resources/PersonRecord/View" CanExecute="true" FullAccessProperties="true" />
		<Entry Permission="/" />
    <Entry Permission="/" PropertyGroup="Person_Sensitive" />
	  </AccessControlRule>

    <!-- Rapports -->
    <AccessControlRule Profile="AdminPAM" EntityType="ReportQuery" Identifier="AdminPAM_Reports" DisplayName_L1="AdminPAM_Reports">
        <Entry Permission="/Report/GenerateReportFileFromReportQuery/Query" CanExecute="true" />
        <Entry Permission="/Custom/Reports/Reports_Identity/View" CanExecute="true" />
		<Entry Permission="/" />
	  </AccessControlRule>



</ConfigurationFile>
