﻿<ConfigurationFile xmlns="urn:schemas-usercube-com:configuration">

  <CreateConnectorSynchroComplete JobIdentifier="AD_RedAlpha_Export_Complete" Connector="AD_RedAlpha" DisplayName_L1="AD_RedAlpha - Lecture Complète" OldAlgorithm="true">
    <OpenIdIdentifier Identifier="accessJob" />
    <CronTabExpression CronTab="8 4 * * 6" CronTimeZone="ServerTime" />
    
    <NoProvisioning />
  </CreateConnectorSynchroComplete>
  
  <CreateConnectorSynchroIncremental JobIdentifier="AD_RedAlpha_Full_Incremental" Connector="AD_RedAlpha" DisplayName_L1="10 - AD_RedAlpha - Lecture Incrémentale et Ecriture" OldAlgorithm="true">
    <OpenIdIdentifier Identifier="accessJob" />
    <CronTabExpression CronTab="10/30 6-19 * * *" CronTimeZone="ServerTime" />
    
    
  </CreateConnectorSynchroIncremental>
  
  <CreateConnectorSynchroComplete JobIdentifier="AD_RedAlpha_Full_Complete" Connector="AD_RedAlpha" DisplayName_L1="AD_RedAlpha - Lecture Complète et Ecriture" OldAlgorithm="true">
    <OpenIdIdentifier Identifier="accessJob" />
    
    
  </CreateConnectorSynchroComplete>

</ConfigurationFile>