﻿<ConfigurationFile xmlns="urn:schemas-usercube-com:configuration">
  <Category Policy="Default" Identifier="AD_RedAlpha" DisplayName_L1="Active Directory RedAlpha" Parent="Applications" />

  <ResourceType TransmittedStateValidityPeriod="180" MaximumDelete="0" MaximumDeletePercent="5" MaximumInsert="0" MaximumInsertPercent="5" MaximumUpdate="0" MaximumUpdatePercent="5" Identifier="AD_RedAlpha_Entry_NominativeUser" DisplayName_L1="Compte AD RedAlpha (nominatif)" Policy="Default" TargetEntityType="AD_RedAlpha_Entry" Category="AD_RedAlpha" SourceEntityType="Person" BlockProvisioning="true" ApprovalWorkflowType="ManualAssignmentNotAllowed" >
    <TypeRule SingleRole="$GLOBAL$_Base_CAGIP_Admin_RedAlpha" TimeOffsetReference="Around" TimeOffsetBeforeReference="-20160" TimeOffsetAfterReference="44640" />

    <ScalarRule Property="accountExpires" Expression="C#:person:return (!person.WhenOut.HasValue || person.WhenOut.Value.ToString(&quot;yyyy&quot;) == &quot;2099&quot;) ? &quot;0&quot; : person.WhenOut.Value.AddHours(-5).ToSince1601DateString();" />
    <ScalarRule Property="cn" Binding="LoginAdminGold" />
    <ScalarRule Property="displayName" Expression="C#:PersonRecord:
      string displayName = &quot;&quot;;
      if(PersonRecord.LastName != null &amp;&amp; PersonRecord.FormatedFirstName != null)
      {
        if(PersonRecord.UserGategory == &quot;EXTERNE&quot;)
        {
          displayName = Usercube.Expressions.Functions.UtilExpressions.RemoveDiacritics(PersonRecord.LastName).ToUpper() + &quot; &quot; + PersonRecord.FormatedFirstName + &quot; (PRESTATAIRE CA-GIP)&quot;;
        }
        else 
        {
          displayName = Usercube.Expressions.Functions.UtilExpressions.RemoveDiacritics(PersonRecord.LastName).ToUpper() + &quot; &quot; + PersonRecord.FormatedFirstName + &quot; (CA-GIP)&quot;;
        }
      }
      return displayName;" Policy="Default" />

    <ScalarRule Property="givenName" Binding="FormatedFirstName" />
    <ScalarRule Property="mail" Binding="Mail" />
    <ScalarRule Property="sAMAccountName" Binding="LoginAdminGold" />
    <ScalarRule Property="sn" Binding="LastName" />
	
    <ScalarRule Property="userAccountControl" Expression="C#:person:return &quot;514&quot;;" TimeOffsetReference="Before" TimeOffsetBeforeReference="-20160" TimeOffsetAfterReference="0" />
	<ScalarRule Property="userAccountControl" Expression="C#:person:return (person.Disabled.HasValue &amp;&amp; person.Disabled.Value) ? &quot;514&quot; : &quot;512&quot;;" Policy="Default" TimeOffsetReference="Around" TimeOffsetBeforeReference="0" TimeOffsetAfterReference="0" />
	<ScalarRule Property="userAccountControl" Expression="C#:person:return &quot;514&quot;;" TimeOffsetReference="After" TimeOffsetBeforeReference="0" TimeOffsetAfterReference="44640" />
	
	<!-- <ScalarRule Property="userPrincipalName" Expression="C#:person:return String.IsNullOrEmpty(person.LoginAdminGold) ? null : person.LoginAdminGold.ToLower() + &quot;@rct-redalpha.svc&quot;;" /> -->
	<ScalarRule Property="userPrincipalName" Expression="C#:person:return String.IsNullOrEmpty(person.LoginAdminGold) ? null : person.LoginAdminGold + &quot;@redalpha.svc&quot;;" />
    <ScalarRule Property="flags" Expression="C#:return &quot;3&quot;;" />

    <!-- <QueryRule Property="parentdn" TargetBinding="dn" SourceExpression="C#:PersonRecord:return &quot;OU=OU_Utilisateurs,OU=OU_Tests,DC=rct-redalpha,DC=svc&quot;;" TargetMatchedConfidenceLevel="100" /> -->
    <QueryRule Property="parentdn" TargetBinding="dn" SourceExpression="C#:PersonRecord:return &quot;OU=700,OU=OU_Utilisateurs_ESA,DC=redalpha,DC=svc&quot;;" />

  </ResourceType>
 


  <ResourceTypeMapping Identifier="AD_RedAlpha_Entry_PersonRecord" Connection="OrganizationalDataConnection" />
  <ResourceType MaximumDelete="0" MaximumDeletePercent="30" MaximumInsert="0" MaximumInsertPercent="30" MaximumUpdate="0" MaximumUpdatePercent="30" Identifier="AD_RedAlpha_Entry_PersonRecord" DisplayName_L1="Fiche de collaborateur (depuis l'AD RedAlpha)" SourceEntityType="AD_RedAlpha_Entry" Policy="Default" TargetEntityType="PersonRecord" AllowAdd="false" AllowRemove="false">
    <ScalarRule Property="LoginAdminGold" Binding="sAMAccountName" />
  </ResourceType>

  <LdapResourceTypeMapping Identifier="AD_RedAlpha_Entry_NominativeUser" DefaultObjectClass="user" RDNAttributeIdentifier="CN" UsePermissiveModify="true" UseTreeDelete="false"  Connection="ADRedAlphaExport" PasswordResetSetting="AD_RedAlpha_Entry_NominativeUser">
    <Property Property="memberOf" DataSourceBacklinkColumnName="member" />
    <Property Property="userAccountControl" IsUserAccountControlProperty="true" />
    <Property Property="cn" IsRDNProperty="true" />
    <Property Property="parentdn" IsParentProperty="true" />
    <Property Property="dn" IsDNProperty="true" />
  </LdapResourceTypeMapping>

  <PasswordResetSettings Identifier="AD_RedAlpha_Entry_NominativeUser" MustChange="true" Mode="1" NotifiedEmailBinding="AssignedResourceType:Owner.Person:MainRecord.MailHab" NotifiedFullNameBinding="AssignedResourceType:Owner.Person:MainRecord.Responsible.InternalDisplayName" StrengthCheck="^.*" AutoGenerate="true" BeneficiaryEmailBinding="AssignedResourceType:Owner.Person:MainRecord.Mail" BeneficiaryFullNameBinding="AssignedResourceType:Owner.Person:MainRecord.InternalDisplayName" DefaultPassword="CAGIPp@ssword2019" GeneratedLength="15" NotificationCC="cagip_habilitations@ca-gip.fr" />


  <ResourceCorrelationRule ResourceType="AD_RedAlpha_Entry_NominativeUser" TargetExpression="C#:Resource:return String.IsNullOrEmpty(Resource.sAMAccountName) ? &quot;EmptysAMAccountNameValue&quot; : Resource.sAMAccountName.ToLower();" Policy="Default" SourceMatchedConfidenceLevel="110" SourceExpression="C#:PersonRecord:return (String.IsNullOrEmpty(PersonRecord.LoginAdminGold) || String.IsNullOrEmpty(PersonRecord.LoginZoe)) ? &quot;EmptyLoginAdminGoldValue&quot; : PersonRecord.LoginAdminGold.ToLower();" />
  <!-- <ResourceCorrelationRule ResourceType="AD_RedAlpha_Entry_NominativeUser" TargetExpression="C#:Resource:return String.IsNullOrEmpty(Resource.mail) ? &quot;EmptyMailADValue&quot; : Resource.mail.ToLower();" Policy="Default" SourceMatchedConfidenceLevel="90" SourceExpression="C#:PersonRecord:return String.IsNullOrEmpty(PersonRecord.Mail) ? &quot;EmptyMailValue&quot; : PersonRecord.Mail.ToLower();" /> -->
</ConfigurationFile>
