﻿<?xml version="1.0" encoding="utf-8"?>
<ConfigurationFile xmlns:xsi="http:/www.w3.org/2001/XMLSchema-instance" xmlns:xsd="http:/www.w3.org/2001/XMLSchema" xmlns="urn:schemas-usercube-com:configuration">

  <Connection Identifier="MaigaProvManConnection" Package="Usercube.Manual@0000001" DisplayName_L1="MaigaProvManConnection" Connector="Maiga" DeactivationExportFulfill="Export" />
  <Connection Identifier="MaigaUserExportConnection" Package="Usercube.CSV@0000001" DisplayName_L1="MaigaExportConnection" Connector="Maiga"  /><Connection Identifier="MaigaCompositeAccessExportConnection" Package="Usercube.CSV@0000001" DisplayName_L1="MaigaCompositeAccessExportConnection" Connector="Maiga"  />
  <Connection Identifier="MaigaSingleAccessExportConnection" Package="Usercube.CSV@0000001" DisplayName_L1="MaigaSingleAccessExportConnection" Connector="Maiga"  />
  <Connection Identifier="MaigaUserCompositeAccessExportConnection" Package="Usercube.CSV@0000001" DisplayName_L1="MaigaUserCompositeAccessExportConnection" Connector="Maiga"  />  
  <Connection Identifier="MaigaUserSingleAccessExportConnection" Package="Usercube.CSV@0000001" DisplayName_L1="MaigaUserSingleAccessExportConnection" Connector="Maiga"  />    

  <Connector MaxLinkPercentageDeletedLines="30" MaxLinkPercentageInsertedLines="30" MaxPercentageDeletedLines="30" MaxPercentageInsertedLines="30" MaxPercentageUpdatedLines="30" MaximumDeletedLines="0" MaximumInsertedLines="0" MaximumLinkDeletedLines="0" MaximumLinkInsertedLines="0" MaximumUpdatedLines="0" Identifier="Maiga" DisplayName_L1="Maiga" Agent="Local"/>
  
  <!--ENTITY TYPE-->
  <EntityType Identifier="MaigaUsers" DisplayName_L1="Collaborateurs Maiga">
    <Property Identifier="FirstName" DisplayName_L1="Prénom" TargetColumnIndex="4" Type="String" />
    <Property Identifier="LastName" DisplayName_L1="Nom" TargetColumnIndex="5" Type="String" />
    <Property Identifier="Email" DisplayName_L1="Email" IsKey="true" TargetColumnIndex="6" Type="String" />
    <Property Identifier="UserStartDate" DisplayName_L1="Date d'entrée" TargetColumnIndex="7" Type="String" />
	<Property Identifier="UserEndDate" DisplayName_L1="Date de sortie" TargetColumnIndex="8" Type="String" />
	
	<Property Identifier="CompositeAccess" DisplayName_L1="Profil composé" Type="ForeignKey" />
	<Property Identifier="SingleAccess" DisplayName_L1="Profil simple" Type="ForeignKey" />
  </EntityType>
  
  <EntityType Identifier="MaigaCompositeAccess" DisplayName_L1="Profils composés (Maiga)">
    <Property Identifier="libelle" DisplayName_L1="Libellé" TargetColumnIndex="4" IsKey="true" Type="String" />

    <Property Identifier="users" DisplayName_L1="Collaborateurs" Type="ForeignKey" />
  </EntityType>
  
  <EntityType Identifier="MaigaSingleAccess" DisplayName_L1="Profils simples (Maiga)">
    <Property Identifier="libelle" DisplayName_L1="Libellé" TargetColumnIndex="4" IsKey="true" Type="String" />

    <Property Identifier="users" DisplayName_L1="Collaborateurs" Type="ForeignKey" />
  </EntityType>
  
  <!--ENTITY TYPE ASSOCIATION-->
  <EntityAssociation DisplayName_L1="MaigaUsers_MaigaCompositeAccess" Identifier="MaigaUsers_MaigaCompositeAccess" Property1="MaigaUsers:CompositeAccess" Property2="MaigaCompositeAccess:users" IsProperty1Collection="true" IsProperty2Collection="true"/>
  <EntityAssociation DisplayName_L1="MaigaUsers_MaigaSingleAccess" Identifier="MaigaUsers_MaigaSingleAccess" Property1="MaigaUsers:SingleAccess" Property2="MaigaSingleAccess:users" IsProperty1Collection="true" IsProperty2Collection="true"/>


  <!--ENTITY TYPE MAPPING-->
  
  <!-- "D:\CAGIP_IAM\GeneratedSources\Maiga\MaigaUsers.csv" -->
  <EntityTypeMapping MaximumDeletedLines="0" MaximumInsertedLines="0" MaximumUpdatedLines="0" MaxPercentageDeletedLines="30" MaxPercentageInsertedLines="30" MaxPercentageUpdatedLines="30" Connector="Maiga" Identifier="MaigaUsers" ConnectionTable="MaigaUserExportConnection">
	<Property Identifier="FirstName"  ConnectionColumn="FirstName"/>
	<Property Identifier="LastName"  ConnectionColumn="LastName"/>
	<Property Identifier="Email"  ConnectionColumn="Email" IsPrimaryKey="true"/>
	<Property Identifier="UserStartDate"  ConnectionColumn="UserStartDate"/>
	<Property Identifier="UserEndDate"  ConnectionColumn="UserEndDate"/>
  </EntityTypeMapping>
  
  <!-- "D:\CAGIP_IAM\GeneratedSources\Maiga\Maiga_CompositeRoles.csv" -->
  <EntityTypeMapping MaximumDeletedLines="0" MaximumInsertedLines="0" MaximumUpdatedLines="0" MaxPercentageDeletedLines="30" MaxPercentageInsertedLines="30" MaxPercentageUpdatedLines="30" Connector="Maiga" Identifier="MaigaCompositeAccess" ConnectionTable="MaigaCompositeAccessExportConnection">
	<Property Identifier="libelle"  ConnectionColumn="libelle" IsPrimaryKey="true"/>
  </EntityTypeMapping>
  
  <!-- "D:\CAGIP_IAM\GeneratedSources\Maiga\Maiga_SingleRoles.csv" -->
  <EntityTypeMapping MaximumDeletedLines="0" MaximumInsertedLines="0" MaximumUpdatedLines="0" MaxPercentageDeletedLines="30" MaxPercentageInsertedLines="30" MaxPercentageUpdatedLines="30" Connector="Maiga" Identifier="MaigaSingleAccess" ConnectionTable="MaigaSingleAccessExportConnection">
	<Property Identifier="libelle"  ConnectionColumn="libelle" IsPrimaryKey="true"/>
  </EntityTypeMapping>

  
  <!--ASSOCIATION MAPPING-->
  
  <!-- "D:\CAGIP_IAM\GeneratedSources\Maiga\MaigaUsers_CompositeRoles.csv" -->
  <EntityAssociationMapping MaximumDeletedLines="0" MaximumInsertedLines="0" MaxPercentageDeletedLines="30" MaxPercentageInsertedLines="30" Identifier="MaigaUsers_MaigaCompositeAccess" Column1="UserEmail" Column2="CompositeRole" ConnectionTable="MaigaUserCompositeAccessExportConnection" EntityPropertyMapping1="MaigaUsers:Email" EntityPropertyMapping2="MaigaCompositeAccess:libelle" Connector="Maiga" />
  
  <!-- "D:\CAGIP_IAM\GeneratedSources\Maiga\MaigaUsers_SingleRoles.csv" -->
  <EntityAssociationMapping MaximumDeletedLines="0" MaximumInsertedLines="0" MaxPercentageDeletedLines="30" MaxPercentageInsertedLines="30" Identifier="MaigaUsers_MaigaSingleAccess" Column1="UserEmail" Column2="SingleRole" ConnectionTable="MaigaUserSingleAccessExportConnection" EntityPropertyMapping1="MaigaUsers:Email" EntityPropertyMapping2="MaigaSingleAccess:libelle" Connector="Maiga" />
  
  
  
  
  
  <ViewTemplate EntityType="MaigaUsers" Profile="Administrator" />
  <ViewTemplate EntityType="MaigaCompositeAccess" Profile="Administrator" />
  <ViewTemplate EntityType="MaigaSingleAccess" Profile="Administrator" />
  
  <ViewAccessControlRules EntityType="MaigaUsers" Profile="Administrator" />
  <ViewAccessControlRules EntityType="MaigaCompositeAccess" Profile="Administrator" />
  <ViewAccessControlRules EntityType="MaigaSingleAccess" Profile="Administrator" />

  <ReviewProvisioningAccessControlRules EntityType="MaigaUsers" Profile="Administrator" />
  <ReviewProvisioningAccessControlRules EntityType="MaigaCompositeAccess" Profile="Administrator" />
  <ReviewProvisioningAccessControlRules EntityType="MaigaSingleAccess" Profile="Administrator" />
  
  <ReconciliateRolesAccessControlRules EntityType="MaigaUsers" Profile="Administrator" />
  <ReconciliateRolesAccessControlRules EntityType="MaigaCompositeAccess" Profile="Administrator" />
  <ReconciliateRolesAccessControlRules EntityType="MaigaSingleAccess" Profile="Administrator" />


  <TargetResourceReport EntityType="MaigaUsers" Profile="Administrator" />
  <TargetResourceReport EntityType="MaigaCompositeAccess" Profile="Administrator" />
  <TargetResourceReport EntityType="MaigaSingleAccess" Profile="Administrator" />
  
  <TargetResourceReportAccessControlRules EntityType="MaigaUsers" Profile="Administrator" />
  <TargetResourceReportAccessControlRules EntityType="MaigaCompositeAccess" Profile="Administrator" />
  <TargetResourceReportAccessControlRules EntityType="MaigaSingleAccess" Profile="Administrator" />
  
  <TargetResourceReportMenus EntityType="MaigaUsers" Profile="Administrator" />
  <TargetResourceReportMenus EntityType="MaigaCompositeAccess" Profile="Administrator" />
  <TargetResourceReportMenus EntityType="MaigaSingleAccess" Profile="Administrator" />
  
  
  <ViewTemplate EntityType="MaigaUsers" Profile="CCP" />
  <ViewTemplate EntityType="MaigaCompositeAccess" Profile="CCP" />
  <ViewTemplate EntityType="MaigaSingleAccess" Profile="CCP" />
  
  <ViewAccessControlRules EntityType="MaigaUsers" Profile="CCP" />
  <ViewAccessControlRules EntityType="MaigaCompositeAccess" Profile="CCP" />
  <ViewAccessControlRules EntityType="MaigaSingleAccess" Profile="CCP" />

  <ReviewProvisioningAccessControlRules EntityType="MaigaUsers" Profile="CCP" />
  <ReviewProvisioningAccessControlRules EntityType="MaigaCompositeAccess" Profile="CCP" />
  <ReviewProvisioningAccessControlRules EntityType="MaigaSingleAccess" Profile="CCP" />
  
  <ReconciliateRolesAccessControlRules EntityType="MaigaUsers" Profile="CCP" />
  <ReconciliateRolesAccessControlRules EntityType="MaigaCompositeAccess" Profile="CCP" />
  <ReconciliateRolesAccessControlRules EntityType="MaigaSingleAccess" Profile="CCP" />


  <TargetResourceReport EntityType="MaigaUsers" Profile="CCP" />
  <TargetResourceReport EntityType="MaigaCompositeAccess" Profile="CCP" />
  <TargetResourceReport EntityType="MaigaSingleAccess" Profile="CCP" />
  
  <TargetResourceReportAccessControlRules EntityType="MaigaUsers" Profile="CCP" />
  <TargetResourceReportAccessControlRules EntityType="MaigaCompositeAccess" Profile="CCP" />
  <TargetResourceReportAccessControlRules EntityType="MaigaSingleAccess" Profile="CCP" />
  
  <TargetResourceReportMenus EntityType="MaigaUsers" Profile="CCP" />
  <TargetResourceReportMenus EntityType="MaigaCompositeAccess" Profile="CCP" />
  <TargetResourceReportMenus EntityType="MaigaSingleAccess" Profile="CCP" />

   
</ConfigurationFile>
