﻿<ConfigurationFile xmlns="urn:schemas-usercube-com:configuration">
	
	<InvokeExpressionTask Identifier="Lecture_Maiga" DisplayName_L1="Lecture local des habiliations Maiga" InputPath="D:/CAGIP_IAM/Powershell/Maiga_Lecture.ps1"/>
	
	<FulfillTask Identifier="Maiga_UpdateFulfillmentStates_additional" DisplayName_L1="Maiga - Mise à jour de l'état du provisioning manuel" >
		<TaskResourceType ResourceType="Maiga" />
	</FulfillTask>
	
	<CreateConnectorSynchroComplete JobIdentifier="Maiga_Synchronization" Connector="Maiga" DisplayName_L1="Maiga - Mise à jour des données">
		<AddTask Task="Lecture_Maiga" Before="true" TaskToCompareWith="PrepareSynchronization_Maiga_Complete"/>
		<CronTabExpression CronTab="29 6-19 * * *" CronTimeZone="ServerTime" />
        <OpenIdIdentifier Identifier="accessJob"/>
    </CreateConnectorSynchroComplete>
	
	<CreateConnectorSynchroComplete JobIdentifier="Maiga_ProvManual" Connector="Maiga" DisplayName_L1="Maiga - Génération des tâches">
		<NoSynchronization/>
        <OpenIdIdentifier Identifier="accessJob"/>
    </CreateConnectorSynchroComplete>
	
</ConfigurationFile>