<ConfigurationFile xmlns="urn:schemas-usercube-com:configuration">
  
	<!-- <CompositeRole Identifier="CR_MaigaTest" DisplayName_L1="Rôle composé de test Maiga"  Category="CATS" EntityType="Person" ApprovalWorkflowType="One" Policy="Default"/> -->
	<!-- <SingleRole Identifier="SR_MaigaTest" DisplayName_L1="Rôle composé de test Maiga" Category="CATS" EntityType="Person" ApprovalWorkflowType="One" Policy="Default"/> -->
	<!-- <SingleRoleRule Policy="Default" Role="SR_MaigaTest" CompositeRole="CR_MaigaTest"/> -->
	
	
	
	
	<!-- <SingleRole Identifier="SR_Maiga_1" DisplayName_L1="Rôle simple Maiga 1" Category="CATS" EntityType="Person" ApprovalWorkflowType="One" Policy="Default"/> -->
	<!-- <SingleRole Identifier="SR_Maiga_2" DisplayName_L1="Rôle simple Maiga 2" Category="CATS" EntityType="Person" ApprovalWorkflowType="One" Policy="Default"/> -->
	
	<ResourceType Identifier="Maiga">
		<!-- <NavigationRule Property="CompositeAccess" Resource="Rôle composé de test Maiga" SingleRole="SR_MaigaTest" /> -->
		<!-- <NavigationRule Property="SingleAccess" Resource="Rôle simple Maiga 1" SingleRole="SR_Maiga_1" /> -->
		<!-- <NavigationRule Property="SingleAccess" Resource="Rôle simple Maiga 2" SingleRole="SR_Maiga_2" /> -->
		
		
		<NavigationRule Property="SingleAccess" Resource="VCS Administrateur Virtual Center VMWARE (Compte Admin SGIE )" SingleRole="SR_AD_A_VCS0_POWERUSER"/>
		<NavigationRule Property="SingleAccess" Resource="Exploitants des clusters HADOOP de hors-production via l'outil AMBARI (Compte Admin YGIE )" SingleRole="SR_AD_A_AMB_D5_EXP"/>
		<NavigationRule Property="SingleAccess" Resource="BAM1 Administrateur BAM - serveurs en workgroup (Compte Admin) (Compte Admin YGIE )" SingleRole="SR_AD_A_BAM1_CL"/>
		<NavigationRule Property="SingleAccess" Resource="BSAG Administratreur Annuaire LDS pour SAG (Compte Admin YGIE )" SingleRole="SR_AD_A_BSAG_LDA_ADMIN"/>
		<NavigationRule Property="SingleAccess" Resource="DTWH Utilisateur Datawarehouse - MOEED Branche B DEVTU (Compte Admin) (Compte Admin YGIE )" SingleRole="SR_AD_A_DTWH_DEV-TU"/>
		<NavigationRule Property="SingleAccess" Resource="DTWH Utilisateur Datawarehouse - MOE Production (Compte Admin) (Compte Admin YGIE )" SingleRole="SR_AD_A_DTWH_VMOA"/>
		<NavigationRule Property="SingleAccess" Resource="DTWH Utilisateur Datawarehouse - MOEED Branche B VMOE (Compte Admin YGIE )" SingleRole="SR_AD_A_DTWH_VMOE"/>
		<NavigationRule Property="SingleAccess" Resource="Plateforme Cloudera ZEBRA - HOM-Y - Accès SSH A (Compte Admin YGIE )" SingleRole="SR_AD_A_LNX0_NDP-R-A"/>
		<NavigationRule Property="SingleAccess" Resource="LNX0 Acces SSH ZEUS : Groupe ADMIN sur Edge, Master, Slave, Cloudera Manager HORS PROD" SingleRole="SR_AD_A_LNX0_ZDP_D_A"/>
		<NavigationRule Property="SingleAccess" Resource="LNX0 Accés SSH ZEUS : Groupe ADMIN sur Edge, Master, Slave, Cloudera Manager HORS PROD (Compte Admin YGIE )" SingleRole="SR_AD_A_LNX0_ZDP-R-A"/>
		<NavigationRule Property="SingleAccess" Resource="OINT Administrateur Visio unifiee mails - AD LDS (Compte Admin YGIE )" SingleRole="SR_AD_A_OINTLDA_FILTRAGE"/>
		<NavigationRule Property="SingleAccess" Resource="MIPS Utilisateur Datawarehouse - Production Serveur (Compte Admin YGIE )" SingleRole="SR_AD_A_P0454_ISISERV"/>
		<NavigationRule Property="SingleAccess" Resource="MIPS Utilisateur Datawarehouse - Exécution Production ZOS (Compte Admin YGIE )" SingleRole="SR_AD_A_P0454_ISIZOS"/>
		<NavigationRule Property="SingleAccess" Resource="TOIP Administratreur Annuaire LDS pour TOIP (Compte Admin YGIE )" SingleRole="SR_AD_A_S0035_LDA_ADMIN"/>
		<NavigationRule Property="SingleAccess" Resource="S0477 Administrateur Datastage Information Server (Compte Admin YGIE )" SingleRole="SR_AD_A_S0477_ADMIN_YGIE"/>
		<NavigationRule Property="SingleAccess" Resource="ATEL Administratreur Annuaire LDS pour ATEL (Compte Admin YGIE )" SingleRole="SR_AD_A_S1679_LDA_ADMIN"/>
		<NavigationRule Property="SingleAccess" Resource="TWS Administrateur Tivoli Workload Scheduler - AD LDS (Compte Admin YGIE )" SingleRole="SR_AD_A_TWS_ADMINADLDS"/>
		<NavigationRule Property="SingleAccess" Resource="Accès dédié aux équipes open SKS STO (Compte Admin YGIE)" SingleRole="SR_AD_P0001_STO-ADMIN-STO-OPN-Y"/>
		<NavigationRule Property="SingleAccess" Resource="Administration de la solution Attunity DA0 (Compte Windows YGIE)" SingleRole="SR_AD_DA0_ATM0_ADM"/>
		<NavigationRule Property="SingleAccess" Resource="SDGE Groupe d'utilisateur pour écrire sur le BURA (Compte Windows YGIE )" SingleRole="SR_AD_P0199_AD"/>
		<NavigationRule Property="SingleAccess" Resource="Administration de la solution Attunity R10 (Compte Windows YGIE )" SingleRole="SR_AD_R10_ATM0_ADM"/>
		<NavigationRule Property="SingleAccess" Resource="HRAC Gestionnaire HRACCESS - Quai de dépôt SAS Applicatif (Compte Windows YGIE )" SingleRole="SR_AD_S0054_SW_BURA"/>
		<NavigationRule Property="SingleAccess" Resource="XIJK Homologation Jenkins hors prod (Compte Windows YGIE )" SingleRole="SR_AD_S0651_HOMOL"/>
		<NavigationRule Property="SingleAccess" Resource="JNK0 Concepteur de jobs global pour le JENKINS CD pour des jobs dédiés à Dev-TU, VMOE, VMOA (Compte Windows YGIE )" SingleRole="SR_AD_S0668_CD_INTEG_MKJOB"/>
		<NavigationRule Property="SingleAccess" Resource="JNK0 OPS en charge du lancement des jobs JENKINS CD pour des jobs dédiés à Dev-TU, VMOE, VMOA (Compte Windows YGIE )" SingleRole="SR_AD_S0668_CD_INTEG_OPS"/>
		<NavigationRule Property="SingleAccess" Resource="JNK0 Visiteur Global de JENKINS_CD Jobs de DEV-TU, VMOE, VMOA (Compte Windows YGIE )" SingleRole="SR_AD_S0668_CD_INTEG_VISIT"/>
		<NavigationRule Property="SingleAccess" Resource="JNK0 Concepteur de jobs global pour le JENKINS CD pour des jobs dédiés à NEHOM (Compte Windows YGIE )" SingleRole="SR_AD_S0668_CD_NEHOM_MKJOB"/>
		<NavigationRule Property="SingleAccess" Resource="JNK0 Visiteur Global de JENKINS_CD Jobs de NEHOM (Compte Windows YGIE )" SingleRole="SR_AD_S0668_CD_NEHOM_VISIT"/>
		<NavigationRule Property="SingleAccess" Resource="JNK0 Concepteur de jobs global pour le JENKINS CD pour des jobs dédiés à la PROD (Compte Windows YGIE )" SingleRole="SR_AD_S0668_CD_PROD_MKJOB"/>
		<NavigationRule Property="SingleAccess" Resource="JNK0 Visiteur Global de JENKINS_CD Jobs de PROD (Compte Windows YGIE )" SingleRole="SR_AD_S0668_CD_PROD_VISIT"/>
		<NavigationRule Property="SingleAccess" Resource="JNK0 Administrateur du  JENKINS_OPS (Compte Windows YGIE )" SingleRole="SR_AD_S0668_OPS_ADMIN"/>
		<NavigationRule Property="SingleAccess" Resource="ZPL0 Acces zeppelin Lecture Plateforme ZEUS Admin HORS PROD (Compte Windows YGIE )" SingleRole="SR_AD_ZPL0_ZDP-D-RO"/>
		<NavigationRule Property="SingleAccess" Resource="Silver - ACS Utilisateur Administration Réseaux - Tous Avocent Device Reseaux - Switch KVM (Compte Admin ZGIE )" SingleRole="SR_AD_A_ACS0_AVOCENT_RES_USR"/>
		<NavigationRule Property="SingleAccess" Resource="Silver - ACS Administrateur Administration Réseaux - CDS (Compte Admin ZGIE )" SingleRole="SR_AD_A_ACS0_CDS"/>
		<NavigationRule Property="SingleAccess" Resource="Silver - ACS Administrateur Administration Réseaux - CISCO Nexus Series - Commutateurs d'accès (Compte Admin ZGIE )" SingleRole="SR_AD_A_ACS0_CISCO_NEXUS_ADM"/>
		<NavigationRule Property="SingleAccess" Resource="Silver - ACS Administrateur Administration Réseaux - Tous CISCO Device Réseaux (Compte Admin ZGIE )" SingleRole="SR_AD_A_ACS0_CISCO_RES_ADM"/>
		<NavigationRule Property="SingleAccess" Resource="Silver - ACS Utilisateur Administration Réseaux - Tous CISCO Device Réseaux (Compte Admin ZGIE )" SingleRole="SR_AD_A_ACS0_CISCO_RES_USR"/>
		<NavigationRule Property="SingleAccess" Resource="Silver - ACS Utilisateur Administration Réseaux - Pilotage (Compte Admin ZGIE )" SingleRole="SR_AD_A_ACS0_EXP"/>
		<NavigationRule Property="SingleAccess" Resource="ACS Utilisateur Administration Réseaux - F5 BIG-IP - Load Balancer BAM (Compte Admin ZGIE )" SingleRole="SR_AD_A_ACS0_F5_BIGIP_USR"/>
		<NavigationRule Property="SingleAccess" Resource="Silver - ACS Administrateur Administration Réseaux - F5 - Load Balancer (Compte Admin ZGIE )" SingleRole="SR_AD_A_ACS0_F5_RES_ADM"/>
		<NavigationRule Property="SingleAccess" Resource="Silver - ACS Utilisateur Administration Réseaux - F5 - Load Balancer (Compte Admin ZGIE )" SingleRole="SR_AD_A_ACS0_F5_RES_USR"/>
		<NavigationRule Property="SingleAccess" Resource="ACS Utilisateur Administration Réseaux - F5 VIPRION - Application Delivery Contrôle- Load balancers Core + BAM (Compte Admin ZGIE )" SingleRole="SR_AD_A_ACS0_F5_VIPRION_USR"/>
		<NavigationRule Property="SingleAccess" Resource="Silver - ACS Administrateur Administration Réseaux - Tous FIREWALL Device Réseaux (Compte Admin ZGIE )" SingleRole="SR_AD_A_ACS0_FIREWALL_SEC_ADM"/>
		<NavigationRule Property="SingleAccess" Resource="Silver - ACS SFT - Serveur d'authentification ACS - Groupe Acces au outils Fortinet pour l'equipe Administration Securite (Compte Admin ZGIE )" SingleRole="SR_AD_A_ACS0_FORTINET_ADMSECU"/>
		<NavigationRule Property="SingleAccess" Resource="Silver - ACS Utilisateur Administration Réseaux - Ingénierie (Compte Admin ZGIE )" SingleRole="SR_AD_A_ACS0_ING"/>
		<NavigationRule Property="SingleAccess" Resource="Silver - ACS Administrateur Administration Réseaux - CISCO IronPort C670 - Appliance antispam (Compte Admin ZGIE )" SingleRole="SR_AD_A_ACS0_IRONPORT_C670_ADM"/>
		<NavigationRule Property="SingleAccess" Resource="Silver - ACS Utilisateur Administration Réseaux - CISCO IronPort C670 - Appliance antispam (Compte Admin ZGIE )" SingleRole="SR_AD_A_ACS0_IRONPORT_C670_USR"/>
		<NavigationRule Property="SingleAccess" Resource="Silver - ACS Administrateur Administration Réseaux - CISCO IronPort M670 - Security Management Appliance (Compte Admin ZGIE )" SingleRole="SR_AD_A_ACS0_IRONPORT_M670_ADM"/>
		<NavigationRule Property="SingleAccess" Resource="Silver - ACS Utilisateur Administration Réseaux - CISCO IronPort M670 - Security Management Appliance (Compte Admin ZGIE )" SingleRole="SR_AD_A_ACS0_IRONPORT_M670_USR"/>
		<NavigationRule Property="SingleAccess" Resource="Silver - ACS Administrateur Administration Réseaux - Juniper Device SRX5800 - Firewalls Core et Partenaires (Compte Admin ZGIE )" SingleRole="SR_AD_A_ACS0_JUNIPER_SRX5800_ADM"/>
		<NavigationRule Property="SingleAccess" Resource="Silver - ACS Utilisateur Administration Réseaux - Juniper Device SRX5800 - Firewalls Core et Partenaires (Compte Admin ZGIE )" SingleRole="SR_AD_A_ACS0_JUNIPER_SRX5800_USR"/>
		<NavigationRule Property="SingleAccess" Resource="Silver - ACS Administrateur Administration Réseaux - Junos Space - Gestion des pare-feux Juniper (Compte Admin ZGIE )" SingleRole="SR_AD_A_ACS0_JUNOSSPACE_ADM"/>
		<NavigationRule Property="SingleAccess" Resource="Silver - ACS Utilisateur Administration Réseaux - Junos Space - Gestion des pare-feux Juniper (Compte Admin ZGIE )" SingleRole="SR_AD_A_ACS0_JUNOSSPACE_USR"/>
		<NavigationRule Property="SingleAccess" Resource="Silver - ACS Administrateur Administration Réseaux - MCO (Compte Admin ZGIE )" SingleRole="SR_AD_A_ACS0_MCO"/>
		<NavigationRule Property="SingleAccess" Resource="Silver - ACS Administrateur Administration Réseaux - Tous RIVERBED Device Réseaux - Accélérateur WAN (Compte Admin ZGIE )" SingleRole="SR_AD_A_ACS0_RIVERBED_RES_ADM"/>
		<NavigationRule Property="SingleAccess" Resource="Silver - ACS Utilisateur Administration Réseaux - Tous RIVERBED Device Réseaux - Accélérateur WAN (Compte Admin ZGIE )" SingleRole="SR_AD_A_ACS0_RIVERBED_RES_USR"/>
		<NavigationRule Property="SingleAccess" Resource="Silver - ACS Administrateur Administration Réseaux - Relais de Messagerie (Compte Admin ZGIE )" SingleRole="SR_AD_A_ACS0_RM_SEC_ADM"/>
		<NavigationRule Property="SingleAccess" Resource="Silver - ACS Administrateur Administration Réseaux - Security Design (Compte Admin ZGIE )" SingleRole="SR_AD_A_ACS0_SECURITY_DESIGN_ADM"/>
		<NavigationRule Property="SingleAccess" Resource="Silver - ACS Utilisateur Administration Réseaux - Security Design (Compte Admin ZGIE )" SingleRole="SR_AD_A_ACS0_SECURITY_DESIGN_USR"/>
		<NavigationRule Property="SingleAccess" Resource="Exploitants des clusters HADOOP de production via l'outil AMBARI (Compte Admin ZGIE )" SingleRole="SR_AD_A_AMB_D5_EXP"/>
		<NavigationRule Property="SingleAccess" Resource="SILVER - BAM1 Administrateur BAM - serveurs en workgroup (Compte Admin ZGIE )" SingleRole="SR_AD_A_BAM1_CL"/>
		<NavigationRule Property="SingleAccess" Resource="SILVER - BSAG Administrateur Annuaire LDS pour SAG (Compte Admin ZGIE )" SingleRole="SR_AD_A_BSAG_LDA_ADMIN"/>
		<NavigationRule Property="SingleAccess" Resource="Silver - E1 Utilisateur Exchange Management - ViewOnly Organization (Compte Admin ZGIE )" SingleRole="SR_AD_A_E1_EXCH_MANAG_N1"/>
		<NavigationRule Property="SingleAccess" Resource="Silver - TMG0 Gestionnaire FOREFRONT TMG - Console infra PushMail (Compte Admin ZGIE )" SingleRole="SR_AD_A_EMS_MAJ"/>
		<NavigationRule Property="SingleAccess" Resource="Silver - FXL Patch Linux - Profil utilisateur pour ACTION sur les Content Hosts du serveur Satellite (Compte Admin ZGIE )" SingleRole="SR_AD_A_FXL_ACT"/>
		<NavigationRule Property="SingleAccess" Resource="Silver - FXL Administrateur Patch Linux - Serveur Satellite (Compte Admin ZGIE )" SingleRole="SR_AD_A_FXL_ADM"/>
		<NavigationRule Property="SingleAccess" Resource="Silver - FXL - SFT - Patch Linux - Profil utilisateur pour MODIFICATION des Content Views du serveur Satellite (Compte Admin ZGIE )" SingleRole="SR_AD_A_FXL_MOD"/>
		<NavigationRule Property="SingleAccess" Resource="SILVER - GEDC Administrateur GEDE - Serveurs Telecollecte GED GIE (Compte Admin ZGIE )" SingleRole="SR_AD_A_GEDC_ADM_KCPRO"/>
		<NavigationRule Property="SingleAccess" Resource="Accés SSH ZEBRA : Groupe ADMIN sur Edge, Master, Slave, Cloudera Manager (Compte Admin ZGIE )" SingleRole="SR_AD_A_LNX_NDP-DEV-A"/>
		<NavigationRule Property="SingleAccess" Resource="Plateforme Cloudera ZEBRA - PRD - Accès SSH A (Compte Admin ZGIE )" SingleRole="SR_AD_A_LNX0_NDP-P-A"/>
		<NavigationRule Property="SingleAccess" Resource="Plateforme Cloudera ZEBRA - PRD - Accès SSH RW (Compte Admin ZGIE )" SingleRole="SR_AD_A_LNX0_NDP-P-RW"/>
		<NavigationRule Property="SingleAccess" Resource="LNX0 Plateforme Cloudera ZEUS - PRD - Accés SSH RW (Compte Admin ZGIE )" SingleRole="SR_AD_A_LNX0_ZDP-P-RW"/>
		<NavigationRule Property="SingleAccess" Resource="Cloudera Manager ZEBRA : Groupe usage en ADMIN (Compte Admin ZGIE )" SingleRole="SR_AD_A_NDM_NDP-DEV-A"/>
		<NavigationRule Property="SingleAccess" Resource="Plateforme Cloudera ZEBRA - PRD - Accès Cloudera Manager A (Compte Admin ZGIE )" SingleRole="SR_AD_A_NDM0_NDP-P-A"/>
		<NavigationRule Property="SingleAccess" Resource="Plateforme Cloudera ZEBRA - PRD - Accès Cloudera Manager RW (Compte Admin ZGIE )" SingleRole="SR_AD_A_NDM0_NDP-P-RW"/>
		<NavigationRule Property="SingleAccess" Resource="NDM0 Plateforme Cloudera ZEUS - PRD - Accés Cloudera Manager Admin (Compte Admin ZGIE )" SingleRole="SR_AD_A_NDM0_ZDP-P-A"/>
		<NavigationRule Property="SingleAccess" Resource="SIU - MIPS Gestionnaire Datawarehouse - Exécution Production / Exploitation (Compte Admin ZGIE )" SingleRole="SR_AD_A_P0454_PRODEXP"/>
		<NavigationRule Property="SingleAccess" Resource="Accés RANGER ZEBRA : Groupe usage en ADMIN (Compte Admin ZGIE )" SingleRole="SR_AD_A_RNG_NDP-DEV-A"/>
		<NavigationRule Property="SingleAccess" Resource="Plateforme Cloudera ZEBRA - PRD - Accès RANGER A (Compte Admin ZGIE )" SingleRole="SR_AD_A_RNG0_NDP-P-A"/>
		<NavigationRule Property="SingleAccess" Resource="Plateforme Cloudera ZEBRA - PRD - Accès RANGER RW (Compte Admin ZGIE )" SingleRole="SR_AD_A_RNG0_NDP-P-RW"/>
		<NavigationRule Property="SingleAccess" Resource="RNG0 Plateforme Cloudera ZEUS - PRD - Accés RANGER RO (Compte Admin ZGIE )" SingleRole="SR_AD_A_RNG0_ZDP-P-RO"/>
		<NavigationRule Property="SingleAccess" Resource="SILVER - TOIP Administratreur Annuaire LDS pour TOIP (Compte Admin ZGIE )" SingleRole="SR_AD_A_S0035_LDA_ADMIN"/>
		<NavigationRule Property="SingleAccess" Resource="S0477 Administrateur Datastage Information Server (Compte Admin ZGIE )" SingleRole="SR_AD_A_S0477_ADMIN_ZGIE"/>
		<NavigationRule Property="SingleAccess" Resource="Silver - XIES Administrateur Maïga - AD LDS - Compte Admin (Compte Admin ZGIE )" SingleRole="SR_AD_A_S1281_LDA_ADMIN"/>
		<NavigationRule Property="SingleAccess" Resource="SILVER - ATEL Administratreur Annuaire LDS pour ATEL (Compte Admin ZGIE )" SingleRole="SR_AD_A_S1679_LDA_ADMIN"/>
		<NavigationRule Property="SingleAccess" Resource="TIP Utilisateur Tivoli Integrated Portal - Accès de base (droit admin) (Compte Admin ZGIE )" SingleRole="SR_AD_A_TIP"/>
		<NavigationRule Property="SingleAccess" Resource="TIP Utilisateur Tivoli Integrated Portal - Visualisation des incidents (droit admin) (Compte Admin ZGIE )" SingleRole="SR_AD_A_TIP_VISU"/>
		<NavigationRule Property="SingleAccess" Resource="TWS Administrateur Tivoli Workload Scheduler - AD LDS (Compte Admin ZGIE )" SingleRole="SR_AD_A_TWS_ADMINADLDS"/>
		<NavigationRule Property="SingleAccess" Resource="Silver - SRF -Serveur WSUS - Groupe Acces en lecture a l'instance sur la BDD de WSUS (Compte Admin ZGIE )" SingleRole="SR_AD_A_W0_SELE_SQL"/>
		<NavigationRule Property="SingleAccess" Resource="Silver - ACS Utilisateur Administration Réseaux - Tous CISCO Device Réseaux (Compte Windows ZGIE )" SingleRole="SR_AD_ACS0_CISCO_RES_USR"/>
		<NavigationRule Property="SingleAccess" Resource="Silver - ACS Utilisateur Administration Réseaux - CISCO Prime - Gestion des équipements (Compte Windows ZGIE )" SingleRole="SR_AD_ACS0_PRIME_USR"/>
		<NavigationRule Property="SingleAccess" Resource="Silver - ACS Utilisateur Administration Réseaux - Tous RIVERBED Device Réseaux - Accélérateur WAN (Compte Windows ZGIE )" SingleRole="SR_AD_ACS0_RIVERBED_RES_USR"/>
		<NavigationRule Property="SingleAccess" Resource="ELK0 utilisateurs Admin CA-GIP éligibles au Cluster ELISA K8S (Compte Windows ZGIE )" SingleRole="SR_AD_ELK0_D5_AdminCAGIP"/>
		<NavigationRule Property="SingleAccess" Resource="ELK0 Utilisateurs Explorateur de données CA-TS élégibles au Cluster ELISA de Hors-PROD CATS (Compte Windows ZGIE )" SingleRole="SR_AD_ELK0_D5_DataViz"/>
		<NavigationRule Property="SingleAccess" Resource="ELK0 Utilisateurs développeur CA-TS éligibles au Cluster ELISA de Hors-PROD CATS (Compte Windows ZGIE )" SingleRole="SR_AD_ELK0_D5_Dev"/>
		<NavigationRule Property="SingleAccess" Resource="ELK0 Utilisateurs Kibana CA-TS élégibles au Cluster ELISA de Hors-PROD CATS (Compte Windows ZGIE )" SingleRole="SR_AD_ELK0_D5_Uti"/>
		<NavigationRule Property="SingleAccess" Resource="P0100 Groupe utilisateur CAGIP pour accès au JENKINS CATS de PRODUCTION (Compte Windows ZGIE)" SingleRole="SR_AD_JNK0_CI_CAGIP_UTILISATEUR"/>
		<NavigationRule Property="SingleAccess" Resource="WMDP Utilisateur WebMethods Deployer (Compte Windows ZGIE )" SingleRole="SR_AD_P0009_USER"/>
		<NavigationRule Property="SingleAccess" Resource="WMIN Utilisateur Webmethods Integration Server (Compte Windows ZGIE )" SingleRole="SR_AD_P0009_USER0"/>
		<NavigationRule Property="SingleAccess" Resource="WMYW Utilisateur My Webmethods Server (Compte Windows ZGIE )" SingleRole="SR_AD_P0009_USER1"/>
		<NavigationRule Property="SingleAccess" Resource="P0017 Groupe pour habilitation (KUBERNATIVE INTRANET de PRODUCTION) (Compte Windows ZGIE)" SingleRole="SR_AD_P0017_K8S-PRD"/>
		<NavigationRule Property="SingleAccess" Resource="P0024 RAD LAD Temps Réel Prod (Compte Windows ZGIE )" SingleRole="SR_AD_P0024_K8S-PRD"/>
		<NavigationRule Property="SingleAccess" Resource="DYN0 - Utilisateur Habilité à Ajouter des user au groupe pour Accéder à Dynatrace en production (Compte Windows ZGIE )" SingleRole="SR_AD_P0035_Acces_Dynatrace_Prod"/>
		<NavigationRule Property="SingleAccess" Resource="DYN0 - Ajouter des user au groupe pour la création de disque pour Dynatrace en production (Compte Windows ZGIE )" SingleRole="SR_AD_P0035_DISK-PRD"/>
		<NavigationRule Property="SingleAccess" Resource="DYN0 Consultation application Dynatrace (Compte Windows ZGIE )" SingleRole="SR_AD_P0035_DYNATRACE_LECT"/>
		<NavigationRule Property="SingleAccess" Resource="DYN0 - Utilisateurs pour installation de Dynatrace en production (Compte Windows ZGIE )" SingleRole="SR_AD_P0035_INSTALL_PROD"/>
		<NavigationRule Property="SingleAccess" Resource="P0065 Groupe pour habilitation (KUBERNATIVE INTRANET de PRODUCTION) (Compte Windows ZGIE)" SingleRole="SR_AD_P0065_K8S-PRD"/>
		<NavigationRule Property="SingleAccess" Resource="SFT - WSO2 API Store - utilisateurs de STORE API Manager Devops (Compte Windows ZGIE )" SingleRole="SR_AD_P0069_DOPS_CONSO"/>
		<NavigationRule Property="SingleAccess" Resource="PBH0 SFT - WSO2 API Créateur d'API dans Manager Devops (Compte Windows ZGIE )" SingleRole="SR_AD_P0069_DOPS_CREAT"/>
		<NavigationRule Property="SingleAccess" Resource="PBH0 SFT - WSO2 API Publisher - Mettre en service les APIs lors du processus de publication (Compte Windows ZGIE )" SingleRole="SR_AD_P0069_DOPS_MEP"/>
		<NavigationRule Property="SingleAccess" Resource="PBH0 SFT - WSO2 API Publisher - utilisateurs de Publisher API Manager Devops (Compte Windows ZGIE )" SingleRole="SR_AD_P0069_DOPS_PUBLIC"/>
		<NavigationRule Property="SingleAccess" Resource="P0073 Groupe pour habilitation (KUBERNATIVE INTRANET de PRODUCTION) (Compte Windows ZGIE)" SingleRole="SR_AD_P0073_K8S-PRD"/>
		<NavigationRule Property="SingleAccess" Resource="P0081 Groupe utilisateur pour accès au NAMESPACE INTRANET de PROD (Compte Windows ZGIE)" SingleRole="SR_AD_P0081_K8S-PRD"/>
		<NavigationRule Property="SingleAccess" Resource="P0081 Groupe utilisateur pour accès au NAMESPACE INTERNET de PROD (Compte Windows ZGIE)" SingleRole="SR_AD_P0081_K8S-PRDI"/>
		<NavigationRule Property="SingleAccess" Resource="P0177 Groupe pour habilitation (KUBERNATIVE INTRANET de PRODUCTION) (Compte Windows ZGIE )" SingleRole="SR_AD_P0177_K8S-PRD"/>
		<NavigationRule Property="SingleAccess" Resource="SIU - SDGE Groupe d'utilisateur pour écrire sur le BURA (Compte Windows ZGIE )" SingleRole="SR_AD_P0199_AD"/>
		<NavigationRule Property="SingleAccess" Resource="P0202 Groupe pour habilitation (KUBERNATIVE INTRANET de PRODUCTION) (Compte Windows ZGIE)" SingleRole="SR_AD_P0202_K8S-PRD"/>
		<NavigationRule Property="SingleAccess" Resource="P0219 Groupe pour habilitation (KUBERNATIVE INTRANET de PRODUCTION) (Compte Windows ZGIE)" SingleRole="SR_AD_P0219_K8S-PRD"/>
		<NavigationRule Property="SingleAccess" Resource="P0236 Reference les utilisateurs NAMESPACE du produit P0236 de HORS-PROD sur le CLUSTER INTRANET (Compte Windows ZGIE )" SingleRole="SR_AD_P0236_K8S-HPR"/>
		<NavigationRule Property="SingleAccess" Resource="P0236 Utilisateurs NAMESPACE de PROD le CLUSTER INTRANET (Compte Windows ZGIE )" SingleRole="SR_AD_P0236_K8S-PRD"/>
		<NavigationRule Property="SingleAccess" Resource="P0267 Utilisateurs Couchbase Admin PRD (Compte Windows ZGIE )" SingleRole="SR_AD_P0267_CHB-PRD-A"/>
		<NavigationRule Property="SingleAccess" Resource="Référence les comptes Devs de Couchbase NMB PRD Lecture Seule (Compte Windows ZGIE )" SingleRole="SR_AD_P0267_CHB-PRD-R"/>
		<NavigationRule Property="SingleAccess" Resource="P0275 Référence les comptes de services Couchbase Admin Prod (Compte Windows ZGIE )" SingleRole="SR_AD_P0275_CHB-PRD-A"/>
		<NavigationRule Property="SingleAccess" Resource="P0275 Référence les comptes Devs de Couchbase NMB PRD Lecture Seule (Compte Windows ZGIE )" SingleRole="SR_AD_P0275_CHB-PRD-R"/>
		<NavigationRule Property="SingleAccess" Resource="Utilisateurs CA-TS NAMESPACE IHM LIGHT Kubernetes (Compte Windows ZGIE )" SingleRole="SR_AD_P0350_KUBE"/>
		<NavigationRule Property="SingleAccess" Resource="P0397 eligibilite COUCHBASE acces en PPRD (Compte Windows ZGIE )" SingleRole="SR_AD_P0397_CHB-PPRD-A"/>
		<NavigationRule Property="SingleAccess" Resource="P0397 eligibilite COUCHBASE acces en PROD" SingleRole="SR_AD_P0397_CHB-PRD-A"/>
		<NavigationRule Property="SingleAccess" Resource="P0406 Groupe des utilisateurs des solutions du P0406 (Compte Windows ZGIE)" SingleRole="SR_AD_P0406_UTL"/>
		<NavigationRule Property="SingleAccess" Resource="P0426 utilisateurs éligibles à l'offre P0426 JENKINS SINGLE du POC JENKINS SINGLE de HORS-PROD (Compte Windows ZGIE )" SingleRole="SR_AD_P0426_SINGLE_JNK-HPR-RW"/>
		<NavigationRule Property="SingleAccess" Resource="P0434 Référence les utilisateurs éligibles à l'offre P0434 AWX du POC AWX de HORS-PROD (Compte Windows ZGIE )" SingleRole="SR_AD_P0434_AWX-HPR-RW"/>
		<NavigationRule Property="SingleAccess" Resource="P0521 Groupe des utilisteurs du produit CATS (MAPS) pour permettre l'accès VAULT, GRAPHANA et API KAPI (TAAS - env. de DEV) (Compte Windows ZGIE )" SingleRole="SR_AD_P0521_KFN-HPRDEV-RW"/>
		<NavigationRule Property="SingleAccess" Resource="P0527 Groupe utilisateur pour accès au NAMESPACE INTRANET de PROD (Compte Windows ZGIE )" SingleRole="SR_AD_P0527_K8S-PRD"/>
		<NavigationRule Property="SingleAccess" Resource="P0527 Groupe utilisateur pour accès au NAMESPACE INTERNET de PROD (Compte Windows ZGIE )" SingleRole="SR_AD_P0527_K8S-PRDI"/>
		<NavigationRule Property="SingleAccess" Resource="P0529 Utilisateur pour accès au NAMESPACE INTRANET de PROD (Compte Windows ZGIE)" SingleRole="SR_AD_P0529_K8S-PRD"/>
		<NavigationRule Property="SingleAccess" Resource="XIPS Consultation Référentiel des produits (Compte Windows ZGIE )" SingleRole="SR_AD_S0001_CONSULT"/>
		<NavigationRule Property="SingleAccess" Resource="SIU - TOIP Gestionnaire Téléphonie sur IP - Partage des données (Compte Windows ZGIE )" SingleRole="SR_AD_S0035_DW"/>
		<NavigationRule Property="SingleAccess" Resource="WMOP Utilisateur Webmethods Optimize for Process (Compte Windows ZGIE )" SingleRole="SR_AD_S0045_USER"/>
		<NavigationRule Property="SingleAccess" Resource="SIU - Utilisateur FLNT - Groupe d'acces AGENCE pour le GIE pour la GED (Compte Windows ZGIE )" SingleRole="SR_AD_S0053_AGENCE"/>
		<NavigationRule Property="SingleAccess" Resource="SIU - Utilisateur FLNT - Groupe d'acces aux documents GCRI pour le GIE (Compte Windows ZGIE )" SingleRole="SR_AD_S0053_GCRI"/>
		<NavigationRule Property="SingleAccess" Resource="SIU - Utilisateur FLNT - Utilisateurs Ged GIE modification Etudes Patrimoine (Compte Windows ZGIE )" SingleRole="SR_AD_S0053_MODETUD"/>
		<NavigationRule Property="SingleAccess" Resource="SIU - Utilisateur FLNT - Groupe d'acces aux documents NEO pour le GIE (Compte Windows ZGIE )" SingleRole="SR_AD_S0053_NEO"/>
		<NavigationRule Property="SingleAccess" Resource="SIU - Utilisateur FLNT - Groupe Administrateur de la configuration de la GED (Compte Windows ZGIE )" SingleRole="SR_AD_S0053_P8ADMINS"/>
		<NavigationRule Property="SingleAccess" Resource="SIU - Utilisateur FLNT - Groupe Administrateur Fonctionnel de FileNet (Compte Windows ZGIE )" SingleRole="SR_AD_S0053_P8FADMINS"/>
		<NavigationRule Property="SingleAccess" Resource="SIU - Utilisateur FLNT - Groupe d'acces SIEGE pour le GIE pour la GED (Compte Windows ZGIE )" SingleRole="SR_AD_S0053_SIEGE"/>
		<NavigationRule Property="SingleAccess" Resource="SIU - Utilisateur FLNT - Utilisateurs Ged GIE Suppression Etudes Patrimoine (Compte Windows ZGIE )" SingleRole="SR_AD_S0053_SUPETUD"/>
		<NavigationRule Property="SingleAccess" Resource="SIU - Utilisateur FLNT - Utilisateurs Ged GIE Visualisation Etudes Patrimoine (Compte Windows ZGIE )" SingleRole="SR_AD_S0053_VISUETU"/>
		<NavigationRule Property="SingleAccess" Resource="JIRA gestion de la backlog produit - Utilisateurs JIRA (Compte Windows ZGIE )" SingleRole="SR_AD_S0353_User"/>
		<NavigationRule Property="SingleAccess" Resource="ARBS Utilisateur ARIS Business SERVER (Compte Windows ZGIE )" SingleRole="SR_AD_S0362_USER"/>
		<NavigationRule Property="SingleAccess" Resource="MSVS Utilisateur Microsoft Visual Studio (Compte Windows ZGIE )" SingleRole="SR_AD_S0389_USER"/>
		<NavigationRule Property="SingleAccess" Resource="RASA Utilisateur Rational Software Architect (RSA) (Compte Windows ZGIE )" SingleRole="SR_AD_S0391_USER"/>
		<NavigationRule Property="SingleAccess" Resource="S0477 Utilisateur Datastage Information Server - Suivi des traitements (Compte Windows ZGIE )" SingleRole="SR_AD_S0477_USER"/>
		<NavigationRule Property="SingleAccess" Resource="BRWV Utilisateur Brainwave - SAS - MOA (Compte Windows ZGIE )" SingleRole="SR_AD_S0565_SASMOA"/>
		<NavigationRule Property="SingleAccess" Resource="BRWV Utilisateur Brainwave (Compte Windows ZGIE )" SingleRole="SR_AD_S0565_UTILISATEUR_STANDARD"/>
		<NavigationRule Property="SingleAccess" Resource="XIJK Homologation Jenkins (Compte Windows ZGIE )" SingleRole="SR_AD_S0651_HOMOL"/>
		<NavigationRule Property="SingleAccess" Resource="JNK0 Administrateur du JENKINS_CD (Compte Windows ZGIE )" SingleRole="SR_AD_S0668_CD_ADMIN"/>
		<NavigationRule Property="SingleAccess" Resource="JNK0 Concepteur de jobs global pour le JENKINS CD pour des jobs dédiés à Dev-TU, VMOE, VMOA (Compte Windows ZGIE )" SingleRole="SR_AD_S0668_CD_INTEG_MKJOB"/>
		<NavigationRule Property="SingleAccess" Resource="JNK0 OPS en charge du lancement des jobs JENKINS CD pour des jobs dédiés à Dev-TU, VMOE, VMOA (Compte Windows ZGIE )" SingleRole="SR_AD_S0668_CD_INTEG_OPS"/>
		<NavigationRule Property="SingleAccess" Resource="JNK0 Visiteur Global de JENKINS_CD Jobs de DEV-TU, VMOE, VMOA (Compte Windows ZGIE )" SingleRole="SR_AD_S0668_CD_INTEG_VISIT"/>
		<NavigationRule Property="SingleAccess" Resource="JNK0 Concepteur de jobs global pour le JENKINS CD pour des jobs dédiés à NEHOM (Compte Windows ZGIE )" SingleRole="SR_AD_S0668_CD_NEHOM_MKJOB"/>
		<NavigationRule Property="SingleAccess" Resource="JNK0 OPS en charge du lancement des jobs JENKINS CD pour des jobs dédiés à NEHOM (Compte Windows ZGIE )" SingleRole="SR_AD_S0668_CD_NEHOM_OPS"/>
		<NavigationRule Property="SingleAccess" Resource="JNK0 Visiteur Global de JENKINS_CD Jobs de NEHOM (Compte Windows ZGIE )" SingleRole="SR_AD_S0668_CD_NEHOM_VISIT"/>
		<NavigationRule Property="SingleAccess" Resource="JNK0 Concepteur de jobs global pour le JENKINS CD pour des jobs dédiés à la PROD (Compte Windows ZGIE )" SingleRole="SR_AD_S0668_CD_PROD_MKJOB"/>
		<NavigationRule Property="SingleAccess" Resource="JNK0 OPS en charge du lancement des jobs JENKINS CD pour des jobs dédiés à la PROD (Compte Windows ZGIE )" SingleRole="SR_AD_S0668_CD_PROD_OPS"/>
		<NavigationRule Property="SingleAccess" Resource="JNK0 Visiteur Global de JENKINS_CD Jobs de PROD (Compte Windows ZGIE )" SingleRole="SR_AD_S0668_CD_PROD_VISIT"/>
		<NavigationRule Property="SingleAccess" Resource="JNK0 FACTORY DEVOPS (Compte Windows ZGIE )" SingleRole="SR_AD_S0668_CI_MKJOB_FACTORYDEVOPS"/>
		<NavigationRule Property="SingleAccess" Resource="JNK0 Administrateur du JENKINS_OPS (Compte Windows ZGIE )" SingleRole="SR_AD_S0668_OPS_ADMIN"/>
		<NavigationRule Property="SingleAccess" Resource="JNK0 Concepteur de jobs global pour le JENKINS pour l'équipe : Tours Applicatives (Compte Windows ZGIE )" SingleRole="SR_AD_S0668_OPS_MKJOB_APP"/>
		<NavigationRule Property="SingleAccess" Resource="Administration de la solution Attunity (Compte Windows ZGIE )" SingleRole="SR_AD_S0768_ADM"/>
		<NavigationRule Property="SingleAccess" Resource="SILVER - SEA1 Administrateur Supervision SEA (Compte Windows ZGIE )" SingleRole="SR_AD_S0807_EXPERTGIE"/>
		<NavigationRule Property="SingleAccess" Resource="SNGM - Utilisateurs contributeurs des SAS PIC (Compte Windows ZGIE )" SingleRole="SR_AD_S1022_CONTRIBUTEURS-RW"/>
		<NavigationRule Property="SingleAccess" Resource="MAVN Utilisateur Maven (Compte Windows ZGIE )" SingleRole="SR_AD_S1200_USER"/>
		<NavigationRule Property="SingleAccess" Resource="Gestion du produit P0069 sur le portail des API bancaires en Hors Production (Compte Windows ZGIE )" SingleRole="SR_AD_S1459_P0069_DEV_HPR"/>
		<NavigationRule Property="SingleAccess" Resource="Gestion du produit P0069 sur le portail des API bancaires en Production (Compte Windows ZGIE )" SingleRole="SR_AD_S1459_P0069_DEV_PRD"/>
		<NavigationRule Property="SingleAccess" Resource="T0001 Groupe utilisateur pour accès aux dépôts ARTIFACTORY" SingleRole="SR_AD_T0001_ARTI-TRADI-R"/>
		<NavigationRule Property="SingleAccess" Resource="Utilisateurs Cluster BPCR élégibles au NAMESPACE API_OPS_INDUS Kubernetes sur le Cluster CATS de Hors-PROD (Compte Windows ZGIE )" SingleRole="SR_AD_T0001_K8S-HPR"/>
		<NavigationRule Property="SingleAccess" Resource="Utilisateurs Cluster BPCR élégibles au NAMESPACE API_OPS_INDUS Kubernetes sur le Cluster CATS de PROD (Compte Windows ZGIE )" SingleRole="SR_AD_T0001_K8S-PRD"/>
		<NavigationRule Property="SingleAccess" Resource="VLT0 - Utilisateur HPR accès a VAULT en Modification (Compte Windows ZGIE )" SingleRole="SR_AD_T0001_VLT-HPR-RW"/>
		<NavigationRule Property="SingleAccess" Resource="T0001 - Utilisateur PRD accès a VAULT en Modification (Compte Windows ZGIE )" SingleRole="SR_AD_T0001_VLT-PRD-RW"/>
		<NavigationRule Property="SingleAccess" Resource="Utilisateur Mainspace T0002 Artifactory Hors Production (Compte Windows ZGIE )" SingleRole="SR_AD_T0002_ART-HPR-RW"/>
		<NavigationRule Property="SingleAccess" Resource="Utilisateur Mainspace T0002 Artifactory Production (Compte Windows ZGIE )" SingleRole="SR_AD_T0002_ART-PRD-RW"/>
		<NavigationRule Property="SingleAccess" Resource="Utilisateurs Cluster BPCR élégibles au NAMESPACE API_OPS_AUTO Kubernetes sur le Cluster CATS de Hors-PROD (Compte Windows ZGIE )" SingleRole="SR_AD_T0002_K8S-HPR"/>
		<NavigationRule Property="SingleAccess" Resource="Utilisateurs Cluster BPCR élégibles au NAMESPACE API_OPS_AUTO Kubernetes sur le Cluster CATS de PROD (Compte Windows ZGIE )" SingleRole="SR_AD_T0002_K8S-PRD"/>
		<NavigationRule Property="SingleAccess" Resource="Référence les utilisateurs éligibles à l'offre NAMESPACE du produit T0005 de HORS-PROD (Compte Windows ZGIE )" SingleRole="SR_AD_T0005_K8S-HPR"/>
		<NavigationRule Property="SingleAccess" Resource="T0006_ANS Groupe Autorisation Lancement Playbook Ansible (Compte Windows ZGIE )" SingleRole="SR_AD_T0006_ANS"/>
		<NavigationRule Property="SingleAccess" Resource="T0006 Groupe Autorisation Lancement Playbook Ansible - PROD (Compte Windows ZGIE )" SingleRole="SR_AD_T0006_ANS-PRD"/>
		<NavigationRule Property="SingleAccess" Resource="T0008 référence les utilisateurs CATS éligibles au NameSpace des environnements de Production du produit T0008 (Compte Windows ZGIE )" SingleRole="SR_AD_T0008_K8S-PRD"/>
		<NavigationRule Property="SingleAccess" Resource="T0015 Groupe utilisateur pour accès au NAMESPACE INTRANET de HORS-PROD (Compte Windows ZGIE)" SingleRole="SR_AD_T0015_K8S-HPR"/>
		<NavigationRule Property="SingleAccess" Resource="T0015 Groupe utilisateur pour accès au NAMESPACE INTERNET de HORS-PROD (Compte Windows ZGIE)" SingleRole="SR_AD_T0015_K8S-HPRI"/>
		<NavigationRule Property="SingleAccess" Resource="T0015 Groupe utilisateur pour accès au NAMESPACE INTRANET de PROD (Compte Windows ZGIE)" SingleRole="SR_AD_T0015_K8S-PRD"/>
		<NavigationRule Property="SingleAccess" Resource="XIOU Utilisateur Outlook - Fichiers PST (Compte Windows ZGIE )" SingleRole="SR_AD_XIOU_OUTLOOK2010_PSTWRITE"/>
		<NavigationRule Property="SingleAccess" Resource="LS Utilisateur Liste Statique - CPT ISIPROD (Compte Windows ZGIE )" SingleRole="SR_AD_LS_CAT_CPT"/>
		<NavigationRule Property="SingleAccess" Resource="MOB Utilisateur MOBILITE - acces en Mobilité Développeur (Compte Windows ZGIE )" SingleRole="SR_AD_MOB_DEV"/>
		<NavigationRule Property="SingleAccess" Resource="MOB Utilisateur MOBILITE - TSE (Compte Windows ZGIE )" SingleRole="SR_AD_MOB_TSE"/>
		<NavigationRule Property="SingleAccess" Resource="Cluster BPCR - Utilisateurs Wiki espace BO (Compte Windows ZGIE )" SingleRole="SR_AD_USRBOWIKI_BPCR"/>
		<NavigationRule Property="SingleAccess" Resource="Modifications DNS sur NS3 (usage BO) chez BPCR (Compte Windows ZGIE )" SingleRole="SR_AD_USRNS3_BPCR"/>
		<NavigationRule Property="SingleAccess" Resource="Groupe pour habilitation MAJ au WIKI BPCR (offre CA-GIP) (Compte Windows ZGIE )" SingleRole="SR_AD_USRWIKI_BPCR"/>
		<NavigationRule Property="SingleAccess" Resource="CNTS Utilisateur Centrasite (Compte Windows ZGIE )" SingleRole="SR_AD_CNTS_USER"/>
		<NavigationRule Property="SingleAccess" Resource="LS Utilisateur Liste Statique - CATLD MOE DESTINATAIRES SUPPORT DEVELOPPEMENT (Compte Windows ZGIE )" SingleRole="SR_AD_LS_CAT_MOESUPPORTDEV"/>
		<NavigationRule Property="SingleAccess" Resource="TMG0 Utilisateur FOREFRONT Threat Management Gateway - Mail sur Iphone (Compte Windows ZGIE )" SingleRole="SR_AD_TMG_IPHONE"/>
		<NavigationRule Property="SingleAccess" Resource="TMG0 Utilisateur FOREFRONT Threat Management Gateway - Mail sur Windows Mobile/Android (Compte Windows ZGIE )" SingleRole="SR_AD_TMG_WM"/>
		<NavigationRule Property="SingleAccess" Resource="OINT Utilisateur Visio unifiee mails - AD LDS Outil Interaction (Visio unifiee mails) - Filtrage Boitier IronPORT (Compte Windows ZGIE )" SingleRole="SR_AD_OINTLDA_FILTRAGE"/>
		<NavigationRule Property="SingleAccess" Resource="Groupe d’admin des cluster ELK de ELISA de production (Compte Windows ZGIE )" SingleRole="SR_AD_ADMCAGIP_ELISA-PRD"/>
		<NavigationRule Property="SingleAccess" Resource="Silver - EIP Utilisateur Efficient IP - plan d'adressage, services DNS et DHCP (Compte Windows ZGIE )" SingleRole="SR_AD_EIP_LECTEUR"/>
		<NavigationRule Property="SingleAccess" Resource="utilisateurs CA-TS NAMESPACE OUTILSTESTS Kubernetes (Compte Windows ZGIE )" SingleRole="SR_AD_OUTILSTESTS_KUBE"/>
		<NavigationRule Property="SingleAccess" Resource="Silver - TBS Utilisateur IBM Tivoli TBSM - Production (Compte Windows ZGIE )" SingleRole="SR_AD_TBS_PRODUCTION"/>
		<NavigationRule Property="SingleAccess" Resource="Silver - EIP Gestionnaire Efficient IP - plan d'adressage, services DNS et DHCP des serveurs (Compte Windows ZGIE )" SingleRole="SR_AD_EIP_SAISIE_SRV"/>
		<NavigationRule Property="SingleAccess" Resource="CZS Administrateur Console ZOS - Serveurs TSA IOM (Compte Windows ZGIE )" SingleRole="SR_AD_CZS_ADMIN"/>
		<NavigationRule Property="SingleAccess" Resource="TIP Utilisateur Tivoli Integrated Portal - Accès de base (Compte Windows ZGIE )" SingleRole="SR_AD_TIP"/>
		<NavigationRule Property="SingleAccess" Resource="TIP Utilisateur Tivoli Integrated Portal - Visualisation des incidents (Compte Windows ZGIE )" SingleRole="SR_AD_TIP_VISU"/>
		<NavigationRule Property="SingleAccess" Resource="ELK0 - Utilisateurs Explorateur de données Hors Prod pour Elisa BPCR (Compte Windows ZGIE )" SingleRole="SR_AD_EXPBPCR_ELISA-HPR"/>
		<NavigationRule Property="SingleAccess" Resource="ELK0 - Utilisateurs Explorateur de données Prod pour Elisa BPCR (Compte Windows ZGIE )" SingleRole="SR_AD_EXPBPCR_ELISA-PRD"/>
		<NavigationRule Property="SingleAccess" Resource="SandBox BPCR des TA (KUBERNATIVE INTRANET de HORS-PRODUCTION) (Compte Windows ZGIE )" SingleRole="SR_AD_SBOXBPCRTA_K8S-HPR"/>
		<NavigationRule Property="SingleAccess" Resource="SandBox BPCR des TA (KUBERNATIVE INTRANET de PRODUCTION) (Compte Windows ZGIE )" SingleRole="SR_AD_SBOXBPCRTA_K8S-PRD"/>
		<NavigationRule Property="SingleAccess" Resource="SandBox BPCR des TA (KUBERNATIVE INTERNET de PRODUCTION) (Compte Windows ZGIE )" SingleRole="SR_AD_SBOXBPCRTA_K8S-PRDI"/>
		<NavigationRule Property="SingleAccess" Resource="SandBox BPCR des TA (KUBERNATIVE INTRANET de RELEASE PROD) (Compte Windows ZGIE )" SingleRole="SR_AD_SBOXBPCRTA_K8S-RPR"/>
		<NavigationRule Property="SingleAccess" Resource="Utilisateurs TRIPTYQUE plateforme KUBERNETES (Compte Windows ZGIE )" SingleRole="SR_AD_TRIPTYQUE_KUBE"/>
		<NavigationRule Property="SingleAccess" Resource="Silver - TBS Utilisateur IBM Tivoli TBSM - MCOMEP (Compte Windows ZGIE )" SingleRole="SR_AD_TBS_MCOMEP"/>
		<NavigationRule Property="SingleAccess" Resource="TIP Utilisateur Tivoli Integrated Portal - Utilisateur TIP partie bac a evenements pilotage (Compte Windows ZGIE )" SingleRole="SR_AD_TIP_PILOTES"/>
		<NavigationRule Property="SingleAccess" Resource="SIU - GEDC Administrateur GEDE - Partage des données (Compte Windows ZGIE )" SingleRole="SR_AD_GEDC_D-EXPLOITATION"/>
		<NavigationRule Property="SingleAccess" Resource="Silver - TBS Utilisateur IBM Tivoli TBSM - Pilotage (Compte Windows ZGIE )" SingleRole="SR_AD_TBS_PILOTES"/>
		<NavigationRule Property="SingleAccess" Resource="Groupe d’admin des cluster ELK de ELISA de hors production (Compte Windows ZGIE )" SingleRole="SR_AD_ADMCAGIP_ELISA-HPR"/>
		<NavigationRule Property="SingleAccess" Resource="Utilisateurs Groupe des AppOps Data (Compte Windows ZGIE )" SingleRole="SR_AD_APPOPSDATA"/>
		<NavigationRule Property="SingleAccess" Resource="Utilisateurs core team data (Compte Windows ZGIE )" SingleRole="SR_AD_CORETEAMDATA"/>
		<NavigationRule Property="SingleAccess" Resource="Utilisateur Liste Statique - CATLD CAGIP APPOPSDATA CLUSTER BPCR (Compte Windows ZGIE )" SingleRole="SR_AD_LS_CAT_APPOPSDATA"/>
		<NavigationRule Property="SingleAccess" Resource="CATLD TA Leaders Exploitabilité (Compte Windows ZGIE )" SingleRole="SR_AD_LS_CAT_TALE"/>
		<NavigationRule Property="SingleAccess" Resource="HIER Utilisateur Hiérachique - Temporaire bascule CDS (Compte Windows ZGIE )" SingleRole="SR_AD_CDS"/>
		<NavigationRule Property="SingleAccess" Resource="EDFA EDI-Utilisateur PMFlux avec le profil PMFSUPERADMIN full CR (Prod) (Compte Windows ZGIE )" SingleRole="SR_AD_S1482_PMFSUPERADMIN_FULL"/>
		<NavigationRule Property="SingleAccess" Resource="XIES Utilisateur Maïga - Accès fichier FUA (Compte Windows ZGIE )" SingleRole="SR_AD_S1281_DR_FUA"/>
		<NavigationRule Property="SingleAccess" Resource="Silver - XIES Gestionnaire Maïga - Partages des données Securité (Compte Windows ZGIE )" SingleRole="SR_AD_S1281_DW_G_SECU"/>
		<NavigationRule Property="SingleAccess" Resource="MOB Utilisateur MOBILITE - DIXIT (Compte Windows ZGIE )" SingleRole="SR_AD_MOB_DXT"/>
		<NavigationRule Property="SingleAccess" Resource="Silver - EMS Gestionnaire FOREFRONT TMG - Console infra PushMail (Compte Windows ZGIE )" SingleRole="SR_AD_TMG_EMS_MAJ"/>
		<NavigationRule Property="SingleAccess" Resource="LS Utilisateur Liste Statique - MCO MEP Infra Securite (Compte Windows ZGIE )" SingleRole="SR_AD_LS_CAT_INFRASECU"/>
		<NavigationRule Property="SingleAccess" Resource="XIMO INTRANET CATS-Accès Cercle 1 (Compte Windows ZGIE )" SingleRole="SR_AD_S1356_CERCLE1"/>
		<NavigationRule Property="SingleAccess" Resource="Silver - EIP Administrateur Efficient IP - plan d'adressage, services DNS et DHCP (Compte Windows ZGIE )" SingleRole="SR_AD_EIP_ADMIN"/>
		<NavigationRule Property="SingleAccess" Resource="TIP Utilisateur Tivoli Integrated Portal - Utilisateurs TIP ITNM (Compte Windows ZGIE )" SingleRole="SR_AD_TIP_ITNMUSER"/>
		<NavigationRule Property="SingleAccess" Resource="LS Utilisateur Liste Statique - MCO et MEP Infra Reseau (Compte Windows ZGIE )" SingleRole="SR_AD_LS_CAT_MCOMEPRESEAUX"/>
		<NavigationRule Property="SingleAccess" Resource="PMD Administrateur NetOP - Prise de main avec accès MOE total Serveurs (Compte Windows ZGIE )" SingleRole="SR_AD_PMD_ADM"/>
		<NavigationRule Property="SingleAccess" Resource="D5ZU - Utilisateurs du cluster HADOOP ZEUS de production via l'outil AMBARI (Compte Windows ZGIE )" SingleRole="SR_AD_D5ZU_AMB_UTIL"/>
		<NavigationRule Property="SingleAccess" Resource="mapping pour convergence cmp (Compte Windows ZGIE )" SingleRole="SR_AD_ACPL_SQUADCMPCATS"/>
		<NavigationRule Property="SingleAccess" Resource="LS Utilisateur Liste Statique - CATLD ACP MEP (Compte Windows ZGIE )" SingleRole="SR_AD_LS_CAT_ACPMEP"/>
		<NavigationRule Property="SingleAccess" Resource="LS Utilisateur Liste Statique - Communication Plateforme FactoryDevopsCATS (Compte Windows ZGIE )" SingleRole="SR_AD_LS_CAT_FD_CATS_COMM"/>
		<NavigationRule Property="SingleAccess" Resource="Utilisateurs CA-GIP élégibles à la SandBox Kubernetes (Compte Windows ZGIE )" SingleRole="SR_AD_SANDBOX_KUBE"/>
		<NavigationRule Property="SingleAccess" Resource="ELK0 - Utilisateurs Kibana Hors Prod pour Elisa BPCR (Compte Windows ZGIE )" SingleRole="SR_AD_UTIBPCR_ELISA-HPR"/>
		<NavigationRule Property="SingleAccess" Resource="ELK0 - Utilisateurs Kibana Prod pour Elisa BPCR (Compte Windows ZGIE )" SingleRole="SR_AD_UTIBPCR_ELISA-PRD"/>
		<NavigationRule Property="SingleAccess" Resource="Admin fonctionnels du PORTAIL D’EXPOSITION ET DE CONSOMMATION DES API BANCAIRES Hors Production (Compte Windows ZGIE )" SingleRole="SR_AD_S1459_ADF_HPR"/>
		<NavigationRule Property="SingleAccess" Resource="Admin fonctionnels du PORTAIL D’EXPOSITION ET DE CONSOMMATION DES API BANCAIRES Production (Compte Windows ZGIE )" SingleRole="SR_AD_S1459_ADF_PRD"/>
		<NavigationRule Property="SingleAccess" Resource="Support technique du PORTAIL D’EXPOSITION ET DE CONSOMMATION DES API BANCAIRES Production (Compte Windows ZGIE )" SingleRole="SR_AD_S1459_SUP_PRD"/>
		<NavigationRule Property="SingleAccess" Resource="NXUS Utilisateur Nexus Prod (Compte Windows ZGIE )" SingleRole="SR_AD_NXUS_USER"/>
		<NavigationRule Property="SingleAccess" Resource="Groupe identifiant tous les utilisateurs CAGIP du GIE et Autorisant l'acces au partage de fichier (Compte Windows ZGIE )" SingleRole="SR_AD_PARTAGECAGIP"/>
		<NavigationRule Property="SingleAccess" Resource="Silver - EIP Gestionnaire Efficient IP - plan d'adressage, services DNS et DHCP des F5 (Compte Windows ZGIE )" SingleRole="SR_AD_EIP_SAISIE_F5"/>
		<NavigationRule Property="SingleAccess" Resource="FDO Responsables des outils de la plateforme Factory DevOps (Compte Windows ZGIE )" SingleRole="SR_AD_FDO_PLATEFORME_R4"/>
		<NavigationRule Property="SingleAccess" Resource="PMD Utilisateur NetOP - Gestionnaire équipe projet support Pdt NEO (Compte Windows ZGIE )" SingleRole="SR_AD_PMD_SUPPORT_NEO"/>
		<NavigationRule Property="SingleAccess" Resource="CNTS Administrateur Centrasite (Compte Windows ZGIE )" SingleRole="SR_AD_CNTS_ADMIN"/>
		<NavigationRule Property="SingleAccess" Resource="ILLU Utilisateur Adobe Illustrator (Compte Windows ZGIE )" SingleRole="SR_AD_ILLU_USER"/>
		<NavigationRule Property="SingleAccess" Resource="Accès en MAJ transverse sur le cluster INTRANET Hors-PRODUCTION   (Compte Windows ZGIE )" SingleRole="SR_AD_ADMINCAGIP_K8S-HPR"/>
		<NavigationRule Property="SingleAccess" Resource="utilisateur RW OPSCLIENT pour acces Transverse RW OPSCLIENT aux NAMESPACE INTRANET de BENCH" SingleRole="SR_AD_ADMINCAGIP_K8S-RPR"/>
		<NavigationRule Property="SingleAccess" Resource="Support technique du PORTAIL D’EXPOSITION ET DE CONSOMMATION DES API BANCAIRES Hors Production (Compte Windows ZGIE )" SingleRole="SR_AD_S1459_SUP_HPR"/>
		<NavigationRule Property="SingleAccess" Resource="Groupe identifiant tous les utilisateurs CAGIP externes (Compte Windows ZGIE )" SingleRole="SR_AD_CAGIP_EXTERNE"/>
		<NavigationRule Property="SingleAccess" Resource="MOB Utilisateur MOBILITE - Authentification sur le portail mobilité ( F5 APM de l'ADSI) (Compte Windows ZGIE )" SingleRole="SR_AD_MOB_PART_CR"/>
		<NavigationRule Property="SingleAccess" Resource="XINE Administrateur Local Poste de travail NEO - Postes portable (Compte Windows ZGIE )" SingleRole="SR_AD_ADMPDTPORT"/>
		<NavigationRule Property="SingleAccess" Resource="XIMO INTRANET CATS- collaborateurs CAGIP EX-CATS pour CACTUS (Compte Windows ZGIE )" SingleRole="SR_AD_S1356_CLUSTER_CAGIP"/>
		<NavigationRule Property="SingleAccess" Resource="Référence les UTILISATEURS CATS du Jenkins de Test en environnement PRODUCTION (Compte Windows ZGIE )" SingleRole="SR_AD_S1626_JNK-PRD-R"/>
		
		
		
		<!-- Solitaire -->
		
		<NavigationRule Property="SingleAccess" Resource="FONC Utilisateur Fonction Métier - Détaché (Compte Windows SGIE )" SingleRole="SR_AD_DETACHE_CAT"/>
		<NavigationRule Property="SingleAccess" Resource="FONC Utilisateur Fonction Métier - Détaché (Compte Windows SGIE )" SingleRole="SR_AD_DETACHE_CAT"/>
		<NavigationRule Property="SingleAccess" Resource="ADM Adm Serveurs - Postes de travail du domaine (Administrateur local) YGIE (Compte Admin YGIE )" SingleRole="SR_AD_A_ADM-ADMINISTRATEURS_DE_TOUS_LES_POSTES_DE_TRAVAIL_GIE"/>
		<NavigationRule Property="SingleAccess" Resource="ADM Adm Serveurs - Contrôleurs de domaine YGIE (Compte Admin YGIE )" SingleRole="SR_AD_A_ADM-ADMINISTRATEURS_DES_CONTROLEURS_DE_DOMAINE_GIE"/>
		<NavigationRule Property="SingleAccess" Resource="ADM Adm Serveurs - Serveurs membres Windows du domaine (Administrateur local) YGIE (Compte Admin YGIE )" SingleRole="SR_AD_A_ADM-ADMINISTRATEURS_DES_SERVEURS_WINDOWS_GIE"/>
		<NavigationRule Property="SingleAccess" Resource="ADM Adm Serveurs - Habilitations YGIE (Compte Admin YGIE )" SingleRole="SR_AD_A_ADM-HABILITATIONS"/>
		<NavigationRule Property="SingleAccess" Resource="ADM Gestionnaire HelpDesk - Utilisateurs YGIE Utilisateurs (réinitialiser, changer et déverrouiller les mots de passes) (Compte Admin YGIE )" SingleRole="SR_AD_A_ADM-HELPDESK_GIE"/>
		<NavigationRule Property="SingleAccess" Resource="ADM Adm Serveurs - Comptes ordinateurs Active Directory YGIE (Compte Admin YGIE )" SingleRole="SR_AD_A_ADM-OPERATEURS_COMPTES_ORDINATEURS_GIE"/>
		<NavigationRule Property="SingleAccess" Resource="ADM Adm Serveurs - Serveurs de Teledistribution YGIE (Compte Admin YGIE )" SingleRole="SR_AD_A_ADM-TELEDISTRIBUTION_GIE"/>
		<NavigationRule Property="SingleAccess" Resource="AMB0 Visualisation de l'état des clusters HADOOP de hors-production via l'outil AMBARI (Compte Admin YGIE )" SingleRole="SR_AD_A_AMB_D5_UTI"/>
		<NavigationRule Property="SingleAccess" Resource="D5 Gestion des utilisateurs de la CR 998 sur les environnements Big Data (Compte Admin YGIE )" SingleRole="SR_AD_A_D5_IC_U_998"/>
		<NavigationRule Property="SingleAccess" Resource="EFAI Administrateur EVOLAN IB / SAICOM (Compte Admin YGIE )" SingleRole="SR_AD_A_EFAI_EIBT_A"/>
		<NavigationRule Property="SingleAccess" Resource="EFAI Administrateur EVOLAN IB / SAICOM - Base de données (Compte Admin YGIE )" SingleRole="SR_AD_A_EFAI_EIBT_T"/>
		<NavigationRule Property="SingleAccess" Resource="FONC Groupe equipe ENV ex-AMT (Compte Admin YGIE )" SingleRole="SR_AD_A_ENV"/>
		<NavigationRule Property="SingleAccess" Resource="IEX Administrateur IEX - Mode de compatibilite IE11 DEVTU/VMOE/VMOA (Compte Admin YGIE )" SingleRole="SR_AD_A_IEX_APP_COMP"/>
		<NavigationRule Property="SingleAccess" Resource="Plateforme Cloudera ZEBRA - HOM-Y - Accès SSH RW (Compte Admin YGIE )" SingleRole="SR_AD_A_LNX0_NDP-R-RW"/>
		<NavigationRule Property="SingleAccess" Resource="LNX0 Accés SSH ZEUS : Groupe accés serveurs linux Edge avec Sudo possible (Compte Admin YGIE )" SingleRole="SR_AD_A_LNX0_ZDP-R-RW"/>
		<NavigationRule Property="SingleAccess" Resource="GDPS Utilisateur SMARTSTREAM - Support (Compte Admin YGIE )" SingleRole="SR_AD_A_P0127_SUPPORT"/>
		<NavigationRule Property="SingleAccess" Resource="S0477 Utilisateur Datastage Information Server - Développeur Compte Admin (Compte Admin YGIE )" SingleRole="SR_AD_A_S0477_DEV_YGIE"/>
		<NavigationRule Property="SingleAccess" Resource="AVFP Administrateur OAV Flux PRO - Base SQL (Compte Admin YGIE )" SingleRole="SR_AD_A_S0630_DBOW_SQL"/>
		<NavigationRule Property="SingleAccess" Resource="EMIR Administrateur EMIR (Compte Admin YGIE )" SingleRole="SR_AD_A_S0760_ADMIN"/>
		<NavigationRule Property="SingleAccess" Resource="PTSI Application Perso Tessi - acces console Admin appli PTSI HOMOL (Compte Admin YGIE )" SingleRole="SR_AD_A_S1030_Admin"/>
		<NavigationRule Property="SingleAccess" Resource="XIES Administrateur Maïga - MOE AD LDS (Compte Admin YGIE )" SingleRole="SR_AD_A_S1281_LDA_MOE_ADMIN"/>
		<NavigationRule Property="SingleAccess" Resource="ZPL0 Accès global zeppelin - en Ecriture (Compte Admin YGIE )" SingleRole="SR_AD_A_ZPL0_ZDP-R-RW"/>
		<NavigationRule Property="SingleAccess" Resource="Groupe permettant aux administrateurs CAGIP d'accéder aux mots de passe admin local LAPS sur YGIE (Compte Admin YGIE)" SingleRole="SR_AD_A_LAP0_CAGIP_HPR_SA"/>
		<NavigationRule Property="SingleAccess" Resource="Groupe permettant aux administrateurs CAGIP d'accéder aux mots de passe admin local LAPS sur YGIE (Compte Admin YGIE)" SingleRole="SR_AD_A_LAP0_CAGIP_HPR_SA"/>
		<NavigationRule Property="SingleAccess" Resource="Accès SQL S0193 Hors production, en lecture, pour les utilisateurs AD YGIE ETAxxx de la squad Agripro / Recouvrement (Compte Windows YGIE)" SingleRole="SR_AD_S0193_SQL-HPR-RO"/>
		<NavigationRule Property="SingleAccess" Resource="Accès SQL S0193 Hors production, en écriture, pour les utilisateurs AD YGIE ETAxxx de la squad Agripro / Recouvrement (Compte Windows YGIE)" SingleRole="SR_AD_S0193_SQL-HPR-RW"/>
		<NavigationRule Property="SingleAccess" Resource="S0477 Utilisateur Datastage Information Server - Développeur Compte Admin (Compte Admin YGIE )" SingleRole="SR_AD_A_S0477_DEV_YGIE"/>
		<NavigationRule Property="SingleAccess" Resource="BDOC Gestionnaire BDOC - Partage des données Designer (Compte Windows YGIE )" SingleRole="SR_AD_P0111_DW"/>
		<NavigationRule Property="SingleAccess" Resource="PRCO Groupe des intervenants MOE du projet Communication Client V2 (Compte Windows YGIE )" SingleRole="SR_AD_P0202_MOE"/>
		<NavigationRule Property="SingleAccess" Resource="SAS0 Utilisateur SAS - Développeur (Compte Windows YGIE )" SingleRole="SR_AD_P0214_DEV"/>
		<NavigationRule Property="SingleAccess" Resource="OFIS Administrateur Comptes et crédits en devises (IPSO) (Compte Windows YGIE )" SingleRole="SR_AD_P0276_IPSO_A"/>
		<NavigationRule Property="SingleAccess" Resource="PFCC Utilisateur Plateforme Communication Client - MOE (Compte Windows YGIE )" SingleRole="SR_AD_S0546_MOE"/>
		<NavigationRule Property="SingleAccess" Resource="BAM0 Administrateur BAM - Partage de données Mesg Securisee (Compte Windows YGIE )" SingleRole="SR_AD_S2044_MSE_D-EXPLOITATION"/>
		<NavigationRule Property="SingleAccess" Resource="HIER Utilisateur Hiérachique (Compte Windows YGIE )" SingleRole="SR_AD_DG01000"/>
		<NavigationRule Property="SingleAccess" Resource="BAM1 Administrateur BAM - serveurs en workgroup (Compte Windows YGIE )" SingleRole="SR_AD_BAM1_CL"/>
		<NavigationRule Property="SingleAccess" Resource="DTWH Utilisateur Datawarehouse - Développeur (Compte Windows YGIE )" SingleRole="SR_AD_DTWH_DEV"/>
		<NavigationRule Property="SingleAccess" Resource="Utilisateur BURA - Acces LECTURE Donnees GEPC_BURA PROD (Compte Windows YGIE )" SingleRole="SR_AD_GEPC_DR"/>
		<NavigationRule Property="SingleAccess" Resource="HPS Utilisateur Usine de Construction des serveurs en Datacenter (Compte Windows YGIE )" SingleRole="SR_AD_HPS_USR"/>
		<NavigationRule Property="SingleAccess" Resource="XIES Utilisateur Maïga - Partage de données (Compte Windows YGIE )" SingleRole="SR_AD_S1281_DR"/>
		<NavigationRule Property="SingleAccess" Resource="VCE Administrateur HP Virtual Connect Enterprise Manager (VCEM) (Compte Windows YGIE )" SingleRole="SR_AD_VCE_ADM"/>
		<NavigationRule Property="SingleAccess" Resource="VMW Utilisateur VMWARE (Compte Windows YGIE )" SingleRole="SR_AD_VMW_USR"/>
		<NavigationRule Property="SingleAccess" Resource="FONC Utilisateur Fonction Métier - Détaché (Compte Windows YGIE )" SingleRole="SR_AD_DETACHE_CAT"/>
		<NavigationRule Property="SingleAccess" Resource="FONC Utilisateur Fonction Métier - Externe CAT (Compte Windows YGIE )" SingleRole="SR_AD_EXTERNE_CAT"/>
		<NavigationRule Property="SingleAccess" Resource="S2105 XIDA La Grange – Utilisateur en lecture WFI (Compte Windows YGIE)" SingleRole="SR_AD_S2105_LECTURE_WFI"/>
		<NavigationRule Property="SingleAccess" Resource="HIER Utilisateur Hiérachique (Compte Windows YGIE )" SingleRole="SR_AD_DG01000"/>
		<NavigationRule Property="SingleAccess" Resource="Silver - ACS Utilisateur Administration Réseaux - CISCO WLC 7510 - Contrôleur WIFI (Compte Admin ZGIE )" SingleRole="SR_AD_A_ACS0_WLC_USR"/>
		<NavigationRule Property="SingleAccess" Resource="Silver - E1 Administrateur Exchange Management - Niveau 2 (Compte Admin ZGIE )" SingleRole="SR_AD_A_E1_EXCH_MANAG_N2"/>
		<NavigationRule Property="SingleAccess" Resource="S0477 Utilisateur Datastage Information Server - Développeur (Compte Admin ZGIE )" SingleRole="SR_AD_A_S0477_DEV_ZGIE"/>
		<NavigationRule Property="SingleAccess" Resource="S0477 Administrateur DSTG SUIVI ZGIE (droit admin) (Compte Admin ZGIE )" SingleRole="SR_AD_A_S0477_SUIVI_ZGIE"/>
		<NavigationRule Property="SingleAccess" Resource="FONC utilisateurs mco/mep (Compte Admin ZGIE )" SingleRole="SR_AD_A_SRV_OPEN"/>
		<NavigationRule Property="SingleAccess" Resource="P1302 Groupe utilisateur pour accès au NAMESPACE INTRANET de PROD (Compte Windows ZGIE)" SingleRole="SR_AD_P1302_K8S-PRD"/>
		<NavigationRule Property="SingleAccess" Resource="BURS Utilisateur Lecteur S etU: - MEMBRE DGA_OPERATIONS_ET_PROJET_TOKYO (Compte Windows ZGIE )" SingleRole="SR_AD_DGA_01015_MEMBRE"/>
		<NavigationRule Property="SingleAccess" Resource="BURS Utilisateur Lecteur S etU: - PRIVE DGA_OPERATIONS_ET_PROJET_TOKYO (Compte Windows ZGIE )" SingleRole="SR_AD_DGA_01015_PRIVE"/>
		<NavigationRule Property="SingleAccess" Resource="BURS Utilisateur Lecteur S etU: - MEMBRE DIR_INGENIERIE (Compte Windows ZGIE )" SingleRole="SR_AD_DIR_00496_MEMBRE"/>
		<NavigationRule Property="SingleAccess" Resource="BURD Utilisateur Lecteur U: - DIR_ADJOINT_AU_DGA (Compte Windows ZGIE )" SingleRole="SR_AD_DIR_00937_MEMBRE"/>
		<NavigationRule Property="SingleAccess" Resource="BURD Utilisateur Lecteur U: - MEMBRE DIR_CISO (Compte Windows ZGIE )" SingleRole="SR_AD_DIR_00985_MEMBRE"/>
		<NavigationRule Property="SingleAccess" Resource="BURS Utilisateur Lecteur S etU: - MEMBRE DIR_DEVOPS (Compte Windows ZGIE )" SingleRole="SR_AD_DIR_01086_MEMBRE"/>
		<NavigationRule Property="SingleAccess" Resource="BURS Utilisateur Lecteur S etU: - MEMBRE DIR_OPERATIONS (Compte Windows ZGIE )" SingleRole="SR_AD_DIR_01093_MEMBRE"/>
		<NavigationRule Property="SingleAccess" Resource="MSA Utilisateur lecteur J: - Site Local CAT BORDEAUX (Compte Windows ZGIE )" SingleRole="SR_AD_MSA_SITE_CAT_BRD"/>
		<NavigationRule Property="SingleAccess" Resource="PMD Utilisateur NetOP - Prise de main avec accès MOE total (Compte Windows ZGIE )" SingleRole="SR_AD_PMD_PWTO"/>
		<NavigationRule Property="SingleAccess" Resource="ELK0 - Utilisateurs Admin Prod pour Elisa BPCR (Compte Windows ZGIE )" SingleRole="SR_AD_ADMBPCR_ELISA-PRD"/>
		<NavigationRule Property="SingleAccess" Resource="Accès en MAJ transverse sur le cluster INTRANET PRODUCTION   (Compte Windows ZGIE )" SingleRole="SR_AD_ADMINCAGIP_K8S-PRD"/>
		<NavigationRule Property="SingleAccess" Resource="ELISA accès en lecture pour le cluster SRI pour tous les espaces (Compte Windows ZGIE )" SingleRole="SR_AD_ELISA_SRI_ALL_LEC"/>
		<NavigationRule Property="SingleAccess" Resource="FONC Utilisateur Fonction Métier - Externe (Compte Windows ZGIE )" SingleRole="SR_AD_EXTERNE"/>
		<NavigationRule Property="SingleAccess" Resource="Utilisateur Liste Statique - CATLD ACCOSTAGE PLAN PRODUIT (Compte Windows ZGIE )" SingleRole="SR_AD_LS_CAT_APPT"/>
		<NavigationRule Property="SingleAccess" Resource="MOB Utilisateur MOBILITE - Standard GIE (Compte Windows ZGIE )" SingleRole="SR_AD_MOB_NWC2"/>
		<NavigationRule Property="SingleAccess" Resource="BDOC Administrateur BDOC (Compte Windows ZGIE )" SingleRole="SR_AD_P0111_ADMIN"/>
		<NavigationRule Property="SingleAccess" Resource="BDOC Utilisateur BDOC (Compte Windows ZGIE )" SingleRole="SR_AD_P0111_UTILISATEUR"/>
		<NavigationRule Property="SingleAccess" Resource="SIU - GEST Administrateur KTP Kondor Trade Processing (Compte Windows ZGIE )" SingleRole="SR_AD_P0126_A"/>
		<NavigationRule Property="SingleAccess" Resource="SIU - MIPS Utilisateur Datawarehouse - MOED (Compte Windows ZGIE )" SingleRole="SR_AD_P0454_MOED"/>
		<NavigationRule Property="SingleAccess" Resource="SIU - MIPS Gestionnaire Datawarehouse - Exécution Production / Exploitation (Compte Windows ZGIE )" SingleRole="SR_AD_P0454_PRODEXP"/>
		<NavigationRule Property="SingleAccess" Resource="XIPS Utilisateurs QDD Prod (Compte Windows ZGIE )" SingleRole="SR_AD_S0001_QUAIDEPOT"/>
		<NavigationRule Property="SingleAccess" Resource="CDOC Utilisateur Chorale Doc (Compte Windows ZGIE )" SingleRole="SR_AD_S0421_MEMBRES"/>
		<NavigationRule Property="SingleAccess" Resource="BRWV Utilisateur Brainwave - SAS - MOE (Compte Windows ZGIE )" SingleRole="SR_AD_S0565_SASMOE"/>
		<NavigationRule Property="SingleAccess" Resource="BRWV Utilisateur Brainwave - Support GIE (Compte Windows ZGIE )" SingleRole="SR_AD_S0565_SUPPORT_A"/>
		<NavigationRule Property="SingleAccess" Resource="Consultation des tâches et visualisation de la configuration des endpoints (Compte Windows ZGIE )" SingleRole="SR_AD_S0768_VWR"/>
		<NavigationRule Property="SingleAccess" Resource="Utilisateur Téléphonie - Droits SysAdmin (Compte Windows ZGIE )" SingleRole="SR_AD_P0019_K8AWSSA"/>
		<NavigationRule Property="SingleAccess" Resource="P0045 reference les utilisateurs éligibles au NAMESPACE produit Kubernetes sur le Cluster CATS de BENCH (Compte Windows ZGIE )" SingleRole="SR_AD_P0045_K8S-RPR"/>
		<NavigationRule Property="SingleAccess" Resource="P0080 Accès utilisateur à l'INTRANET NAMESPACE de PROD au produit EDI (Compte Windows ZGIE )" SingleRole="SR_AD_P0080_K8S-PRD"/>
		<NavigationRule Property="SingleAccess" Resource="P0099 Accès utilisateur au NAMESPACE INTRANET de PROD Signature (Compte Windows ZGIE)" SingleRole="SR_AD_P0099_K8S-PRD"/>
		<NavigationRule Property="SingleAccess" Resource="P0104 Utilisateur couchbase RW P0104-Admin" SingleRole="SR_AD_P0104_CHB-DEV-A"/>
		<NavigationRule Property="SingleAccess" Resource="P0104 Accès KAFKA (besoin usage accès lecture (grafana et vault) + écriture pour accès KAPI - Digicard) - acces VAULT GRAFANA KAPI pour le DEV (Compte Windows ZGIE )" SingleRole="SR_AD_P0104_KFN-HPRDEV-RW"/>
		<NavigationRule Property="SingleAccess" Resource="KFN0 - Accès KAFKA (besoin usage accès lecture (grafana et vault) + écriture pour accès KAPI - Digicard) - D (Compte Windows ZGIE )" SingleRole="SR_AD_P0162_KFN-HPRDEV-RW"/>
		<NavigationRule Property="SingleAccess" Resource="P0267 Utilisateurs Couchbase Admin (Compte Windows ZGIE )" SingleRole="SR_AD_P0267_CHB-DEV-A"/>
		<NavigationRule Property="SingleAccess" Resource="Utilisateur Développeur de Couchbase NMB HP (Compte Windows ZGIE )" SingleRole="SR_AD_P0267_CHB-DEV-RW"/>
		<NavigationRule Property="SingleAccess" Resource="P0267 Utilisateurs Couchbase Admin PPRD (Compte Windows ZGIE )" SingleRole="SR_AD_P0267_CHB-PPRD-A"/>
		<NavigationRule Property="SingleAccess" Resource="P0267 Reference les utilisateurs CATS eligibles au namespace Hors Production P0267 KUBE Intranet (Compte Windows ZGIE )" SingleRole="SR_AD_P0267_K8S-HPR"/>
		<NavigationRule Property="SingleAccess" Resource="P0275 Référence les comptes de services Couchbase Admin Dev (Compte Windows ZGIE )" SingleRole="SR_AD_P0275_CHB-DEV-A"/>
		<NavigationRule Property="SingleAccess" Resource="P0275 Référence les comptes de services Couchbase Admin PreProd (Compte Windows ZGIE )" SingleRole="SR_AD_P0275_CHB-PPRD-A"/>
		<NavigationRule Property="SingleAccess" Resource="P0397 Référence les utilisateurs éligibles à l'offre COUCHBASE pour le Produit P0397 de DEV (droits Admin)" SingleRole="SR_AD_P0397_CHB-DEV-A"/>
		<NavigationRule Property="SingleAccess" Resource="P0441 Groupe utilisateur éligible à l'offre COUCHBASE de DEV (ADMIN) (Compte Windows ZGIE )" SingleRole="SR_AD_P0441_CHB-DEV-A"/>
		<NavigationRule Property="SingleAccess" Resource="P0441 Accès utilisateurs en lecture/écriture au cluster MongoDB ENT (hors production) (Compte Windows ZGIE )" SingleRole="SR_AD_P0441_MGE-HPR-RW"/>
		<NavigationRule Property="SingleAccess" Resource="P0458 Utilisateurs pour accès Vault, Grafana et à l'API KAPI en env DEV (Compte Windows ZGIE )" SingleRole="SR_AD_P0458_KFN-HPRDEV-RW"/>
		<NavigationRule Property="SingleAccess" Resource="Groupe utilisateur pour administration du bucket Couchbase P0528 VMOA (Compte Windows ZGIE )" SingleRole="SR_AD_P0528_CHB_INT_A"/>
		<NavigationRule Property="SingleAccess" Resource="Groupe utilisateur pour administration du bucket Couchbase P0528 PréPROD (Compte Windows ZGIE)" SingleRole="SR_AD_P0528_CHB-PPRD-A"/>
		<NavigationRule Property="SingleAccess" Resource="Groupe utilisateur pour administration du bucket Couchbase P0528 PROD (Compte Windows ZGIE)" SingleRole="SR_AD_P0528_CHB-PRD-A"/>
		<NavigationRule Property="SingleAccess" Resource="Groupe utilisateur pour administration du bucket Couchbase P0528 HOMOL (Compte Windows ZGIE )" SingleRole="SR_AD_P0528_CHB-UAT-A"/>
		<NavigationRule Property="SingleAccess" Resource="XOPS Utilisateurs Cluster BPCR élégibles au NAMESPACE API_OPS_INDUS Kubernetes sur le Cluster CATS de BENCH (Compte Windows ZGIE )" SingleRole="SR_AD_T0001_K8S-RPR0"/>
		<NavigationRule Property="SingleAccess" Resource="XOPS Utilisateurs Cluster BPCR élégibles au NAMESPACE API_OPS_AUTO Kubernetes sur le Cluster CATS de BENCH (Compte Windows ZGIE )" SingleRole="SR_AD_T0002_K8S-RPR0"/>
		<NavigationRule Property="SingleAccess" Resource="Utilisateurs Cluster BPCR élégibles au NAMESPACE API_DEVOPS Kubernetes sur le Cluster CATS de Hors-PROD (Compte Windows ZGIE )" SingleRole="SR_AD_T0003_K8S-HPR"/>
		<NavigationRule Property="SingleAccess" Resource="Utilisateurs Cluster BPCR élégibles au NAMESPACE API_DEVOPS Kubernetes sur le Cluster CATS de PROD (Compte Windows ZGIE )" SingleRole="SR_AD_T0003_K8S-PRD"/>
		<NavigationRule Property="SingleAccess" Resource="XOPS Utilisateurs Cluster BPCR élégibles au NAMESPACE API_DEVOPS Kubernetes sur le Cluster CATS de BENCH (Compte Windows ZGIE )" SingleRole="SR_AD_T0003_K8S-RPR0"/>
		<NavigationRule Property="SingleAccess" Resource="Groupe d'administration des APIs ZABBIX Hprod (Compte Windows ZGIE )" SingleRole="SR_AD_T0004_K8S-HPR"/>
		<NavigationRule Property="SingleAccess" Resource="Groupe d'administration des APIs ZABBIX Prod (Compte Windows ZGIE )" SingleRole="SR_AD_T0004_K8S-PRD"/>
		<NavigationRule Property="SingleAccess" Resource="T0006 Groupe pour habilitation T0006 (KUBERNATIVE INTRANET de HORS-PRODUCTION) (Compte Windows ZGIE )" SingleRole="SR_AD_T0006_K8S-HPR"/>
		<NavigationRule Property="SingleAccess" Resource="T0006 Groupe pour habilitation T0006 (KUBERNATIVE INTRANET de PRODUCTION) (Compte Windows ZGIE )" SingleRole="SR_AD_T0006_K8S-PRD"/>
		<NavigationRule Property="SingleAccess" Resource="T0007 KUBERNATIVE INTRANET de HORS-PRODUCTION (Compte Windows ZGIE )" SingleRole="SR_AD_T0007_K8S-HPR"/>
		<NavigationRule Property="SingleAccess" Resource="T0007 KUBERNATIVE INTRANET de PRODUCTION (Compte Windows ZGIE )" SingleRole="SR_AD_T0007_K8S-PRD"/>
		<NavigationRule Property="SingleAccess" Resource="T0008 référence les utilisateurs CATS éligibles au NameSpace des environnements Hors-Production du produit T0008 (Compte Windows ZGIE )" SingleRole="SR_AD_T0008_K8S-HPR"/>
		<NavigationRule Property="SingleAccess" Resource="P0326 GROUPES MWAY ACTEUR (Compte Windows ZGIE )" SingleRole="SR_AD_S1000_ACTEUR"/>
		<NavigationRule Property="SingleAccess" Resource="CRDU Utilisateurs pour l'administration de la console RDU (Compte Windows ZGIE )" SingleRole="SR_AD_S2048_Admin"/>
		<NavigationRule Property="SingleAccess" Resource="Silver - ACS Utilisateur Référentiel de sauvegardes - Sauvegarde" SingleRole="SR_AD_ACS0_IRONPORT_C670_USR"/>
		<NavigationRule Property="SingleAccess" Resource="Silver - ACS Utilisateur Référentiel de sauvegardes - Sauvegarde (Compte Windows ZGIE )" SingleRole="SR_AD_ACS0_IRONPORT_M670_USR"/>
		<NavigationRule Property="SingleAccess" Resource="Utilisateur SYSADMIN AWS pour AWS (CTN-SANDBOX) (Compte Windows ZGIE )" SingleRole="SR_AD_CTN0_KUBEAWSSA"/>
		<NavigationRule Property="SingleAccess" Resource="Utilisateurs SYSADMIN AWS (Compte Windows ZGIE )" SingleRole="SR_AD_S1605_KUBEAWSSA"/>
		<NavigationRule Property="SingleAccess" Resource="P1302 Groupe utilisateur pour accès au NAMESPACE INTRANET de PROD (Compte Windows ZGIE)" SingleRole="SR_AD_P1302_K8S-PRD"/>
		<NavigationRule Property="SingleAccess" Resource="XIZC Utilisateur Zone Centrale (Compte Windows ZGIE )" SingleRole="SR_AD_S1290_DR_EXT"/>
		<NavigationRule Property="SingleAccess" Resource="BURS Utilisateur Lecteur S etU: - MBR OPERATIONS ET PROJETS Tokyo Cercle 1 (Compte Windows ZGIE )" SingleRole="SR_AD_DGA_01015_C1_TOKYO"/>
		<NavigationRule Property="SingleAccess" Resource="BURS Utilisateur Lecteur S etU: - MBR OPERATIONS ET PROJETS TOKYO MANAGEUR C1 (Compte Windows ZGIE )" SingleRole="SR_AD_DGA_01015_MANAGEURS_C1"/>
		<NavigationRule Property="SingleAccess" Resource="BURS Utilisateur Lecteur S etU: - TOUS LES MANAGEURS OPERATIONS ET PROJETS TOKYO (Compte Windows ZGIE )" SingleRole="SR_AD_DGA_01015_MANAGEURS_TOUS"/>
		<NavigationRule Property="SingleAccess" Resource="BURS Utilisateur Lecteur S etU: - PRIVE DGA_OPERATIONS_ET_PROJET_TOKYO (Compte Windows ZGIE )" SingleRole="SR_AD_DGA_01015_PRIVE"/>
		<NavigationRule Property="SingleAccess" Resource="BURS Utilisateur Lecteur S etU: - MEMBRE DIR_INGENIERIE (Compte Windows ZGIE )" SingleRole="SR_AD_DIR_00496_MEMBRE"/>
		<NavigationRule Property="SingleAccess" Resource="BURD Utilisateur Lecteur U: - DIR_ADJOINT_AU_DGA (Compte Windows ZGIE )" SingleRole="SR_AD_DIR_00937_MEMBRE"/>
		<NavigationRule Property="SingleAccess" Resource="BURS Utilisateur Lecteur S etU: - MEMBRE DIR_DEVOPS (Compte Windows ZGIE )" SingleRole="SR_AD_DIR_01086_MEMBRE"/>
		<NavigationRule Property="SingleAccess" Resource="BURS Utilisateur Lecteur S etU: - PRIVE DIR_DEVOPS (Compte Windows ZGIE )" SingleRole="SR_AD_DIR_01086_PRIVE"/>
		<NavigationRule Property="SingleAccess" Resource="BURS Utilisateur Lecteur S etU: - MEMBRE DIR_OPERATIONS (Compte Windows ZGIE )" SingleRole="SR_AD_DIR_01093_MEMBRE"/>
		<NavigationRule Property="SingleAccess" Resource="XIMO INTRANET CATS-Contributeurs-Service-S2 Gestion SI Credits (Compte Windows ZGIE )" SingleRole="SR_AD_S1356_CONTRIB_00770"/>
		<NavigationRule Property="SingleAccess" Resource="XIMO Intranet CATS-Contributeurs 00952 Moyens Generaux CR Evacuation (Compte Windows ZGIE )" SingleRole="SR_AD_S1356_CONTRIB_00952_Moyens_Generaux_CR_Evacuation"/>
		<NavigationRule Property="SingleAccess" Resource="Contributeurs-Lecteurs espace ASCCATS (Compte Windows ZGIE )" SingleRole="SR_AD_S1356_CONTRIB_00970_ASCCATS"/>
		<NavigationRule Property="SingleAccess" Resource="Contributeur-Lecteurs espace SIA ADMIN (Compte Windows ZGIE )" SingleRole="SR_AD_S1356_CONTRIB_01203_SIA_ADMIN"/>
		<NavigationRule Property="SingleAccess" Resource="XIMO INTRANET CATS-Contributeurs-Squad Epargne (Compte Windows ZGIE )" SingleRole="SR_AD_S1356_CONTRIB_80090"/>
		<NavigationRule Property="SingleAccess" Resource="XIMO INTRANET CATS-Contributeurs-Prives-01187-Programme-RGPD (Compte Windows ZGIE )" SingleRole="SR_AD_S1356_CONTRIB_PRIVES_01187_PRG_RGPD"/>
		<NavigationRule Property="SingleAccess" Resource="Autorisation d'utilisation port USB (Compte Windows ZGIE )" SingleRole="SR_AD_AVSY_ACCES_USB"/>
		<NavigationRule Property="SingleAccess" Resource="E1 Utilisateur Exchange Management - Exchange Multi-Mailbox Search (Compte Windows ZGIE )" SingleRole="SR_AD_E1_EXCH_SECOP"/>
		<NavigationRule Property="SingleAccess" Resource="Silver - EIP Gestionnaire Efficient IP - plan d'adressage, services DNS et DHCP des VNCA (Compte Windows ZGIE )" SingleRole="SR_AD_EIP_SAISIE_VNCA"/>
		<NavigationRule Property="SingleAccess" Resource="SILVER - GEBE Administrateur Rebeca et Sygebe - Partage des données (Compte Windows ZGIE )" SingleRole="SR_AD_GEBE_D-EXPLOITATION"/>
		<NavigationRule Property="SingleAccess" Resource="GEBE Utilisateur Rebeca et Sygebe - Partage des données (Compte Windows ZGIE )" SingleRole="SR_AD_GEBE_DR"/>
		<NavigationRule Property="SingleAccess" Resource="IEX Utilisateur IEX - Espace stockage L - IEX (Compte Windows ZGIE )" SingleRole="SR_AD_IEX_LW_ADM"/>
		<NavigationRule Property="SingleAccess" Resource="Accès utilisateurs au serveur de consultation Power BI (Compte Windows ZGIE )" SingleRole="SR_AD_PBI_EUCP_Budget_Reader"/>
		<NavigationRule Property="SingleAccess" Resource="Proxy Détecter automatiquement les paramètres (Compte Windows ZGIE )" SingleRole="SR_AD_PROXY_NO-AUTODETECT_PILOTE"/>
		<NavigationRule Property="SingleAccess" Resource="XIMO INTRANET CATS-Membres-Programmes-CARS-CATS (Compte Windows ZGIE )" SingleRole="SR_AD_S1356_Membres_PRG_CARS_CATS"/>
		<NavigationRule Property="SingleAccess" Resource="SIU - ATEL Utilisateur ATEL (Compte Windows ZGIE )" SingleRole="SR_AD_S1679_STANDARD"/>
		<NavigationRule Property="SingleAccess" Resource="VTEC Utilisateur Publications de veille technologique (Compte Windows ZGIE )" SingleRole="SR_AD_S2498_USER"/>
		<NavigationRule Property="SingleAccess" Resource="TA - Accès au US portail catsvc APIs (Compte Windows ZGIE )" SingleRole="SR_AD_TA-FLUX"/>
		<NavigationRule Property="SingleAccess" Resource="Silver - TBS Administrateur IBM Tivoli TBSM (Compte Windows ZGIE )" SingleRole="SR_AD_TBS_ADMIN"/>
		<NavigationRule Property="SingleAccess" Resource="Silver - TBS Utilisateur IBM Tivoli TBSM - Coordination pilotage (Compte Windows ZGIE )" SingleRole="SR_AD_TBS_COORDPILOTAGE"/>
		<NavigationRule Property="SingleAccess" Resource="TIP Utilisateur Tivoli Integrated Portal - Utilisateur TIP Centre de services (Compte Windows ZGIE )" SingleRole="SR_AD_TIP_CDS"/>
		<NavigationRule Property="SingleAccess" Resource="SIU - TITR Utilisateur Produits titres - Partage SAS (Compte Windows ZGIE )" SingleRole="SR_AD_TITR_SR_SAS"/>
		<NavigationRule Property="SingleAccess" Resource="Silver - EMS Utilisateur FOREFRONT TMG - Console infra PushMail (Compte Windows ZGIE )" SingleRole="SR_AD_TMG_EMS_LECT"/>
		<NavigationRule Property="SingleAccess" Resource="Silver - VMW Administrateur VMWARE (Compte Windows ZGIE )" SingleRole="SR_AD_VMW_ADM"/>
		<NavigationRule Property="SingleAccess" Resource="comptes autorises a participer a l'XP O365 (Compte Windows ZGIE )" SingleRole="SR_AD_ACCES_CLOUD_OFFICE365"/>
		<NavigationRule Property="SingleAccess" Resource="ELK0 - Utilisateurs Admin Hors Prod pour Elisa BPCR (Compte Windows ZGIE )" SingleRole="SR_AD_ADMBPCR_ELISA-HPR"/>
		<NavigationRule Property="SingleAccess" Resource="ELK0 - Utilisateurs Admin Prod pour Elisa BPCR (Compte Windows ZGIE )" SingleRole="SR_AD_ADMBPCR_ELISA-PRD"/>
		<NavigationRule Property="SingleAccess" Resource="XINE Administrateur Local Poste de travail NEO - Postes fixes (Compte Windows ZGIE )" SingleRole="SR_AD_ADMPDTFIXE"/>
		<NavigationRule Property="SingleAccess" Resource="Profil utilisateur du projet Agilisation Portail Collaborateur (Compte Windows ZGIE )" SingleRole="SR_AD_AgilisationPortailCollaborateur"/>
		<NavigationRule Property="SingleAccess" Resource="Utilisateurs NAMESPACE API_DEVOPS Kubernetes (Compte Windows ZGIE )" SingleRole="SR_AD_API_DEVOPS_KUBE"/>
		<NavigationRule Property="SingleAccess" Resource="Groupe identifiant tous les utilisateurs CAGIP Internes (Compte Windows ZGIE )" SingleRole="SR_AD_CAGIP_INTERNE"/>
		<NavigationRule Property="SingleAccess" Resource="FONC Utilisateur Fonction Métier - Resp UNI (Compte Windows ZGIE )" SingleRole="SR_AD_CAT_RESP_UNI"/>
		<NavigationRule Property="SingleAccess" Resource="FONC Utilisateur Fonction Métier - Salarié (Compte Windows ZGIE )" SingleRole="SR_AD_CAT_SALARIE"/>
		<NavigationRule Property="SingleAccess" Resource="utilisateurs pour consommer en lecture plusieurs depots ARTIFACTORY TRADI (Compte Windows ZGIE )" SingleRole="SR_AD_CATS-ACCES-TOUT-ARTI-TRADI-R"/>
		<NavigationRule Property="SingleAccess" Resource="FONC Utilisateur Fonction Métier - Gestionnaire CDS (Compte Windows ZGIE )" SingleRole="SR_AD_CDSNETOP"/>
		<NavigationRule Property="SingleAccess" Resource="Groupe utilisateurs de la core team Open (Compte Windows ZGIE )" SingleRole="SR_AD_CORETEAMOPEN"/>
		<NavigationRule Property="SingleAccess" Resource="ELISA accès administrateur pour le cluster SRI pour tous les espaces (Compte Windows ZGIE )" SingleRole="SR_AD_ELISA_SRI_ALL_ADM"/>
		<NavigationRule Property="SingleAccess" Resource="ELISA accès en lecture pour le cluster SRI pour tous les espaces (Compte Windows ZGIE )" SingleRole="SR_AD_ELISA_SRI_ALL_LEC"/>
		<NavigationRule Property="SingleAccess" Resource="FONC Utilisateur Fonction Métier - Externe (Compte Windows ZGIE )" SingleRole="SR_AD_EXTERNE"/>
		<NavigationRule Property="SingleAccess" Resource="FONC Utilisateur Fonction Métier - Gestionnaire INSG1 (Compte Windows ZGIE )" SingleRole="SR_AD_INGS1"/>
		<NavigationRule Property="SingleAccess" Resource="LS Utilisateur Liste Statique - Demande CVF (Compte Windows ZGIE )" SingleRole="SR_AD_LS_CAS_DCVF"/>
		<NavigationRule Property="SingleAccess" Resource="LS Utilisateur Liste Statique - Meteo quotidienne CAS (Compte Windows ZGIE )" SingleRole="SR_AD_LS_CAS_METEO_CAS"/>
		<NavigationRule Property="SingleAccess" Resource="LS Utilisateur Liste Statique - Middleware Big Data (Compte Windows ZGIE )" SingleRole="SR_AD_LS_CAT_BIGDATA"/>
		<NavigationRule Property="SingleAccess" Resource="LS Utilisateur Liste Statique - CAT Ingenierie ToIP (Compte Windows ZGIE )" SingleRole="SR_AD_LS_CAT_CATINGTOIP"/>
		<NavigationRule Property="SingleAccess" Resource="LS Utilisateur Liste Statique - CATLD CENTRE DE COMPETENCE TERADATA (Compte Windows ZGIE )" SingleRole="SR_AD_LS_CAT_CC_TDA"/>
		<NavigationRule Property="SingleAccess" Resource="LS Utilisateur Liste Statique - CDS CDC Reseaux TOIP Mobilite Lil (Compte Windows ZGIE )" SingleRole="SR_AD_LS_CAT_CDSCDCRTM_LIL"/>
		<NavigationRule Property="SingleAccess" Resource="LS Utilisateur Liste Statique - ISI PROD COORD BR (Compte Windows ZGIE )" SingleRole="SR_AD_LS_CAT_COOR_PROD_BR"/>
		<NavigationRule Property="SingleAccess" Resource="LS Utilisateur Liste Statique - CATLD DESIGN AUTHORITY ARCHITECTURE (Compte Windows ZGIE )" SingleRole="SR_AD_LS_CAT_DA_ARCHITECTURE"/>
		<NavigationRule Property="SingleAccess" Resource="LS Utilisateur Liste Statique - CATLD DEMANDE ACCOMPAGNEMENT AT (Compte Windows ZGIE )" SingleRole="SR_AD_LS_CAT_DEM-ACC-AT"/>
		<NavigationRule Property="SingleAccess" Resource="LS Utilisateur Liste Statique - CATLD CAGIP Dgs Opn Unx Linux (Compte Windows ZGIE )" SingleRole="SR_AD_LS_CAT_DGSOPN-LINUX"/>
		<NavigationRule Property="SingleAccess" Resource="LS Utilisateur Liste Statique - CATLD CAGIP Dgs Opn Wcv Vmware (Compte Windows ZGIE )" SingleRole="SR_AD_LS_CAT_DGSOPN-VMWARE"/>
		<NavigationRule Property="SingleAccess" Resource="LS Utilisateur Liste Statique - CATLD ISI ENVIRONNEMENTS DESTINATAIRES FCA (Compte Windows ZGIE )" SingleRole="SR_AD_LS_CAT_ENVFCA"/>
		<NavigationRule Property="SingleAccess" Resource="LS Utilisateur Liste Statique - GECICA MTP (Compte Windows ZGIE )" SingleRole="SR_AD_LS_CAT_GECICA_MTP"/>
		<NavigationRule Property="SingleAccess" Resource="LS Utilisateur Liste Statique - INCIDENT P1 ETUDES (Compte Windows ZGIE )" SingleRole="SR_AD_LS_CAT_INCP1ETUDES"/>
		<NavigationRule Property="SingleAccess" Resource="LS Utilisateur Liste Statique - INDUS ACP (Compte Windows ZGIE )" SingleRole="SR_AD_LS_CAT_INDUS_ACP"/>
		<NavigationRule Property="SingleAccess" Resource="LS Utilisateur Liste Statique - CATLD ISI INDUSTRIALISATION DOCKER (Compte Windows ZGIE )" SingleRole="SR_AD_LS_CAT_INDUSDOCKER"/>
		<NavigationRule Property="SingleAccess" Resource="LS Utilisateur Liste Statique - ISI Industrialisation GED (Compte Windows ZGIE )" SingleRole="SR_AD_LS_CAT_INDUSGED"/>
		<NavigationRule Property="SingleAccess" Resource="LS Utilisateur Liste Statique - ISI Industrialisation Serveurs EDI (Compte Windows ZGIE )" SingleRole="SR_AD_LS_CAT_INDUSSRVEDI"/>
		<NavigationRule Property="SingleAccess" Resource="LS Utilisateur Liste Statique - INVITES VOIE RAPIDE (Compte Windows ZGIE )" SingleRole="SR_AD_LS_CAT_INVITVR"/>
		<NavigationRule Property="SingleAccess" Resource="LS Utilisateur Liste Statique - CATLD MA BANQUE EQUIPE OPS (Compte Windows ZGIE )" SingleRole="SR_AD_LS_CAT_MB_OPS"/>
		<NavigationRule Property="SingleAccess" Resource="LS Utilisateur Liste Statique - MCOMEP SPS (Compte Windows ZGIE )" SingleRole="SR_AD_LS_CAT_MCOSPS"/>
		<NavigationRule Property="SingleAccess" Resource="LS Utilisateur Liste Statique - Meteo quotidienne ISIPROD (Compte Windows ZGIE )" SingleRole="SR_AD_LS_CAT_METEO_ISIPROD"/>
		<NavigationRule Property="SingleAccess" Resource="LS Utilisateur Liste Statique - Middleware Mq (Compte Windows ZGIE )" SingleRole="SR_AD_LS_CAT_MIDMQ"/>
		<NavigationRule Property="SingleAccess" Resource="LS Utilisateur Liste Statique - Middleware Sql (Compte Windows ZGIE )" SingleRole="SR_AD_LS_CAT_MIDSQL"/>
		<NavigationRule Property="SingleAccess" Resource="LS Utilisateur Liste Statique - Middleware Web (Compte Windows ZGIE )" SingleRole="SR_AD_LS_CAT_MIDWEB"/>
		<NavigationRule Property="SingleAccess" Resource="LS Utilisateur Liste Statique - PRODUCTION COORDINATION (Compte Windows ZGIE )" SingleRole="SR_AD_LS_CAT_PRODCOORDON"/>
		<NavigationRule Property="SingleAccess" Resource="LS Utilisateur Liste Statique - PRODUCTION EXPLOITATION (Compte Windows ZGIE )" SingleRole="SR_AD_LS_CAT_PRODEXPLOIT"/>
		<NavigationRule Property="SingleAccess" Resource="LS Utilisateur Liste Statique - PRODUCTION MCOMEP (Compte Windows ZGIE )" SingleRole="SR_AD_LS_CAT_PRODMCOMEP"/>
		<NavigationRule Property="SingleAccess" Resource="LS Utilisateur Liste Statique CATLD CA-GIP SQUAD EERPRO (Compte Windows ZGIE )" SingleRole="SR_AD_LS_CAT_SQUAD_EERPRO"/>
		<NavigationRule Property="SingleAccess" Resource="Utilisateur Liste Statique - Liste statique de la squad Instant Payment (Compte Windows ZGIE )" SingleRole="SR_AD_LS_CAT_Squad_IP"/>
		<NavigationRule Property="SingleAccess" Resource="LS Utilisateur Liste Statique - STT AD (Compte Windows ZGIE )" SingleRole="SR_AD_LS_CAT_STTAD"/>
		<NavigationRule Property="SingleAccess" Resource="LS Utilisateur Liste Statique - Suivi Production Exploitation (Compte Windows ZGIE )" SingleRole="SR_AD_LS_CAT_SUIVPROD"/>
		<NavigationRule Property="SingleAccess" Resource="LS Utilisateur Liste Statique - CATLD CP testsetbenchs (Compte Windows ZGIE )" SingleRole="SR_AD_LS_CAT_TESTSETBENCHS"/>
		<NavigationRule Property="SingleAccess" Resource="LS Utilisateur Liste Statique - CDC Télécoms interne (Compte Windows ZGIE )" SingleRole="SR_AD_LS_CAT_TLC_INT"/>
		<NavigationRule Property="SingleAccess" Resource="LS Utilisateur Liste Statique CATLD TT Leaders Exploitabilité (Compte Windows ZGIE )" SingleRole="SR_AD_LS_CAT_TTLE"/>
		<NavigationRule Property="SingleAccess" Resource="LS Utilisateur Liste Statique - VSE (Compte Windows ZGIE )" SingleRole="SR_AD_LS_CAT_VSE"/>
		<NavigationRule Property="SingleAccess" Resource="LS Utilisateur Liste Statique - DROITS LISTE (Compte Windows ZGIE )" SingleRole="SR_AD_LS_GIE_DROILI"/>
		<NavigationRule Property="SingleAccess" Resource="LS Utilisateur Liste Statique - MembresCVIT (Compte Windows ZGIE )" SingleRole="SR_AD_LS_GIE_MEMBRESCVIT"/>
		<NavigationRule Property="SingleAccess" Resource="MOB Utilisateur MOBILITE - Standard GIE (Compte Windows ZGIE )" SingleRole="SR_AD_MOB_NWC2"/>
		<NavigationRule Property="SingleAccess" Resource="MOB Utilisateur MOBILITE - OWA (Compte Windows ZGIE )" SingleRole="SR_AD_MOB_OWA"/>
		<NavigationRule Property="SingleAccess" Resource="Utilisateurs CA-TS NAMESPACE OUTILSRECETTE Kubernetes (Compte Windows ZGIE)" SingleRole="SR_AD_OUTILSRECETTE_KUBE"/>
		<NavigationRule Property="SingleAccess" Resource="FONC Utilisateur Fonction Métier - Resp DEP (Compte Windows ZGIE )" SingleRole="SR_AD_RESP_DEP_CAT"/>
		<NavigationRule Property="SingleAccess" Resource="FONC Utilisateur Fonction Métier - Resp DIR" SingleRole="SR_AD_RESP_DIR_CAT"/>
		<NavigationRule Property="SingleAccess" Resource="FONC Utilisateur Fonction Métier - Resp SER" SingleRole="SR_AD_RESP_SER_CAS"/>
		<NavigationRule Property="SingleAccess" Resource="FONC Utilisateur Fonction Métier - Resp SER (Compte Windows ZGIE )" SingleRole="SR_AD_RESP_SER_CAT"/>
		<NavigationRule Property="SingleAccess" Resource="SandBox BPCR des TA - indus plateforme Kubernative (Compte Windows ZGIE )" SingleRole="SR_AD_SBOXBPCRINDUS_K8S-HPR"/>
		<NavigationRule Property="SingleAccess" Resource="PSSIT Utilisateurs Groupe agents responsables des outils PSSIT (Compte Windows ZGIE )" SingleRole="SR_AD_SQUADDEVNTV"/>
		<NavigationRule Property="SingleAccess" Resource="Admin entite CA-TS du PORTAIL D’EXPOSITION ET DE CONSOMMATION DES API BANCAIRES Hors Production (Compte Windows ZGIE )" SingleRole="SR_AD_S1459_ADE_HPR"/>
		<NavigationRule Property="SingleAccess" Resource="Groupe d'utilisateurs pour acces en tant qu'administrateur dossier Expertise du Patrimoine Absana (POC) (Compte Windows ZGIE)" SingleRole="SR_AD_ABSANA_EDP-ADM"/>
		<NavigationRule Property="SingleAccess" Resource="Groupe d'utilisateurs pour acces en lecture seule dossier Expertise du Patrimoine Absana (POC) (Compte Windows ZGIE)" SingleRole="SR_AD_ABSANA_EDP-RO"/>
		<NavigationRule Property="SingleAccess" Resource="MOB Accès à la MOBILITE CATS (Compte Windows ZGIE)" SingleRole="SR_AD_MOB_NWC"/>
		<NavigationRule Property="SingleAccess" Resource="P1354 Groupe utilisateur pour acces en SANDBOX au compte AWS droits Devops (Compte Windows ZGIE)" SingleRole="SR_AD_P1354_AWS-sandbox-DO"/>
		<NavigationRule Property="SingleAccess" Resource="P1354 Groupe utilisateur pour acces en SANDBOX au compte AWS droits SysAdmin (Compte Windows ZGIE)" SingleRole="SR_AD_P1354_AWS-sandbox-SA"/>
		<NavigationRule Property="SingleAccess" Resource="P0039 référence les utilisateurs Cluster BPCR élégibles au NAMESPACE P0039 Kubernetes sur le Cluster CATS de PROD (Compte Windows ZGIE )" SingleRole="SR_AD_P0039_K8S-PRD"/>
		<NavigationRule Property="SingleAccess" Resource="P0042 référence les utilisateurs Cluster BPCR élégibles au NAMESPACE P0042 Kubernetes sur le Cluster CATS de PROD (Compte Windows ZGIE )" SingleRole="SR_AD_P0042_K8S-PRD"/>
		<NavigationRule Property="SingleAccess" Resource="P0267 KUBE Internet PPROD Référence les utilisateurs CATS éligibles au namespace P0267 KUBE Internet PPROD (Compte Windows ZGIE )" SingleRole="SR_AD_P0267_K8S-HPRI"/>
		<NavigationRule Property="SingleAccess" Resource="BURS Utilisateur Lecteur S etU: - TOUS LES MANAGEURS OPERATIONS ET PROJETS TOKYO (Compte Windows ZGIE )" SingleRole="SR_AD_DGA_01015_MANAGEURS_TOUS"/>
		<NavigationRule Property="SingleAccess" Resource="BURS Utilisateur Lecteur S etU: - MEMBRE DIR_DEVOPS (Compte Windows ZGIE )" SingleRole="SR_AD_DIR_01086_MEMBRE"/>
		<NavigationRule Property="SingleAccess" Resource="BURS Utilisateur Lecteur S etU: - MEMBRE DIR_OPERATIONS (Compte Windows ZGIE )" SingleRole="SR_AD_DIR_01093_MEMBRE"/>
		<NavigationRule Property="SingleAccess" Resource="BURT Données bureautiques CATS Transformation - Partage Standard Pole Produit DISTRIBUTION CLIENTS ET COLLABORATEURS (Compte Windows ZGIE )" SingleRole="SR_AD_PP1_01162"/>
		<NavigationRule Property="SingleAccess" Resource="XIMO INTRANET CATS-Visiteur prestataire (Compte Windows ZGIE )" SingleRole="SR_AD_S1356_EXT_V"/>
		<NavigationRule Property="SingleAccess" Resource="comptes autorises a participer a l'XP O365 (Compte Windows ZGIE )" SingleRole="SR_AD_ACCES_CLOUD_OFFICE365"/>
		<NavigationRule Property="SingleAccess" Resource="Groupe identifiant tous les utilisateurs CAGIP Internes (Compte Windows ZGIE )" SingleRole="SR_AD_CAGIP_INTERNE"/>
		<NavigationRule Property="SingleAccess" Resource="FONC Utilisateur Fonction Métier - Resp UNI (Compte Windows ZGIE )" SingleRole="SR_AD_CAT_RESP_UNI"/>
		<NavigationRule Property="SingleAccess" Resource="FONC Utilisateur Fonction Métier - Salarié (Compte Windows ZGIE )" SingleRole="SR_AD_CAT_SALARIE"/>
		<NavigationRule Property="SingleAccess" Resource="FONC Utilisateur Fonction Métier - Détaché (Compte Windows ZGIE )" SingleRole="SR_AD_DETACHE"/>
		<NavigationRule Property="SingleAccess" Resource="LS Utilisateur Liste Statique - CATLD DIFFUSION METEOS DATA SIDV2( compte Windows ZGIE)" SingleRole="SR_AD_LS_CAT_METEOSIDV2"/>
		<NavigationRule Property="SingleAccess" Resource="LS Utilisateur Liste Statique - DROITS LISTE (Compte Windows ZGIE )" SingleRole="SR_AD_LS_GIE_DROILI"/>
		<NavigationRule Property="SingleAccess" Resource="FONC Utilisateur Fonction Métier - Resp DEP" SingleRole="SR_AD_RESP_DEP_CAS"/>
		<NavigationRule Property="SingleAccess" Resource="FONC Utilisateur Fonction Métier - Resp DIR (Compte Windows ZGIE )" SingleRole="SR_AD_RESP_DIR_CAS"/>
		<NavigationRule Property="SingleAccess" Resource="FONC Utilisateur Fonction Métier - Resp SER" SingleRole="SR_AD_RESP_SER_CAS"/>
		<NavigationRule Property="SingleAccess" Resource="FONC Utilisateur Fonction Métier - Resp SER (Compte Windows ZGIE )" SingleRole="SR_AD_RESP_SER_CAT"/>
		
	</ResourceType>
	
	<!-- <Resource Id="-110000" DisplayName_L1="Rôle composé de test Maiga" C4="Rôle composé de test Maiga" Type="MaigaCompositeAccess" /> -->
	<!-- <Resource Id="-110001" DisplayName_L1="Rôle simple Maiga 1" C4="Rôle simple Maiga 1" Type="MaigaSingleAccess" /> -->
	<!-- <Resource Id="-110002" DisplayName_L1="Rôle simple Maiga 2" C4="Rôle simple Maiga 2" Type="MaigaSingleAccess" /> -->
	
</ConfigurationFile>