﻿<ConfigurationFile xmlns="urn:schemas-usercube-com:configuration">
  

	<ResourceTypeMapping Identifier="Maiga" Connection="MaigaProvManConnection" />
	<ResourceType MaximumDelete="0" MaximumDeletePercent="30" MaximumInsert="0" MaximumInsertPercent="30" MaximumUpdate="0" MaximumUpdatePercent="30" Identifier="Maiga" SourceEntityType="Person" TargetEntityType="MaigaUsers" Policy="Default" Category="Metis" DisplayName_L1="Habilitation Maiga" BlockProvisioning="false">
		
	
		<ScalarRule Property="FirstName" Binding="FirstName" />
		<ScalarRule Property="LastName" Binding="LastName" />
		<ScalarRule Property="Email" Binding="Mail" />
		<ScalarRule Property="UserStartDate" Expression="C#:PersonRecord:return (PersonRecord.WhenIn.Value).ToString(&quot;dd/MM/yyyy&quot;);" />
		<ScalarRule Property="UserEndDate" Expression="C#:PersonRecord:return (PersonRecord.WhenOut.Value).ToString(&quot;dd/MM/yyyy&quot;);" />
		
	</ResourceType>
	
	<ResourceCorrelationRule ResourceType="Maiga" SourceMatchedConfidenceLevel="101" SourceBinding="Mail" TargetBinding="Email" Policy="Default" />
	
</ConfigurationFile>
