﻿<ConfigurationFile xmlns="urn:schemas-usercube-com:configuration">
  <DisplayTable Identifier="MaigaUsers" EntityType="MaigaUsers" DisplayTableDesignElement="resourcetable" IsEntityTypeDefault="true">
    <Column DisplayBinding="FirstName" IsDisplayInSummaryView="true" IsResizable="true" IsSortable="true" CanBeFiltered="true" ColumnSize="2" />
    <Column DisplayBinding="LastName" IsDisplayInSummaryView="true" IsResizable="true" IsSortable="true" CanBeFiltered="true" ColumnSize="2" />
	<Column DisplayBinding="Email" IsDisplayInSummaryView="true" IsResizable="true" IsSortable="true" CanBeFiltered="true" ColumnSize="2" />
	<Column DisplayBinding="UserStartDate" IsDisplayInSummaryView="true" IsResizable="true" IsSortable="true" CanBeFiltered="true" ColumnSize="2" />
	<Column DisplayBinding="UserEndDate" IsDisplayInSummaryView="true" IsResizable="true" IsSortable="true" CanBeFiltered="true" ColumnSize="2" />
  </DisplayTable>

  <DisplayEntityType Identifier="MaigaUsers" IconCode="TriangleUp12">
    <Property OutputType="BasicCollection" Identifier="CompositeAccess" />
	<Property OutputType="BasicCollection" Identifier="SingleAccess" />
  </DisplayEntityType>
  
  <DisplayTable Identifier="MaigaCompositeAccess" EntityType="MaigaCompositeAccess" DisplayTableDesignElement="table" IsEntityTypeDefault="true">
    <Column DisplayBinding="libelle" IsDisplayInSummaryView="true" IsResizable="true" IsSortable="true" CanBeFiltered="true" ColumnSize="2" />
  </DisplayTable>

  <DisplayEntityType Identifier="MaigaCompositeAccess" IconCode="TriangleUp12">
    <Property OutputType="BasicCollection" Identifier="users" />
  </DisplayEntityType>
  
  <DisplayTable Identifier="MaigaSingleAccess" EntityType="MaigaSingleAccess" DisplayTableDesignElement="table" IsEntityTypeDefault="true">
    <Column DisplayBinding="libelle" IsDisplayInSummaryView="true" IsResizable="true" IsSortable="true" CanBeFiltered="true" ColumnSize="2" />
  </DisplayTable>

  <DisplayEntityType Identifier="MaigaSingleAccess" IconCode="TriangleUp12">
    <Property OutputType="BasicCollection" Identifier="users" />
  </DisplayEntityType>
</ConfigurationFile>
