﻿
<ConfigurationFile xmlns="urn:schemas-usercube-com:configuration">

  <Connection Identifier="RACFCASAZDV1" DisplayName_L1="RACF CASA ZDV1" Connector="RACF_CASA_ZDV1" Package="Usercube.RACF@0000001" />

  <Connection Identifier="PowerShellRACFFulfillmentRACFCASAZDV1" Package="Usercube.Powershell@0000001" DisplayName_L1="PowerShellRACFFulfillmentRACFCASAZDV1" Connector="RACF_CASA_ZDV1" DeactivationExportFulfill="Export" />
  <Connector IncrementalJob="OnlyProvisioning" MaxLinkPercentageDeletedLines="30" MaxLinkPercentageInsertedLines="30" MaxPercentageDeletedLines="30" MaxPercentageInsertedLines="30" MaxPercentageUpdatedLines="30" MaximumDeletedLines="0" MaximumInsertedLines="0" MaximumLinkDeletedLines="0" MaximumLinkInsertedLines="0" MaximumUpdatedLines="0" Identifier="RACF_CASA_ZDV1" DisplayName_L1="RACF_CASA_ZDV1" Agent="Local" />
  <EntityType Identifier="RACF_CASA_ZDV1_User" DisplayName_L1="Compte RACF_CASA_ZDV1">
    <Property Identifier="USBD_RECORD_TYPE" DisplayName_L1="USBD_RECORD_TYPE" Type="String" TargetColumnIndex="4" />
<Property Identifier="USBD_NAME" DisplayName_L1="USBD_NAME" Type="String" TargetColumnIndex="5" IsKey="true" />
    <Property Identifier="USBD_CREATE_DATE" DisplayName_L1="USBD_CREATE_DATE" Type="String" TargetColumnIndex="6" />
    <Property Identifier="USBD_OWNER_ID" DisplayName_L1="USBD_OWNER_ID" Type="String" TargetColumnIndex="7" />
    <Property Identifier="USBD_ADSP" DisplayName_L1="USBD_ADSP" Type="String" TargetColumnIndex="8" />
    <Property Identifier="USBD_SPECIAL" DisplayName_L1="USBD_SPECIAL" Type="String" TargetColumnIndex="9" />
    <Property Identifier="USBD_OPER" DisplayName_L1="USBD_OPER" Type="String" TargetColumnIndex="10" />
    <Property Identifier="USBD_REVOKE" DisplayName_L1="USBD_REVOKE" Type="String" TargetColumnIndex="11" />
    <Property Identifier="USBD_GRPACC" DisplayName_L1="USBD_GRPACC" Type="String" TargetColumnIndex="12" />
    <Property Identifier="USBD_PWD_INTERVAL" DisplayName_L1="USBD_PWD_INTERVAL" Type="String" TargetColumnIndex="13" />
    <Property Identifier="USBD_PWD_DATE" DisplayName_L1="USBD_PWD_DATE" Type="String" TargetColumnIndex="14" />
    <Property Identifier="USBD_PROGRAMMER" DisplayName_L1="USBD_PROGRAMMER" Type="String" TargetColumnIndex="15" />
    <Property Identifier="USBD_DEFGRP_ID" DisplayName_L1="USBD_DEFGRP_ID" Type="String" TargetColumnIndex="16" />
    <!-- <Property Identifier="USBD_LASTJOB_TIME" DisplayName_L1="USBD_LASTJOB_TIME" Type="String" TargetColumnIndex="17" /> -->
    <!-- <Property Identifier="USBD_LASTJOB_DATE" DisplayName_L1="USBD_LASTJOB_DATE" Type="String" TargetColumnIndex="18" /> -->
    <Property Identifier="USBD_INSTALL_DATA" DisplayName_L1="USBD_INSTALL_DATA" Type="String" TargetColumnIndex="19" />
    <Property Identifier="USBD_UAUDIT" DisplayName_L1="USBD_UAUDIT" Type="String" TargetColumnIndex="20" />
    <Property Identifier="USBD_AUDITOR" DisplayName_L1="USBD_AUDITOR" Type="String" TargetColumnIndex="21" />
    <Property Identifier="USBD_NOPWD" DisplayName_L1="USBD_NOPWD" Type="String" TargetColumnIndex="22" />
    <Property Identifier="USBD_OIDCARD" DisplayName_L1="USBD_OIDCARD" Type="String" TargetColumnIndex="23" />
    <Property Identifier="USBD_PWD_GEN" DisplayName_L1="USBD_PWD_GEN" Type="String" TargetColumnIndex="24" />
    <Property Identifier="USBD_REVOKE_CNT" DisplayName_L1="USBD_REVOKE_CNT" Type="String" TargetColumnIndex="25" />
    <Property Identifier="USBD_MODEL" DisplayName_L1="USBD_MODEL" Type="String" TargetColumnIndex="26" />
    <Property Identifier="USBD_SECLEVEL" DisplayName_L1="USBD_SECLEVEL" Type="String" TargetColumnIndex="27" />
    <Property Identifier="USBD_REVOKE_DATE" DisplayName_L1="USBD_REVOKE_DATE" Type="String" TargetColumnIndex="28" />
    <Property Identifier="USBD_RESUME_DATE" DisplayName_L1="USBD_RESUME_DATE" Type="String" TargetColumnIndex="29" />
    <Property Identifier="USBD_ACCESS_SUN" DisplayName_L1="USBD_ACCESS_SUN" Type="String" TargetColumnIndex="30" />
    <Property Identifier="USBD_ACCESS_MON" DisplayName_L1="USBD_ACCESS_MON" Type="String" TargetColumnIndex="31" />
    <Property Identifier="USBD_ACCESS_TUE" DisplayName_L1="USBD_ACCESS_TUE" Type="String" TargetColumnIndex="32" />
    <Property Identifier="USBD_ACCESS_WED" DisplayName_L1="USBD_ACCESS_WED" Type="String" TargetColumnIndex="33" />
    <Property Identifier="USBD_ACCESS_THU" DisplayName_L1="USBD_ACCESS_THU" Type="String" TargetColumnIndex="34" />
    <Property Identifier="USBD_ACCESS_FRI" DisplayName_L1="USBD_ACCESS_FRI" Type="String" TargetColumnIndex="35" />
    <Property Identifier="USBD_ACCESS_SAT" DisplayName_L1="USBD_ACCESS_SAT" Type="String" TargetColumnIndex="36" />
    <!-- <Property Identifier="USBD_START_TIME" DisplayName_L1="USBD_START_TIME" Type="String" TargetColumnIndex="37" />
    <Property Identifier="USBD_END_TIME" DisplayName_L1="USBD_END_TIME" Type="String" TargetColumnIndex="38" /> -->
    <Property Identifier="USBD_SECLABEL" DisplayName_L1="USBD_SECLABEL" Type="String" TargetColumnIndex="39" />
    <Property Identifier="USBD_ATTRIBS" DisplayName_L1="USBD_ATTRIBS" Type="String" TargetColumnIndex="40" />
    <Property Identifier="USBD_PWDENV_EXISTS" DisplayName_L1="USBD_PWDENV_EXISTS" Type="String" TargetColumnIndex="41" />
    <Property Identifier="USBD_PWD_ASIS" DisplayName_L1="USBD_PWD_ASIS" Type="String" TargetColumnIndex="42" />
    <Property Identifier="USBD_PHR_DATE" DisplayName_L1="USBD_PHR_DATE" Type="String" TargetColumnIndex="43" />
    <Property Identifier="USBD_PHR_GEN" DisplayName_L1="USBD_PHR_GEN" Type="String" TargetColumnIndex="44" />
    <Property Identifier="USBD_CERT_SEQN" DisplayName_L1="USBD_CERT_SEQN" Type="String" TargetColumnIndex="45" />
    <Property Identifier="USBD_PPHENV_EXISTS" DisplayName_L1="USBD_PPHENV_EXISTS" Type="String" TargetColumnIndex="46" />
    <Property Identifier="Groups" Type="ForeignKey" />
  </EntityType>
  <EntityTypeMapping MaximumDeletedLines="0" MaximumInsertedLines="0" MaximumUpdatedLines="0" MaxPercentageDeletedLines="30" MaxPercentageInsertedLines="30" MaxPercentageUpdatedLines="30" Connector="RACF_CASA_ZDV1" ConnectionTable="RACFCASAZDV1_0200" Identifier="RACF_CASA_ZDV1_User">
    <Property Identifier="USBD_RECORD_TYPE" ConnectionColumn="USBD_RECORD_TYPE" />
    <Property Identifier="USBD_NAME" ConnectionColumn="USBD_NAME" IsPrimaryKey="1" />
    <Property Identifier="USBD_CREATE_DATE" ConnectionColumn="USBD_CREATE_DATE" />
    <Property Identifier="USBD_OWNER_ID" ConnectionColumn="USBD_OWNER_ID" />
    <Property Identifier="USBD_ADSP" ConnectionColumn="USBD_ADSP" />
    <Property Identifier="USBD_SPECIAL" ConnectionColumn="USBD_SPECIAL" />
    <Property Identifier="USBD_OPER" ConnectionColumn="USBD_OPER" />
    <Property Identifier="USBD_REVOKE" ConnectionColumn="USBD_REVOKE" />
    <Property Identifier="USBD_GRPACC" ConnectionColumn="USBD_GRPACC" />
    <Property Identifier="USBD_PWD_INTERVAL" ConnectionColumn="USBD_PWD_INTERVAL" />
    <Property Identifier="USBD_PWD_DATE" ConnectionColumn="USBD_PWD_DATE" />
    <Property Identifier="USBD_PROGRAMMER" ConnectionColumn="USBD_PROGRAMMER" />
    <Property Identifier="USBD_DEFGRP_ID" ConnectionColumn="USBD_DEFGRP_ID" />
    <!-- <Property Identifier="USBD_LASTJOB_TIME" ConnectionColumn="USBD_LASTJOB_TIME" /> -->
    <!-- <Property Identifier="USBD_LASTJOB_DATE" ConnectionColumn="USBD_LASTJOB_DATE" /> -->
    <Property Identifier="USBD_INSTALL_DATA" ConnectionColumn="USBD_INSTALL_DATA" />
    <Property Identifier="USBD_UAUDIT" ConnectionColumn="USBD_UAUDIT" />
    <Property Identifier="USBD_AUDITOR" ConnectionColumn="USBD_AUDITOR" />
    <Property Identifier="USBD_NOPWD" ConnectionColumn="USBD_NOPWD" />
    <Property Identifier="USBD_OIDCARD" ConnectionColumn="USBD_OIDCARD" />
    <Property Identifier="USBD_PWD_GEN" ConnectionColumn="USBD_PWD_GEN" />
    <Property Identifier="USBD_REVOKE_CNT" ConnectionColumn="USBD_REVOKE_CNT" />
    <Property Identifier="USBD_MODEL" ConnectionColumn="USBD_MODEL" />
    <Property Identifier="USBD_SECLEVEL" ConnectionColumn="USBD_SECLEVEL" />
    <Property Identifier="USBD_REVOKE_DATE" ConnectionColumn="USBD_REVOKE_DATE" />
    <Property Identifier="USBD_RESUME_DATE" ConnectionColumn="USBD_RESUME_DATE" />
    <Property Identifier="USBD_ACCESS_SUN" ConnectionColumn="USBD_ACCESS_SUN" />
    <Property Identifier="USBD_ACCESS_MON" ConnectionColumn="USBD_ACCESS_MON" />
    <Property Identifier="USBD_ACCESS_TUE" ConnectionColumn="USBD_ACCESS_TUE" />
    <Property Identifier="USBD_ACCESS_WED" ConnectionColumn="USBD_ACCESS_WED" />
    <Property Identifier="USBD_ACCESS_THU" ConnectionColumn="USBD_ACCESS_THU" />
    <Property Identifier="USBD_ACCESS_FRI" ConnectionColumn="USBD_ACCESS_FRI" />
    <Property Identifier="USBD_ACCESS_SAT" ConnectionColumn="USBD_ACCESS_SAT" />
    <!-- <Property Identifier="USBD_START_TIME" ConnectionColumn="USBD_START_TIME" />
    <Property Identifier="USBD_END_TIME" ConnectionColumn="USBD_END_TIME" /> -->
    <Property Identifier="USBD_SECLABEL" ConnectionColumn="USBD_SECLABEL" />
    <Property Identifier="USBD_ATTRIBS" ConnectionColumn="USBD_ATTRIBS" />
    <Property Identifier="USBD_PWDENV_EXISTS" ConnectionColumn="USBD_PWDENV_EXISTS" />
    <Property Identifier="USBD_PWD_ASIS" ConnectionColumn="USBD_PWD_ASIS" />
    <Property Identifier="USBD_PHR_DATE" ConnectionColumn="USBD_PHR_DATE" />
    <Property Identifier="USBD_PHR_GEN" ConnectionColumn="USBD_PHR_GEN" />
    <Property Identifier="USBD_CERT_SEQN" ConnectionColumn="USBD_CERT_SEQN" />
    <Property Identifier="USBD_PPHENV_EXISTS" ConnectionColumn="USBD_PPHENV_EXISTS" />
  </EntityTypeMapping>
  <DisplayEntityType IconCode="WebAppBuilderFragment" PluralDisplayName_L1="Comptes RACF_CASA_ZDV1" Identifier="RACF_CASA_ZDV1_User">
    <Property OutputType="BasicCollection" Identifier="Groups" />
  </DisplayEntityType>
  <EntityType Identifier="RACF_CASA_ZDV1_Group" DisplayName_L1="Groupe RACF_CASA_ZDV1">
    <Property Identifier="GPBD_RECORD_TYPE" DisplayName_L1="GPBD_RECORD_TYPE" Type="String" TargetColumnIndex="4" />
    <Property Identifier="GPBD_NAME" DisplayName_L1="GPBD_NAME" IsKey="true" Type="String" TargetColumnIndex="5" />
    <Property Identifier="GPBD_SUPGRP_ID" DisplayName_L1="GPBD_SUPGRP_ID" Type="String" TargetColumnIndex="6" />
    <Property Identifier="GPBD_CREATE_DATE" DisplayName_L1="GPBD_CREATE_DATE" Type="String" TargetColumnIndex="7" />
    <Property Identifier="GPBD_OWNER_ID" DisplayName_L1="GPBD_OWNER_ID" Type="String" TargetColumnIndex="8" />
    <Property Identifier="GPBD_UACC" DisplayName_L1="GPBD_UACC" Type="String" TargetColumnIndex="9" />
    <Property Identifier="GPBD_NOTERMUACC" DisplayName_L1="GPBD_NOTERMUACC" Type="String" TargetColumnIndex="10" />
    <Property Identifier="GPBD_INSTALL_DATA" DisplayName_L1="GPBD_INSTALL_DATA" Type="String" TargetColumnIndex="11" />
    <Property Identifier="GPBD_MODEL" DisplayName_L1="GPBD_MODEL" Type="String" TargetColumnIndex="13" />
    <Property Identifier="GPBD_UNIVERSAL" DisplayName_L1="GPBD_UNIVERSAL" Type="String" TargetColumnIndex="14" />
    <Property Identifier="Users" Type="ForeignKey" />
  </EntityType>
  <EntityTypeMapping MaximumDeletedLines="0" MaximumInsertedLines="0" MaximumUpdatedLines="0" MaxPercentageDeletedLines="30" MaxPercentageInsertedLines="30" MaxPercentageUpdatedLines="30" Connector="RACF_CASA_ZDV1" ConnectionTable="RACFCASAZDV1_0100" Identifier="RACF_CASA_ZDV1_Group">
    <Property Identifier="GPBD_RECORD_TYPE" ConnectionColumn="GPBD_RECORD_TYPE" />
    <Property Identifier="GPBD_NAME" ConnectionColumn="GPBD_NAME" IsPrimaryKey="1" />
    <Property Identifier="GPBD_SUPGRP_ID" ConnectionColumn="GPBD_SUPGRP_ID" />
    <Property Identifier="GPBD_CREATE_DATE" ConnectionColumn="GPBD_CREATE_DATE" />
    <Property Identifier="GPBD_OWNER_ID" ConnectionColumn="GPBD_OWNER_ID" />
    <Property Identifier="GPBD_UACC" ConnectionColumn="GPBD_UACC" />
    <Property Identifier="GPBD_NOTERMUACC" ConnectionColumn="GPBD_NOTERMUACC" />
    <Property Identifier="GPBD_INSTALL_DATA" ConnectionColumn="GPBD_INSTALL_DATA" />
    <Property Identifier="GPBD_MODEL" ConnectionColumn="GPBD_MODEL" />
    <Property Identifier="GPBD_UNIVERSAL" ConnectionColumn="GPBD_UNIVERSAL" />
  </EntityTypeMapping>
  <EntityAssociationMapping MaximumDeletedLines="0" MaximumInsertedLines="0" MaxPercentageDeletedLines="30" MaxPercentageInsertedLines="30" Connector="RACF_CASA_ZDV1" Identifier="RACF_CASA_ZDV1_User_Group_Users" ConnectionTable="RACFCASAZDV1_0102" Column1="GPMEM_NAME" Column2="GPMEM_MEMBER_ID" EntityPropertyMapping1="RACF_CASA_ZDV1_Group:GPBD_NAME" EntityPropertyMapping2="RACF_CASA_ZDV1_User:USBD_NAME" />

  <DisplayEntityType IconCode="WebAppBuilderFragmentCreate" PluralDisplayName_L1="Groupes RACF_CASA_ZDV1" Identifier="RACF_CASA_ZDV1_Group">
    <Property OutputType="BasicCollection" Identifier="Users" />
  </DisplayEntityType>
  <EntityAssociation Identifier="RACF_CASA_ZDV1_User_Group_Users" IsProperty1Collection="true" IsProperty2Collection="true" Property1="RACF_CASA_ZDV1_Group:Users" Property2="RACF_CASA_ZDV1_User:Groups" />
  <EntityPropertyExpression Identifier="RACF_CASA_ZDV1_Group_InternalDisplayName" Binding="GPBD_NAME" EntityType="RACF_CASA_ZDV1_Group" Property="InternalDisplayName" />
  <EntityPropertyExpression Identifier="RACF_CASA_ZDV1_User_InternalDisplayName" Binding="USBD_NAME" EntityType="RACF_CASA_ZDV1_User" Property="InternalDisplayName" />

  <ViewTemplate EntityType="RACF_CASA_ZDV1_User" Profile="Administrator" />
  <ViewTemplate EntityType="RACF_CASA_ZDV1_Group" Profile="Administrator" />

  <ViewAccessControlRules EntityType="RACF_CASA_ZDV1_User" Profile="Administrator" />
  <ViewAccessControlRules EntityType="RACF_CASA_ZDV1_Group" Profile="Administrator" />

  <!-- <ViewAccessControlRules EntityType="RACF_CASA_ZDV1_User" Profile="RoleOfficer" />
  <ViewAccessControlRules EntityType="RACF_CASA_ZDV1_Group" Profile="RoleOfficer" />

  <ViewAccessControlRules EntityType="RACF_CASA_ZDV1_User" Profile="RoleOfficer2" />
  <ViewAccessControlRules EntityType="RACF_CASA_ZDV1_Group" Profile="RoleOfficer2" /> -->

  <TargetResourceReport EntityType="RACF_CASA_ZDV1_User" Profile="Administrator" />
  <TargetResourceReportAccessControlRules EntityType="RACF_CASA_ZDV1_User" Profile="Administrator" />
  <TargetResourceReportMenus EntityType="RACF_CASA_ZDV1_User" Profile="Administrator" />
</ConfigurationFile>
