<ConfigurationFile xmlns="urn:schemas-usercube-com:configuration">

  <!-- DIMENSION LOC all -->
  <EntityType Identifier="Co_localisation" DisplayName_L1="Co-localisation">
	<Property Identifier="Site" DisplayName_L1="Site" Type="String" TargetColumnIndex="5" IsKey="true" />

    <Property Identifier="PersonRecords" DisplayName_L1="Collaborateurs" Type="ForeignKey" />
  </EntityType>
  
  <EntityPropertyExpression Identifier="Co_localisation_InternalDisplayName" Binding="Site" EntityType="Co_localisation" Property="InternalDisplayName" />

  <EntityTypeMapping MaximumDeletedLines="0" MaximumInsertedLines="0" MaximumUpdatedLines="0" MaxPercentageDeletedLines="30" MaxPercentageInsertedLines="30" MaxPercentageUpdatedLines="30" Connector="OrganizationalData" Identifier="Co_localisation" />

  <DisplayEntityType PluralDisplayName_L1="Co-localisations" Identifier="Co_localisation" IconCode="CityNext">
    <Property OutputType="BasicCollection" Identifier="PersonRecords" NavigationBinding="PersonRecord:Person" />
  </DisplayEntityType>

  <DisplayTable Identifier="Co_localisation" EntityType="Co_localisation" DisplayTableDesignElement="table" IsEntityTypeDefault="true">
    <Column DefaultSortPriority="1" DisplayBinding="Site" IsDisplayInSummaryView="true" IsResizable="true" IsSortable="true" CanBeFiltered="true" ColumnSize="2" />
  </DisplayTable>

</ConfigurationFile>
