﻿<ConfigurationFile xmlns="urn:schemas-usercube-com:configuration">

  <!--! Company-->
  <EntityType Identifier="Company" DisplayName_L1="Société">
    <Property Identifier="Identifier" DisplayName_L1="Identifiant" Type="String" TargetColumnIndex="4" />
    <Property Identifier="DisplayName" DisplayName_L1="Libellé" Type="String" TargetColumnIndex="5" />
    <!-- <Property Identifier="OuPartenaire" DisplayName_L1="OU Partenaire" Type="String" TargetColumnIndex="6" /> -->
    <!-- <Property Identifier="IsPartenaire" DisplayName_L1="Est un partenaire" Type="Bool" TargetColumnIndex="7" /> -->
    <Property Identifier="PersonRecords" DisplayName_L1="Collaborateurs" Type="ForeignKey" />
    <Property Identifier="Contracts" DisplayName_L1="Contrat" Type="ForeignKey" />
  </EntityType>

  <EntityTypeMapping MaximumDeletedLines="0" MaximumInsertedLines="0" MaximumUpdatedLines="0" MaxPercentageDeletedLines="30" MaxPercentageInsertedLines="30" MaxPercentageUpdatedLines="30" Connector="OrganizationalData" Identifier="Company" />
  <DisplayEntityType PluralDisplayName_L1="Sociétés prestataires" Identifier="Company" IconCode="CityNext">
    <Property OutputType="BasicCollection" Identifier="Contracts" />
    <Property OutputType="BasicCollection" Identifier="PersonRecords" NavigationBinding="PersonRecord:Person" />
  </DisplayEntityType>

  <DisplayTable Identifier="Company" EntityType="Company" DisplayTableDesignElement="table" IsEntityTypeDefault="true">
    <Column DisplayBinding="Identifier" IsDisplayInSummaryView="true" IsResizable="true" IsSortable="true" CanBeFiltered="true" ColumnSize="2" />
    <Column DefaultSortPriority="1" DisplayBinding="DisplayName" IsDisplayInSummaryView="true" IsResizable="true" IsSortable="true" CanBeFiltered="true" ColumnSize="2" SearchOperator="Contain" />
  </DisplayTable>


  <EntityPropertyExpression Identifier="Company_InternalDisplayName" Binding="DisplayName" EntityType="Company" Property="InternalDisplayName" />
  <!-- <EntityPropertyExpression Identifier="Company_IsPartenaire" Property="IsPartenaire" EntityType="Company" Expression="C#:company:return (company.OuPartenaire == null) ? false : true ;" /> -->


</ConfigurationFile>
