﻿<ConfigurationFile xmlns="urn:schemas-usercube-com:configuration">

  <!-- Contract-->
  <!-- COMMANDE MEP -->
  <EntityType Identifier="Contract" DisplayName_L1="Commandes">
    <Property Identifier="Identifier" DisplayName_L1="Identifiant" IsKey="true" Type="String" TargetColumnIndex="1" />
	  <Property Identifier="n_commande" DisplayName_L1="N° CMD" TargetColumnIndex="2" Type="String" />
    <Property Identifier="n_ligne" DisplayName_L1="N° ligne" TargetColumnIndex="5" Type="String" />
    <Property Identifier="n_contrat" DisplayName_L1="N° contrat" TargetColumnIndex="8" Type="String" />
    <Property Identifier="DisplayName" DisplayName_L1="Libellé" TargetColumnIndex="9" Type="String" />
    <!-- <Property Identifier="prescripteur" DisplayName_L1="Prescripteur" TargetColumnIndex="0" Type="String" /> -->
    <Property Identifier="begin_date" DisplayName_L1="Date de début" TargetColumnIndex="4" Type="DateTime" />
    <Property Identifier="end_date" DisplayName_L1="Date de fin" TargetColumnIndex="6" Type="DateTime" />

    <Property Identifier="EmployeeTypes" DisplayName_L1="Type de contrat" TargetColumnIndex="128" Type="ForeignKey" />
    <Property Identifier="Companies" DisplayName_L1="Société" TargetColumnIndex="129" Type="ForeignKey" />
    <Property Identifier="Requestors" DisplayName_L1="Demandeur" TargetColumnIndex="130" Type="ForeignKey" />
    <Property Identifier="PersonRecords" DisplayName_L1="Collaborateurs" Type="ForeignKey" />
  </EntityType>

  <EntityTypeMapping Connector="OrganizationalData" Identifier="Contract" MaximumDeletedLines="0" MaximumInsertedLines="0" MaximumUpdatedLines="0" MaxPercentageDeletedLines="30" MaxPercentageInsertedLines="30" MaxPercentageUpdatedLines="30" />

  <EntityAssociation Identifier="Contracts_EmployeeTypes" Property1="Contract:EmployeeTypes" IsProperty2Collection="true" Property2="EmployeeType:Contracts" />
  <EntityAssociation Identifier="Contracts_Companies" Property1="Contract:Companies" IsProperty2Collection="true" Property2="Company:Contracts" />
  <EntityAssociation Identifier="Contracts_Requestors" Property1="Contract:Requestors" IsProperty2Collection="true" Property2="PersonRecord:Requestor" />

  <!-- COMMANDE MEP -->
  <DisplayEntityType PluralDisplayName_L1="Commandes" Identifier="Contract" IconCode="PageEdit">
    <Property DisplayOrder="-1" IsRequired="true" Identifier="Identifier" />
    <!-- <Property IsRequired="true" Identifier="DisplayName" />   -->
    <Property IsRequired="true" Identifier="Identifier" />
    <Property IsRequired="true" Identifier="n_commande" />
    <Property IsRequired="true" Identifier="n_ligne" />
    <Property IsRequired="true" Identifier="begin_date" />
    <Property IsRequired="true" Identifier="Companies" OutputType="BasicCollection" />
    <Property IsRequired="true" Identifier="EmployeeTypes" OutputType="BasicCollection" />
    <Property OutputType="BasicCollection" Identifier="Requestors" NavigationBinding="PersonRecord:Person" />
    <Property OutputType="BasicCollection" Identifier="PersonRecords" NavigationBinding="PersonRecord:Person" />
  </DisplayEntityType>

  <!-- COMMANDE MEP -->
  <DisplayTable Identifier="Contract" EntityType="Contract" DisplayTableDesignElement="table" IsEntityTypeDefault="true">
    <Column DefaultSortPriority="-1" DisplayBinding="n_commande" IsDisplayInSummaryView="true" IsResizable="true" IsSortable="true" CanBeFiltered="true" ColumnSize="1" />
    <Column DisplayBinding="n_ligne" IsDisplayInSummaryView="true" IsResizable="true" IsSortable="true" CanBeFiltered="true" ColumnSize="1" />
	<Column DisplayBinding="DisplayName" IsDisplayInSummaryView="true" IsResizable="true" IsSortable="true" CanBeFiltered="true" ColumnSize="3" SearchOperator="Contain" />
	<Column DisplayBinding="Requestors.Mail" DisplayName_L1="Demandeur" IsDisplayInSummaryView="true" IsResizable="true" IsSortable="true" CanBeFiltered="true" ColumnSize="2" />
    <Column DisplayBinding="EmployeeTypes.DisplayName" DisplayName_L1="Type de contrat" IsDisplayInSummaryView="true" IsResizable="true" IsSortable="true" CanBeFiltered="true" ColumnSize="2" />
    <Column DisplayBinding="Companies.DisplayName" DisplayName_L1="Société" IsDisplayInSummaryView="true" IsResizable="true" IsSortable="true" CanBeFiltered="true" ColumnSize="2" />
    <Column DisplayBinding="end_date" IsDisplayInSummaryView="true" IsResizable="true" IsSortable="true" CanBeFiltered="false" ColumnSize="1" />
  </DisplayTable>

  <!-- COMMANDE MEP -->
  <EntityPropertyExpression Identifier="Contract_InternalDisplayName" Expression="C#:c:return c.Identifier;" EntityType="Contract" Property="InternalDisplayName" />

</ConfigurationFile>
