﻿<ConfigurationFile xmlns="urn:schemas-usercube-com:configuration">

  <!--! Division-->
  <EntityType Identifier="Division" DisplayName_L1="Division">
    <Property Identifier="Identifier" DisplayName_L1="Identifiant Division" Type="String" TargetColumnIndex="4" IsKey="true" />
    <Property Identifier="DisplayName" DisplayName_L1="Libellé Division" Type="String" TargetColumnIndex="5" />
    <Property Identifier="PersonRecords" DisplayName_L1="Collaborateurs" Type="ForeignKey" />
    <Property Identifier="Users" DisplayName_L1="Collaborateurs" Type="ForeignKey" />
  </EntityType>

  <EntityTypeMapping MaximumDeletedLines="0" MaximumInsertedLines="0" MaximumUpdatedLines="0" MaxPercentageDeletedLines="30" MaxPercentageInsertedLines="30" MaxPercentageUpdatedLines="30" Connector="OrganizationalData" Identifier="Division" />
  <DisplayEntityType PluralDisplayName_L1="Divisions" Identifier="Division" IconCode="RowsChild">
    <Property OutputType="BasicCollection" Identifier="PersonRecords" NavigationBinding="PersonRecord:Person" />
  </DisplayEntityType>

  <DisplayTable Identifier="Division" EntityType="Division" DisplayTableDesignElement="table" IsEntityTypeDefault="true">
    <Column DisplayBinding="Identifier" IsDisplayInSummaryView="true" IsResizable="true" IsSortable="true" CanBeFiltered="true" ColumnSize="2" />
    <Column DefaultSortPriority="1" DisplayBinding="DisplayName" IsDisplayInSummaryView="true" IsResizable="true" IsSortable="true" CanBeFiltered="true" ColumnSize="4" />
  </DisplayTable>


  <EntityPropertyExpression Identifier="Division_InternalDisplayName" Binding="DisplayName" EntityType="Division" Property="InternalDisplayName" />

</ConfigurationFile>
