﻿<ConfigurationFile xmlns="urn:schemas-usercube-com:configuration">
  <EntityType Identifier="DomaineAD" DisplayName_L1="Domaine">
    <Property Identifier="Identifier" DisplayName_L1="Code" Type="String" TargetColumnIndex="4" IsKey="true" />
    <Property Identifier="Suffix" DisplayName_L1="Suffix" Type="String" TargetColumnIndex="5" />
    <Property Identifier="PersonRecords" DisplayName_L1="Collaborateurs" Type="ForeignKey" />
    <Property Identifier="Users" DisplayName_L1="Collaborateurs" Type="ForeignKey" />
  </EntityType>

  <EntityTypeMapping MaximumDeletedLines="0" MaximumInsertedLines="0" MaximumUpdatedLines="0" MaxPercentageDeletedLines="30" MaxPercentageInsertedLines="30" MaxPercentageUpdatedLines="30" Identifier="DomaineAD" Connector="OrganizationalData" />

  <EntityPropertyExpression Identifier="DomaineAD_InternalDisplayName" Binding="Identifier" EntityType="DomaineAD" Property="InternalDisplayName" />

  <DisplayEntityType PluralDisplayName_L1="Domaine" IconCode="Certificate" Identifier="DomaineAD">
    <Property PlaceHolderText_L1="OU" Identifier="Identifier" />
    <Property OutputType="BasicCollection" Identifier="PersonRecords" NavigationBinding="PersonRecord:Person" />
  </DisplayEntityType>

  <!-- <DisplayTable Identifier="DomaineAD" EntityType="DomaineAD" DisplayTableDesignElement="table" IsEntityTypeDefault="true">
    <Column DisplayBinding="Identifier" IsDisplayInSummaryView="true" IsResizable="true" IsSortable="true" CanBeFiltered="true" ColumnSize="3" SearchOperator="Contain" />
  </DisplayTable> -->
  <ViewTemplate EntityType="DomaineAD" Profile="Administrator" />
  <ViewTemplate EntityType="DomaineAD" Profile="CCP" />

  <Resource Id="-351" Type="DomaineAD" DisplayName_L1="CAA01" C4="CAA01" C5="CAA01.LOCAL" />
  <Resource Id="-352" Type="DomaineAD" DisplayName_L1="EMEA.CIB" C4="EMEA.CIB" C5="EMEA.CIB" />
  <Resource Id="-353" Type="DomaineAD" DisplayName_L1="PARTENAIRES" C4="PARTENAIRES" C5="PARTENAIRES.LOCAL" />
  <Resource Id="-354" Type="DomaineAD" DisplayName_L1="PRODGRP" C4="PRODGRP" C5="PRODGRP.LOCAL" />
  <Resource Id="-355" Type="DomaineAD" DisplayName_L1="ZGIE" C4="ZGIE" C5="ZGIE.ZTECH" />
  <Resource Id="-356" Type="DomaineAD" DisplayName_L1="ZOE" C4="ZOE" C5="ZOE.GCA" />


</ConfigurationFile>
