﻿<ConfigurationFile xmlns="urn:schemas-usercube-com:configuration">
  <!-- EmployeeCategory -->
  <EntityType Identifier="EmployeeCategory" DisplayName_L1="Catégorie du collaborateur">
    <Property Identifier="Identifier" DisplayName_L1="Code" Type="String" TargetColumnIndex="4" IsKey="true" />
    <Property Identifier="DisplayName" DisplayName_L1="Libellé de catégorie" Type="String" TargetColumnIndex="5" />
	
    <Property Identifier="EmployeeType" DisplayName_L1="Type de contrat" Type="ForeignKey" />
	<Property Identifier="PersonRecords" DisplayName_L1="Collaborateurs" Type="ForeignKey" />
  </EntityType>

  <!-- EmployeeType -->
  <EntityType Identifier="EmployeeType" DisplayName_L1="Type du contrat">
    <Property Identifier="Identifier" DisplayName_L1="Code" Type="String" TargetColumnIndex="4" IsKey="true" />
    <Property Identifier="DisplayName" DisplayName_L1="Libellé" Type="String" TargetColumnIndex="5" />
    <Property Identifier="IsCDI" DisplayName_L1="CDI" Type="Bool" TargetColumnIndex="6" />

    <Property Identifier="EmployeeCategory" DisplayName_L1="Catégorie" Type="ForeignKey" TargetColumnIndex="130" />
    <Property Identifier="PersonRecords" DisplayName_L1="Collaborateurs" Type="ForeignKey" />
    <Property Identifier="Contracts" DisplayName_L1="Contrat" Type="ForeignKey" />
  </EntityType>

  <!-- IdentityType --> 
  <EntityType Identifier="IdentityType" DisplayName_L1="Métier">
    <Property Identifier="Identifier" DisplayName_L1="Code" Type="String" TargetColumnIndex="4" IsKey="true" />
    <Property Identifier="DisplayName" DisplayName_L1="Libellé" Type="String" TargetColumnIndex="5" />
    <Property Identifier="PersonRecords" DisplayName_L1="Collaborateurs" Type="ForeignKey" />
  </EntityType>

  <EntityTypeMapping Identifier="EmployeeCategory" Connector="OrganizationalData" MaximumDeletedLines="0" MaximumInsertedLines="0" MaximumUpdatedLines="0" MaxPercentageDeletedLines="30" MaxPercentageInsertedLines="30" MaxPercentageUpdatedLines="30" />
  <EntityTypeMapping Identifier="EmployeeType" Connector="OrganizationalData" MaximumDeletedLines="0" MaximumInsertedLines="0" MaximumUpdatedLines="0" MaxPercentageDeletedLines="30" MaxPercentageInsertedLines="30" MaxPercentageUpdatedLines="30" />

  <!--<EntityTypeMapping MaximumDeletedLines="0" MaximumInsertedLines="0" MaximumUpdatedLines="0" MaxPercentageDeletedLines="30" MaxPercentageInsertedLines="30" MaxPercentageUpdatedLines="30" DataSourceIsEncrypted="0" Connector="OrganizationalData" ConnectionTable="Nature_de_contrat" Identifier="EmployeeType">
    <Property Identifier="Identifier" ConnectionColumn="Code" IsPrimaryKey="1" />
    <Property Identifier="DisplayName" ConnectionColumn="Libelle_Nature_de_contrat" />
    <Property Identifier="Category" ConnectionColumn="Catégorie" />
  </EntityTypeMapping>-->

  <DisplayEntityType PluralDisplayName_L1="Catégories de collaborateur" IconCode="Tag" Identifier="EmployeeCategory">
    <Property PlaceHolderText_L1="Catégorie de collaborateur" Identifier="DisplayName" />
    <Property OutputType="BasicCollection" Identifier="PersonRecords" NavigationBinding="PersonRecord:Person" />
  </DisplayEntityType>

  <DisplayEntityType PluralDisplayName_L1="Types de contrat" IconCode="Group" Identifier="EmployeeType">
    <Property PlaceHolderText_L1="Type de contrat" Identifier="DisplayName" />
    <Property OutputType="BasicCollection" Identifier="Contracts" />
    <Property OutputType="BasicCollection" Identifier="PersonRecords" NavigationBinding="PersonRecord:Person" />
  </DisplayEntityType>

  <DisplayEntityType PluralDisplayName_L1="Métier du collaborateur" IconCode="Tag" Identifier="IdentityType">
    <Property PlaceHolderText_L1="Métier du collaborateur" Identifier="DisplayName" />
	  <Property OutputType="BasicCollection" Identifier="PersonRecords" NavigationBinding="PersonRecord:Person" />
  </DisplayEntityType>


  <!-- Types -->
  <Resource Id="-3" Type="EmployeeCategory" C4="INTERNE" C5="INTERNE" DisplayName_L1="INTERNE" />
  <Resource Id="-4" Type="EmployeeCategory" C4="EXTERNE" C5="EXTERNE" DisplayName_L1="EXTERNE" />

  <!-- Internes -->
  <!-- <Resource Id="-5" Type="EmployeeType" C4="428" C5="CREDIT LYONNAIS" C6="0" I42="-3" DisplayName_L1="CREDIT LYONNAIS" />
  <Resource Id="-6" Type="EmployeeType" C4="441" C5="INTERIMAIRE" C6="0" I42="-3" DisplayName_L1="INTERIMAIRE" />
  <Resource Id="-7" Type="EmployeeType" C4="442" C5="FILIALE" C6="0" I42="-3" DisplayName_L1="FILIALE" />
  <Resource Id="-8" Type="EmployeeType" C4="460" C5="AUXILIAIRE DE VACANCES" C6="0" I42="-3" DisplayName_L1="AUXILIAIRE DE VACANCES" />
  <Resource Id="-9" Type="EmployeeType" C4="688" C5="INTERNE" C6="1" I42="-3" DisplayName_L1="INTERNE" />
  <Resource Id="-10" Type="EmployeeType" C4="430" C5="INTERFACE" C6="0" I42="-3" DisplayName_L1="INTERFACE" /> -->
  <!-- Externes -->
  <!-- <Resource Id="-11" Type="EmployeeType" C4="429" C5="PRESTATAIRE" C6="0" I42="-4" DisplayName_L1="PRESTATAIRE" />
  <Resource Id="-12" Type="EmployeeType" C4="1272" C5="PRESTATAIRE(Assistance Technique Unitaire)" C6="0" I42="-4" DisplayName_L1="PRESTATAIRE(Assistance Technique Unitaire)" />
  <Resource Id="-13" Type="EmployeeType" C4="1273" C5="PRESTATAIRE(Assistance Technique Groupée)" C6="0" I42="-4" DisplayName_L1="PRESTATAIRE(Assistance Technique Groupée)" />
  <Resource Id="-14" Type="EmployeeType" C4="1274" C5="PRESTATAIRE(Forfait)" C6="0" I42="-4" DisplayName_L1="PRESTATAIRE(Forfait)" />
  <Resource Id="-15" Type="EmployeeType" C4="1275" C5="Intervenant Ponctuel" C6="0" I42="-4" DisplayName_L1="Intervenant Ponctuel" /> -->


  <!-- GoZen -->
  <Resource Id="-16" Type="EmployeeType" C4="1" C5="CDI" C6="1" I42="-3" DisplayName_L1="CDI" />
  <Resource Id="-17" Type="EmployeeType" C4="2" C5="CDD hors contrat pro, apprentis, stagiaires" C6="0" I42="-3" DisplayName_L1="CDD hors contrat pro, apprentis, stagiaires" />
  <Resource Id="-18" Type="EmployeeType" C4="3" C5="CDD avec les contrats pro, apprentis" C6="0" I42="-3" DisplayName_L1="CDD avec les contrats pro, apprentis" />
  <Resource Id="-19" Type="EmployeeType" C4="4" C5="Intérimaires" C6="0" I42="-3" DisplayName_L1="Intérimaires" />
  <Resource Id="-21" Type="EmployeeType" C4="5" C5="Stagiaires" C6="0" I42="-3" DisplayName_L1="Stagiaires" />
  
  <Resource Id="-20" Type="EmployeeType" C4="100" C5="Assistance Technique Unitaire" C6="0" I42="-4" DisplayName_L1="Assistance Technique Unitaire" />
  <Resource Id="-23" Type="EmployeeType" C4="101" C5="Assistance Technique Groupée" C6="0" I42="-4" DisplayName_L1="Assistance Technique Groupée" />
  <Resource Id="-24" Type="EmployeeType" C4="102" C5="Forfait" C6="0" I42="-4" DisplayName_L1="Forfait" />
  <Resource Id="-25" Type="EmployeeType" C4="103" C5="Centre de service" C6="0" I42="-4" DisplayName_L1="Centre de service" />
  <Resource Id="-26" Type="EmployeeType" C4="104" C5="Centre de compétence" C6="0" I42="-4" DisplayName_L1="Centre de compétence" />
  <Resource Id="-27" Type="EmployeeType" C4="105" C5="Non facturable" C6="0" I42="-4" DisplayName_L1="Non facturable" />
  <Resource Id="-28" Type="EmployeeType" C4="106" C5="Dépassement Forfait" C6="0" I42="-4" DisplayName_L1="Dépassement Forfait" />
  <Resource Id="-29" Type="EmployeeType" C4="107" C5="Non IT" C6="0" I42="-4" DisplayName_L1="Non IT" />

  <Resource Id="-31" Type="IdentityType" C4="Utilisateur final" C5="Utilisateur final" DisplayName_L1="Utilisateur final" />
  <Resource Id="-32" Type="IdentityType" C4="Manager" C5="Manager" DisplayName_L1="Manager" />
  <Resource Id="-33" Type="IdentityType" C4="Assistante" C5="Assistante" DisplayName_L1="Assistante" />
  <Resource Id="-34" Type="IdentityType" C4="Directeur" C5="Directeur" DisplayName_L1="Directeur" />


  <EntityAssociation Identifier="EmployeeType_EmployeeCategory_EmployeeType" IsProperty2Collection="true" Property1="EmployeeType:EmployeeCategory" Property2="EmployeeCategory:EmployeeType" />

  <EntityPropertyExpression Identifier="EmployeeType_InternalDisplayName" Binding="DisplayName" EntityType="EmployeeType" Property="InternalDisplayName" />
  <EntityPropertyExpression Identifier="EmployeeCategory_InternalDisplayName" Binding="DisplayName" EntityType="EmployeeCategory" Property="InternalDisplayName" />
  
</ConfigurationFile>
  