﻿<ConfigurationFile xmlns="urn:schemas-usercube-com:configuration">

  <!-- DIMENSION LOC all -->
  <EntityType Identifier="Localisation" DisplayName_L1="Localisation">
    <Property Identifier="Identifier" DisplayName_L1="ID" Type="String" TargetColumnIndex="4" IsKey="true" />
    <!-- <Property Identifier="Site" DisplayName_L1="Site" Type="String" TargetColumnIndex="5" /> -->
    <Property Identifier="Batiment" DisplayName_L1="Batiment" Type="String" TargetColumnIndex="6" />
    <Property Identifier="Etage" DisplayName_L1="Etage" Type="String" TargetColumnIndex="7" />    
    <Property Identifier="Bureau" DisplayName_L1="Localisation" Type="String" TargetColumnIndex="8" />
    <Property Identifier="PersonRecords" DisplayName_L1="Collaborateurs" Type="ForeignKey" />
    <Property Identifier="Site" DisplayName_L1="Site" Type="ForeignKey" TargetColumnIndex="128" />
  </EntityType>
  <EntityPropertyExpression Identifier="Localisation_InternalDisplayName" Expression="C#:Localisation:return Localisation.Site.Identifier + &quot;/&quot; + Localisation.Batiment+ &quot;/&quot; + Localisation.Etage+ &quot;/&quot; +Localisation.Bureau;" EntityType="Localisation" Property="InternalDisplayName" />
  
  <EntityType Identifier="Site" DisplayName_L1="Site">
    <Property Identifier="Identifier" DisplayName_L1="Site" Type="String" TargetColumnIndex="4" IsKey="true" />
    <Property Identifier="Localisations" DisplayName_L1="Localisations" Type="ForeignKey" />
  </EntityType>
  <EntityPropertyExpression Identifier="Site_InternalDisplayName" Expression="C#:Site:return Site.Identifier;" EntityType="Site" Property="InternalDisplayName" />
  
  <EntityAssociation Identifier="Localisation_Site_Site_Identifier" IsProperty2Collection="true" Property1="Localisation:Site" Property2="Site:Localisations" />

  <EntityTypeMapping MaximumDeletedLines="0" MaximumInsertedLines="0" MaximumUpdatedLines="0" MaxPercentageDeletedLines="30" MaxPercentageInsertedLines="30" MaxPercentageUpdatedLines="30" Connector="OrganizationalData" Identifier="Localisation" />
  <DisplayEntityType PluralDisplayName_L1="Localisations" Identifier="Localisation" IconCode="MapPin">
    <Property OutputType="BasicCollection" Identifier="PersonRecords" NavigationBinding="PersonRecord:Person" />
  </DisplayEntityType>
  
  <EntityTypeMapping MaximumDeletedLines="0" MaximumInsertedLines="0" MaximumUpdatedLines="0" MaxPercentageDeletedLines="30" MaxPercentageInsertedLines="30" MaxPercentageUpdatedLines="30" Connector="OrganizationalData" Identifier="Site" />
  <DisplayEntityType PluralDisplayName_L1="Sites" Identifier="Site" IconCode="CityNext">
    <Property OutputType="BasicCollection" Identifier="Localisations" />
  </DisplayEntityType>

  <DisplayTable Identifier="Localisation" EntityType="Localisation" DisplayTableDesignElement="table" IsEntityTypeDefault="true">
    <Column DisplayBinding="Identifier" IsDisplayInSummaryView="true" IsResizable="true" IsSortable="true" CanBeFiltered="true" ColumnSize="2" />
    <Column DefaultSortPriority="1" DisplayBinding="Site.Identifier" IsDisplayInSummaryView="true" IsResizable="true" IsSortable="true" CanBeFiltered="true" ColumnSize="2" />
    <Column DefaultSortPriority="1" DisplayBinding="Batiment" IsDisplayInSummaryView="true" IsResizable="true" IsSortable="true" CanBeFiltered="true" ColumnSize="2" />
    <Column DefaultSortPriority="1" DisplayBinding="Etage" IsDisplayInSummaryView="true" IsResizable="true" IsSortable="true" CanBeFiltered="true" ColumnSize="2" />
    <Column DefaultSortPriority="1" DisplayBinding="Bureau" IsDisplayInSummaryView="true" IsResizable="true" IsSortable="true" CanBeFiltered="true" ColumnSize="2" />
  </DisplayTable>

</ConfigurationFile>
