﻿<ConfigurationFile xmlns="urn:schemas-usercube-com:configuration">
  <!--! Organization-->

  <EntityType Identifier="Organization" DisplayName_L1="Organisation">
    <Property Identifier="Identifier" DisplayName_L1="CGB" Type="String" TargetColumnIndex="4" IsKey="true" />
    <Property Identifier="DisplayName" DisplayName_L1="Libellé" Type="String" TargetColumnIndex="5" />
    <Property Identifier="Niveau" DisplayName_L1="Niveau" Type="String" TargetColumnIndex="6" />
    <Property Identifier="Trigramme" DisplayName_L1="Trigramme" Type="String" TargetColumnIndex="7" />
    <!-- Reserver pour le is IsHierarchical -->
    <Property Identifier="Path" DisplayName_L1="Path" DisplayName_L2="Chemin" Type="String" TargetColumnIndex="9" />
	<Property Identifier="Active" DisplayName_L1="Active" Type="String" TargetColumnIndex="10" />
    <!-- Liens -->
    <Property Identifier="PersonRecords" DisplayName_L1="Collaborateurs" Type="ForeignKey" />
    <Property Identifier="Parent" DisplayName_L1="Organisation père" Type="ForeignKey" TargetColumnIndex="128" />
    <Property Identifier="Children" DisplayName_L1="Organisation enfants" Type="ForeignKey" />
    <!-- <Property Identifier="Supervisor" DisplayName_L1="Responsable" Type="ForeignKey" /> -->
    <Property Identifier="Users" DisplayName_L1="Collaborateurs" Type="ForeignKey" />
  </EntityType>

  <EntityTypeMapping MaximumDeletedLines="0" MaximumInsertedLines="0" MaximumUpdatedLines="0" MaxPercentageDeletedLines="30" MaxPercentageInsertedLines="30" MaxPercentageUpdatedLines="30" Connector="OrganizationalData" Identifier="Organization" />
  <DisplayEntityType PluralDisplayName_L1="Organisations" IconCode="Org" Identifier="Organization" IsHierarchical="true" Color="#1B436A">
    <Property OutputType="BasicCollection" Identifier="PersonRecords" NavigationBinding="PersonRecord:Person" />
    <Property OutputType="BasicCollection" Identifier="Children" />
  </DisplayEntityType>
  <DisplayEntityType Identifier="Workflow_Organization"  />

  <SearchBar EntityType="Organization" SearchBarDesignElement="Inline">
    <Criterion Binding1="Trigramme" PlaceHolderText_L1="Trigramme" InputType="Auto" Operator="Contain" ColumnSize="2" />
    <Criterion Binding1="Identifier" PlaceHolderText_L1="CGB" InputType="Auto" Operator="Contain" ColumnSize="2" />
    <Criterion Binding1="DisplayName" PlaceHolderText_L1="Libellé" InputType="Auto" Operator="Contain" ColumnSize="3" />
    <Criterion Binding1="Niveau" PlaceHolderText_L1="Niveau" InputType="Auto" ColumnSize="1" />
  </SearchBar>

   <DisplayTable Identifier="Organization" EntityType="Organization" DisplayTableDesignElement="table" IsEntityTypeDefault="true" > <!-- ParentProperty="Parent" -->
    <Column DisplayBinding="Niveau" DefaultSortPriority="1" IsDisplayInSummaryView="true" IsResizable="true" IsSortable="true" CanBeFiltered="true" ColumnSize="1" />
    <Column DisplayBinding="Identifier" IsDisplayInSummaryView="true" IsResizable="true" IsSortable="true" CanBeFiltered="true" ColumnSize="1" />
    <Column DisplayBinding="Trigramme" DefaultSortPriority="2" IsDisplayInSummaryView="true" IsResizable="true" IsSortable="true" CanBeFiltered="true" ColumnSize="1" />
    <Column DisplayBinding="DisplayName" IsDisplayInSummaryView="true" IsResizable="true" IsSortable="true" CanBeFiltered="true" ColumnSize="3" />
	<Column DisplayBinding="Active" IsDisplayInSummaryView="true" IsResizable="true" IsSortable="true" CanBeFiltered="true" ColumnSize="1" />
    <!-- <Column DisplayBinding="Supervisor.InternalDisplayName" DisplayName_L1="Manager" IsDisplayInSummaryView="true" IsResizable="true" IsSortable="true" CanBeFiltered="true" ColumnSize="2" /> -->
  </DisplayTable>


  <EntityPropertyExpression Identifier="Organization_InternalDisplayName" Expression="C#:orga:return orga.Trigramme + &quot; - &quot; + orga.DisplayName;" EntityType="Organization" Property="InternalDisplayName" />

  <EntityAssociation Identifier="Organization_Organization_Parent" Property1="Organization:Parent" Property2="Organization:Children" IsProperty2Collection="true" />

  <!-- <EntityAssociation Identifier="Organization_Responsable" IsProperty2Collection="true" Property1="Organization:Supervisor" Property2="PersonRecord:ManagedServices" /> -->

</ConfigurationFile>