﻿<ConfigurationFile xmlns="urn:schemas-usercube-com:configuration">

  <EntityType Identifier="OUPartenaire" DisplayName_L1="OU Partenaires">
    <Property Identifier="Identifier" DisplayName_L1="Code" Type="String" TargetColumnIndex="4" />
    <!-- <Property Identifier="DisplayName" DisplayName_L1="Libellé" Type="String" TargetColumnIndex="5" /> -->
    <Property Identifier="PersonRecords" DisplayName_L1="Collaborateurs" Type="ForeignKey" />
  </EntityType>

  <EntityTypeMapping MaximumDeletedLines="0" MaximumInsertedLines="0" MaximumUpdatedLines="0" MaxPercentageDeletedLines="30" MaxPercentageInsertedLines="30" MaxPercentageUpdatedLines="30" Identifier="OUPartenaire" Connector="OrganizationalData" />

  <EntityPropertyExpression Identifier="OUPartenaire_InternalDisplayName" Binding="Identifier" EntityType="OUPartenaire" Property="InternalDisplayName" />

  <DisplayEntityType PluralDisplayName_L1="OU Partenaires" IconCode="BackToWindow" Identifier="OUPartenaire">
    <Property PlaceHolderText_L1="OU" Identifier="Identifier" />
    <Property OutputType="BasicCollection" Identifier="PersonRecords" NavigationBinding="PersonRecord:Person" />
  </DisplayEntityType>

  <!-- <DisplayTable Identifier="OUPartenaire" EntityType="OUPartenaire" DisplayTableDesignElement="table" IsEntityTypeDefault="true">
    <Column DisplayBinding="Identifier" IsDisplayInSummaryView="true" IsResizable="true" IsSortable="true" CanBeFiltered="true" ColumnSize="3" SearchOperator="Contain" />
  </DisplayTable> -->
  <ViewTemplate EntityType="OUPartenaire" Profile="Administrator" />
  <ViewTemplate EntityType="OUPartenaire" Profile="CCP" />


  <Resource Id="-301" Type="OUPartenaire" C4="OU=Accenture" DisplayName_L1="OU=Accenture" />
  <Resource Id="-302" Type="OUPartenaire" C4="OU=ASPERITAS" DisplayName_L1="OU=ASPERITAS" />
  <Resource Id="-303" Type="OUPartenaire" C4="OU=Aubay" DisplayName_L1="OU=Aubay" />
  <Resource Id="-304" Type="OUPartenaire" C4="OU=BT" DisplayName_L1="OU=BT" />
  <Resource Id="-305" Type="OUPartenaire" C4="OU=CACD2" DisplayName_L1="OU=CACD2" />
  <Resource Id="-306" Type="OUPartenaire" C4="OU=CA-CIB" DisplayName_L1="OU=CA-CIB" />
  <Resource Id="-307" Type="OUPartenaire" C4="OU=CAGIP" DisplayName_L1="OU=CAGIP" />
  <Resource Id="-308" Type="OUPartenaire" C4="OU=CAPGEMINI" DisplayName_L1="OU=CAPGEMINI" />
  <Resource Id="-309" Type="OUPartenaire" C4="OU=Ca-Sa" DisplayName_L1="OU=Ca-Sa" />
  <Resource Id="-310" Type="OUPartenaire" C4="OU=CA-TITRES" DisplayName_L1="OU=CA-TITRES" />
  <Resource Id="-311" Type="OUPartenaire" C4="OU=CBS" DisplayName_L1="OU=CBS" />
  <Resource Id="-312" Type="OUPartenaire" C4="OU=CDS-Aubay,OU=Ca-Sa" DisplayName_L1="OU=CDS-Aubay,OU=Ca-Sa" />
  <Resource Id="-313" Type="OUPartenaire" C4="OU=CDS-GFI,OU=Ca-Sa" DisplayName_L1="OU=CDS-GFI,OU=Ca-Sa" />
  <Resource Id="-314" Type="OUPartenaire" C4="OU=CDS-Sopra,OU=Ca-Sa" DisplayName_L1="OU=CDS-Sopra,OU=Ca-Sa" />
  <Resource Id="-315" Type="OUPartenaire" C4="OU=CGI SWIFT" DisplayName_L1="OU=CGI SWIFT" />
  <Resource Id="-316" Type="OUPartenaire" C4="OU=DXC" DisplayName_L1="OU=DXC" />
  <Resource Id="-317" Type="OUPartenaire" C4="OU=Euriware" DisplayName_L1="OU=Euriware" />
  <Resource Id="-318" Type="OUPartenaire" C4="OU=HELP-LINE" DisplayName_L1="OU=HELP-LINE" />
  <Resource Id="-319" Type="OUPartenaire" C4="OU=IPT_HIS_CAP,OU=CAPGEMINI" DisplayName_L1="OU=IPT_HIS_CAP,OU=CAPGEMINI" />
  <Resource Id="-320" Type="OUPartenaire" C4="OU=IST-WIN-ADC,OU=Logica" DisplayName_L1="OU=IST-WIN-ADC,OU=Logica" />
  <Resource Id="-321" Type="OUPartenaire" C4="OU=Logica" DisplayName_L1="OU=Logica" />
  <Resource Id="-322" Type="OUPartenaire" C4="OU=mobilite-silca,OU=Nomadio,OU=CAPGEMINI" DisplayName_L1="OU=mobilite-silca,OU=Nomadio,OU=CAPGEMINI" />
  <Resource Id="-323" Type="OUPartenaire" C4="OU=Monitoring" DisplayName_L1="OU=Monitoring" />
  <Resource Id="-324" Type="OUPartenaire" C4="OU=Neurones" DisplayName_L1="OU=Neurones" />
  <Resource Id="-325" Type="OUPartenaire" C4="OU=NEXECUR" DisplayName_L1="OU=NEXECUR" />
  <Resource Id="-326" Type="OUPartenaire" C4="OU=NEXEYA" DisplayName_L1="OU=NEXEYA" />
  <Resource Id="-327" Type="OUPartenaire" C4="OU=Nomadio,OU=CAPGEMINI" DisplayName_L1="OU=Nomadio,OU=CAPGEMINI" />
  <Resource Id="-328" Type="OUPartenaire" C4="OU=OnePoint Lux" DisplayName_L1="OU=OnePoint Lux" />
  <Resource Id="-329" Type="OUPartenaire" C4="OU=Partenaires LCL" DisplayName_L1="OU=Partenaires LCL" />
  <Resource Id="-330" Type="OUPartenaire" C4="OU=Pilotage,OU=CAPGEMINI" DisplayName_L1="OU=Pilotage,OU=CAPGEMINI" />
  <Resource Id="-331" Type="OUPartenaire" C4="OU=PLANON" DisplayName_L1="OU=PLANON" />
  <Resource Id="-332" Type="OUPartenaire" C4="OU=SCC" DisplayName_L1="OU=SCC" />
  <Resource Id="-333" Type="OUPartenaire" C4="OU=SECURINFOR" DisplayName_L1="OU=SECURINFOR" />
  <Resource Id="-334" Type="OUPartenaire" C4="OU=SHARING CLOUD" DisplayName_L1="OU=SHARING CLOUD" />
  <Resource Id="-335" Type="OUPartenaire" C4="OU=SODIFRANCE" DisplayName_L1="OU=SODIFRANCE" />
  <Resource Id="-336" Type="OUPartenaire" C4="OU=SoftToken" DisplayName_L1="OU=SoftToken" />
  <Resource Id="-337" Type="OUPartenaire" C4="OU=Sogeti" DisplayName_L1="OU=Sogeti" />
  <Resource Id="-338" Type="OUPartenaire" C4="OU=SOP-FWL,OU=Nomadio,OU=CAPGEMINI" DisplayName_L1="OU=SOP-FWL,OU=Nomadio,OU=CAPGEMINI" />
  <Resource Id="-339" Type="OUPartenaire" C4="OU=TFM" DisplayName_L1="OU=TFM" />
  <Resource Id="-340" Type="OUPartenaire" C4="OU=TRACING" DisplayName_L1="OU=TRACING" />
  <Resource Id="-341" Type="OUPartenaire" C4="OU=Unisys" DisplayName_L1="OU=Unisys" />
  <Resource Id="-342" Type="OUPartenaire" C4="OU=mobilite-silca,OU=Nomadio,OU=Pilotage,OU=CAPGEMINI" DisplayName_L1="OU=mobilite-silca,OU=Nomadio,OU=Pilotage,OU=CAPGEMINI" />

</ConfigurationFile>
