﻿<ConfigurationFile xmlns="urn:schemas-usercube-com:configuration">

  <!-- PresenceState -->
  <EntityType Identifier="PresenceState" DisplayName_L1="Etat de présence">
    <Property Identifier="Identifier" DisplayName_L1="Code" Type="String" TargetColumnIndex="4" IsKey="true" />
    <Property Identifier="DisplayName" DisplayName_L1="Libellé" Type="String" TargetColumnIndex="5" />
    <Property Identifier="Persons" DisplayName_L1="Personnes" Type="ForeignKey" />
  </EntityType>
  <EntityTypeMapping MaximumDeletedLines="0" MaximumInsertedLines="0" MaximumUpdatedLines="0" MaxPercentageDeletedLines="30" MaxPercentageInsertedLines="30" MaxPercentageUpdatedLines="30" Connector="OrganizationalData" Identifier="PresenceState" />

  <DisplayEntityType PluralDisplayName_L1="Etats de présence" Identifier="PresenceState" />
  
  <DisplayTable Identifier="PresenceState" EntityType="PresenceState" DisplayTableDesignElement="table" IsEntityTypeDefault="true" >
    <Column DisplayBinding="Identifier" DefaultSortPriority="1" IsDisplayInSummaryView="true" IsResizable="true" IsSortable="true" CanBeFiltered="true" ColumnSize="1" />
    <Column DisplayBinding="DisplayName" IsDisplayInSummaryView="true" IsResizable="true" IsSortable="true" CanBeFiltered="true" ColumnSize="1" />
  </DisplayTable>

  <Resource Id="-100" DisplayName_L1="Parti" C4="A" C5="Parti" Type="PresenceState" />
  <Resource Id="-101" DisplayName_L1="Présent" C4="P" C5="Présent" Type="PresenceState" />
  <Resource Id="-102" DisplayName_L1="A venir" C4="F" C5="A venir" Type="PresenceState" />
  <Resource Id="-103" DisplayName_L1="A valider" C4="D" C5="A valider" Type="PresenceState" />
  
  <ViewTemplate Profile="Administrator" EntityType="PresenceState" />
  <ViewTemplate Profile="CCP" EntityType="PresenceState" />
  <ViewTemplate Profile="Manager" EntityType="PresenceState" />
  <ViewTemplate Profile="Assistante" EntityType="PresenceState" />
  <ViewTemplate Profile="Audit" EntityType="PresenceState" />
  <ViewTemplate Profile="AuditAdv" EntityType="PresenceState" />
  

</ConfigurationFile>
