﻿<ConfigurationFile xmlns="urn:schemas-usercube-com:configuration">

  <EntityType Identifier="Red01MigrationStatus" DisplayName_L1="Status Migration Red01">
    <Property Identifier="Identifier" DisplayName_L1="Code" Type="String" TargetColumnIndex="4" />
    <Property Identifier="DisplayName" DisplayName_L1="Libellé" Type="String" TargetColumnIndex="5" />
    <Property Identifier="PersonRecords" DisplayName_L1="Collaborateurs" Type="ForeignKey" />
  </EntityType>

  <EntityTypeMapping MaximumDeletedLines="0" MaximumInsertedLines="0" MaximumUpdatedLines="0" MaxPercentageDeletedLines="30" MaxPercentageInsertedLines="30" MaxPercentageUpdatedLines="30" Identifier="Red01MigrationStatus" Connector="OrganizationalData" />

  <DisplayEntityType PluralDisplayName_L1="Status Migration Red01" IconCode="UserSync" Identifier="Red01MigrationStatus">
    <Property DisplayOrder="1" IsRequired="true" Identifier="Identifier" />
    <Property IsRequired="true" Identifier="DisplayName" />
  </DisplayEntityType>

  <Resource Id="-503" Type="Red01MigrationStatus" C4="Migrated" C5="Migré" DisplayName_L1="Migré Red01" />
  <Resource Id="-504" Type="Red01MigrationStatus" C4="NotMigrated" C5="Nouveau" DisplayName_L1="Non Migré Red01" />

</ConfigurationFile>
