﻿<ConfigurationFile xmlns="urn:schemas-usercube-com:configuration">

  <EntityType Identifier="IsVDI" DisplayName_L1="Type d'activité">
    <Property Identifier="Identifier" DisplayName_L1="Code" Type="String" TargetColumnIndex="4" />
    <Property Identifier="DisplayName" DisplayName_L1="Libellé" Type="String" TargetColumnIndex="5" />
    <Property Identifier="PersonRecords" DisplayName_L1="Collaborateurs" Type="ForeignKey" />
  </EntityType>

  <EntityPropertyExpression Identifier="IsVDI_InternalDisplayName" Binding="DisplayName" EntityType="IsVDI" Property="InternalDisplayName" />

  <EntityTypeMapping MaximumDeletedLines="0" MaximumInsertedLines="0" MaximumUpdatedLines="0" MaxPercentageDeletedLines="30" MaxPercentageInsertedLines="30" MaxPercentageUpdatedLines="30" Identifier="IsVDI" Connector="OrganizationalData" />

  <DisplayEntityType PluralDisplayName_L1="Types d'activité" IconCode="UserSync" Identifier="IsVDI">
    <Property DisplayOrder="1" IsRequired="true" Identifier="DisplayName" />
    <Property OutputType="BasicCollection" Identifier="PersonRecords" NavigationBinding="PersonRecord:Person" />
  </DisplayEntityType>

  <Resource Id="-551" Type="IsVDI" C4="Bureautique et Administration" C5="Bureautique et Administration LEGACY" DisplayName_L1="Bureautique et Administration LEGACY" />
  <Resource Id="-552" Type="IsVDI" C4="Bureautique" C5="Bureautique uniquement" DisplayName_L1="Bureautique uniquement" />
  
  <Resource Id="-553" Type="IsVDI" C4="Bureautique et Administration GOLD" C5="[NE PAS UTILISER] Bureautique et Administration GOLD" DisplayName_L1="[NE PAS UTILISER] Bureautique et Administration GOLD" />
  <Resource Id="-554" Type="IsVDI" C4="Bureautique et Administration SILVER" C5="[NE PAS UTILISER] Bureautique et Administration SILVER" DisplayName_L1="[NE PAS UTILISER] Bureautique et Administration SILVER" />
  <Resource Id="-555" Type="IsVDI" C4="Bureautique et Administration GOLD/SILVER" C5="[NE PAS UTILISER] Bureautique et Administration GOLD/SILVER" DisplayName_L1="[NE PAS UTILISER] Bureautique et Administration GOLD/SILVER" />
</ConfigurationFile>