﻿<ConfigurationFile xmlns="urn:schemas-usercube-com:configuration">

  <EntityType Identifier="ZoeMigrationStatus" DisplayName_L1="Status Migration Zoe">
    <Property Identifier="Identifier" DisplayName_L1="Code" Type="String" TargetColumnIndex="4" />
    <Property Identifier="DisplayName" DisplayName_L1="Libellé" Type="String" TargetColumnIndex="5" />
    <Property Identifier="PersonRecords" DisplayName_L1="Collaborateurs" Type="ForeignKey" />
  </EntityType>

  <EntityTypeMapping MaximumDeletedLines="0" MaximumInsertedLines="0" MaximumUpdatedLines="0" MaxPercentageDeletedLines="30" MaxPercentageInsertedLines="30" MaxPercentageUpdatedLines="30" Identifier="ZoeMigrationStatus" Connector="OrganizationalData" />

  <DisplayEntityType PluralDisplayName_L1="Status Migration Zoe" IconCode="UserSync" Identifier="ZoeMigrationStatus">
    <Property DisplayOrder="1" IsRequired="true" Identifier="Identifier" />
    <Property IsRequired="true" Identifier="DisplayName" />
  </DisplayEntityType>

  <Resource Id="-501" Type="ZoeMigrationStatus" C4="Migrated" C5="Migré" DisplayName_L1="Migré" />
  <Resource Id="-502" Type="ZoeMigrationStatus" C4="NotMigrated" C5="Non Migré" DisplayName_L1="Non Migré" />

</ConfigurationFile>
