﻿<ConfigurationFile xmlns="urn:schemas-usercube-com:configuration">
  <!-- DROITS Administrator -->
  <AccessControlRule Profile="Administrator" EntityType="RACF_CACIB_IPOA_User" Identifier="Administrator_Resources_RACF_CACIB_IPOA_User" DisplayName_L1="Administrator_Resources_RACF_CACIB_IPOA_User">
    <Entry Permission="/Custom/Resources/RACF_CACIB_IPOA_User/View" CanExecute="true" />
    <Entry Permission="/Custom/Resources/RACF_CACIB_IPOA_User/ViewOwnedResources" CanExecute="true" />
    <Entry Permission="/Custom/Resources/RACF_CACIB_IPOA_User/ViewTargetResources" CanExecute="true" />
    <Entry Permission="/" />
    <Entry Permission="/Custom/ResourceFiles/RACF_CACIB_IPOA_User" CanExecute="true" />
  </AccessControlRule>

  <AccessControlRule Profile="Administrator" EntityType="RACF_CACIB_IPOA_Group" Identifier="Administrator_Resources_RACF_CACIB_IPOA_Group" DisplayName_L1="Administrator_Resources_RACF_CACIB_IPOA_Group">
    <Entry Permission="/Custom/Resources/RACF_CACIB_IPOA_Group/View" CanExecute="true" />
    <Entry Permission="/" />
    <Entry Permission="/Custom/ResourceFiles/RACF_CACIB_IPOA_Group" CanExecute="true" />
  </AccessControlRule>

  <!-- <AccessControlRule Profile="Administrator" EntityType="Resource" Identifier="Administrator_AssignedResourceTypeResource" DisplayName_L1="Administrator_AssignedResourceTypeResource">
    <Entry Permission="/Custom/ProvisioningPolicy/ReviewProvisioning/RACF_CACIB_IPOA_User" CanExecute="true" />
  </AccessControlRule>
  <AccessControlRule Profile="Administrator" EntityType="AssignedResourceType" Identifier="Administrator_AssignedResourceType" DisplayName_L1="Administrator_AssignedResourceType">
    <Entry Permission="/Custom/ProvisioningPolicy/ReviewProvisioning/RACF_CACIB_IPOA_User" CanExecute="true" />
  </AccessControlRule> -->

  <!-- DROITS CCP -->
  <AccessControlRule Profile="CCP" EntityType="RACF_CACIB_IPOA_User" Identifier="CCP_Resources_RACF_CACIB_IPOA_User" DisplayName_L1="CCP_Resources_RACF_CACIB_IPOA_User">
    <Entry Permission="/Custom/Resources/RACF_CACIB_IPOA_User/View" CanExecute="true" />
    <Entry Permission="/Custom/Resources/RACF_CACIB_IPOA_User/ViewOwnedResources" CanExecute="true" />
    <Entry Permission="/Custom/Resources/RACF_CACIB_IPOA_User/ViewTargetResources" CanExecute="true" />
    <Entry Permission="/" />
    <Entry Permission="/Custom/ResourceFiles/RACF_CACIB_IPOA_User" CanExecute="true" />
  </AccessControlRule>

  <AccessControlRule Profile="CCP" EntityType="RACF_CACIB_IPOA_Group" Identifier="CCP_Resources_RACF_CACIB_IPOA_Group" DisplayName_L1="CCP_Resources_RACF_CACIB_IPOA_Group">
    <Entry Permission="/Custom/Resources/RACF_CACIB_IPOA_Group/View" CanExecute="true" />
    <Entry Permission="/" />
    <Entry Permission="/Custom/ResourceFiles/RACF_CACIB_IPOA_Group" CanExecute="true" />
  </AccessControlRule>

  <!-- <AccessControlRule Profile="CCP" EntityType="Resource" Identifier="CCP_AssignedResourceTypeResource" DisplayName_L1="CCP_AssignedResourceTypeResource">
    <Entry Permission="/Custom/ProvisioningPolicy/ReviewProvisioning/RACF_CACIB_IPOA_User" CanExecute="true" />
  </AccessControlRule>
  <AccessControlRule Profile="CCP" EntityType="AssignedResourceType" Identifier="CCP_AssignedResourceType" DisplayName_L1="CCP_AssignedResourceType">
    <Entry Permission="/Custom/ProvisioningPolicy/ReviewProvisioning/RACF_CACIB_IPOA_User" CanExecute="true" />
  </AccessControlRule> -->

</ConfigurationFile>

