﻿<ConfigurationFile xmlns="urn:schemas-usercube-com:configuration">

  <CreateConnectorSynchroComplete JobIdentifier="AD_BlueAlpha_Export_Complete" Connector="AD_BlueAlpha" DisplayName_L1="AD_BlueAlpha - Lecture Complète" OldAlgorithm="true">
    <OpenIdIdentifier Identifier="accessJob" />
    <CronTabExpression CronTab="10 4 * * 6" CronTimeZone="ServerTime" />
    
    <NoProvisioning />
  </CreateConnectorSynchroComplete>
  
  <CreateConnectorSynchroIncremental JobIdentifier="AD_BlueAlpha_Full_Incremental" Connector="AD_BlueAlpha" DisplayName_L1="10 - AD_BlueAlpha - Lecture Incrémentale et Ecriture" OldAlgorithm="true">
    <OpenIdIdentifier Identifier="accessJob" />
    <CronTabExpression CronTab="11/30 6-19 * * *" CronTimeZone="ServerTime" />
    
    
  </CreateConnectorSynchroIncremental>
  
  <CreateConnectorSynchroComplete JobIdentifier="AD_BlueAlpha_Full_Complete" Connector="AD_BlueAlpha" DisplayName_L1="AD_BlueAlpha - Lecture Complète et Ecriture" OldAlgorithm="true">
    <OpenIdIdentifier Identifier="accessJob" />
    
    
  </CreateConnectorSynchroComplete>

</ConfigurationFile>