﻿<ConfigurationFile xmlns="urn:schemas-usercube-com:configuration">
  <PasswordResetSettings Identifier="AD_BlueAlpha_Entry_NominativeUser" MustChange="true" Mode="1" NotifiedEmailBinding="AssignedResourceType:Owner.Person:MainRecord.MailHab" NotifiedFullNameBinding="AssignedResourceType:Owner.Person:MainRecord.Responsible.InternalDisplayName" StrengthCheck="^.*" AutoGenerate="true" BeneficiaryEmailBinding="AssignedResourceType:Owner.Person:MainRecord.Mail"
    BeneficiaryFullNameBinding="AssignedResourceType:Owner.Person:MainRecord.InternalDisplayName" DefaultPassword="CAGIPp@ssword2019" GeneratedLength="15" NotificationCC="cagip_habilitations@ca-gip.fr" />

  <Category Policy="Default" Identifier="AD_BlueAlpha" DisplayName_L1="Active Directory BlueAlpha" Parent="Applications" />

  <ResourceType MaximumDelete="0" MaximumDeletePercent="5" MaximumInsert="0" MaximumInsertPercent="5" MaximumUpdate="0" MaximumUpdatePercent="5" Identifier="AD_BlueAlpha_Entry_NominativeUser" DisplayName_L1="Compte AD BlueAlpha (nominatif)" Policy="Default" TargetEntityType="AD_BlueAlpha_Entry" Category="AD_BlueAlpha" SourceEntityType="Person" BlockProvisioning="true" ApprovalWorkflowType="ManualAssignmentNotAllowed" >
    <TypeRule SingleRole="$GLOBAL$_Base_CAGIP_Admin_BlueAlpha" TimeOffsetReference="Around" TimeOffsetBeforeReference="-20160" TimeOffsetAfterReference="44640" />
    <!-- Id="-925" -->

    <ScalarRule Property="accountExpires" Expression="C#:person:return (!person.WhenOut.HasValue || person.WhenOut.Value.ToString(&quot;yyyy&quot;) == &quot;2099&quot;) ? &quot;0&quot; : person.WhenOut.Value.AddHours(-5).ToSince1601DateString();" />
    <ScalarRule Property="cn" Binding="LoginAdminSilver" />
    <ScalarRule Property="displayName"
      Expression="C#:PersonRecord:
      string displayName = &quot;&quot;;
      if(PersonRecord.LastName != null &amp;&amp; PersonRecord.FormatedFirstName != null)
      {
        if(PersonRecord.UserGategory == &quot;EXTERNE&quot;)
        {
          displayName = Usercube.Expressions.Functions.UtilExpressions.RemoveDiacritics(PersonRecord.LastName).ToUpper() + &quot; &quot; + PersonRecord.FormatedFirstName + &quot; (PRESTATAIRE CA-GIP)&quot;;
        }
        else 
        {
          displayName = Usercube.Expressions.Functions.UtilExpressions.RemoveDiacritics(PersonRecord.LastName).ToUpper() + &quot; &quot; + PersonRecord.FormatedFirstName + &quot; (CA-GIP)&quot;;
        }
      }
      return displayName;"
      Policy="Default" />

    <ScalarRule Property="givenName" Binding="FormatedFirstName" />
    <ScalarRule Property="mail" Binding="Mail" />
    <ScalarRule Property="sAMAccountName" Binding="LoginAdminSilver" />
    <ScalarRule Property="sn" Binding="LastName" />

    <ScalarRule Property="userAccountControl" Expression="C#:person:return &quot;514&quot;;" TimeOffsetReference="Before" TimeOffsetBeforeReference="-20160" TimeOffsetAfterReference="0" />
    <ScalarRule Property="userAccountControl" Expression="C#:person:return (person.Disabled.HasValue &amp;&amp; person.Disabled.Value) ? &quot;514&quot; : &quot;512&quot;;" Policy="Default" TimeOffsetReference="Around" TimeOffsetBeforeReference="0" TimeOffsetAfterReference="0" />
    <ScalarRule Property="userAccountControl" Expression="C#:person:return &quot;514&quot;;" TimeOffsetReference="After" TimeOffsetBeforeReference="0" TimeOffsetAfterReference="44640" />

    <!-- <ScalarRule Property="userPrincipalName" Expression="C#:person:return String.IsNullOrEmpty(person.LoginAdminSilver) ? null : person.LoginAdminSilver + &quot;@rct-bluealpha.svc&quot;;" /> -->
    <ScalarRule Property="userPrincipalName" Expression="C#:person:return String.IsNullOrEmpty(person.LoginAdminSilver) ? null : person.LoginAdminSilver + &quot;@bluealpha.svc&quot;;" />

    <!-- <QueryRule Property="parentdn" TargetBinding="dn" SourceExpression="C#:PersonRecord:return &quot;OU=700,OU=OU_Utilisateurs_ESA,OU=TEST_BLUEALPHA,DC=rct-red01,DC=svc&quot;;" TargetMatchedConfidenceLevel="100" /> -->
    <QueryRule Property="parentdn" TargetBinding="dn" SourceExpression="C#:PersonRecord:return &quot;OU=700,OU=OU_Utilisateurs_ESA,DC=BLUEALPHA,DC=SVC&quot;;" />

    <!-- <QueryRule Property="parentdn" TargetBinding="AD_BlueAlpha_Entry:dn" SourceExpression="C#:PersonRecord:return &quot;OU=OU_Utilisateurs,OU=OU_Tests,DC=rct-bluealpha,DC=svc&quot;;" TargetMatchedConfidenceLevel="100" /> -->
  </ResourceType>


  <ResourceTypeMapping Identifier="AD_BlueAlpha_Entry_PersonRecord" Connection="OrganizationalDataConnection" />
  <ResourceType MaximumDelete="0" MaximumDeletePercent="5" MaximumInsert="0" MaximumInsertPercent="5" MaximumUpdate="0" MaximumUpdatePercent="5" Identifier="AD_BlueAlpha_Entry_PersonRecord" DisplayName_L1="Fiche de collaborateur (depuis l'AD BlueAlpha)" SourceEntityType="AD_BlueAlpha_Entry" Policy="Default" TargetEntityType="PersonRecord" AllowAdd="false" AllowRemove="false">
    <ScalarRule Property="LoginAdminSilver" Binding="sAMAccountName" />
  </ResourceType>

  <LdapResourceTypeMapping Identifier="AD_BlueAlpha_Entry_NominativeUser" DefaultObjectClass="user" RDNAttributeIdentifier="CN" UsePermissiveModify="true" UseTreeDelete="false" Connection="ADBlueAlphaExport" PasswordResetSetting="AD_BlueAlpha_Entry_NominativeUser">
    <Property Property="memberOf" DataSourceBacklinkColumnName="member" />
    <Property Property="userAccountControl" IsUserAccountControlProperty="true" />
    <Property Property="cn" IsRDNProperty="true" />
    <Property Property="parentdn" IsParentProperty="true" />
    <Property Property="dn" IsDNProperty="true" />
  </LdapResourceTypeMapping>


  <ResourceCorrelationRule ResourceType="AD_BlueAlpha_Entry_NominativeUser" TargetExpression="C#:Resource:return String.IsNullOrEmpty(Resource.sAMAccountName) ? &quot;EmptysAMAccountNameValue&quot; : Resource.sAMAccountName.ToLower();" Policy="Default" SourceMatchedConfidenceLevel="110"
    SourceExpression="C#:PersonRecord:return (String.IsNullOrEmpty(PersonRecord.LoginAdminSilver) || String.IsNullOrEmpty(PersonRecord.LoginZoe)) ? &quot;EmptyLoginAdminSilverValue&quot; : PersonRecord.LoginAdminSilver.ToLower();" />
  <!-- <ResourceCorrelationRule ResourceType="AD_BlueAlpha_Entry_NominativeUser" TargetExpression="C#:Resource:return String.IsNullOrEmpty(Resource.mail) ? &quot;EmptyMailADValue&quot; : Resource.mail.ToLower();" Policy="Default" SourceMatchedConfidenceLevel="90" SourceExpression="C#:PersonRecord:return String.IsNullOrEmpty(PersonRecord.Mail) ? &quot;EmptyMailValue&quot; : PersonRecord.Mail.ToLower();" /> -->
</ConfigurationFile>