﻿
<ConfigurationFile xmlns="urn:schemas-usercube-com:configuration">
  <Category Policy="Default" Identifier="RACF_CAPS_IMIN" DisplayName_L1="RACF_CAPS_IMIN" Parent="Applications" />

  <ResourceType TransmittedStateValidityPeriod="180" MaximumDelete="0" MaximumDeletePercent="5" MaximumInsert="0" MaximumInsertPercent="5" MaximumUpdate="0" MaximumUpdatePercent="5" Identifier="RACF_CAPS_IMIN_User_Technical" DisplayName_L1="Compte RACF_CAPS_IMIN (technique)" Policy="Default" TargetEntityType="RACF_CAPS_IMIN_User" Category="RACF_CAPS_IMIN" SourceEntityType="Person" />
  <ResourceTypeMapping Identifier="RACF_CAPS_IMIN_User_Nominative" Connection="PowerShellRACFFulfillmentRACFCAPSIMIN" />
  <ResourceType TransmittedStateValidityPeriod="180" MaximumDelete="0" MaximumDeletePercent="5" MaximumInsert="0" MaximumInsertPercent="5" MaximumUpdate="0" MaximumUpdatePercent="5" Identifier="RACF_CAPS_IMIN_User_Nominative" DisplayName_L1="Compte RACF_CAPS_IMIN (nominatif)" Policy="Default" TargetEntityType="RACF_CAPS_IMIN_User" Category="RACF_CAPS_IMIN" SourceEntityType="Person" BlockProvisioning="true">
     <ScalarRule Property="USBD_NAME" Binding="LoginRACFCAPS" />
    <!-- <ScalarRule Property="USBD_SPECIAL" Expression="C#:person:return &quot;NO&quot;;" /> -->
    <!-- <ScalarRule Property="USBD_OPER" Expression="C#:person:return &quot;NO&quot;;" /> -->
    <!-- <ScalarRule Property="USBD_PROGRAMMER" Expression="C#:person:return (person.FullName  == null) ? null : person.FullName.ToUpper() ;" /> -->
    <ScalarRule Property="USBD_PROGRAMMER" Expression="C#:person:return ( (string.IsNullOrEmpty(person.LastName) &amp;&amp; string.IsNullOrEmpty(person.FirstName) ) ? null : (   (person.LastName.ToUpper() + &quot; &quot; + person.FirstName.ToUpper()).Length &gt;= 20 ) ? (person.LastName.ToUpper() + &quot; &quot; + person.FirstName.ToUpper()).Substring(0,20) : (person.LastName.ToUpper() + &quot; &quot; + person.FirstName.ToUpper())  )   ;" />
    <!-- <ScalarRule Property="USBD_AUDITOR" Expression="C#:person:return &quot;NO&quot;;" /> -->
    <ScalarRule Property="USBD_REVOKE" Expression="C#:person:return (person.Disabled.HasValue &amp;&amp; person.Disabled.Value) ? &quot;YES&quot; : &quot;NO&quot;;" TimeOffsetReference="Around" TimeOffsetBeforeReference="0" TimeOffsetAfterReference="1440" />
    <ScalarRule Property="USBD_REVOKE" Expression="C#:person:return &quot;YES&quot;;" TimeOffsetReference="After" TimeOffsetBeforeReference="1440" TimeOffsetAfterReference="21600" />
    <ScalarRule Property="USBD_REVOKE_DATE" Expression="C#:person:return (!person.WhenOut.HasValue || person.WhenOut.Value.ToString(&quot;yyyy&quot;) == &quot;2099&quot;) ? null : person.WhenOut.Value.ToString(&quot;MM/dd/yy&quot;);" />
  </ResourceType>


  <ResourceCorrelationRule ResourceType="RACF_CAPS_IMIN_User_Nominative" SourceBinding="LoginRACFCAPS" TargetBinding="USBD_NAME" Policy="Default" SourceMatchedConfidenceLevel="110" />
  <!-- <ResourceCorrelationRule ResourceType="RACF_CAPS_IMIN_User_Nominative" TargetExpression="C#:resource:return resource.USBD_PROGRAMMER;" Policy="Default" SourceMatchedConfidenceLevel="100" SourceExpression="C#:person:return (person.FullName  == null) ? null : person.FullName.ToUpper();" /> -->
  <ResourceCorrelationRule ResourceType="RACF_CAPS_IMIN_User_Nominative" TargetBinding="USBD_PROGRAMMER" Policy="Default" SourceMatchedConfidenceLevel="90" SourceExpression="C#:person:return ( ( string.IsNullOrEmpty(person.LastName) &amp;&amp; string.IsNullOrEmpty(person.FirstName) ) ? null : (   (person.LastName.ToUpper() + &quot; &quot; + person.FirstName.ToUpper()).Length &gt;= 20 ) ? (person.LastName.ToUpper() + &quot; &quot; + person.FirstName.ToUpper()).Substring(0,20) : (person.LastName.ToUpper() + &quot; &quot; + person.FirstName.ToUpper())  );" />
  <!-- <ResourceClassificationRule ResourceType="RACF_CAPS_IMIN_User_Nominative" Policy="Default" ResourceTypeIdentificationConfidenceLevel="100" TargetExpression="C#:resource:return resource.USBD_NAME.StartsWith(&quot;FSILC&quot;);" /> -->


  <!-- <ResourceType TransmittedStateValidityPeriod="180" MaximumDelete="0" MaximumDeletePercent="5" MaximumInsert="0" MaximumInsertPercent="5" MaximumUpdate="0" MaximumUpdatePercent="5" Identifier="RACF_CAPS_IMIN_PersonRecord" DisplayName_L1="Fiche de collaborateur RACF_CAPS_IMIN " SourceEntityType="RACF_CAPS_IMIN_User" Policy="Default" TargetEntityType="PersonRecord" AllowAdd="false" AllowRemove="false">
    <TypeRule />
    <ScalarRule Property="LoginRACFCAPS" Binding="USBD_NAME" />
  </ResourceType> -->

</ConfigurationFile>
