<?xml version="1.0" encoding="utf-8"?>
<ConfigurationFile xmlns:xsi="http:/www.w3.org/2001/XMLSchema-instance" xmlns:xsd="http:/www.w3.org/2001/XMLSchema" xmlns="urn:schemas-usercube-com:configuration">

<Connection Identifier="PersonToMyHabsConnection" Package="Usercube.Manual@0000001" DisplayName_L1="PersonToMyHabsConnection" Connector="Person_To_ProvMan_MyHabs" DeactivationExportFulfill="Export" />

<Connector Identifier="Person_To_ProvMan_MyHabs" DisplayName_L1="Person_To_ProvMan_MyHabs" Agent="Local" />

	<EntityType Identifier="ProvMan_MyHabs_User" DisplayName_L1="ProvMan_MyHabs - User" DisplayName_L2="ProvMan_MyHabs - Compte">
		<Property Identifier="EmployeeId" DisplayName_L1="Matricule" IsKey="true" TargetColumnIndex="1" Type="String" />
		<Property Identifier="LastName" DisplayName_L1="Nom" TargetColumnIndex="0" Type="String" />
		<Property Identifier="FirstName" DisplayName_L1="Prénom" TargetColumnIndex="2" Type="String" />
		<Property Identifier="LoginZoe" DisplayName_L1="LoginZoe" TargetColumnIndex="14" Type="String" /> -->
		<Property Identifier="Unite" DisplayName_L1="Unité" TargetColumnIndex="3" Type="String" />
		<Property Identifier="Societe" DisplayName_L1="Société" TargetColumnIndex="4" Type="String" />
		<Property Identifier="Statut" DisplayName_L1="Statut" TargetColumnIndex="5" Type="String" />
		<!--<Property Identifier="Telephone" DisplayName_L1="Téléphone" TargetColumnIndex="6" Type="String" /> -->
		<Property Identifier="Societe_prestation" DisplayName_L1="Société de prestation" TargetColumnIndex="7" Type="String" />
		<Property Identifier="Localisation" DisplayName_L1="Localisation" TargetColumnIndex="8" Type="String" />
		<!-- <Property Identifier="Batiment_et_bureau" DisplayName_L1="Bâtiment et bureau" TargetColumnIndex="9" Type="String" /> -->
		<Property Identifier="Email" DisplayName_L1="Email" TargetColumnIndex="10" Type="String" />
		<Property Identifier="Fonction" DisplayName_L1="Fonction" TargetColumnIndex="12" Type="String" />
		<Property Identifier="Date_de_depart" DisplayName_L1="Date de départ" TargetColumnIndex="13" Type="String" />

		<Property Identifier="Natures" DisplayName_L1="Rôle MyHabs" Type="ForeignKey" />
	</EntityType>

	<EntityPropertyExpression Identifier="ProvMan_MyHabs_User_InternalDisplayName" Expression="C#:pmu: return pmu.FirstName + &quot; &quot; + pmu.LastName;" EntityType="ProvMan_MyHabs_User" Property="InternalDisplayName" />

	<EntityType Identifier="ProvMan_MyHabs_Nature" DisplayName_L1="ProvMan_MyHabs - Role" DisplayName_L2="ProvMan_MyHabs - Role">
		<Property Identifier="Reference" DisplayName_L1="Reference" IsKey="true" TargetColumnIndex="4" Type="String" />

		<Property Identifier="User" DisplayName_L1="Collaborateur" Type="ForeignKey" />
	</EntityType>

	<EntityAssociation Identifier="ProvMan_MyHabs_Nature_User" DisplayName_L1="User" IsProperty1Collection="true" IsProperty2Collection="true" Property1="ProvMan_MyHabs_Nature:User" Property2="ProvMan_MyHabs_User:Natures" />

	<Resource Id="-20000" Type="ProvMan_MyHabs_Nature" C4="!1C0PRD Pilotage CAROLINE" DisplayName_L1="!1C0PRD Pilotage CAROLINE" />
	<Resource Id="-20001" Type="ProvMan_MyHabs_Nature" C4="!1C2REC Pilotage CAROLINE" DisplayName_L1="!1C2REC Pilotage CAROLINE" />
	<Resource Id="-20002" Type="ProvMan_MyHabs_Nature" C4="!1K0PRD Utilisateur" DisplayName_L1="!1K0PRD Utilisateur" />
	<Resource Id="-20003" Type="ProvMan_MyHabs_Nature" C4="!1V0PRD Utilisateur Entité - Ecriture" DisplayName_L1="!1V0PRD Utilisateur Entité - Ecriture" />
	<Resource Id="-20004" Type="ProvMan_MyHabs_Nature" C4="!1V0PRD Utilisateur Groupe - Ecriture" DisplayName_L1="!1V0PRD Utilisateur Groupe - Ecriture" />
	<Resource Id="-20005" Type="ProvMan_MyHabs_Nature" C4="!1V0PRD Utilisateur Groupe - Lecture" DisplayName_L1="!1V0PRD Utilisateur Groupe - Lecture" />
	<Resource Id="-20006" Type="ProvMan_MyHabs_Nature" C4="!1V2REC Utilisateur Entité - Ecriture" DisplayName_L1="!1V2REC Utilisateur Entité - Ecriture" />
	<Resource Id="-20007" Type="ProvMan_MyHabs_Nature" C4="!3Y0PRD Utilisateur COMSTORE" DisplayName_L1="!3Y0PRD Utilisateur COMSTORE" />
	<Resource Id="-20008" Type="ProvMan_MyHabs_Nature" C4="!4R0PRD Consultation Indicateurs" DisplayName_L1="!4R0PRD Consultation Indicateurs" />
	<Resource Id="-20009" Type="ProvMan_MyHabs_Nature" C4="!4R0PRD Contributeur données" DisplayName_L1="!4R0PRD Contributeur données" />
	<Resource Id="-20010" Type="ProvMan_MyHabs_Nature" C4="!4R0PRD Valideur Indicateur" DisplayName_L1="!4R0PRD Valideur Indicateur" />
	<Resource Id="-20011" Type="ProvMan_MyHabs_Nature" C4="!5S0PRD Administrateur" DisplayName_L1="!5S0PRD Administrateur" />
	<Resource Id="-20012" Type="ProvMan_MyHabs_Nature" C4="!5S0PRD CISO" DisplayName_L1="!5S0PRD CISO" />
	<Resource Id="-20013" Type="ProvMan_MyHabs_Nature" C4="!9X-CA_POSTFILES2REC Utilisateur - CASA Postfiles" DisplayName_L1="!9X-CA_POSTFILES2REC Utilisateur - CASA Postfiles" />
	<Resource Id="-20014" Type="ProvMan_MyHabs_Nature" C4="!A80PRD Accès pour les externes (absents du RCI)" DisplayName_L1="!A80PRD Accès pour les externes (absents du RCI)" />
	<Resource Id="-20015" Type="ProvMan_MyHabs_Nature" C4="!A82REC Accès pour les externes (absents du RCI)" DisplayName_L1="!A82REC Accès pour les externes (absents du RCI)" />
	<Resource Id="-20016" Type="ProvMan_MyHabs_Nature" C4="!AD-CASA0PRD Compte AD &quot;ca-sa&quot; (Besoins spécifiques)" DisplayName_L1="!AD-CASA0PRD Compte AD &quot;ca-sa&quot; (Besoins spécifiques)" />
	<Resource Id="-20017" Type="ProvMan_MyHabs_Nature" C4="!C80PRD Accès BacaratWeb" DisplayName_L1="!C80PRD Accès BacaratWeb" />
	<Resource Id="-20018" Type="ProvMan_MyHabs_Nature" C4="!CA_ADM0PRD Cognos Analytis - Administrateur Central" DisplayName_L1="!CA_ADM0PRD Cognos Analytis - Administrateur Central" />
	<Resource Id="-20019" Type="ProvMan_MyHabs_Nature" C4="!CA_ADM2REC Cognos Analytis - Administrateur Central" DisplayName_L1="!CA_ADM2REC Cognos Analytis - Administrateur Central" />
	<Resource Id="-20020" Type="ProvMan_MyHabs_Nature" C4="!CA_ADM3DEV Cognos Analytis - Administrateur Central" DisplayName_L1="!CA_ADM3DEV Cognos Analytis - Administrateur Central" />
	<Resource Id="-20021" Type="ProvMan_MyHabs_Nature" C4="!CM0PRD Pilotage (SILCA)" DisplayName_L1="!CM0PRD Pilotage (SILCA)" />
	<Resource Id="-20022" Type="ProvMan_MyHabs_Nature" C4="!CRYSTAL-REPORTS0PRD Reporting SILCA &quot;CrystalReports&quot;" DisplayName_L1="!CRYSTAL-REPORTS0PRD Reporting SILCA &quot;CrystalReports&quot;" />
	<Resource Id="-20023" Type="ProvMan_MyHabs_Nature" C4="!CTRL-D0PRD Accès CONTROLD et CONTROLR" DisplayName_L1="!CTRL-D0PRD Accès CONTROLD et CONTROLR" />
	<Resource Id="-20024" Type="ProvMan_MyHabs_Nature" C4="!CY80PRD Administrateur SILCA" DisplayName_L1="!CY80PRD Administrateur SILCA" />
	<Resource Id="-20025" Type="ProvMan_MyHabs_Nature" C4="!CY80PRD Console EAS" DisplayName_L1="!CY80PRD Console EAS" />
	<Resource Id="-20026" Type="ProvMan_MyHabs_Nature" C4="!CY80PRD FDM" DisplayName_L1="!CY80PRD FDM" />
	<Resource Id="-20027" Type="ProvMan_MyHabs_Nature" C4="!CY80PRD Flux TOSCA-DCP" DisplayName_L1="!CY80PRD Flux TOSCA-DCP" />
	<Resource Id="-20028" Type="ProvMan_MyHabs_Nature" C4="!CY80PRD Planning (Utilisateur standard/Standard user)" DisplayName_L1="!CY80PRD Planning (Utilisateur standard/Standard user)" />
	<Resource Id="-20029" Type="ProvMan_MyHabs_Nature" C4="!CY82REC Administrateur SILCA" DisplayName_L1="!CY82REC Administrateur SILCA" />
	<Resource Id="-20030" Type="ProvMan_MyHabs_Nature" C4="!CY82REC Console EAS" DisplayName_L1="!CY82REC Console EAS" />
	<Resource Id="-20031" Type="ProvMan_MyHabs_Nature" C4="!CY82REC FDM" DisplayName_L1="!CY82REC FDM" />
	<Resource Id="-20032" Type="ProvMan_MyHabs_Nature" C4="!CY82REC Flux TOSCA-DCP" DisplayName_L1="!CY82REC Flux TOSCA-DCP" />
	<Resource Id="-20033" Type="ProvMan_MyHabs_Nature" C4="!CY82REC Planning (Utilisateur standard/Standard user)" DisplayName_L1="!CY82REC Planning (Utilisateur standard/Standard user)" />
	<Resource Id="-20034" Type="ProvMan_MyHabs_Nature" C4="!CY83DEV Administrateur SILCA" DisplayName_L1="!CY83DEV Administrateur SILCA" />
	<Resource Id="-20035" Type="ProvMan_MyHabs_Nature" C4="!CY83DEV Console EAS" DisplayName_L1="!CY83DEV Console EAS" />
	<Resource Id="-20036" Type="ProvMan_MyHabs_Nature" C4="!DU0PRD IHM dépôts fichiers CRS Arpège Risques" DisplayName_L1="!DU0PRD IHM dépôts fichiers CRS Arpège Risques" />
	<Resource Id="-20037" Type="ProvMan_MyHabs_Nature" C4="!E42REC Accès à l'application SAI Composer" DisplayName_L1="!E42REC Accès à l'application SAI Composer" />
	<Resource Id="-20038" Type="ProvMan_MyHabs_Nature" C4="!EA0PRD Gestionnaires Credit Agricole SA" DisplayName_L1="!EA0PRD Gestionnaires Credit Agricole SA" />
	<Resource Id="-20039" Type="ProvMan_MyHabs_Nature" C4="!EA0PRD Instruction des demandes CA Leasing" DisplayName_L1="!EA0PRD Instruction des demandes CA Leasing" />
	<Resource Id="-20040" Type="ProvMan_MyHabs_Nature" C4="!EC0PRD Utilisateur Standard (IBM Z/os)" DisplayName_L1="!EC0PRD Utilisateur Standard (IBM Z/os)" />
	<Resource Id="-20041" Type="ProvMan_MyHabs_Nature" C4="!EI0PRD EASY_BI_CAGIP_Reader" DisplayName_L1="!EI0PRD EASY_BI_CAGIP_Reader" />
	<Resource Id="-20042" Type="ProvMan_MyHabs_Nature" C4="!EN_EFM0PRD BforBank" DisplayName_L1="!EN_EFM0PRD BforBank" />
	<Resource Id="-20043" Type="ProvMan_MyHabs_Nature" C4="!EN_EFM0PRD CA GIP" DisplayName_L1="!EN_EFM0PRD CA GIP" />
	<Resource Id="-20044" Type="ProvMan_MyHabs_Nature" C4="!EN_EFM0PRD CA-CIB" DisplayName_L1="!EN_EFM0PRD CA-CIB" />
	<Resource Id="-20045" Type="ProvMan_MyHabs_Nature" C4="!EN_EFM0PRD CA-GIP - Communication Interne (privé)" DisplayName_L1="!EN_EFM0PRD CA-GIP - Communication Interne (privé)" />
	<Resource Id="-20046" Type="ProvMan_MyHabs_Nature" C4="!EN_EFM0PRD CA-LF" DisplayName_L1="!EN_EFM0PRD CA-LF" />
	<Resource Id="-20047" Type="ProvMan_MyHabs_Nature" C4="!EN_EFM0PRD CA-TS" DisplayName_L1="!EN_EFM0PRD CA-TS" />
	<Resource Id="-20048" Type="ProvMan_MyHabs_Nature" C4="!EN_EFM0PRD CAGIP - On se dit tout ! (privé)" DisplayName_L1="!EN_EFM0PRD CAGIP - On se dit tout ! (privé)" />
	<Resource Id="-20049" Type="ProvMan_MyHabs_Nature" C4="!EN_EFM0PRD CAGIP DRHT (privé)" DisplayName_L1="!EN_EFM0PRD CAGIP DRHT (privé)" />
	<Resource Id="-20050" Type="ProvMan_MyHabs_Nature" C4="!ES0PRD Gestion des recommandations Audit/Inspection" DisplayName_L1="!ES0PRD Gestion des recommandations Audit/Inspection" />
	<Resource Id="-20051" Type="ProvMan_MyHabs_Nature" C4="!F7-OL0PRD Requêteur/Requester Minimum Sanction List" DisplayName_L1="!F7-OL0PRD Requêteur/Requester Minimum Sanction List" />
	<Resource Id="-20052" Type="ProvMan_MyHabs_Nature" C4="!F90PRD Accès aux application CAGIP traitées dans MECANO" DisplayName_L1="!F90PRD Accès aux application CAGIP traitées dans MECANO" />
	<Resource Id="-20053" Type="ProvMan_MyHabs_Nature" C4="!F92REC Accès aux application CAGIP traitées dans MECANO" DisplayName_L1="!F92REC Accès aux application CAGIP traitées dans MECANO" />
	<Resource Id="-20054" Type="ProvMan_MyHabs_Nature" C4="!FP0PRD Administrateurs AFRICA" DisplayName_L1="!FP0PRD Administrateurs AFRICA" />
	<Resource Id="-20055" Type="ProvMan_MyHabs_Nature" C4="!FP0PRD Répertoire Windows FP - Modification" DisplayName_L1="!FP0PRD Répertoire Windows FP - Modification" />
	<Resource Id="-20056" Type="ProvMan_MyHabs_Nature" C4="!FP0PRD Utilisateurs AFRICA" DisplayName_L1="!FP0PRD Utilisateurs AFRICA" />
	<Resource Id="-20057" Type="ProvMan_MyHabs_Nature" C4="!FP2REC Répertoire Windows FP - Modification" DisplayName_L1="!FP2REC Répertoire Windows FP - Modification" />
	<Resource Id="-20058" Type="ProvMan_MyHabs_Nature" C4="!FP2REC Utilisateurs AFRICA" DisplayName_L1="!FP2REC Utilisateurs AFRICA" />
	<Resource Id="-20059" Type="ProvMan_MyHabs_Nature" C4="!FTP-RGA0PRD Utilisation du protocole ftp://" DisplayName_L1="!FTP-RGA0PRD Utilisation du protocole ftp://" />
	<Resource Id="-20060" Type="ProvMan_MyHabs_Nature" C4="!FX0PRD Mobilité - OPTIM'IS - Saisie" DisplayName_L1="!FX0PRD Mobilité - OPTIM'IS - Saisie" />
	<Resource Id="-20061" Type="ProvMan_MyHabs_Nature" C4="!FX0PRD Utilisateurs d'OPTIMIS SAISIE" DisplayName_L1="!FX0PRD Utilisateurs d'OPTIMIS SAISIE" />
	<Resource Id="-20062" Type="ProvMan_MyHabs_Nature" C4="!FY0PRD Utilisateur saisie" DisplayName_L1="!FY0PRD Utilisateur saisie" />
	<Resource Id="-20063" Type="ProvMan_MyHabs_Nature" C4="!G20PRD Audit Master (réservé au team Cognos)" DisplayName_L1="!G20PRD Audit Master (réservé au team Cognos)" />
	<Resource Id="-20064" Type="ProvMan_MyHabs_Nature" C4="!G22REC Audit Master (réservé au team Cognos)" DisplayName_L1="!G22REC Audit Master (réservé au team Cognos)" />
	<Resource Id="-20065" Type="ProvMan_MyHabs_Nature" C4="!G23DEV Audit Master (réservé au team Cognos)" DisplayName_L1="!G23DEV Audit Master (réservé au team Cognos)" />
	<Resource Id="-20066" Type="ProvMan_MyHabs_Nature" C4="!G70PRD Acteur AR - AR Actor" DisplayName_L1="!G70PRD Acteur AR - AR Actor" />
	<Resource Id="-20067" Type="ProvMan_MyHabs_Nature" C4="!G70PRD Administrateur Local - Local Administrator" DisplayName_L1="!G70PRD Administrateur Local - Local Administrator" />
	<Resource Id="-20068" Type="ProvMan_MyHabs_Nature" C4="!G70PRD CISO / Délégué -  CISO / Delegate" DisplayName_L1="!G70PRD CISO / Délégué -  CISO / Delegate" />
	<Resource Id="-20069" Type="ProvMan_MyHabs_Nature" C4="!G70PRD Coordinateur - Coordinator" DisplayName_L1="!G70PRD Coordinateur - Coordinator" />
	<Resource Id="-20070" Type="ProvMan_MyHabs_Nature" C4="!GB0PRD Saisie" DisplayName_L1="!GB0PRD Saisie" />
	<Resource Id="-20071" Type="ProvMan_MyHabs_Nature" C4="!GS00PRD Utilisateur PBCS Standard - Ecriture" DisplayName_L1="!GS00PRD Utilisateur PBCS Standard - Ecriture" />
	<Resource Id="-20072" Type="ProvMan_MyHabs_Nature" C4="!GS02REC Utilisateur PBCS Standard - Ecriture" DisplayName_L1="!GS02REC Utilisateur PBCS Standard - Ecriture" />
	<Resource Id="-20073" Type="ProvMan_MyHabs_Nature" C4="!GS80PRD Utilisateur PBCS - Ecriture" DisplayName_L1="!GS80PRD Utilisateur PBCS - Ecriture" />
	<Resource Id="-20074" Type="ProvMan_MyHabs_Nature" C4="!GV0PRD CAGIP" DisplayName_L1="!GV0PRD CAGIP" />
	<Resource Id="-20075" Type="ProvMan_MyHabs_Nature" C4="!GV0PRD FAS_saisisseur Valideur" DisplayName_L1="!GV0PRD FAS_saisisseur Valideur" />
	<Resource Id="-20076" Type="ProvMan_MyHabs_Nature" C4="!GV0PRD Pilotage CAGIP" DisplayName_L1="!GV0PRD Pilotage CAGIP" />
	<Resource Id="-20077" Type="ProvMan_MyHabs_Nature" C4="!GV2REC CAGIP" DisplayName_L1="!GV2REC CAGIP" />
	<Resource Id="-20078" Type="ProvMan_MyHabs_Nature" C4="!GV2REC FAS_saisisseur Valideur" DisplayName_L1="!GV2REC FAS_saisisseur Valideur" />
	<Resource Id="-20079" Type="ProvMan_MyHabs_Nature" C4="!GWt0PRD GW - MESSAGERIE SUR SQY" DisplayName_L1="!GWt0PRD GW - MESSAGERIE SUR SQY" />
	<Resource Id="-20080" Type="ProvMan_MyHabs_Nature" C4="!H00PRD Utilisateur" DisplayName_L1="!H00PRD Utilisateur" />
	<Resource Id="-20081" Type="ProvMan_MyHabs_Nature" C4="!H80PRD Contrôle MEP (réservé SILCA)" DisplayName_L1="!H80PRD Contrôle MEP (réservé SILCA)" />
	<Resource Id="-20082" Type="ProvMan_MyHabs_Nature" C4="!H80PRD ICM Saisie" DisplayName_L1="!H80PRD ICM Saisie" />
	<Resource Id="-20083" Type="ProvMan_MyHabs_Nature" C4="!H80PRD INTERCOMPANY SAISIE" DisplayName_L1="!H80PRD INTERCOMPANY SAISIE" />
	<Resource Id="-20084" Type="ProvMan_MyHabs_Nature" C4="!H80PRD INTERCOMPANY- CONSULTATION" DisplayName_L1="!H80PRD INTERCOMPANY- CONSULTATION" />
	<Resource Id="-20085" Type="ProvMan_MyHabs_Nature" C4="!H80PRD Profil &quot;Automatisation - RPA&quot;" DisplayName_L1="!H80PRD Profil &quot;Automatisation - RPA&quot;" />
	<Resource Id="-20086" Type="ProvMan_MyHabs_Nature" C4="!H80PRD Profil &quot;saisie avec publi&quot; banque" DisplayName_L1="!H80PRD Profil &quot;saisie avec publi&quot; banque" />
	<Resource Id="-20087" Type="ProvMan_MyHabs_Nature" C4="!H80PRD Profil &quot;saisie avec publi&quot; prud" DisplayName_L1="!H80PRD Profil &quot;saisie avec publi&quot; prud" />
	<Resource Id="-20088" Type="ProvMan_MyHabs_Nature" C4="!HH0PRD IHM Remote" DisplayName_L1="!HH0PRD IHM Remote" />
	<Resource Id="-20089" Type="ProvMan_MyHabs_Nature" C4="!HH2REC IHM Remote" DisplayName_L1="!HH2REC IHM Remote" />
	<Resource Id="-20090" Type="ProvMan_MyHabs_Nature" C4="!HV0PRD Utilisateurs standard" DisplayName_L1="!HV0PRD Utilisateurs standard" />
	<Resource Id="-20091" Type="ProvMan_MyHabs_Nature" C4="!I90PRD Utilisateur AutoDep (SAS9.2)" DisplayName_L1="!I90PRD Utilisateur AutoDep (SAS9.2)" />
	<Resource Id="-20092" Type="ProvMan_MyHabs_Nature" C4="!I92REC Utilisateur AutoDep (SAS9.2)" DisplayName_L1="!I92REC Utilisateur AutoDep (SAS9.2)" />
	<Resource Id="-20093" Type="ProvMan_MyHabs_Nature" C4="!INT-E-RGA0PRD Internet Etendu (RGA)" DisplayName_L1="!INT-E-RGA0PRD Internet Etendu (RGA)" />
	<Resource Id="-20094" Type="ProvMan_MyHabs_Nature" C4="!INTRANET-GROUPE0PRD Accès à Intra. Gr. - Access to Gr. Intra." DisplayName_L1="!INTRANET-GROUPE0PRD Accès à Intra. Gr. - Access to Gr. Intra." />
	<Resource Id="-20095" Type="ProvMan_MyHabs_Nature" C4="!INTRANET-GROUPE2REC Accès à Intra. Gr. - Access to Gr. Intra." DisplayName_L1="!INTRANET-GROUPE2REC Accès à Intra. Gr. - Access to Gr. Intra." />
	<Resource Id="-20096" Type="ProvMan_MyHabs_Nature" C4="!J10PRD Droits - Saisie - Orion RCPR" DisplayName_L1="!J10PRD Droits - Saisie - Orion RCPR" />
	<Resource Id="-20097" Type="ProvMan_MyHabs_Nature" C4="!J10PRD Droits - Saisie - Orion standard" DisplayName_L1="!J10PRD Droits - Saisie - Orion standard" />
	<Resource Id="-20098" Type="ProvMan_MyHabs_Nature" C4="!JKu0PRD Accès JK sur Unix" DisplayName_L1="!JKu0PRD Accès JK sur Unix" />
	<Resource Id="-20099" Type="ProvMan_MyHabs_Nature" C4="!JKu2REC Accès JK sur Unix" DisplayName_L1="!JKu2REC Accès JK sur Unix" />
	<Resource Id="-20100" Type="ProvMan_MyHabs_Nature" C4="!JN0PRD Utilisateur Standard (IBM Z/os)" DisplayName_L1="!JN0PRD Utilisateur Standard (IBM Z/os)" />
	<Resource Id="-20101" Type="ProvMan_MyHabs_Nature" C4="!JR0PRD Modification de Table(s)" DisplayName_L1="!JR0PRD Modification de Table(s)" />
	<Resource Id="-20102" Type="ProvMan_MyHabs_Nature" C4="!KD0PRD Admin Plate-forme SAS LK MADERE" DisplayName_L1="!KD0PRD Admin Plate-forme SAS LK MADERE" />
	<Resource Id="-20103" Type="ProvMan_MyHabs_Nature" C4="!KD0PRD Admin Plateforme LK" DisplayName_L1="!KD0PRD Admin Plateforme LK" />
	<Resource Id="-20104" Type="ProvMan_MyHabs_Nature" C4="!KD0PRD Admin Plateforme P5" DisplayName_L1="!KD0PRD Admin Plateforme P5" />
	<Resource Id="-20105" Type="ProvMan_MyHabs_Nature" C4="!KD0PRD Admin Plateforme mutualisée" DisplayName_L1="!KD0PRD Admin Plateforme mutualisée" />
	<Resource Id="-20106" Type="ProvMan_MyHabs_Nature" C4="!KD2REC Admin Plate-forme SAS LK MADERE" DisplayName_L1="!KD2REC Admin Plate-forme SAS LK MADERE" />
	<Resource Id="-20107" Type="ProvMan_MyHabs_Nature" C4="!KD2REC Admin Plateforme LK" DisplayName_L1="!KD2REC Admin Plateforme LK" />
	<Resource Id="-20108" Type="ProvMan_MyHabs_Nature" C4="!KD2REC Admin Plateforme P5" DisplayName_L1="!KD2REC Admin Plateforme P5" />
	<Resource Id="-20109" Type="ProvMan_MyHabs_Nature" C4="!KD2REC Admin Plateforme mutualisée" DisplayName_L1="!KD2REC Admin Plateforme mutualisée" />
	<Resource Id="-20110" Type="ProvMan_MyHabs_Nature" C4="!KV-WKW0PRD Accès au référentiel Tiers et Groupe CA" DisplayName_L1="!KV-WKW0PRD Accès au référentiel Tiers et Groupe CA" />
	<Resource Id="-20111" Type="ProvMan_MyHabs_Nature" C4="!L40PRD Badges AUR utilisateur ayant la possibilité d'effectuer des modifications" DisplayName_L1="!L40PRD Badges AUR utilisateur ayant la possibilité d'effectuer des modifications" />
	<Resource Id="-20112" Type="ProvMan_MyHabs_Nature" C4="!LG0PRD Achat" DisplayName_L1="!LG0PRD Achat" />
	<Resource Id="-20113" Type="ProvMan_MyHabs_Nature" C4="!LG0PRD Administrateur production" DisplayName_L1="!LG0PRD Administrateur production" />
	<Resource Id="-20114" Type="ProvMan_MyHabs_Nature" C4="!LG0PRD Consultation (Manager)" DisplayName_L1="!LG0PRD Consultation (Manager)" />
	<Resource Id="-20115" Type="ProvMan_MyHabs_Nature" C4="!LG0PRD GLO / CLO" DisplayName_L1="!LG0PRD GLO / CLO" />
	<Resource Id="-20116" Type="ProvMan_MyHabs_Nature" C4="!LG0PRD Inventaire Hardware et Software" DisplayName_L1="!LG0PRD Inventaire Hardware et Software" />
	<Resource Id="-20117" Type="ProvMan_MyHabs_Nature" C4="!LG0PRD LAM" DisplayName_L1="!LG0PRD LAM" />
	<Resource Id="-20118" Type="ProvMan_MyHabs_Nature" C4="!LG2REC Administrateur production" DisplayName_L1="!LG2REC Administrateur production" />
	<Resource Id="-20119" Type="ProvMan_MyHabs_Nature" C4="!LG2REC GLO / CLO" DisplayName_L1="!LG2REC GLO / CLO" />
	<Resource Id="-20120" Type="ProvMan_MyHabs_Nature" C4="!LG2REC LAM" DisplayName_L1="!LG2REC LAM" />
	<Resource Id="-20121" Type="ProvMan_MyHabs_Nature" C4="!LP0PRD Accès Production pour robot de surveillance" DisplayName_L1="!LP0PRD Accès Production pour robot de surveillance" />
	<Resource Id="-20122" Type="ProvMan_MyHabs_Nature" C4="!LP2REC Recette => Utilisateurs Standard" DisplayName_L1="!LP2REC Recette => Utilisateurs Standard" />
	<Resource Id="-20123" Type="ProvMan_MyHabs_Nature" C4="!M30PRD ESEF Consultation" DisplayName_L1="!M30PRD ESEF Consultation" />
	<Resource Id="-20124" Type="ProvMan_MyHabs_Nature" C4="!M30PRD Exploitant &quot;FAS&quot;- LIQUIDITES" DisplayName_L1="!M30PRD Exploitant &quot;FAS&quot;- LIQUIDITES" />
	<Resource Id="-20125" Type="ProvMan_MyHabs_Nature" C4="!M31HOM Exploitant &quot;FAS&quot;- LIQUIDITES" DisplayName_L1="!M31HOM Exploitant &quot;FAS&quot;- LIQUIDITES" />
	<Resource Id="-20126" Type="ProvMan_MyHabs_Nature" C4="!MI0PRD PBI_IGL_Reader" DisplayName_L1="!MI0PRD PBI_IGL_Reader" />
	<Resource Id="-20127" Type="ProvMan_MyHabs_Nature" C4="!MO0PRD Utilisateur CAGIP" DisplayName_L1="!MO0PRD Utilisateur CAGIP" />
	<Resource Id="-20128" Type="ProvMan_MyHabs_Nature" C4="!MO2REC Utilisateur CAGIP" DisplayName_L1="!MO2REC Utilisateur CAGIP" />
	<Resource Id="-20129" Type="ProvMan_MyHabs_Nature" C4="!MOCCA_LMAI0PRD utilisateur de la LMAI hors IGL" DisplayName_L1="!MOCCA_LMAI0PRD utilisateur de la LMAI hors IGL" />
	<Resource Id="-20130" Type="ProvMan_MyHabs_Nature" C4="!MS0PRD MS00 - VISU EMIS-RECUS SQY" DisplayName_L1="!MS0PRD MS00 - VISU EMIS-RECUS SQY" />
	<Resource Id="-20131" Type="ProvMan_MyHabs_Nature" C4="!MX2REC Administrateur technique SILA" DisplayName_L1="!MX2REC Administrateur technique SILA" />
	<Resource Id="-20132" Type="ProvMan_MyHabs_Nature" C4="!N30PRD Profil Utilisateur" DisplayName_L1="!N30PRD Profil Utilisateur" />
	<Resource Id="-20133" Type="ProvMan_MyHabs_Nature" C4="!OF0PRD Consultation des dossiers" DisplayName_L1="!OF0PRD Consultation des dossiers" />
	<Resource Id="-20134" Type="ProvMan_MyHabs_Nature" C4="!OF2REC Consultation des dossiers" DisplayName_L1="!OF2REC Consultation des dossiers" />
	<Resource Id="-20135" Type="ProvMan_MyHabs_Nature" C4="!OR0PRD Administrateur Store entreprise" DisplayName_L1="!OR0PRD Administrateur Store entreprise" />
	<Resource Id="-20136" Type="ProvMan_MyHabs_Nature" C4="!OR0PRD Gestionnaire d'applications" DisplayName_L1="!OR0PRD Gestionnaire d'applications" />
	<Resource Id="-20137" Type="ProvMan_MyHabs_Nature" C4="!OY-FILIALES (EWS)0PRD Saisie" DisplayName_L1="!OY-FILIALES (EWS)0PRD Saisie" />
	<Resource Id="-20138" Type="ProvMan_MyHabs_Nature" C4="!OY-LCL0PRD Citrix Utilisateur standard / Standard user" DisplayName_L1="!OY-LCL0PRD Citrix Utilisateur standard / Standard user" />
	<Resource Id="-20139" Type="ProvMan_MyHabs_Nature" C4="!OY-LCL0PRD Utilisateur standard / Standard user" DisplayName_L1="!OY-LCL0PRD Utilisateur standard / Standard user" />
	<Resource Id="-20140" Type="ProvMan_MyHabs_Nature" C4="!OY-LCL2REC Citrix Utilisateur standard / Standard user" DisplayName_L1="!OY-LCL2REC Citrix Utilisateur standard / Standard user" />
	<Resource Id="-20141" Type="ProvMan_MyHabs_Nature" C4="!OY-LCL2REC Utilisateur standard / Standard user" DisplayName_L1="!OY-LCL2REC Utilisateur standard / Standard user" />
	<Resource Id="-20142" Type="ProvMan_MyHabs_Nature" C4="!OZ0PRD Utilisateur Paprica OZ" DisplayName_L1="!OZ0PRD Utilisateur Paprica OZ" />
	<Resource Id="-20143" Type="ProvMan_MyHabs_Nature" C4="!P50PRD utilisateur EDC/FC (accès à l'écran de pilotage technique)" DisplayName_L1="!P50PRD utilisateur EDC/FC (accès à l'écran de pilotage technique)" />
	<Resource Id="-20144" Type="ProvMan_MyHabs_Nature" C4="!P52REC Utilisateur SAS Administrateur" DisplayName_L1="!P52REC Utilisateur SAS Administrateur" />
	<Resource Id="-20145" Type="ProvMan_MyHabs_Nature" C4="!PE0PRD Utilisateur PELICAN" DisplayName_L1="!PE0PRD Utilisateur PELICAN" />
	<Resource Id="-20146" Type="ProvMan_MyHabs_Nature" C4="!PL0PRD Rapprochement des biens physiques et comptables de SILCA" DisplayName_L1="!PL0PRD Rapprochement des biens physiques et comptables de SILCA" />
	<Resource Id="-20147" Type="ProvMan_MyHabs_Nature" C4="!PL2REC Rapprochement des biens physiques et comptables de SILCA" DisplayName_L1="!PL2REC Rapprochement des biens physiques et comptables de SILCA" />
	<Resource Id="-20148" Type="ProvMan_MyHabs_Nature" C4="!QO0PRD Administrateur CAGIP" DisplayName_L1="!QO0PRD Administrateur CAGIP" />
	<Resource Id="-20149" Type="ProvMan_MyHabs_Nature" C4="!QO2REC Administrateur CAGIP" DisplayName_L1="!QO2REC Administrateur CAGIP" />
	<Resource Id="-20150" Type="ProvMan_MyHabs_Nature" C4="!R80PRD Utilisateur" DisplayName_L1="!R80PRD Utilisateur" />
	<Resource Id="-20151" Type="ProvMan_MyHabs_Nature" C4="!RT0PRD Consultation Standard" DisplayName_L1="!RT0PRD Consultation Standard" />
	<Resource Id="-20152" Type="ProvMan_MyHabs_Nature" C4="!RT0PRD Pôle fonctionnel Gestionnaire" DisplayName_L1="!RT0PRD Pôle fonctionnel Gestionnaire" />
	<Resource Id="-20153" Type="ProvMan_MyHabs_Nature" C4="!S50PRD NewDeal - Profil &quot;Utilisateur WEB CONSULTATION&quot;" DisplayName_L1="!S50PRD NewDeal - Profil &quot;Utilisateur WEB CONSULTATION&quot;" />
	<Resource Id="-20154" Type="ProvMan_MyHabs_Nature" C4="!SA1HOM IT Consultation" DisplayName_L1="!SA1HOM IT Consultation" />
	<Resource Id="-20155" Type="ProvMan_MyHabs_Nature" C4="!SA2REC IT Consultation" DisplayName_L1="!SA2REC IT Consultation" />
	<Resource Id="-20156" Type="ProvMan_MyHabs_Nature" C4="!SA3DEV IT Consultation" DisplayName_L1="!SA3DEV IT Consultation" />
	<Resource Id="-20157" Type="ProvMan_MyHabs_Nature" C4="!SE0PRD CDCEntité - chargé Décl. Conformité Entité / Compliance declination manager (Entity)" DisplayName_L1="!SE0PRD CDCEntité - chargé Décl. Conformité Entité / Compliance declination manager (Entity)" />
	<Resource Id="-20158" Type="ProvMan_MyHabs_Nature" C4="!SE0PRD CDREntité - chargé décl. Risque Entité / DRG declination manager (Entity)" DisplayName_L1="!SE0PRD CDREntité - chargé décl. Risque Entité / DRG declination manager (Entity)" />
	<Resource Id="-20159" Type="ProvMan_MyHabs_Nature" C4="!SE0PRD RFGR - Resp. Risques / Risk Management Function Manager" DisplayName_L1="!SE0PRD RFGR - Resp. Risques / Risk Management Function Manager" />
	<Resource Id="-20160" Type="ProvMan_MyHabs_Nature" C4="!SE0PRD RFVC - Resp. Conformité / Head of Compliance Review Function" DisplayName_L1="!SE0PRD RFVC - Resp. Conformité / Head of Compliance Review Function" />
	<Resource Id="-20161" Type="ProvMan_MyHabs_Nature" C4="!SK0PRD SK - SYSTEME DE REFERENCES" DisplayName_L1="!SK0PRD SK - SYSTEME DE REFERENCES" />
	<Resource Id="-20162" Type="ProvMan_MyHabs_Nature" C4="!SK2REC SK - SYSTEME DE REFERENCES" DisplayName_L1="!SK2REC SK - SYSTEME DE REFERENCES" />
	<Resource Id="-20163" Type="ProvMan_MyHabs_Nature" C4="!T30PRD PBI_SRI_Reader" DisplayName_L1="!T30PRD PBI_SRI_Reader" />
	<Resource Id="-20164" Type="ProvMan_MyHabs_Nature" C4="!T32REC PBI_SRI_Reader" DisplayName_L1="!T32REC PBI_SRI_Reader" />
	<Resource Id="-20165" Type="ProvMan_MyHabs_Nature" C4="!TO0PRD TO - SUPERV TRANSF FICHIERS" DisplayName_L1="!TO0PRD TO - SUPERV TRANSF FICHIERS" />
	<Resource Id="-20166" Type="ProvMan_MyHabs_Nature" C4="!TO2REC TO - SUPERV TRANSF FICHIERS" DisplayName_L1="!TO2REC TO - SUPERV TRANSF FICHIERS" />
	<Resource Id="-20167" Type="ProvMan_MyHabs_Nature" C4="!U90PRD Approbateurs BASTIONS" DisplayName_L1="!U90PRD Approbateurs BASTIONS" />
	<Resource Id="-20168" Type="ProvMan_MyHabs_Nature" C4="!U90PRD Auditeur-restreinte CAGIP" DisplayName_L1="!U90PRD Auditeur-restreinte CAGIP" />
	<Resource Id="-20169" Type="ProvMan_MyHabs_Nature" C4="!U90PRD Auditeurs ADSI" DisplayName_L1="!U90PRD Auditeurs ADSI" />
	<Resource Id="-20170" Type="ProvMan_MyHabs_Nature" C4="!U90PRD Auditeurs CA-CP" DisplayName_L1="!U90PRD Auditeurs CA-CP" />
	<Resource Id="-20171" Type="ProvMan_MyHabs_Nature" C4="!U90PRD Auditeurs CA-LF" DisplayName_L1="!U90PRD Auditeurs CA-LF" />
	<Resource Id="-20172" Type="ProvMan_MyHabs_Nature" C4="!U90PRD Auditeurs CA-TS" DisplayName_L1="!U90PRD Auditeurs CA-TS" />
	<Resource Id="-20173" Type="ProvMan_MyHabs_Nature" C4="!U90PRD Auditeurs CAAGIS" DisplayName_L1="!U90PRD Auditeurs CAAGIS" />
	<Resource Id="-20174" Type="ProvMan_MyHabs_Nature" C4="!U90PRD Auditeurs CAGIP" DisplayName_L1="!U90PRD Auditeurs CAGIP" />
	<Resource Id="-20175" Type="ProvMan_MyHabs_Nature" C4="!U90PRD Auditeurs-CYB" DisplayName_L1="!U90PRD Auditeurs-CYB" />
	<Resource Id="-20176" Type="ProvMan_MyHabs_Nature" C4="!U90PRD Demandeurs ADSI" DisplayName_L1="!U90PRD Demandeurs ADSI" />
	<Resource Id="-20177" Type="ProvMan_MyHabs_Nature" C4="!U90PRD Demandeurs CA-TS" DisplayName_L1="!U90PRD Demandeurs CA-TS" />
	<Resource Id="-20178" Type="ProvMan_MyHabs_Nature" C4="!U90PRD Demandeurs CAAGIS" DisplayName_L1="!U90PRD Demandeurs CAAGIS" />
	<Resource Id="-20179" Type="ProvMan_MyHabs_Nature" C4="!U90PRD Demandeurs CAGIP" DisplayName_L1="!U90PRD Demandeurs CAGIP" />
	<Resource Id="-20180" Type="ProvMan_MyHabs_Nature" C4="!U90PRD Opérateur Réseau" DisplayName_L1="!U90PRD Opérateur Réseau" />
	<Resource Id="-20181" Type="ProvMan_MyHabs_Nature" C4="!U90PRD Opérateur réseau CA-TS" DisplayName_L1="!U90PRD Opérateur réseau CA-TS" />
	<Resource Id="-20182" Type="ProvMan_MyHabs_Nature" C4="!U90PRD VSC" DisplayName_L1="!U90PRD VSC" />
	<Resource Id="-20183" Type="ProvMan_MyHabs_Nature" C4="!U90PRD VSE ADSI" DisplayName_L1="!U90PRD VSE ADSI" />
	<Resource Id="-20184" Type="ProvMan_MyHabs_Nature" C4="!U90PRD VSE SILCA" DisplayName_L1="!U90PRD VSE SILCA" />
	<Resource Id="-20185" Type="ProvMan_MyHabs_Nature" C4="!UM-SIDE0PRD Accès à SIDE V3" DisplayName_L1="!UM-SIDE0PRD Accès à SIDE V3" />
	<Resource Id="-20186" Type="ProvMan_MyHabs_Nature" C4="!UM-SIDE2REC Accès à SIDE V3" DisplayName_L1="!UM-SIDE2REC Accès à SIDE V3" />
	<Resource Id="-20187" Type="ProvMan_MyHabs_Nature" C4="!VC0PRD Enquete Comptes" DisplayName_L1="!VC0PRD Enquete Comptes" />
	<Resource Id="-20188" Type="ProvMan_MyHabs_Nature" C4="!VR0PRD Accès au Répertoire Windows VR - Lecture" DisplayName_L1="!VR0PRD Accès au Répertoire Windows VR - Lecture" />
	<Resource Id="-20189" Type="ProvMan_MyHabs_Nature" C4="!W80PRD Gestionnaire CA-GIP ? Cluster Grandes Clientèles  - 191" DisplayName_L1="!W80PRD Gestionnaire CA-GIP ? Cluster Grandes Clientèles  - 191" />
	<Resource Id="-20190" Type="ProvMan_MyHabs_Nature" C4="!W80PRD Gestionnaire CA-GIP desk - 199" DisplayName_L1="!W80PRD Gestionnaire CA-GIP desk - 199" />
	<Resource Id="-20191" Type="ProvMan_MyHabs_Nature" C4="!W80PRD Gestionnaire CA-GIP-Cluster BCR - 198" DisplayName_L1="!W80PRD Gestionnaire CA-GIP-Cluster BCR - 198" />
	<Resource Id="-20192" Type="ProvMan_MyHabs_Nature" C4="!W80PRD Gestionnaire CAGIP COMMUNICATIONS CYBERSECURITE - 175" DisplayName_L1="!W80PRD Gestionnaire CAGIP COMMUNICATIONS CYBERSECURITE - 175" />
	<Resource Id="-20193" Type="ProvMan_MyHabs_Nature" C4="!W80PRD Gestionnaire CAGIP Communication - 56" DisplayName_L1="!W80PRD Gestionnaire CAGIP Communication - 56" />
	<Resource Id="-20194" Type="ProvMan_MyHabs_Nature" C4="!W80PRD Gestionnaire CAGIP Diffusion - 130" DisplayName_L1="!W80PRD Gestionnaire CAGIP Diffusion - 130" />
	<Resource Id="-20195" Type="ProvMan_MyHabs_Nature" C4="!W80PRD Gestionnaire NEWSLETTER CAGIP CLUSTER PAIEMENT - 203" DisplayName_L1="!W80PRD Gestionnaire NEWSLETTER CAGIP CLUSTER PAIEMENT - 203" />
	<Resource Id="-20196" Type="ProvMan_MyHabs_Nature" C4="!W80PRD Gestionnaire SANDBOX - 47" DisplayName_L1="!W80PRD Gestionnaire SANDBOX - 47" />
	<Resource Id="-20197" Type="ProvMan_MyHabs_Nature" C4="!W80PRD Utilisateur CA-GIP ? Cluster Grandes Clientèles  - 191" DisplayName_L1="!W80PRD Utilisateur CA-GIP ? Cluster Grandes Clientèles  - 191" />
	<Resource Id="-20198" Type="ProvMan_MyHabs_Nature" C4="!W80PRD Utilisateur CA-GIP desk - 199" DisplayName_L1="!W80PRD Utilisateur CA-GIP desk - 199" />
	<Resource Id="-20199" Type="ProvMan_MyHabs_Nature" C4="!W80PRD Utilisateur CA-GIP-Cluster BCR - 198" DisplayName_L1="!W80PRD Utilisateur CA-GIP-Cluster BCR - 198" />
	<Resource Id="-20200" Type="ProvMan_MyHabs_Nature" C4="!W80PRD Utilisateur CAGIP Communication - 56" DisplayName_L1="!W80PRD Utilisateur CAGIP Communication - 56" />
	<Resource Id="-20201" Type="ProvMan_MyHabs_Nature" C4="!W80PRD Utilisateur CAGIP Diffusion - 130" DisplayName_L1="!W80PRD Utilisateur CAGIP Diffusion - 130" />
	<Resource Id="-20202" Type="ProvMan_MyHabs_Nature" C4="!W80PRD Utilisateur NEWSLETTER CAGIP CLUSTER PAIEMENT - 203" DisplayName_L1="!W80PRD Utilisateur NEWSLETTER CAGIP CLUSTER PAIEMENT - 203" />
	<Resource Id="-20203" Type="ProvMan_MyHabs_Nature" C4="!W82REC Gestionnaire CA-GIP ? Cluster Grandes Clientèles  - 191" DisplayName_L1="!W82REC Gestionnaire CA-GIP ? Cluster Grandes Clientèles  - 191" />
	<Resource Id="-20204" Type="ProvMan_MyHabs_Nature" C4="!W82REC Gestionnaire NEWSLETTER CAGIP CLUSTER PAIEMENT - 203" DisplayName_L1="!W82REC Gestionnaire NEWSLETTER CAGIP CLUSTER PAIEMENT - 203" />
	<Resource Id="-20205" Type="ProvMan_MyHabs_Nature" C4="!W82REC Utilisateur CA-GIP ? Cluster Grandes Clientèles  - 191" DisplayName_L1="!W82REC Utilisateur CA-GIP ? Cluster Grandes Clientèles  - 191" />
	<Resource Id="-20206" Type="ProvMan_MyHabs_Nature" C4="!W82REC Utilisateur NEWSLETTER CAGIP CLUSTER PAIEMENT - 203" DisplayName_L1="!W82REC Utilisateur NEWSLETTER CAGIP CLUSTER PAIEMENT - 203" />
	<Resource Id="-20207" Type="ProvMan_MyHabs_Nature" C4="!WG_CASA0PRD DPO" DisplayName_L1="!WG_CASA0PRD DPO" />
	<Resource Id="-20208" Type="ProvMan_MyHabs_Nature" C4="!WG_CASA0PRD Habilitation" DisplayName_L1="!WG_CASA0PRD Habilitation" />
	<Resource Id="-20209" Type="ProvMan_MyHabs_Nature" C4="!WG_CASA0PRD RTO" DisplayName_L1="!WG_CASA0PRD RTO" />
	<Resource Id="-20210" Type="ProvMan_MyHabs_Nature" C4="!WG_CASA0PRD RTO Délégué" DisplayName_L1="!WG_CASA0PRD RTO Délégué" />
	<Resource Id="-20211" Type="ProvMan_MyHabs_Nature" C4="!WT0PRD Consultation RGA pour Webmaster" DisplayName_L1="!WT0PRD Consultation RGA pour Webmaster" />
	<Resource Id="-20212" Type="ProvMan_MyHabs_Nature" C4="!WT2REC Consultation RGA pour Webmaster" DisplayName_L1="!WT2REC Consultation RGA pour Webmaster" />
	<Resource Id="-20213" Type="ProvMan_MyHabs_Nature" C4="!WY0PRD Utilisateur standard" DisplayName_L1="!WY0PRD Utilisateur standard" />
	<Resource Id="-20214" Type="ProvMan_MyHabs_Nature" C4="!WY2REC Utilisateur standard" DisplayName_L1="!WY2REC Utilisateur standard" />
	<Resource Id="-20215" Type="ProvMan_MyHabs_Nature" C4="!Y70PRD Administrateur SSO" DisplayName_L1="!Y70PRD Administrateur SSO" />
	<Resource Id="-20216" Type="ProvMan_MyHabs_Nature" C4="!Y72REC Administrateur SSO" DisplayName_L1="!Y72REC Administrateur SSO" />
	<Resource Id="-20217" Type="ProvMan_MyHabs_Nature" C4="!YB3DEV Accès au GitLab LMAI" DisplayName_L1="!YB3DEV Accès au GitLab LMAI" />
	<Resource Id="-20218" Type="ProvMan_MyHabs_Nature" C4="!YH2REC RCI Export" DisplayName_L1="!YH2REC RCI Export" />
	<Resource Id="-20219" Type="ProvMan_MyHabs_Nature" C4="!YS0PRD Utilisateur CA-CIB" DisplayName_L1="!YS0PRD Utilisateur CA-CIB" />
	<Resource Id="-20220" Type="ProvMan_MyHabs_Nature" C4="!YS0PRD Utilisateur standard hors CA-CIB" DisplayName_L1="!YS0PRD Utilisateur standard hors CA-CIB" />
	<Resource Id="-20221" Type="ProvMan_MyHabs_Nature" C4="!YS2REC Utilisateur standard hors CA-CIB" DisplayName_L1="!YS2REC Utilisateur standard hors CA-CIB" />
	<Resource Id="-20222" Type="ProvMan_MyHabs_Nature" C4="!Z80PRD Utilisateur Local" DisplayName_L1="!Z80PRD Utilisateur Local" />
	<Resource Id="-20223" Type="ProvMan_MyHabs_Nature" C4="!ZI0PRD Utilisateur standard COLLECTE conformité" DisplayName_L1="!ZI0PRD Utilisateur standard COLLECTE conformité" />
	<Resource Id="-20224" Type="ProvMan_MyHabs_Nature" C4="!ZJ0PRD Intraweb SILCAINFO" DisplayName_L1="!ZJ0PRD Intraweb SILCAINFO" />
	<Resource Id="-20225" Type="ProvMan_MyHabs_Nature" C4="!ZX0PRD Utilisateurs standard" DisplayName_L1="!ZX0PRD Utilisateurs standard" />
	<Resource Id="-20226" Type="ProvMan_MyHabs_Nature" C4="!9X-CA_POSTFILES0PRD Utilisateur - CASA Postfiles" DisplayName_L1="!9X-CA_POSTFILES0PRD Utilisateur - CASA Postfiles" />
	
	<!-- 05/09/24 Demande d'evolution/creation de profil metiers contenant des permissions MYHABS : CAGIPSCTASK3566099  -->
	<Resource Id="-20226" Type="ProvMan_MyHabs_Nature" C4="!P60PRD Administrateur Local Support" DisplayName_L1="!P60PRD Administrateur Local Support" />
	<Resource Id="-20227" Type="ProvMan_MyHabs_Nature" C4="!P60PRD Inspection" DisplayName_L1="!P60PRD Inspection" />
	
	<!-- 05/09/24 Demande d'evolution/creation de profil metiers contenant des permissions MYHABS : CAGIPSCTASK3490567  -->
	<Resource Id="-20228" Type="ProvMan_MyHabs_Nature" C4="!BR0PRD Utilisateur standard" DisplayName_L1="!BR0PRD Utilisateur standard" />

	<Resource Id="-20229" Type="ProvMan_MyHabs_Nature" C4="!9X-CA_POSTFILES0PRD Utilisateur - CASA Postfiles" DisplayName_L1="!9X-CA_POSTFILES0PRD Utilisateur - CASA Postfiles" />

	<!-- 07/11/24 Ajout de 2 ressources Fircosoft  -->
	<Resource Id="-20230" Type="ProvMan_MyHabs_Nature" C4="!LZ0PRD SMP (Suivi MOE en Production)" DisplayName_L1="!LZ0PRD SMP (Suivi MOE en Production)" />
	<Resource Id="-20231" Type="ProvMan_MyHabs_Nature" C4="!LZ2REC Utilisateur MOE Regle et Liste" DisplayName_L1="!LZ2REC Utilisateur MOE Regle et Liste" />


	<EntityTypeMapping Connector="Person_To_ProvMan_MyHabs" Identifier="ProvMan_MyHabs_User" />
	<EntityTypeMapping Connector="Person_To_ProvMan_MyHabs" Identifier="ProvMan_MyHabs_Nature" />

	<!-- Vue Admin -->
	<ViewTemplate EntityType="ProvMan_MyHabs_User" Profile="Administrator" />
	<ViewTemplate EntityType="ProvMan_MyHabs_Nature" Profile="Administrator" />
	<ViewAccessControlRules EntityType="ProvMan_MyHabs_User" Profile="Administrator" />
	<ViewAccessControlRules EntityType="ProvMan_MyHabs_Nature" Profile="Administrator" />

	<ReviewProvisioningAccessControlRules EntityType="ProvMan_MyHabs_User" Profile="Administrator" />
	<ReviewProvisioningAccessControlRules EntityType="ProvMan_MyHabs_Nature" Profile="Administrator" />
	<ReconciliateRolesAccessControlRules EntityType="ProvMan_MyHabs_User" Profile="Administrator" />
	<ReconciliateRolesAccessControlRules EntityType="ProvMan_MyHabs_Nature" Profile="Administrator" />

	<TargetResourceReport EntityType="ProvMan_MyHabs_User" Profile="Administrator" />
	<TargetResourceReport EntityType="ProvMan_MyHabs_Nature" Profile="Administrator" />
	<TargetResourceReportAccessControlRules EntityType="ProvMan_MyHabs_User" Profile="Administrator" />
	<TargetResourceReportAccessControlRules EntityType="ProvMan_MyHabs_Nature" Profile="Administrator" />
	<TargetResourceReportMenus EntityType="ProvMan_MyHabs_User" Profile="Administrator" />
	<TargetResourceReportMenus EntityType="ProvMan_MyHabs_Nature" Profile="Administrator" />

</ConfigurationFile>