﻿
<ConfigurationFile xmlns:xsi="http:/www.w3.org/2001/XMLSchema-instance" xmlns:xsd="http:/www.w3.org/2001/XMLSchema" xmlns="urn:schemas-usercube-com:configuration">
  <Connection Identifier="PowerShellTriskellFulfillment" Package="Usercube.Powershell@0000001" DisplayName_L1="TriskellConnection" Connector="Triskell" DeactivationExportFulfill="Export" />
  <Connection Identifier="TriskellRole" Package="Usercube.CSV@0000001" DisplayName_L1="TriskellRole" Connector="Triskell" />
  <Connection Identifier="TriskellUser" Package="Usercube.CSV@0000001" DisplayName_L1="TriskellUser" Connector="Triskell" />
  <Connection Identifier="TriskellTimeSheet" Package="Usercube.CSV@0000001" DisplayName_L1="TriskellTimeSheet" Connector="Triskell" />
  <!-- TRIMEP -->
  <Connector MaxLinkPercentageDeletedLines="30" MaxLinkPercentageInsertedLines="30" MaxPercentageDeletedLines="30" MaxPercentageInsertedLines="30" MaxPercentageUpdatedLines="30" MaximumDeletedLines="0" MaximumInsertedLines="0" MaximumLinkDeletedLines="0" MaximumLinkInsertedLines="0" MaximumUpdatedLines="0" Identifier="Triskell" DisplayName_L1="Triskell" Agent="Local" />

  <EntityType Identifier="Triskell_User" DisplayName_L1="Triskell - Compte">
    <Property Identifier="IdTriskell" DisplayName_L1="Id" TargetColumnIndex="0" Type="String" />
    <Property Identifier="mail" DisplayName_L1="mail" IsKey="true" TargetColumnIndex="1" Type="String" />
    <Property Identifier="name" DisplayName_L1="name" TargetColumnIndex="2" Type="String" />
    <Property Identifier="login" DisplayName_L1="login" TargetColumnIndex="3" Type="String" />
    <Property Identifier="matricule" DisplayName_L1="matricule" TargetColumnIndex="4" Type="String" />
    <Property Identifier="identifiantIAM" DisplayName_L1="identifiantIAM" TargetColumnIndex="5" Type="String" />
    <Property Identifier="employeeType" DisplayName_L1="employeeType" TargetColumnIndex="6" Type="String" />
    <Property Identifier="Equipe" DisplayName_L1="Equipe" TargetColumnIndex="7" Type="String" />
    <Property Identifier="MemberOfRole" Type="ForeignKey" />
    <Property Identifier="MemberOfTimeSheet" Type="ForeignKey" />
  </EntityType>
 
  <EntityType Identifier="Triskell_Role" DisplayName_L1="Triskell - Rôle">
    <Property Identifier="RoleMember" IsKey="true" TargetColumnIndex="0" Type="String" />
    <Property Identifier="accounts" Type="ForeignKey" />
  </EntityType>
  
  <EntityType Identifier="Triskell_TimeSheet" DisplayName_L1="Triskell - Saisie tes temps">
    <Property Identifier="TimeSheet" IsKey="true" TargetColumnIndex="0" Type="String" />
    <Property Identifier="accounts" Type="ForeignKey" />
  </EntityType>  
 
  <EntityTypeMapping MaximumDeletedLines="0" MaximumInsertedLines="0" MaximumUpdatedLines="0" MaxPercentageDeletedLines="30" MaxPercentageInsertedLines="30" MaxPercentageUpdatedLines="30" Identifier="Triskell_User" Connector="Triskell" ConnectionTable="TriskellUser">
    <Property Identifier="IdTriskell" ConnectionColumn="userid" IsPrimaryKey="1" />
    <Property Identifier="mail" ConnectionColumn="mail" />
    <Property Identifier="name" ConnectionColumn="name" />
    <Property Identifier="login" ConnectionColumn="login" />
    <Property Identifier="matricule" ConnectionColumn="matricule" />
    <Property Identifier="identifiantIAM" ConnectionColumn="iamid" />
    <Property Identifier="employeeType" ConnectionColumn="ressourcetype" />
    <Property Identifier="Equipe" ConnectionColumn="equipe" />
  </EntityTypeMapping>

  <EntityTypeMapping MaximumDeletedLines="0" MaximumInsertedLines="0" MaximumUpdatedLines="0" MaxPercentageDeletedLines="30" MaxPercentageInsertedLines="30" MaxPercentageUpdatedLines="30" Identifier="Triskell_Role" Connector="Triskell" ConnectionTable="TriskellRole">
    <Property Identifier="RoleMember" ConnectionColumn="permissionid" IsPrimaryKey="1" />
  </EntityTypeMapping>
 
  <EntityTypeMapping MaximumDeletedLines="0" MaximumInsertedLines="0" MaximumUpdatedLines="0" MaxPercentageDeletedLines="30" MaxPercentageInsertedLines="30" MaxPercentageUpdatedLines="30" Identifier="Triskell_TimeSheet" Connector="Triskell" ConnectionTable="TriskellTimeSheet">
    <Property Identifier="TimeSheet" ConnectionColumn="timesheetuser" IsPrimaryKey="1" />
  </EntityTypeMapping> 
  
  <EntityAssociation Identifier="Triskell_Entry_role" IsProperty1Collection="true" IsProperty2Collection="true" Property2="Triskell_User:MemberOfRole" Property1="Triskell_Role:accounts" />
  <EntityAssociationMapping MaximumDeletedLines="0" MaximumInsertedLines="0" MaxPercentageDeletedLines="30" MaxPercentageInsertedLines="30" Connector="Triskell" Identifier="Triskell_Entry_role" ConnectionTable="TriskellUser" Column1="permissionid" EntityPropertyMapping1="Triskell_Role:RoleMember" Column2="userid" EntityPropertyMapping2="Triskell_User:IdTriskell" />
  
  <EntityAssociation Identifier="Triskell_Entry_timesheet" IsProperty1Collection="true" IsProperty2Collection="true" Property2="Triskell_User:MemberOfTimeSheet" Property1="Triskell_TimeSheet:accounts" />
  <EntityAssociationMapping MaximumDeletedLines="0" MaximumInsertedLines="0" MaxPercentageDeletedLines="30" MaxPercentageInsertedLines="30" Connector="Triskell" Identifier="Triskell_Entry_timesheet" ConnectionTable="TriskellUser" Column1="timesheetuser" EntityPropertyMapping1="Triskell_TimeSheet:TimeSheet" Column2="userid" EntityPropertyMapping2="Triskell_User:IdTriskell" />  


  <DisplayEntityType PluralDisplayName_L1="Entrées Triskell" Identifier="Triskell_User">
    <Property OutputType="BasicCollection" Identifier="MemberOfRole" />
    <Property OutputType="BasicCollection" Identifier="MemberOfTimeSheet" />
  </DisplayEntityType>

  <DisplayEntityType PluralDisplayName_L1="Roles Triskell" Identifier="Triskell_Role">
    <Property OutputType="BasicCollection" Identifier="accounts" />
  </DisplayEntityType>

  <DisplayEntityType PluralDisplayName_L1="Saisie Triskell" Identifier="Triskell_TimeSheet">
    <Property OutputType="BasicCollection" Identifier="accounts" />
  </DisplayEntityType>

  <EntityPropertyExpression Identifier="Triskell_User_InternalDisplayName" Expression="C#:resource:return resource.login ;" EntityType="Triskell_User" Property="InternalDisplayName" />
  <EntityPropertyExpression Identifier="Triskell_Role_InternalDisplayName" Expression="C#:resource:return resource.RoleMember ;" EntityType="Triskell_Role" Property="InternalDisplayName" />
  <EntityPropertyExpression Identifier="Triskell_TimeSheet_InternalDisplayName" Expression="C#:resource:return resource.TimeSheet ;" EntityType="Triskell_TimeSheet" Property="InternalDisplayName" />
 
    
  <ViewTemplate EntityType="Triskell_User" Profile="Administrator" />
  <ViewTemplate EntityType="Triskell_Role" Profile="Administrator" />
  <ViewTemplate EntityType="Triskell_TimeSheet" Profile="Administrator" />
  <ViewAccessControlRules EntityType="Triskell_User" Profile="Administrator" />
  <ViewAccessControlRules EntityType="Triskell_Role" Profile="Administrator" />
  <ViewAccessControlRules EntityType="Triskell_TimeSheet" Profile="Administrator" />

  <ReviewProvisioningAccessControlRules EntityType="Triskell_User" Profile="Administrator" />
  <ReviewProvisioningAccessControlRules EntityType="Triskell_Role" Profile="Administrator" />
  <ReviewProvisioningAccessControlRules EntityType="Triskell_TimeSheet" Profile="Administrator" />
  <ReconciliateRolesAccessControlRules EntityType="Triskell_User" Profile="Administrator" />
  <ReconciliateRolesAccessControlRules EntityType="Triskell_Role" Profile="Administrator" />
  <ReconciliateRolesAccessControlRules EntityType="Triskell_TimeSheet" Profile="Administrator" />

  <TargetResourceReport EntityType="Triskell_User" Profile="Administrator" />
  <TargetResourceReport EntityType="Triskell_Role" Profile="Administrator" />
  <TargetResourceReport EntityType="Triskell_TimeSheet" Profile="Administrator" />
  <TargetResourceReportAccessControlRules EntityType="Triskell_User" Profile="Administrator" />
  <TargetResourceReportAccessControlRules EntityType="Triskell_Role" Profile="Administrator" />
  <TargetResourceReportAccessControlRules EntityType="Triskell_TimeSheet" Profile="Administrator" />
  <TargetResourceReportMenus EntityType="Triskell_User" Profile="Administrator" />
  <TargetResourceReportMenus EntityType="Triskell_Role" Profile="Administrator" />
  <TargetResourceReportMenus EntityType="Triskell_TimeSheet" Profile="Administrator" />
</ConfigurationFile>