﻿<ConfigurationFile xmlns="urn:schemas-usercube-com:configuration">

    <InvokeExpressionTask Identifier="Triskell_PreCollect" DisplayName_L1="Triskell - Pré-collecte des fichiers" InputPath="D:/CAGIP_IAM/Powershell/Triskell.ps1"/>

	<!-- LECTURE -->
    <CreateConnectorSynchroComplete JobIdentifier="Triskell_Export_Complete" Connector="Triskell" DisplayName_L1="Triskell - Lecture Complète" OldAlgorithm="true">
        <OpenIdIdentifier Identifier="accessJob"/>
		<AddTask Task="Triskell_PreCollect" Before="true" TaskToCompareWith="Triskell_PrepareSynchronization_Complete"/>
		<NoProvisioning/>
        <!-- <InformationSystemForFulfillment Identifier="PowerShell_Triskell_Fulfillment" ConnectorIdentifier="Triskell"/> -->
    </CreateConnectorSynchroComplete>
	
	<!-- ECRITURE -->
	<!-- <Job Identifier="Triskell_Provisioning" DisplayName_L1="Triskell - Ecriture" Agent="Local">
        <GenerateProvisioningOrdersTask Identifier="Triskell_Get_Provisioning_Orders" DisplayName_L1="Triskell - Récupération des ordres de provisioning">
            <TaskResourceType ResourceType="Triskell_NominativeUser"/>
        </GenerateProvisioningOrdersTask>
        <FulfillTask Identifier="Triskell_Fulfillment" DisplayName_L1="Triskell - Alimentation automatique (Powershell)" Connector="Triskell" OpenIdClient="accessJob" Connection="PowerShellTriskellFulfillment" Agent="Local"/>
    </Job> -->

	<!-- LECTURE ECRITURE -->
    <CreateConnectorSynchroComplete JobIdentifier="Triskell_Full_Complete" Connector="Triskell" DisplayName_L1="Triskell - Lecture Complète et Ecriture" OldAlgorithm="true">
        <OpenIdIdentifier Identifier="accessJob"/>
    	<CronTabExpression CronTimeZone="ServerTime" CronTab="30 20 * * *"/>
        <AddTask Task="Triskell_PreCollect" Before="true" TaskToCompareWith="Triskell_PrepareSynchronization_Complete"/>
        <!-- <InformationSystemForFulfillment Identifier="PowerShellTriskellFulfillment" ConnectorIdentifier="Triskell"/> -->
    </CreateConnectorSynchroComplete>

</ConfigurationFile>
