﻿<ConfigurationFile xmlns="urn:schemas-usercube-com:configuration">
  <Category Policy="Default" Identifier="Triskell" DisplayName_L1="Triskell" Parent="Applications"/>

  <ResourceTypeMapping Identifier="Triskell_NominativeUser" Connection="PowerShellTriskellFulfillment" />
  <ResourceType TransmittedStateValidityPeriod="180" Identifier="Triskell_NominativeUser" DisplayName_L1="Compte Triskell (nominatif)" MaximumDelete="0" MaximumDeletePercent="5" MaximumInsert="0" MaximumInsertPercent="5" MaximumUpdate="0" MaximumUpdatePercent="5" Policy="Default" TargetEntityType="Triskell_User" Category="Triskell" SourceEntityType="Person" BlockProvisioning="true">
	<TypeRule TimeOffsetBeforeReference="-1440" TimeOffsetAfterReference="44640" TimeOffsetReference="Around" SingleRole="SR_Triskell_Saisie_des_temps" />
	<TypeRule TimeOffsetBeforeReference="-1440" TimeOffsetAfterReference="44640" TimeOffsetReference="Around" SingleRole="SR_Triskell_Chef_de_projet" />
	<TypeRule TimeOffsetBeforeReference="-1440" TimeOffsetAfterReference="44640" TimeOffsetReference="Around" SingleRole="SR_Triskell_Manager" />
	<TypeRule TimeOffsetBeforeReference="-1440" TimeOffsetAfterReference="44640" TimeOffsetReference="Around" SingleRole="SR_Triskell_Gestionnaire_de_portefeuille" />
	
    <ScalarRule Property="mail" Binding="Mail" ComparisonType="IgnoreCase" />
    <ScalarRule Property="name" Expression="C#:PersonRecord: return PersonRecord.LastName + &quot; &quot; + PersonRecord.FormatedFirstName;" Policy="Default" />
    <ScalarRule Property="identifiantIAM" Binding="EmployeeId" />
	
  </ResourceType>

  <ResourceCorrelationRule ResourceType="Triskell_NominativeUser" SourceMatchedConfidenceLevel="110" SourceBinding="EmployeeId" SourceExpression="ToLower" TargetBinding="identifiantIAM" TargetExpression="ToLower" Policy="Default" />
  <ResourceCorrelationRule ResourceType="Triskell_NominativeUser" SourceMatchedConfidenceLevel="100" SourceExpression="C#:PersonRecord: return (String.IsNullOrEmpty(PersonRecord.LoginZoe) || String.IsNullOrEmpty(PersonRecord.Mail)) ? &quot;DoNotReconciliateString&quot; : (PersonRecord.Mail).ToLower();" TargetBinding="mail" TargetExpression="ToLower" Policy="Default" />

</ConfigurationFile>
