﻿<ConfigurationFile xmlns="urn:schemas-usercube-com:configuration">
  <DisplayTable Identifier="Triskell_User" EntityType="Triskell_User" DisplayTableDesignElement="resourcetable" IsEntityTypeDefault="true">
    <Column DisplayBinding="IdTriskell" IsDisplayInSummaryView="true" IsResizable="true" IsSortable="true" CanBeFiltered="true" ColumnSize="2" />
    <Column DisplayBinding="mail" IsDisplayInSummaryView="true" IsResizable="true" IsSortable="true" CanBeFiltered="true" ColumnSize="1" />
    <Column DisplayBinding="name" IsDisplayInSummaryView="true" IsResizable="true" IsSortable="true" CanBeFiltered="true" ColumnSize="2" />
    <Column DisplayBinding="login" IsDisplayInSummaryView="true" IsResizable="true" IsSortable="true" CanBeFiltered="true" ColumnSize="2" />
  </DisplayTable>

  <DisplayTable Identifier="Triskell_Role" EntityType="Triskell_Role" DisplayTableDesignElement="resourcetable" IsEntityTypeDefault="true">
    <Column DefaultSortPriority="1" DisplayBinding="RoleMember" IsDisplayInSummaryView="true" IsResizable="true" IsSortable="true" CanBeFiltered="true" ColumnSize="4" />
  </DisplayTable>

  <DisplayTable Identifier="Triskell_TimeSheet" EntityType="Triskell_TimeSheet" DisplayTableDesignElement="resourcetable" IsEntityTypeDefault="true">
    <Column DefaultSortPriority="1" DisplayBinding="TimeSheet" IsDisplayInSummaryView="true" IsResizable="true" IsSortable="true" CanBeFiltered="true" ColumnSize="4" />
  </DisplayTable>

</ConfigurationFile>
