﻿
<ConfigurationFile xmlns:xsi="http:/www.w3.org/2001/XMLSchema-instance" xmlns:xsd="http:/www.w3.org/2001/XMLSchema" xmlns="urn:schemas-usercube-com:configuration">
  <!-- <Connection Identifier="ADCACEDICAMFulfillment" Package="Usercube.AD@0000001" DisplayName_L1="ADCACEDICAMFulfillment" Connector="AD_CACEDICAM" DeactivationExportFulfill="Export" /> -->
  <Connection Identifier="ADCACEDICAMExport" Package="Usercube.AD@0000001" DisplayName_L1="ADCACEDICAMExport" Connector="AD_CACEDICAM" />
  <Connector MaxLinkPercentageDeletedLines="30" MaxLinkPercentageInsertedLines="30" MaxPercentageDeletedLines="30" MaxPercentageInsertedLines="30" MaxPercentageUpdatedLines="30" MaximumDeletedLines="0" MaximumInsertedLines="0" MaximumLinkDeletedLines="0" MaximumLinkInsertedLines="0" MaximumUpdatedLines="0" Identifier="AD_CACEDICAM" DisplayName_L1="AD_CACEDICAM" Agent="Local" />
  <EntityType Identifier="AD_CACEDICAM_Entry" DisplayName_L1="AD_CACEDICAM - Entry">
    <Property Identifier="dn" DisplayName_L1="dn" IsKey="true" TargetColumnIndex="0" Type="String" />
    <Property Identifier="rdn" DisplayName_L1="rdn" TargetColumnIndex="1" Type="String" />
    <Property Identifier="objectGuid" DisplayName_L1="objectGuid" TargetColumnIndex="2" Type="String" />
    <Property Identifier="objectCategory" DisplayName_L1="objectCategory" TargetColumnIndex="3" Type="String" />
    <Property Identifier="cn" DisplayName_L1="cn" TargetColumnIndex="4" Type="String" />
    <Property Identifier="accountExpires" DisplayName_L1="accountExpires" TargetColumnIndex="5" Type="String" />
    <Property Identifier="displayName" DisplayName_L1="displayName" TargetColumnIndex="6" Type="String" />
    <Property Identifier="givenName" DisplayName_L1="givenName" TargetColumnIndex="7" Type="String" />
    <Property Identifier="lastLogon" DisplayName_L1="lastLogon" TargetColumnIndex="8" Type="String" />
    <Property Identifier="mail" DisplayName_L1="mail" TargetColumnIndex="9" Type="String" />
    <Property Identifier="name" DisplayName_L1="name" TargetColumnIndex="10" Type="String" />
    <Property Identifier="objectSid" DisplayName_L1="objectSid" TargetColumnIndex="11" Type="String" />
    <Property Identifier="ou" DisplayName_L1="ou" TargetColumnIndex="12" Type="String" />
    <Property Identifier="pwdLastSet" DisplayName_L1="pwdLastSet" TargetColumnIndex="13" Type="String" />
    <Property Identifier="sAMAccountName" DisplayName_L1="sAMAccountName" TargetColumnIndex="14" Type="String" />
    <Property Identifier="sn" DisplayName_L1="sn" TargetColumnIndex="15" Type="String" />
    <Property Identifier="uid" DisplayName_L1="uid" TargetColumnIndex="16" Type="String" />
    <Property Identifier="userAccountControl" DisplayName_L1="userAccountControl" TargetColumnIndex="17" Type="String" />
    <Property Identifier="userPrincipalName" DisplayName_L1="userPrincipalName" TargetColumnIndex="18" Type="String" />
    <Property Identifier="whenChanged" DisplayName_L1="whenChanged" TargetColumnIndex="19" Type="String" />
    <Property Identifier="whenCreated" DisplayName_L1="whenCreated" TargetColumnIndex="20" Type="String" />
    <Property Identifier="parentguid" DisplayName_L1="parentguid" TargetColumnIndex="21" Type="String" />
    <Property Identifier="company" DisplayName_L1="company" TargetColumnIndex="22" Type="String" />

    <Property Identifier="parentdn" DisplayName_L1="parentdn" Type="ForeignKey" TargetColumnIndex="128" />
    <Property Identifier="children" DisplayName_L1="children" Type="ForeignKey" />
    <Property Identifier="member" DisplayName_L1="member" Type="ForeignKey" />
    <Property Identifier="memberOf" DisplayName_L1="memberOf" Type="ForeignKey" />
  </EntityType>
  <EntityAssociation Identifier="AD_CACEDICAM_Entry_parentdn" DisplayName_L1="parentdn" IsProperty1Collection="true" Property2="AD_CACEDICAM_Entry:parentdn" Property1="AD_CACEDICAM_Entry:children" />
  <EntityAssociation Identifier="AD_CACEDICAM_Entry_member" DisplayName_L1="member" IsProperty1Collection="true" IsProperty2Collection="true" Property1="AD_CACEDICAM_Entry:member" Property2="AD_CACEDICAM_Entry:memberOf" />

  <EntityTypeMapping MaximumDeletedLines="0" MaximumInsertedLines="0" MaximumUpdatedLines="0" MaxPercentageDeletedLines="30" MaxPercentageInsertedLines="30" MaxPercentageUpdatedLines="30" Identifier="AD_CACEDICAM_Entry" Connector="AD_CACEDICAM" ConnectionTable="ADCACEDICAMExport_entries">
    <Property Identifier="member" Format="link" />
    <Property Identifier="accountExpires" ConnectionColumn="accountExpires" />
    <Property Identifier="cn" ConnectionColumn="cn" />
    <Property Identifier="company" ConnectionColumn="company" />
    <Property Identifier="displayName" ConnectionColumn="displayName" />
    <Property Identifier="dn" ConnectionColumn="dn" IsUniqueKey="true" />
    <Property Identifier="givenName" ConnectionColumn="givenName" />
    <Property Identifier="lastLogon" ConnectionColumn="lastLogon" />
    <Property Identifier="mail" ConnectionColumn="mail" />
    <Property Identifier="name" ConnectionColumn="name" />
    <Property Identifier="objectCategory" ConnectionColumn="objectCategory" Format="rdn" />
    <Property Identifier="objectGuid" ConnectionColumn="objectGUID" IsPrimaryKey="true" Format="guid" />
    <Property Identifier="objectSid" ConnectionColumn="objectSid" Format="sid" />
    <Property Identifier="ou" ConnectionColumn="ou" />
    <Property Identifier="pwdLastSet" ConnectionColumn="pwdLastSet" Format="1601date" />
    <Property Identifier="rdn" ConnectionColumn="rdn" />
    <Property Identifier="sAMAccountName" ConnectionColumn="sAMAccountName" />
    <Property Identifier="sn" ConnectionColumn="sn" />
    <Property Identifier="uid" ConnectionColumn="uid" />
    <Property Identifier="userAccountControl" ConnectionColumn="userAccountControl" />
    <Property Identifier="userPrincipalName" ConnectionColumn="userPrincipalName" />
    <Property Identifier="whenChanged" ConnectionColumn="whenChanged" />
    <Property Identifier="whenCreated" ConnectionColumn="whenCreated" />
    <Property Identifier="parentguid" ConnectionColumn="parentGUID" Format="guid" />

    
  </EntityTypeMapping>
  <EntityAssociationMapping MaximumDeletedLines="0" MaximumInsertedLines="0" MaxPercentageDeletedLines="30" MaxPercentageInsertedLines="30" Identifier="AD_CACEDICAM_Entry_parentdn" Column2="dn" Column1="parentdn" ConnectionTable="ADCACEDICAMExport_entries" EntityPropertyMapping1="AD_CACEDICAM_Entry:dn" EntityPropertyMapping2="AD_CACEDICAM_Entry:dn" Connector="AD_CACEDICAM" />
  <EntityAssociationMapping MaximumDeletedLines="0" MaximumInsertedLines="0" MaxPercentageDeletedLines="30" MaxPercentageInsertedLines="30" Identifier="AD_CACEDICAM_Entry_member" Column1="dn" Column2="member" ConnectionTable="ADCACEDICAMExport_member" EntityPropertyMapping1="AD_CACEDICAM_Entry:dn" EntityPropertyMapping2="AD_CACEDICAM_Entry:dn" Connector="AD_CACEDICAM" />

  <ViewTemplate EntityType="AD_CACEDICAM_Entry" Profile="Administrator" />
  <ViewAccessControlRules EntityType="AD_CACEDICAM_Entry" Profile="Administrator" />

  <ReviewProvisioningAccessControlRules EntityType="AD_CACEDICAM_Entry" Profile="Administrator" />
  <ReconciliateRolesAccessControlRules EntityType="AD_CACEDICAM_Entry" Profile="Administrator" />

  <TargetResourceReport EntityType="AD_CACEDICAM_Entry" Profile="Administrator" />
  <TargetResourceReportAccessControlRules EntityType="AD_CACEDICAM_Entry" Profile="Administrator" />
  <TargetResourceReportMenus EntityType="AD_CACEDICAM_Entry" Profile="Administrator" />
   
</ConfigurationFile>
