﻿<ConfigurationFile xmlns="urn:schemas-usercube-com:configuration">

  <CreateConnectorSynchroIncremental JobIdentifier="AD_CACEDICAM_Full_Incremental" Connector="AD_CACEDICAM" DisplayName_L1="11 - AD_CACEDICAM - Lecture Incrémentale et Ecriture" OldAlgorithm="true">
    <OpenIdIdentifier Identifier="accessJob" />
    <!-- <CronTabExpression CronTab="3/30 6-19 * * *" CronTimeZone="ServerTime"/> -->
    
    
  </CreateConnectorSynchroIncremental>

  <CreateConnectorSynchroComplete JobIdentifier="AD_CACEDICAM_Full_Complete_ecriture" Connector="AD_CACEDICAM" DisplayName_L1="AD_CACEDICAM - Lecture Complète et Ecriture" OldAlgorithm="true">
    <OpenIdIdentifier Identifier="accessJob" />
    
    
  </CreateConnectorSynchroComplete>


  <CreateConnectorSynchroComplete JobIdentifier="AD_CACEDICAM_Export_Complete" Connector="AD_CACEDICAM" DisplayName_L1="AD_CACEDICAM - Lecture Complète" OldAlgorithm="true">
    <OpenIdIdentifier Identifier="accessJob" />
    <!-- <CronTabExpression CronTab="10 4 * * 6" CronTimeZone="ServerTime"/> -->
    
    <NoProvisioning />
  </CreateConnectorSynchroComplete>

</ConfigurationFile>