﻿<ConfigurationFile xmlns="urn:schemas-usercube-com:configuration">
  <PasswordResetSettings Identifier="AD_CACEDICAM_Entry_NominativeUser" MustChange="true" Mode="1" NotifiedEmailBinding="AssignedResourceType:Owner.Person:MainRecord.Responsible.Mail" NotifiedFullNameBinding="AssignedResourceType:Owner.Person:MainRecord.Responsible.InternalDisplayName" StrengthCheck="^.*" AutoGenerate="true" BeneficiaryEmailBinding="AssignedResourceType:Owner.Person:MainRecord.Mail" BeneficiaryFullNameBinding="AssignedResourceType:Owner.Person:MainRecord.InternalDisplayName" DefaultPassword="CAGIPp@ssword2019" GeneratedLength="15" NotificationCC="cagip_habilitations@ca-gip.fr" />

  <!-- <Category Policy="Default" Identifier="AD_CAPS" DisplayName_L1="Active Directory CAPS" Parent="Applications"/> -->
  <Category Policy="Default" Identifier="AD_CACEDICAM" DisplayName_L1="Active Directory CACEDICAM" Parent="Applications" />

  <ResourceType TransmittedStateValidityPeriod="180" MaximumDelete="0" MaximumDeletePercent="5" MaximumInsert="0" MaximumInsertPercent="5" MaximumUpdate="0" MaximumUpdatePercent="5" Identifier="AD_CACEDICAM_Entry_NominativeUser" DisplayName_L1="Compte AD CACEDICAM (nominatif)" Policy="Default" TargetEntityType="AD_CACEDICAM_Entry" Category="AD_CACEDICAM" SourceEntityType="Person" BlockProvisioning="true" ApprovalWorkflowType="ManualAssignmentNotAllowed" >
    <!-- <TypeRule Id="-804" SingleRole="RoleBaseZoe" TimeOffsetReference="Around" TimeOffsetBeforeReference="-20160" TimeOffsetAfterReference="44640"/> -->
    <!-- <TypeRule Id="-805" SingleRole="RoleBaseZoeINTERNE" TimeOffsetReference="Around" TimeOffsetBeforeReference="-20160" TimeOffsetAfterReference="44640"/> -->

    <ScalarRule Property="accountExpires" Expression="C#:person:return (!person.WhenOut.HasValue || person.WhenOut.Value.ToString(&quot;yyyy&quot;) == &quot;2099&quot;) ? &quot;0&quot; : person.WhenOut.Value.AddHours(-5).ToSince1601DateString();" />
	
    <ScalarRule Property="cn" Expression="C#:PersonRecord:
      string cn = &quot;&quot;;
      if(PersonRecord.LastName != null &amp;&amp; PersonRecord.FormatedFirstName != null)
      {
        if(PersonRecord.UserGategory == &quot;EXTERNE&quot;)
        {
          cn = Usercube.Expressions.Functions.UtilExpressions.RemoveDiacritics(PersonRecord.LastName).ToUpper() + &quot;-PRESTATAIRE &quot; + PersonRecord.FormatedFirstName + &quot; (CA-GIP)&quot;;
        }
        else 
        {
          cn = Usercube.Expressions.Functions.UtilExpressions.RemoveDiacritics(PersonRecord.LastName).ToUpper() + &quot; &quot; + PersonRecord.FormatedFirstName + &quot; (CA-GIP)&quot;;
        }   
      }
      return cn;" />
	<!-- <ScalarRule Property="cn" Binding="LoginCedicam" /> -->
	
	
	<ScalarRule Property="company" Expression="C#:PersonRecord:return &quot;CA-GIP&quot;;" />
	
    <ScalarRule Property="displayName" Expression="C#:PersonRecord:
      string displayName = &quot;&quot;;
      if(PersonRecord.LastName != null &amp;&amp; PersonRecord.FormatedFirstName != null)
      {
        if(PersonRecord.UserGategory == &quot;EXTERNE&quot;)
        {
          displayName = Usercube.Expressions.Functions.UtilExpressions.RemoveDiacritics(PersonRecord.LastName).ToUpper() + &quot;-PRESTATAIRE &quot; + PersonRecord.FormatedFirstName + &quot; (CA-GIP)&quot;;
        }
        else 
        {
          displayName = Usercube.Expressions.Functions.UtilExpressions.RemoveDiacritics(PersonRecord.LastName).ToUpper() + &quot; &quot; + PersonRecord.FormatedFirstName + &quot; (CA-GIP)&quot;;
        }   
      }
      return displayName;" />
	  
    <ScalarRule Property="givenName" Binding="FormatedFirstName" />
    <ScalarRule Property="mail" Binding="Mail" />
	
    <!-- <ScalarRule Property="sAMAccountName" Expression="C#:PersonRecord: -->
      <!-- string sam = &quot;&quot;; -->
      <!-- if(!String.IsNullOrEmpty(PersonRecord.LoginZoe)) -->
      <!-- { -->
		<!-- sam = &quot;P&quot; + PersonRecord.LoginZoe.Substring(1); -->
      <!-- } -->
	  <!-- else if (!String.IsNullOrEmpty(PersonRecord.Login)) -->
	  <!-- { -->
		<!-- sam = &quot;P&quot; + PersonRecord.Login.Substring(1); -->
	  <!-- } -->
    <!-- return sam;" /> -->
	<ScalarRule Property="sAMAccountName" Binding="LoginCAPS" />
	
    <ScalarRule Property="sn" Binding="LastName" />
	
    <ScalarRule Property="userAccountControl" Expression="C#:person:return &quot;514&quot;;" TimeOffsetReference="Before" TimeOffsetBeforeReference="-20160" TimeOffsetAfterReference="0" />
	<ScalarRule Property="userAccountControl" Expression="C#:person:return (person.Disabled.HasValue &amp;&amp; person.Disabled.Value) ? &quot;514&quot; : &quot;512&quot;;" Policy="Default" TimeOffsetReference="Around" TimeOffsetBeforeReference="0" TimeOffsetAfterReference="0" />
    <ScalarRule Property="userAccountControl" Expression="C#:person:return &quot;514&quot;;" TimeOffsetReference="After" TimeOffsetBeforeReference="0" TimeOffsetAfterReference="44640" />

	<ScalarRule Property="userPrincipalName" Expression="C#:PersonRecord:
      string upn = &quot;&quot;;
      if(!String.IsNullOrEmpty(PersonRecord.Mail))
      {
		upn = PersonRecord.Mail.Substring(0, PersonRecord.Mail.IndexOf(&quot;@&quot;)).ToLower() + &quot;@ca-cedicam.fr&quot;;
      }
    return upn;" />
    <!-- <ScalarRule Property="userPrincipalName" Expression="C#:person:return String.IsNullOrEmpty(person.LoginCedicam) ? null : person.LoginCedicam.ToLower() + &quot;@ca-cedicam.fr&quot;;" /> -->

    <QueryRule Property="parentdn" TargetBinding="dn" SourceExpression="C#:PersonRecord:return &quot;OU=Utilisateurs,OU=OU_STAN,DC=ca-cedicam,DC=fr&quot;;" />
	<!-- <QueryRule Property="parentdn" TargetBinding="dn" SourceExpression="C#:PersonRecord:return &quot;OU=Tests,OU=Utilisateurs,OU=OU_STAN,DC=ca-cedicam,DC=fr&quot;;"  TargetMatchedConfidenceLevel="100" /> -->
  </ResourceType>


  <LdapResourceTypeMapping Identifier="AD_CACEDICAM_Entry_NominativeUser" DefaultObjectClass="user" RDNAttributeIdentifier="CN" UsePermissiveModify="true" UseTreeDelete="false"  Connection="ADCACEDICAMExport" PasswordResetSetting="AD_CACEDICAM_Entry_NominativeUser">
    <Property Property="memberOf" DataSourceBacklinkColumnName="member" />
    <Property Property="userAccountControl" IsUserAccountControlProperty="true" />
    <Property Property="cn" IsRDNProperty="true" />
    <Property Property="parentdn" IsParentProperty="true" />
    <Property Property="dn" IsDNProperty="true" />
  </LdapResourceTypeMapping>

  <!-- <ResourceCorrelationRule ResourceType="AD_CACEDICAM_Entry_NominativeUser" TargetExpression="C#:Resource:return String.IsNullOrEmpty(Resource.sAMAccountName) ? &quot;EmptysAMAccountNameValue&quot; : Resource.sAMAccountName.ToLower();" Policy="Default" SourceMatchedConfidenceLevel="110" SourceExpression="C#:PersonRecord: -->
      <!-- string login = &quot;&quot;; -->
      <!-- if(!String.IsNullOrEmpty(PersonRecord.LoginZoe)) -->
      <!-- { -->
		<!-- login = &quot;p&quot; + PersonRecord.LoginZoe.Substring(1).ToLower(); -->
      <!-- } -->
	  <!-- else if (!String.IsNullOrEmpty(PersonRecord.Login)) -->
	  <!-- { -->
		<!-- login = &quot;p&quot; + PersonRecord.Login.Substring(1).ToLower(); -->
	  <!-- } -->
	  <!-- else { -->
		<!-- login = &quot;EmptyLoginCedicamValue&quot;; -->
	  <!-- } -->
    <!-- return login;" /> -->
	
	
  <!-- <ResourceCorrelationRule ResourceType="AD_CACEDICAM_Entry_NominativeUser" TargetExpression="C#:Resource:return String.IsNullOrEmpty(Resource.sAMAccountName) ? &quot;EmptysAMAccountNameValue&quot; : Resource.sAMAccountName.ToLower();" Policy="Default" SourceMatchedConfidenceLevel="110" SourceExpression="C#:PersonRecord:return String.IsNullOrEmpty(PersonRecord.LoginCAPS) ? &quot;EmptyLoginCAPSValue&quot; : PersonRecord.LoginCAPS.ToLower();" />	 -->
  <!-- <ResourceCorrelationRule ResourceType="AD_CACEDICAM_Entry_NominativeUser" TargetExpression="C#:Resource:return String.IsNullOrEmpty(Resource.mail) ? &quot;EmptyMailADValue&quot; : Resource.mail.ToLower();" Policy="Default" SourceMatchedConfidenceLevel="90" SourceExpression="C#:PersonRecord:return String.IsNullOrEmpty(PersonRecord.Mail) ? &quot;EmptyMailValue&quot; : PersonRecord.Mail.ToLower();" /> -->
  
  <ResourceCorrelationRule ResourceType="AD_CACEDICAM_Entry_NominativeUser" TargetExpression="C#:Resource:return String.IsNullOrEmpty(Resource.sAMAccountName) || !((Resource.dn).Contains(&quot;OU=OU_STAN&quot;)) ? &quot;EmptysAMAccountNameValue&quot; : Resource.sAMAccountName.ToLower();" Policy="Default" SourceMatchedConfidenceLevel="110" SourceExpression="C#:PersonRecord:return String.IsNullOrEmpty(PersonRecord.LoginCAPS) ? &quot;EmptyLoginCAPSValue&quot; : PersonRecord.LoginCAPS.ToLower();" />	
  <ResourceCorrelationRule ResourceType="AD_CACEDICAM_Entry_NominativeUser" TargetExpression="C#:Resource:return String.IsNullOrEmpty(Resource.mail) || !((Resource.dn).Contains(&quot;OU=OU_STAN&quot;)) ? &quot;EmptyMailADValue&quot; : Resource.mail.ToLower();" Policy="Default" SourceMatchedConfidenceLevel="90" SourceExpression="C#:PersonRecord:return String.IsNullOrEmpty(PersonRecord.Mail) ? &quot;EmptyMailValue&quot; : PersonRecord.Mail.ToLower();" />

</ConfigurationFile>
