﻿
<ConfigurationFile xmlns="urn:schemas-usercube-com:configuration">
<!-- DROITS Administrator -->
  <AccessControlRule Profile="Administrator" EntityType="RACF_CAPS_AMC2_User" Identifier="Administrator_Resources_RACF_CAPS_AMC2_User" DisplayName_L1="Administrator_Resources_RACF_CAPS_AMC2_User">
    <Entry Permission="/Custom/Resources/RACF_CAPS_AMC2_User/View" CanExecute="true" />
    <Entry Permission="/Custom/Resources/RACF_CAPS_AMC2_User/ViewTargetResources" CanExecute="true" />
    <Entry Permission="/" />
    <Entry Permission="/Custom/ResourceFiles/RACF_CAPS_AMC2_User" CanExecute="true" />
  </AccessControlRule>

  <AccessControlRule Profile="Administrator" EntityType="RACF_CAPS_AMC2_Group" Identifier="Administrator_Resources_RACF_CAPS_AMC2_Group" DisplayName_L1="Administrator_Resources_RACF_CAPS_AMC2_Group">
    <Entry Permission="/Custom/Resources/RACF_CAPS_AMC2_Group/View" CanExecute="true" />
    <Entry Permission="/" />
    <Entry Permission="/Custom/ResourceFiles/RACF_CAPS_AMC2_Group" CanExecute="true" />
  </AccessControlRule>

<!-- DROITS CCP -->
  <AccessControlRule Profile="CCP" EntityType="RACF_CAPS_AMC2_User" Identifier="CCP_Resources_RACF_CAPS_AMC2_User" DisplayName_L1="CCP_Resources_RACF_CAPS_AMC2_User">
    <Entry Permission="/Custom/Resources/RACF_CAPS_AMC2_User/View" CanExecute="true" />
    <Entry Permission="/Custom/Resources/RACF_CAPS_AMC2_User/ViewTargetResources" CanExecute="true" />
    <Entry Permission="/" />
    <Entry Permission="/Custom/ResourceFiles/RACF_CAPS_AMC2_User" CanExecute="true" />
  </AccessControlRule>

  <AccessControlRule Profile="CCP" EntityType="RACF_CAPS_AMC2_Group" Identifier="CCP_Resources_RACF_CAPS_AMC2_Group" DisplayName_L1="CCP_Resources_RACF_CAPS_AMC2_Group">
    <Entry Permission="/Custom/Resources/RACF_CAPS_AMC2_Group/View" CanExecute="true" />
    <Entry Permission="/" />
    <Entry Permission="/Custom/ResourceFiles/RACF_CAPS_AMC2_Group" CanExecute="true" />
  </AccessControlRule>
</ConfigurationFile>

