﻿
<ConfigurationFile xmlns="urn:schemas-usercube-com:configuration">
<!-- DROITS Administrator -->
  <AccessControlRule Profile="Administrator" EntityType="RACF_CACF_DJ02_User" Identifier="Administrator_Resources_RACF_CACF_DJ02_User" DisplayName_L1="Administrator_Resources_RACF_CACF_DJ02_User">
    <Entry Permission="/Custom/Resources/RACF_CACF_DJ02_User/View" CanExecute="true" />
    <Entry Permission="/Custom/Resources/RACF_CACF_DJ02_User/ViewTargetResources" CanExecute="true" />
    <Entry Permission="/" />
    <Entry Permission="/Custom/ResourceFiles/RACF_CACF_DJ02_User" CanExecute="true" />
  </AccessControlRule>

  <AccessControlRule Profile="Administrator" EntityType="RACF_CACF_DJ02_Group" Identifier="Administrator_Resources_RACF_CACF_DJ02_Group" DisplayName_L1="Administrator_Resources_RACF_CACF_DJ02_Group">
    <Entry Permission="/Custom/Resources/RACF_CACF_DJ02_Group/View" CanExecute="true" />
    <Entry Permission="/" />
    <Entry Permission="/Custom/ResourceFiles/RACF_CACF_DJ02_Group" CanExecute="true" />
  </AccessControlRule>

  <!-- DROITS CCP -->
  <AccessControlRule Profile="CCP" EntityType="RACF_CACF_DJ02_User" Identifier="CCP_Resources_RACF_CACF_DJ02_User" DisplayName_L1="CCP_Resources_RACF_CACF_DJ02_User">
    <Entry Permission="/Custom/Resources/RACF_CACF_DJ02_User/View" CanExecute="true" />
    <Entry Permission="/Custom/Resources/RACF_CACF_DJ02_User/ViewTargetResources" CanExecute="true" />
    <Entry Permission="/" />
    <Entry Permission="/Custom/ResourceFiles/RACF_CACF_DJ02_User" CanExecute="true" />
  </AccessControlRule>

  <AccessControlRule Profile="CCP" EntityType="RACF_CACF_DJ02_Group" Identifier="CCP_Resources_RACF_CACF_DJ02_Group" DisplayName_L1="CCP_Resources_RACF_CACF_DJ02_Group">
    <Entry Permission="/Custom/Resources/RACF_CACF_DJ02_Group/View" CanExecute="true" />
    <Entry Permission="/" />
    <Entry Permission="/Custom/ResourceFiles/RACF_CACF_DJ02_Group" CanExecute="true" />
  </AccessControlRule>
</ConfigurationFile>

