﻿<ConfigurationFile xmlns="urn:schemas-usercube-com:configuration">
  <DisplayTable Identifier="RACF_CACF_DJ02_Group" EntityType="RACF_CACF_DJ02_Group" DisplayTableDesignElement="table" IsEntityTypeDefault="true">
    <Column DefaultSortPriority="1" DisplayBinding="GPBD_NAME" IsDisplayInSummaryView="true" IsResizable="true" IsSortable="true" CanBeFiltered="true" />
    <Column DisplayBinding="GPBD_INSTALL_DATA" IsDisplayInSummaryView="false" IsResizable="true" IsSortable="true" CanBeFiltered="true" />
  </DisplayTable>

  <DisplayTable Identifier="RACF_CACF_DJ02_User" EntityType="RACF_CACF_DJ02_User" DisplayTableDesignElement="resourcetable" IsEntityTypeDefault="true">
    <Column DefaultSortPriority="1" DisplayBinding="USBD_NAME" IsDisplayInSummaryView="true" IsResizable="true" IsSortable="true" CanBeFiltered="true" />
    <Column DisplayBinding="USBD_PROGRAMMER" IsDisplayInSummaryView="false" IsResizable="true" IsSortable="true" CanBeFiltered="true" />
  </DisplayTable>
</ConfigurationFile>
