﻿
<ConfigurationFile xmlns:xsi="http:/www.w3.org/2001/XMLSchema-instance" xmlns:xsd="http:/www.w3.org/2001/XMLSchema" xmlns="urn:schemas-usercube-com:configuration">
  <Connection Identifier="PowerShellMetisFulfillmentPDTB" Package="Usercube.Powershell@0000001" DisplayName_L1="PDTBConnection" Connector="PDTB" DeactivationExportFulfill="Export" />
  <Connection Identifier="PDTBUser" Package="Usercube.CSV@0000001" DisplayName_L1="PDTBUser" Connector="PDTB" />

  <Connector MaxLinkPercentageDeletedLines="30" MaxLinkPercentageInsertedLines="30" MaxPercentageDeletedLines="30" MaxPercentageInsertedLines="30" MaxPercentageUpdatedLines="30" MaximumDeletedLines="0" MaximumInsertedLines="0" MaximumLinkDeletedLines="0" MaximumLinkInsertedLines="0" MaximumUpdatedLines="0" Identifier="PDTB" DisplayName_L1="Metis PDTB" Agent="Local" />
  
  <!--ENTITY TYPE-->
  <EntityType Identifier="PDTBUser" DisplayName_L1="PDTBUser">
    <Property Identifier="fullname" DisplayName_L1="Collaborateur" TargetColumnIndex="0" Type="String" />
    <Property Identifier="mail" DisplayName_L1="Mail" TargetColumnIndex="1" Type="String" />
	<Property Identifier="RITM_for_correlation" DisplayName_L1="Numéro du ticket METIS" TargetColumnIndex="2" Type="String" />
    <Property Identifier="employeeId" DisplayName_L1="Identifiant IAM" IsKey="true" TargetColumnIndex="3" Type="String" />
    <Property Identifier="loginZoe" DisplayName_L1="Login ZOE" IsKey="true" TargetColumnIndex="4" Type="String" />
	<Property Identifier="manager" DisplayName_L1="Manager" TargetColumnIndex="5" Type="String" />
	<Property Identifier="batiment" DisplayName_L1="Batiment" TargetColumnIndex="6" Type="String" />
	<Property Identifier="etage" DisplayName_L1="Etage" TargetColumnIndex="7" Type="String" />
	<Property Identifier="ville" DisplayName_L1="Ville" TargetColumnIndex="8" Type="String" />
	<Property Identifier="equipe" DisplayName_L1="Equipe" TargetColumnIndex="9" Type="String" />
	<Property Identifier="contact" DisplayName_L1="Contact" TargetColumnIndex="10" Type="String" />
	
	<Property Identifier="type" DisplayName_L1="type" Type="ForeignKey" />
  </EntityType>
  
  <EntityType Identifier="PDTBType" DisplayName_L1="PDTBType">
    <Property Identifier="reference" DisplayName_L1="Reference" IsKey="true" TargetColumnIndex="0" Type="String" />
    <Property Identifier="libelle" DisplayName_L1="Libellé" TargetColumnIndex="1" Type="String" />
    <Property Identifier="users" DisplayName_L1="Détenteur" Type="ForeignKey" />
  </EntityType>
  <EntityPropertyExpression Identifier="PDTBType_InternalDisplayName" Expression="C#:PDTBType: return PDTBType.libelle;" EntityType="PDTBType" Property="InternalDisplayName" />
  
  <!--ENTITY TYPE ASSOCIATION-->
  <EntityAssociation DisplayName_L1="Type_Users" Identifier="PDTBType_Users" Property1="PDTBUser:type" Property2="PDTBType:users" IsProperty2Collection="true" />


  <!--ENTITY TYPE MAPPING-->
  <EntityTypeMapping MaximumDeletedLines="0" MaximumInsertedLines="0" MaximumUpdatedLines="0" MaxPercentageDeletedLines="30" MaxPercentageInsertedLines="30" MaxPercentageUpdatedLines="30" Connector="PDTB" Identifier="PDTBUser" ConnectionTable="PDTBUser">
	<Property Identifier="fullname" ConnectionColumn="assigned_to.name" />
	<Property Identifier="mail" ConnectionColumn="assigned_to.email" IsPrimaryKey="true"/>
	<Property Identifier="employeeId" ConnectionColumn="assigned_to.u_code_iam"/>
	<Property Identifier="loginZoe" ConnectionColumn="assigned_to.u_code_ut"/>
	<Property Identifier="manager" ConnectionColumn="assigned_to.manager.email"/>
	<Property Identifier="equipe" ConnectionColumn="assigned_to.department.name"/>
  </EntityTypeMapping>
  <EntityTypeMapping MaximumDeletedLines="0" MaximumInsertedLines="0" MaximumUpdatedLines="0" MaxPercentageDeletedLines="30" MaxPercentageInsertedLines="30" MaxPercentageUpdatedLines="30" Connector="PDTB" Identifier="PDTBType">
	<!-- <Property Identifier="reference" ConnectionColumn="art_ref_STAN" IsPrimaryKey="true" /> -->
	<!-- <Property Identifier="libelle" ConnectionColumn="libelle" /> -->
  </EntityTypeMapping>
  <Resource Id="-5018" Type="PDTBType" C0="-5018" C1="PDTB Mowe" DisplayName_L1="PDTB Mowe" />


  
  <!--ASSOCIATION MAPPING-->
  <EntityAssociationMapping MaximumDeletedLines="0" MaximumInsertedLines="0" MaxPercentageDeletedLines="30" MaxPercentageInsertedLines="30" Identifier="PDTBType_Users" Column1="assigned_to.email" Column2="art_ref_STAN" ConnectionTable="PDTBUser" EntityPropertyMapping1="PDTBUser:mail" EntityPropertyMapping2="PDTBType:reference" Connector="PDTB" />
  
  
  <ViewTemplate EntityType="PDTBUser" Profile="Administrator" />
  <ViewTemplate EntityType="PDTBType" Profile="Administrator" />
  <ViewAccessControlRules EntityType="PDTBUser" Profile="Administrator" />
  <ViewAccessControlRules EntityType="PDTBType" Profile="Administrator" />

  <ReviewProvisioningAccessControlRules EntityType="PDTBUser" Profile="Administrator" />
  <ReviewProvisioningAccessControlRules EntityType="PDTBType" Profile="Administrator" />
  <ReconciliateRolesAccessControlRules EntityType="PDTBUser" Profile="Administrator" />
  <ReconciliateRolesAccessControlRules EntityType="PDTBType" Profile="Administrator" />

  <TargetResourceReport EntityType="PDTBUser" Profile="Administrator" />
  <TargetResourceReport EntityType="PDTBType" Profile="Administrator" />
  <TargetResourceReportAccessControlRules EntityType="PDTBUser" Profile="Administrator" />
  <TargetResourceReportAccessControlRules EntityType="PDTBType" Profile="Administrator" />
  <TargetResourceReportMenus EntityType="PDTBUser" Profile="Administrator" />
  <TargetResourceReportMenus EntityType="PDTBType" Profile="Administrator" />

   
</ConfigurationFile>
