﻿<ConfigurationFile xmlns="urn:schemas-usercube-com:configuration">
	
	<InvokeExpressionTask Identifier="Lecture_METIS_PDTB" DisplayName_L1="Lecture METIS PDTB" InputPath="D:/CAGIP_IAM/Powershell/Lecture_Metis_PDTB_logical.ps1" />
	
	<CreateConnectorSynchroComplete JobIdentifier="Metis_Synchronization_PDTB" Connector="PDTB" DisplayName_L1="Metis - Lecture - PDTB" OldAlgorithm="true">
		<CronTabExpression CronTimeZone="ServerTime" CronTab="51 20 * * *" />
        <OpenIdIdentifier Identifier="accessJob" />
		<!-- <AddTask Task="Lecture_METIS_PDTB" Before="true" TaskToCompareWith="PDTB_PrepareSynchronization_Complete" /> -->
		<AddTask Task="Lecture_METIS_PDTB" Before="true" TaskToCompareWith="PDTB_Export_Complete_PDTBUser" />
		<NoProvisioning />
    </CreateConnectorSynchroComplete>
	
	<CreateConnectorSynchroComplete JobIdentifier="Metis_Fulfillment_PDTB" Connector="PDTB" DisplayName_L1="Metis - Ecriture - PDTB" OldAlgorithm="true">
		<CronTabExpression CronTimeZone="ServerTime" CronTab="49 6 * * *" />
        <OpenIdIdentifier Identifier="accessJob" />
		<NoSynchronization />
		
    </CreateConnectorSynchroComplete>
	
	
</ConfigurationFile>