﻿<ConfigurationFile xmlns="urn:schemas-usercube-com:configuration">
  <DisplayTable Identifier="PDTBUser" EntityType="PDTBUser" DisplayTableDesignElement="resourcetable" IsEntityTypeDefault="true">
    <Column DisplayBinding="fullname" IsDisplayInSummaryView="true" IsResizable="true" IsSortable="true" CanBeFiltered="true" ColumnSize="2" />
    <Column DisplayBinding="mail" IsDisplayInSummaryView="true" IsResizable="true" IsSortable="true" CanBeFiltered="true" ColumnSize="2" />
    <Column DisplayBinding="RITM_for_correlation" IsDisplayInSummaryView="true" IsResizable="true" IsSortable="true" CanBeFiltered="true" ColumnSize="2" />
  </DisplayTable>

  <DisplayEntityType Identifier="PDTBUser" IconCode="TriangleUp12">
    <Property OutputType="BasicCollection" Identifier="type" />
  </DisplayEntityType>
  
  <DisplayTable Identifier="PDTBType" EntityType="PDTBType" DisplayTableDesignElement="table" IsEntityTypeDefault="true">
    <Column DisplayBinding="reference" IsDisplayInSummaryView="true" IsResizable="true" IsSortable="true" CanBeFiltered="true" ColumnSize="2" />
    <Column DisplayBinding="libelle" IsDisplayInSummaryView="true" IsResizable="true" IsSortable="true" CanBeFiltered="true" ColumnSize="2" />
  </DisplayTable>

  <DisplayEntityType Identifier="PDTBType" IconCode="TriangleUp12">
    <Property OutputType="BasicCollection" Identifier="users" />
  </DisplayEntityType>
</ConfigurationFile>
