
<ConfigurationFile xmlns:xsi="http:/www.w3.org/2001/XMLSchema-instance" xmlns:xsd="http:/www.w3.org/2001/XMLSchema" xmlns="urn:schemas-usercube-com:configuration">
  <Connection Identifier="ReaffectationHIDConnection" Package="Usercube.Manual@0000001" DisplayName_L1="ReaffectationHIDConnection" Connector="Reaffectation_HID" DeactivationExportFulfill="Export" />
  <Connection Identifier="ReaffectationHIDUserAsset" Package="Usercube.CSV@0000001" DisplayName_L1="ReaffectationHIDUserAsset" Connector="Reaffectation_HID" />
  <Connection Identifier="ReaffectationHIDUser" Package="Usercube.CSV@0000001" DisplayName_L1="ReaffectationHIDUser" Connector="Reaffectation_HID" />

  <Connector MaxLinkPercentageDeletedLines="30" MaxLinkPercentageInsertedLines="30" MaxPercentageDeletedLines="30" MaxPercentageInsertedLines="30" MaxPercentageUpdatedLines="30" MaximumDeletedLines="0" MaximumInsertedLines="0" MaximumLinkDeletedLines="0" MaximumLinkInsertedLines="0" MaximumUpdatedLines="0" Identifier="Reaffectation_HID" DisplayName_L1="Reaffectation_HID" Agent="Local" />

  <EntityType Identifier="Reaffectation_HID_User" DisplayName_L1="Reaffectation HID  - User">
    <Property Identifier="EmployeeId" DisplayName_L1="Code unique" IsKey="true" TargetColumnIndex="0" Type="String" />
    <Property Identifier="LastName" DisplayName_L1="Nom" TargetColumnIndex="1" Type="String" />
    <Property Identifier="FirstName" DisplayName_L1="Prénom" TargetColumnIndex="2" Type="String" />
    <Property Identifier="LoginZoe" DisplayName_L1="Login MOWE" TargetColumnIndex="3" Type="String" />
    <Property Identifier="Email" DisplayName_L1="Email" TargetColumnIndex="4" Type="String" />
	<Property Identifier="Comments" DisplayName_L1="Commentaire" TargetColumnIndex="5" Type="String" />
	<Property Identifier="Contact" DisplayName_L1="Contact" TargetColumnIndex="6" Type="String" />
	
    <Property Identifier="Asset" DisplayName_L1="Dotation" Type="ForeignKey" />
  </EntityType>

  <EntityPropertyExpression Identifier="Reaffectation_HID_User_InternalDisplayName" Expression="C#:ru: return ru.FirstName + &quot; &quot; + ru.LastName;" EntityType="Reaffectation_HID_User" Property="InternalDisplayName" />


  <EntityType Identifier="Reaffectation_HID_Asset" DisplayName_L1="Reaffectation HID  - Outil">
    <Property Identifier="Reference" DisplayName_L1="Reference" IsKey="true" TargetColumnIndex="4" Type="String" />

    <Property Identifier="User" DisplayName_L1="Collaborateur" Type="ForeignKey" />
  </EntityType>


  <EntityAssociation Identifier="Reaffectation_HID_User_Asset" DisplayName_L1="User - Asset" IsProperty1Collection="true" IsProperty2Collection="true" Property1="Reaffectation_HID_Asset:User" Property2="Reaffectation_HID_User:Asset" />
  
  <Resource Id="-5026" Type="Reaffectation_HID_Asset" C4="Reaffectation HID REDALPHA" DisplayName_L1="Réaffectation HID REDALPHA" />
  <Resource Id="-5027" Type="Reaffectation_HID_Asset" C4="Reaffectation HID PARTENAIRES" DisplayName_L1="Réaffectation HID PRODGRP" />
	

  <EntityTypeMapping MaximumDeletedLines="0" MaximumInsertedLines="0" MaximumUpdatedLines="0" MaxPercentageDeletedLines="30" MaxPercentageInsertedLines="30" MaxPercentageUpdatedLines="30" Connector="Reaffectation_HID" Identifier="Reaffectation_HID_User" ConnectionTable="ReaffectationHIDUser">
	<Property Identifier="EmployeeId" ConnectionColumn="EmployeeId" IsPrimaryKey="true" />
	<Property Identifier="LastName" ConnectionColumn="LastName" />
	<Property Identifier="FirstName" ConnectionColumn="FirstName" />
	<Property Identifier="LoginZoe" ConnectionColumn="LoginZoe" />
	<Property Identifier="Email" ConnectionColumn="Email" />
	<Property Identifier="Comments" ConnectionColumn="Comments" />
	<Property Identifier="Contact" ConnectionColumn="Contact" />
  </EntityTypeMapping>
  <EntityTypeMapping MaximumDeletedLines="0" MaximumInsertedLines="0" MaximumUpdatedLines="0" MaxPercentageDeletedLines="30" MaxPercentageInsertedLines="30" MaxPercentageUpdatedLines="30" Connector="Reaffectation_HID" Identifier="Reaffectation_HID_Asset">
	<Property Identifier="Reference" IsPrimaryKey="true" />
  </EntityTypeMapping>
  
  <EntityAssociationMapping MaximumDeletedLines="0" MaximumInsertedLines="0" MaxPercentageDeletedLines="0" MaxPercentageInsertedLines="0" Identifier="Reaffectation_HID_User_Asset" Column1="Outil" Column2="EmployeeId" ConnectionTable="ReaffectationHIDUserAsset" EntityPropertyMapping2="Reaffectation_HID_User:EmployeeId" EntityPropertyMapping1="Reaffectation_HID_Asset:Reference" Connector="Reaffectation_HID" />
  
  <!-- Vue Admin -->
  <ViewTemplate EntityType="Reaffectation_HID_User" Profile="Administrator" />
  <ViewTemplate EntityType="Reaffectation_HID_Asset" Profile="Administrator" />
  <ViewAccessControlRules EntityType="Reaffectation_HID_User" Profile="Administrator" />
  <ViewAccessControlRules EntityType="Reaffectation_HID_Asset" Profile="Administrator" />

  <ReviewProvisioningAccessControlRules EntityType="Reaffectation_HID_User" Profile="Administrator" />
  <ReviewProvisioningAccessControlRules EntityType="Reaffectation_HID_Asset" Profile="Administrator" />
  <ReconciliateRolesAccessControlRules EntityType="Reaffectation_HID_User" Profile="Administrator" />
  <ReconciliateRolesAccessControlRules EntityType="Reaffectation_HID_Asset" Profile="Administrator" />

  <TargetResourceReport EntityType="Reaffectation_HID_User" Profile="Administrator" />
  <TargetResourceReport EntityType="Reaffectation_HID_Asset" Profile="Administrator" />
  <TargetResourceReportAccessControlRules EntityType="Reaffectation_HID_User" Profile="Administrator" />
  <TargetResourceReportAccessControlRules EntityType="Reaffectation_HID_Asset" Profile="Administrator" />
  <TargetResourceReportMenus EntityType="Reaffectation_HID_User" Profile="Administrator" />
  <TargetResourceReportMenus EntityType="Reaffectation_HID_Asset" Profile="Administrator" />
  
  <!-- Vue CCP -->
  <ViewTemplate EntityType="Reaffectation_HID_User" Profile="CCP" />
  <ViewTemplate EntityType="Reaffectation_HID_Asset" Profile="CCP" />
  <ViewAccessControlRules EntityType="Reaffectation_HID_User" Profile="CCP" />
  <ViewAccessControlRules EntityType="Reaffectation_HID_Asset" Profile="CCP" />

  <!-- <ReviewProvisioningAccessControlRules EntityType="Reaffectation_HID_User" Profile="CCP" /> -->
  <!-- <ReviewProvisioningAccessControlRules EntityType="Reaffectation_HID_Asset" Profile="CCP" /> -->
  <!-- <ReconciliateRolesAccessControlRules EntityType="Reaffectation_HID_User" Profile="CCP" /> -->
  <!-- <ReconciliateRolesAccessControlRules EntityType="Reaffectation_HID_Asset" Profile="CCP" /> -->

  <!-- <TargetResourceReport EntityType="Reaffectation_HID_User" Profile="CCP" /> -->
  <!-- <TargetResourceReport EntityType="Reaffectation_HID_Asset" Profile="CCP" /> -->
  <!-- <TargetResourceReportAccessControlRules EntityType="Reaffectation_HID_User" Profile="CCP" /> -->
  <!-- <TargetResourceReportAccessControlRules EntityType="Reaffectation_HID_Asset" Profile="CCP" /> -->
  <!-- <TargetResourceReportMenus EntityType="Reaffectation_HID_User" Profile="CCP" /> -->
  <!-- <TargetResourceReportMenus EntityType="Reaffectation_HID_Asset" Profile="CCP" /> -->

</ConfigurationFile>