﻿<ConfigurationFile xmlns="urn:schemas-usercube-com:configuration">

	<InvokeExpressionTask Identifier="Reaffectation_export" Agent="Local" DisplayName_L1="Extraction des réaffectations HID validée" InputPath="D:/CAGIP_IAM/Powershell/Reaffectation_HID_Lecture.ps1" OpenIdClient="accessJob" />
	<!-- <FulfillTask Identifier="Reaffectation_HID_Complete_Reaffectation_HID_UpdateFulfillmentStates" DisplayName_L1="Réaffectation HID - Mise à jour de l'état du provisioning manuel" > -->
		<!-- <TaskResourceType ResourceType="Reaffectation_HID" /> -->
	<!-- </FulfillTask> -->


	<CreateConnectorSynchroComplete JobIdentifier="Reaffectation_HID_SynchroComplete"
		Connector="Reaffectation_HID" DisplayName_L1="Réaffectation HID - Provisioning manuel" >
		<OpenIdIdentifier Identifier="accessJob" />
		<CronTabExpression CronTimeZone="ServerTime" CronTab="08 20 * * *" />
		<AddTask Task="Reaffectation_export" Before="true" TaskToCompareWith="Export_Reaffectation_HID_Complete_ReaffectationHIDUser"  />
		<!-- <AddTask Task="Reaffectation_HID_Complete_Reaffectation_HID_UpdateFulfillmentStates" Before="true" TaskToCompareWith="Reaffectation_HID_SynchroComplete_Fulfill1" /> -->
	</CreateConnectorSynchroComplete>

</ConfigurationFile>