﻿<ConfigurationFile xmlns="urn:schemas-usercube-com:configuration">
  
	<SingleRole Identifier="Reaffectation_HID_REDALPHA" DisplayName_L1="Réaffectation HID REDALPHA" Description_L1="Réaffectation HID REDALPHA" EntityType="Person" ApprovalWorkflowType="One" Policy="Default" Category="Calculatrice" />
	<SingleRole Identifier="Reaffectation_HID_PARTENAIRES" DisplayName_L1="Réaffectation HID PARTENAIRES" Description_L1="Réaffectation HID PARTENAIRE" EntityType="Person" ApprovalWorkflowType="One" Policy="Default" Category="Calculatrice" />
	
	<ResourceTypeMapping Identifier="Reaffectation_HID" Connection="ReaffectationHIDConnection" />
  <ResourceType Identifier="Reaffectation_HID" DisplayName_L1="Réaffectation HID " Policy="Default" TargetEntityType="Reaffectation_HID_User" SourceEntityType="Person" BlockProvisioning="false" MaximumDelete="0" MaximumDeletePercent="30" MaximumInsert="0" MaximumInsertPercent="30" MaximumUpdate="0" MaximumUpdatePercent="30" AllowAdd="true" AllowRemove="true" Category="Metis">


    <ScalarRule Property="EmployeeId" Binding="EmployeeId" />
    <ScalarRule Property="LoginZoe" Binding="LoginZoe" />
    <ScalarRule Property="FirstName" Binding="FirstName" />
    <ScalarRule Property="LastName" Binding="LastName" />
    <ScalarRule Property="Email" Binding="Mail" />
	<ScalarRule Property="Comments" Binding="Comments" />
	<ScalarRule Property="Contact" Expression="C#:PersonRecord:return String.IsNullOrEmpty(PersonRecord.ContactPrivilegie.Mail) ? PersonRecord.Responsible.Mail : PersonRecord.ContactPrivilegie.Mail ;" />

	<NavigationRule Property="Asset" Resource="Reaffectation HID REDALPHA" SingleRole="Reaffectation_HID_REDALPHA" TimeOffsetReference="Around" TimeOffsetAfterReference="10080" />
	<NavigationRule Property="Asset" Resource="Reaffectation HID PARTENAIRES" SingleRole="Reaffectation_HID_PARTENAIRES" TimeOffsetReference="Around" TimeOffsetAfterReference="10080" />

  </ResourceType>
  
  <ResourceCorrelationRule ResourceType="Reaffectation_HID" TargetBinding="EmployeeId" SourceBinding="EmployeeId" Policy="Default" SourceMatchedConfidenceLevel="110" />
  <ResourceCorrelationRule ResourceType="Reaffectation_HID" TargetBinding="LoginZoe" SourceBinding="LoginZoe" Policy="Default" SourceMatchedConfidenceLevel="100" />
	
</ConfigurationFile>
