﻿<ConfigurationFile xmlns="urn:schemas-usercube-com:configuration">
  <DisplayTable Identifier="Reaffectation_HID_User" EntityType="Reaffectation_HID_User" DisplayTableDesignElement="resourcetable" IsEntityTypeDefault="true">
    <Column DisplayBinding="FirstName" IsDisplayInSummaryView="true" IsResizable="true" IsSortable="true" CanBeFiltered="true" ColumnSize="2" />
    <Column DisplayBinding="LastName" IsDisplayInSummaryView="true" IsResizable="true" IsSortable="true" CanBeFiltered="true" ColumnSize="2" />
	<Column DisplayBinding="Email" IsDisplayInSummaryView="true" IsResizable="true" IsSortable="true" CanBeFiltered="true" ColumnSize="2" />
  </DisplayTable>

  <DisplayEntityType Identifier="Reaffectation_HID_User" IconCode="TriangleUp12">
    <Property OutputType="BasicCollection" Identifier="Asset" />
  </DisplayEntityType>
  
  <DisplayTable Identifier="Reaffectation_HID_Asset" EntityType="Reaffectation_HID_Asset" DisplayTableDesignElement="table" IsEntityTypeDefault="true">
    <Column DisplayBinding="Reference" IsDisplayInSummaryView="true" IsResizable="true" IsSortable="true" CanBeFiltered="true" ColumnSize="2" />
  </DisplayTable>

  <DisplayEntityType Identifier="Reaffectation_HID_Asset" IconCode="TriangleUp12">
    <Property OutputType="BasicCollection" Identifier="User" />
  </DisplayEntityType>

</ConfigurationFile>
