﻿
<ConfigurationFile xmlns="urn:schemas-usercube-com:configuration">

  <Dimension Identifier="Organization0" DisplayName_L1="Organisations" EntityType="Organization" ColumnMapping="0" IsHierarchical="true" ParentProperty="Parent" />
  <Dimension Identifier="Division1" DisplayName_L1="Division" EntityType="Division" ColumnMapping="1" />
  <Dimension Identifier="EmployeeCategory2" DisplayName_L1="Catégorie du collaborateur" EntityType="EmployeeCategory" ColumnMapping="2" />
  <Dimension Identifier="DomaineAD3" DisplayName_L1="Domaine" EntityType="DomaineAD" ColumnMapping="3" />
  <Dimension Identifier="ZoeMigrationStatus4" DisplayName_L1="Migration Zoe" EntityType="ZoeMigrationStatus" ColumnMapping="4" />
  <Dimension Identifier="IsVDI5" DisplayName_L1="VDI" EntityType="IsVDI" ColumnMapping="5" />
  <Dimension Identifier="Responsible6" DisplayName_L1="Manageur" EntityType="PersonRecord" ColumnMapping="6" />
  <Dimension Identifier="EmployeeType7" DisplayName_L1="Type du collaborateur" EntityType="EmployeeType" ColumnMapping="7" />
  <!-- <Dimension Identifier="Category8" DisplayName_L1="Categorie" EntityType="Category" ColumnMapping="8" /> -->
  <Dimension Identifier="Localisation8" DisplayName_L1="Localisation" EntityType="Localisation" ColumnMapping="8" />
  <Dimension Identifier="Site9" DisplayName_L1="Site" EntityType="Site" ColumnMapping="9" />
  <Dimension Identifier="IdentityType10" DisplayName_L1="Métier" EntityType="IdentityType" ColumnMapping="10" />
  <Dimension Identifier="Red01MigrationStatus11" DisplayName_L1="Saint Malo" EntityType="Red01MigrationStatus" ColumnMapping="11" />


  <ContextRule Policy="Default" Identifier="ContextRule_PersonRecord_Default" DisplayName_L1="ContextRule Person"
  B0="PersonRecord:Organization"
  B1="PersonRecord:Division"
  B2="PersonRecord:EmployeeType.EmployeeCategory"
  B3="PersonRecord:DomaineAD"
  B4="PersonRecord:ZoeMigrationStatus"
  B5="PersonRecord:IsVDI"
  B6="PersonRecord:Responsible"
  B7="PersonRecord:EmployeeType"
  B8="PersonRecord:Localisation"
  B9="PersonRecord:Localisation.Site"
  BA="PersonRecord:IdentityType"
  BB="PersonRecord:Red01MigrationStatus"
  SourceEntityType="Person"
  ResourcesBinding="Records"
  ResourcesStartBinding="PersonRecord:WhenIn"
  ResourcesEndBinding="PersonRecord:WhenOutExpected"
  ExcludeExpression="C#:person:return person.IsDraft.GetValueOrDefault();" />

  <RecordSection Identifier="PersonRecord_Default" DisplayName_L1="Contract Properties" SourceEntityType="Person" ResourceEntityType="PersonRecord" StartProperty="WhenIn" EndProperty="WhenOutExpected" />
  <RecordSection Identifier="PersonRecord_Position" DisplayName_L1="Position Properties" SourceEntityType="Person" ResourceEntityType="PersonRecord" StartProperty="StartDate" EndProperty="EndDate">
      <Property Property="Organization" />
      <Property Property="Division" />
  </RecordSection>

</ConfigurationFile>