﻿<ConfigurationFile xmlns="urn:schemas-usercube-com:configuration">

  <MenuItem Identifier="OrganizationalData1" DisplayName_L1="Référentiel" ParentMenuItem="Dashboard">
    <MenuItem Identifier="OrganizationalData_Person" DisplayName_L1="Collaborateurs" EntityType="Person" />
    <MenuItem Identifier="OrganizationalData_Organization_Dashboard" DisplayName_L1="Organisations" EntityType="Organization" />
    <!-- <MenuItem Identifier="OrganizationalData_Division_Dashboard" DisplayName_L1="Divisions" EntityType="Division" /> -->
    <!-- COMMANDE MEP -->
    <MenuItem Identifier="OrganizationalData_Contract_Dashboard" DisplayName_L1="Commandes" EntityType="Contract" />
    <MenuItem Identifier="OrganizationalData_Company_Dashboard" DisplayName_L1="Sociétés" EntityType="Company" />
    <MenuItem Identifier="OrganizationalData_Localisation_Dashboard" DisplayName_L1="Localisations" EntityType="Localisation" />
  </MenuItem>

  <MenuItem Identifier="Workflow_Person2" DisplayName_L1="Entrée des Collaborateurs" ParentMenuItem="Dashboard">
    <MenuItem Identifier="Dashboard_Person_StartInternal" DisplayName_L1="Entrée d'un interne" IconCode="AddFriend" Workflow="Person_StartInternal" />
    <MenuItem Identifier="Dashboard_Person_StartExternal" DisplayName_L1="Entrée d'un externe" IconCode="AddFriend" Workflow="Person_StartExternal" />
    <!-- <MenuItem Identifier="Dashboard_Person_StartFull_API" DisplayName_L1="Ajouter Identité API" IconCode="AzureAPIManagement" Workflow="Person_StartFull_API" /> -->
  </MenuItem>

  <!-- <MenuItem Identifier="ZDashboard_Ticket" DisplayName_L1="Métis" ParentMenuItem="Dashboard">
    <MenuItem Identifier="OrganizationalData_MM_Ticket_Dashboard" DisplayName_L1="Tickets METIS" EntityType="MM_Ticket" />
    <MenuItem Identifier="Dashboard_MM_Ticket_Create" DisplayName_L1="Nouveau Ticket METIS" IconCode="PageAdd" Workflow="MM_Ticket_Create" />
  </MenuItem> -->

  <MenuItem Identifier="OrganizationalData" DisplayName_L1="Référentiel" DisplayOrder="13" ParentMenuItem="Nav">
    <!-- <MenuItem Identifier="OrganizationalData_PersonalTitle_Nav" DisplayName_L1="Civilités" EntityType="PersonalTitle" /> -->
    <MenuItem Identifier="OrganizationalData_Person_Nav" DisplayName_L1="Collaborateurs" EntityType="Person" />
    <MenuItem Identifier="OrganizationalData_Division_Nav" DisplayName_L1="Divisions" EntityType="Division" />
    <MenuItem Identifier="OrganizationalData_DomaineAD_Nav" DisplayName_L1="DomaineAD" EntityType="DomaineAD" />
    <MenuItem Identifier="OrganizationalData_Organization_Nav" DisplayName_L1="Organisations" EntityType="Organization" />
    <MenuItem Identifier="OrganizationalData_OUPartenaire_Nav" DisplayName_L1="OUPartenaire" EntityType="OUPartenaire" />
    <!-- COMMANDE MEP -->
    <MenuItem Identifier="OrganizationalData_Contract_Nav" DisplayName_L1="Commandes" EntityType="Contract" />
    <MenuItem Identifier="OrganizationalData_Company_Nav" DisplayName_L1="Sociétés" EntityType="Company" />
    <MenuItem Identifier="OrganizationalData_Localisation_Nav" DisplayName_L1="Localisations" EntityType="Localisation" />
	<MenuItem Identifier="OrganizationalData_Co_localisation_Nav" DisplayName_L1="Co-localisations" EntityType="Co_localisation" />
    <MenuItem Identifier="OrganizationalData_Site_Nav" DisplayName_L1="Sites" EntityType="Site" />
    <MenuItem Identifier="OrganizationalData_EmployeeType_Nav" DisplayName_L1="Types de contrat" EntityType="EmployeeType" />
    <MenuItem Identifier="OrganizationalData_IdentityType_Nav" DisplayName_L1="Métiers" EntityType="IdentityType" />
    <MenuItem Identifier="OrganizationalData_IsVDI_Nav" DisplayName_L1="Types d'activité" EntityType="IsVDI" />
    <!-- <MenuItem Identifier="OrganizationalData_MM_Ticket_Nav" DisplayName_L1="Tickets METIS" EntityType="MM_Ticket" />
    <MenuItem Identifier="OrganizationalData_MM_Nature_Nav" DisplayName_L1="Natures du Ticket METIS" EntityType="MM_Nature" />
    <MenuItem Identifier="OrganizationalData_MM_Statut_Nav" DisplayName_L1="Statuts du Ticket METIS" EntityType="MM_Statut" /> -->
  </MenuItem>

  <MenuItem Identifier="Nav_Connectors" DisplayName_L1="Connecteurs" ParentMenuItem="Nav">
    <MenuItem Identifier="MenuAD" DisplayName_L1="Active Directory" ParentMenuItem="Nav_Connectors" />
    <MenuItem Identifier="MenuLDAP" DisplayName_L1="LDAP" ParentMenuItem="Nav_Connectors" />
    <MenuItem Identifier="MenuCAAS" DisplayName_L1="RACF CAAS" ParentMenuItem="Nav_Connectors" />
    <MenuItem Identifier="MenuCACF" DisplayName_L1="RACF CACF" ParentMenuItem="Nav_Connectors" />
    <MenuItem Identifier="MenuCACIB" DisplayName_L1="RACF CACIB" ParentMenuItem="Nav_Connectors" />
    <MenuItem Identifier="MenuCAGS" DisplayName_L1="RACF CAGS" ParentMenuItem="Nav_Connectors" />
    <MenuItem Identifier="MenuCAPS" DisplayName_L1="RACF CAPS" ParentMenuItem="Nav_Connectors" />
    <MenuItem Identifier="MenuCASA" DisplayName_L1="RACF CASA" ParentMenuItem="Nav_Connectors" />
    <MenuItem Identifier="MenuLCL" DisplayName_L1="RACF LCL" ParentMenuItem="Nav_Connectors" />
    <MenuItem Identifier="MenuSTEC" DisplayName_L1="RACF STEC" ParentMenuItem="Nav_Connectors" />
    <MenuItem Identifier="MenuTicketing" DisplayName_L1="Ticketing" DisplayOrder="11" ParentMenuItem="Nav_Connectors" />
    <!-- TRIMEP -->
    <MenuItem Identifier="MenuTriskell" DisplayName_L1="Triskell" DisplayOrder="12" ParentMenuItem="Nav_Connectors" />
    <MenuItem Identifier="MenuMETIS" DisplayName_L1="METIS" DisplayOrder="13" ParentMenuItem="Nav_Connectors" />
	<!-- MYHABS -->
    <MenuItem Identifier="MenuMyHabs" DisplayName_L1="MyHabs" DisplayOrder="14" ParentMenuItem="Nav_Connectors" />
	<MenuItem Identifier="MenuMaiga" DisplayName_L1="Maiga (temporaire)" DisplayOrder="15" ParentMenuItem="Nav_Connectors" />
  </MenuItem>

  <MenuItem Identifier="RH" DisplayName_L1="Gozen" DisplayOrder="12" ParentMenuItem="Nav_Connectors">
    <MenuItem Identifier="RH_Rh_Person" DisplayName_L1="Personnes" EntityType="Rh_Person" />
    <MenuItem Identifier="RH_Rh_Organisation" DisplayName_L1="Hiérarchie" EntityType="Organisation" />
    <MenuItem Identifier="RH_Rh_Consort" DisplayName_L1="Sociétés Int." EntityType="Consort" />
    <MenuItem Identifier="RH_Rh_Prestataire" DisplayName_L1="Sociétés Ext." EntityType="Prestataire" />
    <!-- COMMANDE MEP -->
    <MenuItem Identifier="RH_Easy_Contrat" DisplayName_L1="Commandes" EntityType="Easy_Contrat" />
    <MenuItem Identifier="RH_Rh_Local" DisplayName_L1="Localisations" EntityType="local" />
    <MenuItem Identifier="RH_Rh_Site" DisplayName_L1="Sites" EntityType="rh_site" />
  </MenuItem>

</ConfigurationFile>