﻿<ConfigurationFile xmlns="urn:schemas-usercube-com:configuration" >
	<Connection Identifier="OrganizationalDataConnection" Package="Usercube.FulfillDatabase@0000001" DisplayName_L1="OrganizationalDataConnection" Connector="OrganizationalData" DeactivationExportFulfill="Export" />
	<Connection Identifier="ItamTopersonPerson" Package="Usercube.FulfillWorkflow@0000001" DisplayName_L1="ItamTopersonPerson" Connector="OrganizationalData" DeactivationExportFulfill="Export" />
	<Connector MaxLinkPercentageDeletedLines="30" MaxLinkPercentageInsertedLines="30" MaxPercentageDeletedLines="30" MaxPercentageInsertedLines="30" MaxPercentageUpdatedLines="30" MaximumDeletedLines="0" MaximumInsertedLines="0" MaximumLinkDeletedLines="0" MaximumLinkInsertedLines="0" MaximumUpdatedLines="0" Identifier="OrganizationalData" Agent="Local" DisplayName_L1="Référentiel" />

	<AccessControlPropertyGroup Identifier="Person_Sensitive" DisplayName_L1="Collaborateur - Propriétés sensibles" />

	<AccessControlEntityType Identifier="PersonRecord" >
		<Property VisibilityGroup="Person_Sensitive" Identifier="OU_Partenaire" />
		<Property VisibilityGroup="Person_Sensitive" Identifier="IsOffShore" />
		<Property VisibilityGroup="Person_Sensitive" Identifier="LoginRACFCAPS" />
		<Property VisibilityGroup="Person_Sensitive" Identifier="LoginRACFCACIB" />
		<Property VisibilityGroup="Person_Sensitive" Identifier="LoginRACFLCL" />
		<Property VisibilityGroup="Person_Sensitive" Identifier="LoginRACFCASA" />
		<Property VisibilityGroup="Person_Sensitive" Identifier="LoginTSSCACF" />
		<Property VisibilityGroup="Person_Sensitive" Identifier="LoginRACFCAAS" />
		<!-- <Property VisibilityGroup="Person_Sensitive" Identifier="EmployeeId" /> -->
		<!-- <Property VisibilityGroup="Person_Sensitive" Identifier="UsercubeID" /> -->
		<!-- <Property VisibilityGroup="Person_Sensitive" Identifier="IUG" /> -->
		<!-- <Property VisibilityGroup="Person_Sensitive" Identifier="IUD" /> -->
		<!-- <Property VisibilityGroup="Person_Sensitive" Identifier="Login" /> -->
		<!-- <Property VisibilityGroup="Person_Sensitive" Identifier="DomaineAD" /> -->
		<!-- <Property VisibilityGroup="Person_Sensitive" Identifier="RHMatricule" /> -->
		<!-- <Property VisibilityGroup="Person_Sensitive" Identifier="WhenIn" /> -->
		<!-- <Property VisibilityGroup="Person_Sensitive" Identifier="WhenOutExpected" /> -->
		<!-- <Property VisibilityGroup="Person_Sensitive" Identifier="WhenOut" /> -->
		<!-- <Property VisibilityGroup="Person_Sensitive" Identifier="StartDate" /> -->
		<!-- <Property VisibilityGroup="Person_Sensitive" Identifier="EndDate" /> -->
		<!-- <Property VisibilityGroup="Person_Sensitive" Identifier="Disabled" /> -->
	</AccessControlEntityType>

	<AccessControlEntityType Identifier="Person" >
		<!-- <Property VisibilityGroup="Person_Sensitive" Identifier="PresenceState" /> -->
	</AccessControlEntityType>

	<!-- Person -->
	<EntityType Identifier="Person" DisplayName_L1="Collaborateur" >
		<Property Identifier="Identifier" DisplayName_L1="Code" Type="String" TargetColumnIndex="4" IsKey="true" />
		<Property Identifier="Mail" DisplayName_L1="Email" Type="String" TargetColumnIndex="5" />
		<Property Identifier="Login" DisplayName_L1="Login AD" Type="String" TargetColumnIndex="6" />
		<Property Identifier="IsDraft" DisplayName_L1="Fiche en brouillon" Type="Bool" TargetColumnIndex="8" />
		<Property Identifier="FirstName" DisplayName_L1="Prénom" Type="String" TargetColumnIndex="9" />
		<Property Identifier="LastName" DisplayName_L1="Nom" Type="String" TargetColumnIndex="10" />
		<Property Identifier="FullName" DisplayName_L1="Nom Complet" Type="String" TargetColumnIndex="11" />
		<Property Identifier="userPrincipalName" DisplayName_L1="userPrincipalName" Type="String" TargetColumnIndex="12" />
		<Property Identifier="TrigrammeEquipe" DisplayName_L1="Trigramme" Type="String" TargetColumnIndex="13" />
		<Property Identifier="ResponsibleMail" DisplayName_L1="Mail du manageur" Type="String" TargetColumnIndex="14" />
		<Property Identifier="ContactPriviligieMail" DisplayName_L1="Mail du contact à privilégier" Type="String" TargetColumnIndex="15" />
		<Property Identifier="Batiment" DisplayName_L1="Batiment" Type="String" TargetColumnIndex="16" />
		<Property Identifier="Etage" DisplayName_L1="Etage" Type="String" TargetColumnIndex="17" />
		<Property Identifier="Bureau" DisplayName_L1="Bureau" Type="String" TargetColumnIndex="18" />
		<Property Identifier="Anciennete" DisplayName_L1="Ancienneté" Type="String" TargetColumnIndex="19" />
		<Property Identifier="Comments" DisplayName_L1="Commentaires" Type="String" TargetColumnIndex="20" />
		<Property Identifier="CommentsWFE" DisplayName_L1="Commentaire à destination de la Workforce Externe" Type="String" TargetColumnIndex="41" />

		<Property Identifier="Records" DisplayName_L1="Fiches" Type="ForeignKey" />
		<Property Identifier="PresenceState" DisplayName_L1="Etat de présence" Type="ForeignKey" TargetColumnIndex="128" />
		<Property Identifier="MainRecord" DisplayName_L1="Fiche principale" Type="ForeignKey" TargetColumnIndex="129" />
		<Property Identifier="MainOrganization" DisplayName_L1="Organisation principale" Type="ForeignKey" TargetColumnIndex="130" />
		<Property Identifier="MainDomaineAD" DisplayName_L1="Domaine AD principale" Type="ForeignKey" TargetColumnIndex="131" />
		<Property Identifier="MainDivision" DisplayName_L1="Division principale" Type="ForeignKey" TargetColumnIndex="132" />
	</EntityType>

	<EntityAssociation Identifier="Person_MainLocation" IsProperty2Collection="true" Property1="Person:MainOrganization" Property2="Organization:Users" />
	<EntityAssociation Identifier="Person_MainDomaineAD" IsProperty2Collection="true" Property1="Person:MainDomaineAD" Property2="DomaineAD:Users" />
	<EntityAssociation Identifier="Person_MainDivision" IsProperty2Collection="true" Property1="Person:MainDivision" Property2="Division:Users" />

	<EntityPropertyExpression Identifier="Person_MainDivision" Binding="MainRecord.Division.Identifier" EntityType="Person" Property="MainDivision" Priority="-1" />
	<EntityPropertyExpression Identifier="Person_MainDomaineAD" Binding="MainRecord.DomaineAD.Id" EntityType="Person" Property="MainDomaineAD" Priority="-1" />
	<EntityPropertyExpression Identifier="Person_MainLocation" Binding="MainRecord.Organization.Id" EntityType="Person" Property="MainOrganization" Priority="-1" />
	<EntityPropertyExpression Identifier="Person_ResponsibleMail" Binding="MainRecord.Responsible.Mail" EntityType="Person" Property="ResponsibleMail" Priority="-1" />
	<EntityPropertyExpression Identifier="Person_Comments" Binding="MainRecord.Comments" EntityType="Person" Property="Comments" Priority="-1" />
	<EntityPropertyExpression Identifier="Person_CommentsWFE" Binding="MainRecord.CommentsWFE" EntityType="Person" Property="CommentsWFE" Priority="-1" />
	<EntityPropertyExpression Identifier="Person_ContactPriviligieMail" Expression="C#:person:return String.IsNullOrEmpty(person.MainRecord.ContactPrivilegie.Mail) ? person.MainRecord.Responsible.Mail : person.MainRecord.ContactPrivilegie.Mail ;" EntityType="Person" Property="ContactPriviligieMail" Priority="-1" />
	<EntityPropertyExpression Identifier="Person_Batiment" Expression="C#:person:return String.IsNullOrEmpty(person.MainRecord.Localisation.Batiment) ? person.MainRecord.RHBatiment : person.MainRecord.Localisation.Batiment ;" EntityType="Person" Property="Batiment" Priority="-1" />
	<EntityPropertyExpression Identifier="Person_Etage" Expression="C#:person:return String.IsNullOrEmpty(person.MainRecord.Localisation.Etage) ? person.MainRecord.RHEtage : person.MainRecord.Localisation.Etage ;" EntityType="Person" Property="Etage" Priority="-1" />
	<EntityPropertyExpression Identifier="Person_Bureau" Expression="C#:person:return String.IsNullOrEmpty(person.MainRecord.Localisation.Bureau) ? person.MainRecord.RHBureau : person.MainRecord.Localisation.Bureau ;" EntityType="Person" Property="Bureau" Priority="-1" />

	<EntityTypeMapping MaximumDeletedLines="0" MaximumInsertedLines="0" MaximumUpdatedLines="0" MaxPercentageDeletedLines="30" MaxPercentageInsertedLines="30" MaxPercentageUpdatedLines="30" Connector="OrganizationalData" Identifier="Person" />
	<DisplayEntityType PluralDisplayName_L1="Collaborateurs" IconCode="People" D0IsActive="true" D1IsActive="true" D2IsActive="true" D3IsActive="true" D4IsActive="true" D5IsActive="true" D6IsActive="true" D7IsActive="true" D8IsActive="true" D9IsActive="true" DAIsActive="true" DBIsActive="true" Identifier="Person" Color="#097857" Priority="0" />
	<DisplayEntityType Identifier="Workflow_Person" Color="#097857" Priority="0" />
	
	<!-- Person Record-->
	<EntityType Identifier="PersonRecord" DisplayName_L1="Fiche de collaborateur" >
		<Property Identifier="FirstName" DisplayName_L1="Prénom" Type="String" TargetColumnIndex="4" />
		<Property Identifier="FormatedFirstName" DisplayName_L1="Prénom Formaté" Type="String" TargetColumnIndex="38" />
		<Property Identifier="LastName" DisplayName_L1="Nom" Type="String" TargetColumnIndex="5" />
		<Property Identifier="FormatedLastName" DisplayName_L1="Nom Formaté" Type="String" TargetColumnIndex="43" />
		<Property Identifier="FullName" DisplayName_L1="Nom Complet" Type="String" TargetColumnIndex="9" />
		<Property Identifier="EmployeeId" DisplayName_L1="Code unique IAM" Type="String" TargetColumnIndex="6" IsKey="true" />
		<Property Identifier="StartDate" DisplayName_L1="Date début d'affectation" Type="DateTime" TargetColumnIndex="7" />
		<Property Identifier="EndDate" DisplayName_L1="Date fin d'affectation" Type="DateTime" TargetColumnIndex="8" />
		<Property Identifier="Mail" DisplayName_L1="Email" Type="String" TargetColumnIndex="10" />
		<Property Identifier="PhoneNumber" DisplayName_L1="Téléphone" Type="String" TargetColumnIndex="11" />
		<Property Identifier="MobileNumber" DisplayName_L1="Mobile" Type="String" TargetColumnIndex="12" />
		<!-- <Property Identifier="Title" DisplayName_L1="Fonction" Type="String" TargetColumnIndex="13" /> -->
		<!-- <Property Identifier="RhDirection" DisplayName_L1="Direction" Type="String" TargetColumnIndex="17" /> -->
		<!-- <Property Identifier="RhDepartement" DisplayName_L1="Département" Type="String" TargetColumnIndex="18" /> -->
		<!-- <Property Identifier="RhService" DisplayName_L1="Service" Type="String" TargetColumnIndex="19" /> -->
		<Property Identifier="RHSite" DisplayName_L1="Site" Type="String" TargetColumnIndex="20" />
		<Property Identifier="RHBatiment" DisplayName_L1="Batiment" TargetColumnIndex="21" Type="String" />
		<Property Identifier="RHEtage" DisplayName_L1="Etage" TargetColumnIndex="22" Type="String" />
		<Property Identifier="RHBureau" DisplayName_L1="Bureau" TargetColumnIndex="23" Type="String" />
		<Property Identifier="RHMatricule" DisplayName_L1="N° matricule / N° contrat" Type="String" TargetColumnIndex="24" />
		<!-- <Property Identifier="RHTypeDeContrat" DisplayName_L1="Type de contrat" Type="String" TargetColumnIndex="25" /> -->
		<Property Identifier="Disabled" DisplayName_L1="Comptes verrouillés" Type="Bool" TargetColumnIndex="26" />
		<Property Identifier="WhenIn" DisplayName_L1="Date d'entrée" Type="DateTime" TargetColumnIndex="27" />
		<Property Identifier="WhenOut" DisplayName_L1="Date de sortie" Type="DateTime" TargetColumnIndex="28" />
		<Property Identifier="ContractEndDate" DisplayName_L1="Date de fin de commande" Type="DateTime" TargetColumnIndex="29" />
		<Property Identifier="IUG" DisplayName_L1="IUG" Type="String" TargetColumnIndex="30" />
		<!-- <Property Identifier="IUD" DisplayName_L1="IUD" Type="String" TargetColumnIndex="31" /> -->
		<!-- <Property Identifier="IUGManager" DisplayName_L1="Manager" Type="String" TargetColumnIndex="33" /> -->
		<Property Identifier="LoginZoe" DisplayName_L1="Login MoWe" Type="String" TargetColumnIndex="34" />
		<Property Identifier="Login" DisplayName_L1="Login AD" Type="String" TargetColumnIndex="35" />
		<Property Identifier="LoginRACFCAPS" DisplayName_L1="Identifiant RACF CAPS" Type="String" TargetColumnIndex="44" />
		<Property Identifier="LoginRACFCACIB" DisplayName_L1="Identifiant RACF CACIB" Type="String" TargetColumnIndex="46" />
		<Property Identifier="LoginRACFLCL" DisplayName_L1="Identifiant RACF LCL et STEC" Type="String" TargetColumnIndex="47" />
		<Property Identifier="LoginRACFCASA" DisplayName_L1="Identifiant RACF CASA" Type="String" TargetColumnIndex="48" />
		<Property Identifier="LoginTSSCACF" DisplayName_L1="Identifiant RACF CACF" Type="String" TargetColumnIndex="49" />
		<Property Identifier="LoginRACFCAAS" DisplayName_L1="Identifiant RACF CAAS" Type="String" TargetColumnIndex="50" />
		<Property Identifier="WhenOutExpected" DisplayName_L1="Date de sortie réelle" Type="DateTime" TargetColumnIndex="36" />
		<Property Identifier="OrgaHierarchy" DisplayName_L1="Arborescence de l’organisation" Type="String" TargetColumnIndex="37" />
		<Property Identifier="UserGategory" DisplayName_L1="Catégorie du collaborateur" Type="String" TargetColumnIndex="39" />
		<Property Identifier="CompanyName" DisplayName_L1="Entreprise de prestation" Type="String" TargetColumnIndex="40" />
		<!-- <Property Identifier="IsCDI" DisplayName_L1="CDI" Type="String" TargetColumnIndex="41" /> -->
		<Property Identifier="IsOffShore" DisplayName_L1="OffShore / Hors site CA" Type="Bool" TargetColumnIndex="60" />
		<Property Identifier="MailHab" DisplayName_L1="Notification CCP" Type="String" TargetColumnIndex="45" />
		<Property Identifier="UPNforZOE" DisplayName_L1="UPNforZOE" Type="String" TargetColumnIndex="61" />
		<Property Identifier="NetbiosforZOE" DisplayName_L1="NetbiosforZOE" Type="String" TargetColumnIndex="62" />
		<Property Identifier="DesactiveZOE" DisplayName_L1="DesactiveZOE" Type="Bool" TargetColumnIndex="63" />
		<Property Identifier="dateMigrationZoe" DisplayName_L1="dateMigrationZoe" Type="String" TargetColumnIndex="64" />
		<!-- <Property Identifier="dateMigrationRed01" DisplayName_L1="dateMigrationRed01" Type="String" TargetColumnIndex="" /> -->
		<Property Identifier="LoginRed01" DisplayName_L1="Login Red01" Type="String" TargetColumnIndex="66" />
		<Property Identifier="LoginAdminBase" DisplayName_L1="Login Admin (base)" Type="String" TargetColumnIndex="69" />
		<Property Identifier="LoginAdminGold" DisplayName_L1="Login Admin Gold" Type="String" TargetColumnIndex="67" />
		<Property Identifier="LoginAdminSilver" DisplayName_L1="Login Admin Silver" Type="String" TargetColumnIndex="68" />
		<Property Identifier="Comments" DisplayName_L1="Commentaires" Type="String" TargetColumnIndex="86" />
		<Property Identifier="CommentsWFE" DisplayName_L1="Commentaire à destination de la Workforce Externe" Type="String" TargetColumnIndex="88" />
		<Property Identifier="LoginCAPS" DisplayName_L1="Login CAPS" Type="String" TargetColumnIndex="87" />

		<Property Identifier="Person" DisplayName_L1="Collaborateur" Type="ForeignKey" TargetColumnIndex="128" />
		<Property Identifier="MainPerson" DisplayName_L1="Collaborateur" Type="ForeignKey" />
		<!-- <Property Identifier="PersonalTitle" DisplayName_L1="Civilité" Type="ForeignKey" TargetColumnIndex="129" /> -->
		<Property Identifier="EmployeeType" DisplayName_L1="Type de contrat" Type="ForeignKey" TargetColumnIndex="130" />
		<Property Identifier="EmployeeCategory" DisplayName_L1="Catégorie du collaborateur" Type="ForeignKey" TargetColumnIndex="142" />
		<Property Identifier="Organization" DisplayName_L1="Organisation" Type="ForeignKey" TargetColumnIndex="131" />
		<Property Identifier="ZoeMigrationStatus" DisplayName_L1="Statut Migration Zoe" Type="ForeignKey" TargetColumnIndex="132" />
		<Property Identifier="Red01MigrationStatus" DisplayName_L1="Statut Migration Red01" Type="ForeignKey" TargetColumnIndex="140" />
		<Property Identifier="IsVDI" DisplayName_L1="Type d'activité" Type="ForeignKey" TargetColumnIndex="133" />
		<Property Identifier="Company" DisplayName_L1="Société" Type="ForeignKey" TargetColumnIndex="134" />
		<Property Identifier="Division" DisplayName_L1="Division" Type="ForeignKey" TargetColumnIndex="135" />
		<Property Identifier="OU_Partenaire" DisplayName_L1="OU Partenaire" Type="ForeignKey" TargetColumnIndex="136" />
		<Property Identifier="DomaineAD" DisplayName_L1="Domaine AD" Type="ForeignKey" TargetColumnIndex="137" />
		<Property Identifier="Localisation" DisplayName_L1="Localisation" Type="ForeignKey" TargetColumnIndex="138" />
		<Property Identifier="Co_localisation" DisplayName_L1="Co-localisation" Type="ForeignKey" TargetColumnIndex="141" />
		<Property Identifier="IdentityType" DisplayName_L1="Métier" Type="ForeignKey" TargetColumnIndex="139" />
		<Property Identifier="Responsible" DisplayName_L1="Responsable" Type="ForeignKey" />
		<Property Identifier="underresponsability" DisplayName_L1="Personnes Managées" Type="ForeignKey" />
		<Property Identifier="Requestor" DisplayName_L1="Demandeur du Contrat" Type="ForeignKey" />
		<Property Identifier="Contracts" DisplayName_L1="Commande" Type="ForeignKey" />
		<!-- <Property Identifier="MM_Tickets" DisplayName_L1="Tickets METIS" Type="ForeignKey" /> -->
		<Property Identifier="ContactPrivilegie" DisplayName_L1="Contact privilégié" Type="ForeignKey" />
		<Property Identifier="Contacted" DisplayName_L1="Contact de" Type="ForeignKey" />
	</EntityType>

	<EntityTypeMapping MaximumDeletedLines="0" MaximumInsertedLines="0" MaximumUpdatedLines="0" MaxPercentageDeletedLines="30" MaxPercentageInsertedLines="30" MaxPercentageUpdatedLines="30" Connector="OrganizationalData" Identifier="PersonRecord" />
	<DisplayEntityType Color="#097857" PluralDisplayName_L1="Fiches de collaborateurs" IconCode="People" Identifier="PersonRecord" >
		<Property IconCode="Mail" Identifier="Mail" />
		<Property IconCode="Phone" Identifier="PhoneNumber" />
		<Property IconCode="CellPhone" Identifier="MobileNumber" />
		<!-- <Property InputType="Combobox" Identifier="PersonalTitle" /> -->
		<Property InputType="Combobox" Identifier="EmployeeType" />
	</DisplayEntityType>

	<!-- LISTE DES NAVIGATIONS/COLLECTIONS -->
	<EntityAssociation Identifier="Person_PresenceState_Persons" Property1="PresenceState:Persons" IsProperty1Collection="true" Property2="Person:PresenceState" />
	<EntityAssociation Identifier="PersonRecord_Records_Person" Property1="Person:Records" IsProperty1Collection="true" Property2="PersonRecord:Person" />
	<EntityAssociation Identifier="Person_MainRecord_Person" Property1="PersonRecord:MainPerson" Property2="Person:MainRecord" />
	<!-- <EntityAssociation Identifier="PersonRecord_PersonalTitle_PersonRecords" IsProperty2Collection="true" Property1="PersonRecord:PersonalTitle" Property2="PersonalTitle:PersonRecords" /> -->
	<EntityAssociation Identifier="PersonRecord_ZoeMigrationStatus_PersonRecords" IsProperty2Collection="true" Property1="PersonRecord:ZoeMigrationStatus" Property2="ZoeMigrationStatus:PersonRecords" />
	<EntityAssociation Identifier="PersonRecord_Red01MigrationStatus_PersonRecords" IsProperty2Collection="true" Property1="PersonRecord:Red01MigrationStatus" Property2="Red01MigrationStatus:PersonRecords" />
	<EntityAssociation Identifier="PersonRecord_IsVDI_PersonRecords" IsProperty2Collection="true" Property1="PersonRecord:IsVDI" Property2="IsVDI:PersonRecords" />
	<EntityAssociation Identifier="PersonRecord_EmployeeType_PersonRecords" IsProperty2Collection="true" Property1="PersonRecord:EmployeeType" Property2="EmployeeType:PersonRecords" />
	<EntityAssociation Identifier="PersonRecord_EmployeeCategory_PersonRecords" IsProperty2Collection="true" Property1="PersonRecord:EmployeeCategory" Property2="EmployeeCategory:PersonRecords" />
	<EntityAssociation Identifier="PersonRecord_Company_PersonRecords" IsProperty2Collection="true" Property1="PersonRecord:Company" Property2="Company:PersonRecords" />
	<EntityAssociation Identifier="PersonRecord_Division_PersonRecords" IsProperty2Collection="true" Property1="PersonRecord:Division" Property2="Division:PersonRecords" />
	<EntityAssociation Identifier="PersonRecord_OU_Partenaire_PersonRecords" IsProperty2Collection="true" Property1="PersonRecord:OU_Partenaire" Property2="OUPartenaire:PersonRecords" />
	<EntityAssociation Identifier="PersonRecord_Organization_PersonRecords" IsProperty2Collection="true" Property1="PersonRecord:Organization" Property2="Organization:PersonRecords" />
	<EntityAssociation Identifier="PersonRecord_DomaineAD_PersonRecords" IsProperty2Collection="true" Property1="PersonRecord:DomaineAD" Property2="DomaineAD:PersonRecords" />
	<EntityAssociation Identifier="PersonRecord_underresponsability_Responsible" IsProperty2Collection="true" Property1="PersonRecord:Responsible" Property2="PersonRecord:underresponsability" />
	<EntityAssociation Identifier="PersonRecord_Contract_PersonRecords" IsProperty2Collection="true" Property1="PersonRecord:Contracts" Property2="Contract:PersonRecords" />
	<!-- <EntityAssociation Identifier="PersonRecord_MM_Ticket_PersonRecords" IsProperty1Collection="true" Property1="PersonRecord:MM_Tickets" Property2="MM_Ticket:PersonRecords" /> -->
	<EntityAssociation Identifier="PersonRecord_Localisation_PersonRecords" IsProperty2Collection="true" Property1="PersonRecord:Localisation" Property2="Localisation:PersonRecords" />
	<EntityAssociation Identifier="PersonRecord_Co_localisation_PersonRecords" IsProperty2Collection="true" Property1="PersonRecord:Co_localisation" Property2="Co_localisation:PersonRecords" />
	<EntityAssociation Identifier="PersonRecord_IdentityType_PersonRecords" IsProperty2Collection="true" Property1="PersonRecord:IdentityType" Property2="IdentityType:PersonRecords" />
	<EntityAssociation Identifier="PersonRecord_Contacted_ContactPrivilegie" IsProperty2Collection="true" Property1="PersonRecord:ContactPrivilegie" Property2="PersonRecord:Contacted" />

	<!-- EXPRESSIONS Person -->
	<!--EXPRESSIONS POUR LE DISPLAY -->
	<EntityPropertyExpression Identifier="Person_MainRecord" Property="MainRecord" EntityType="Person" Expression="C#:person:return ((person.Records == null) || (person.Records.Count == 0)) ? default(long?) : person.Records.Select(r =&gt; r.Id).FirstOrDefault();" />
	<EntityPropertyExpression Identifier="Person_Mail" Property="Mail" EntityType="Person" Expression="C#:person:return ((person.Records == null) || (person.Records.Count == 0)) ? null : person.Records[0].Mail;" />
	<EntityPropertyExpression Identifier="Person_Login" Property="Login" EntityType="Person" Expression="C#:person:return ((person.Records == null) || (person.Records.Count == 0)) ? null : person.Records[0].Login;" />
	<EntityPropertyExpression Identifier="Person_LastName" Property="LastName" EntityType="Person" Expression="C#:person:return ((person.Records == null) || (person.Records.Count == 0)) ? null : person.Records[0].LastName;" />
	<EntityPropertyExpression Identifier="Person_FirstName" Property="FirstName" EntityType="Person" Expression="C#:person:return ((person.Records == null) || (person.Records.Count == 0)) ? null : person.Records[0].FirstName;" />
	<EntityPropertyExpression Identifier="Person_InternalDisplayName" Expression="C#:person:return (((person.Records == null) || (person.Records.Count ==0)) ? (person.Records[0].LastName ?? person.Identifier ?? person.Id.ToString()) : ( Usercube.Expressions.Functions.UtilExpressions.RemoveDiacritics(Usercube.Expressions.Functions.UtilExpressions.ToFirstName(person.Records[0].FirstName,System.Globalization.CultureInfo.InvariantCulture)) + &quot; &quot; + person.Records[0].LastName.ToUpper() ));" EntityType="Person" Property="InternalDisplayName" />
	<EntityPropertyExpression Identifier="Person_FullName" Expression="C#:person:return (((person.Records == null) || (person.Records.Count ==0)) ? (person.Records[0].LastName ?? person.Identifier ?? person.Id.ToString()) : ( Usercube.Expressions.Functions.UtilExpressions.RemoveDiacritics(Usercube.Expressions.Functions.UtilExpressions.ToFirstName(person.Records[0].FirstName,System.Globalization.CultureInfo.InvariantCulture)) + &quot; &quot; + person.Records[0].LastName.ToUpper()));" EntityType="Person" Property="FullName" />

	<!-- EXPRESSIONS GESTION ETAT PRESENCE -->
	<EntityPropertyExpression Identifier="Person_PresenceState" Expression="C#:person:
		if (person.IsDraft.GetValueOrDefault()) {
			return -103L;
		}
		if ((person.Records == null) || (person.Records.Count == 0)) {
			return -100L;
		}
		/* at least of current record */
		if (person.Records.Any(r =&gt; (!r.StartDate.HasValue || (r.StartDate &lt; DateTime.UtcNow)) &amp;&amp; (!r.EndDate.HasValue || (r.EndDate.Value &gt; DateTime.UtcNow)))) {
			return -101L;
		}
		/* at least of record in the future */
		if (person.Records.Any(r =&gt; r.StartDate.HasValue &amp;&amp; (r.StartDate &gt; DateTime.UtcNow))) {
			return -102L;
		}
		return -100L;"
	EntityType="Person" Property="PresenceState" />

	<!-- Liste exception lié à une anomalie du sous domaine CM.PAR.EMEA.CIB : à enlever après les migrations des utilisateurs -->
	<EntityPropertyExpression Identifier="Person_userPrincipalName" Expression="C#:person:
		string[] exception = { &quot;ut0v6h&quot;, &quot;ut1kgx&quot;, &quot;ut1ha1&quot;, &quot;ut1pvq&quot;, &quot;ut2rxf&quot; };
		if (person.Records[0].LoginZoe != null) {
			return (person.Records[0].LoginZoe + &quot;@zoe.gca&quot;).ToLower();
		} else if ((person.Records[0].DomaineAD == null) || (person.Records[0].Login == null)) {
			return null;
		} else if (person.Records[0].DomaineAD.Suffix.ToUpper() == &quot;EMEA.CIB&quot; &amp;&amp; exception.Contains(person.Records[0].Login.ToLower())) {
			return (person.Records[0].Login + &quot;@cm.par.emea.cib&quot;);
		} else {
			return (person.Records[0].Login + &quot;@&quot; + person.Records[0].DomaineAD.Suffix).ToLower();
		};" EntityType="Person" Property="userPrincipalName" />

	<EntityPropertyExpression Identifier="Person_TrigrammeEquipe" 
	Expression="C#:person:
		if (person.Records[0].OrgaHierarchy != null) {
			return person.Records[0].OrgaHierarchy.ToLower();
		} else {
			return null;
		};"
	EntityType="Person" Property="TrigrammeEquipe" />

	<!-- EXPRESSIONS PersonRecord -->
	<!-- EXPRESSIONS ORGA-HIERARCHIE -->
	<EntityPropertyExpression Identifier="PersonRecord_OrgaHierarchy" Expression="C#:PersonRecord:Organization:
		string previousDepartment = &quot;&quot;;
		string fullDepartment = PersonRecord.Organization.Identifier + &quot;-&quot; + PersonRecord.Organization.Trigramme;
		string Nplus1 =	PersonRecord.Organization.Parent.Trigramme;
		string Nplus2 =	PersonRecord.Organization.Parent.Parent.Trigramme;
		/* 29/04/2020 desactivation niveau racine suite demande CAGIP */
		string Nplus3 = PersonRecord.Organization.Parent.Parent.Parent.Trigramme;
		/* HTA - Add two levels in case of reorg */
		/* string Nplus4 = PersonRecord.Organization.Parent.Parent.Parent.Parent.Trigramme; */
		/* string Nplus5 = PersonRecord.Organization.Parent.Parent.Parent.Parent.Parent.Trigramme; */
		if (Nplus1 != &quot;&quot; &amp;&amp; Nplus1 != null &amp;&amp; Nplus1 != fullDepartment) {
			fullDepartment = Nplus1 + &quot;/&quot; + fullDepartment;
		}
		if (Nplus2 != &quot;&quot; &amp;&amp; Nplus2 != null &amp;&amp; Nplus2 != Nplus1) {
			fullDepartment = Nplus2 + &quot;/&quot; + fullDepartment;
		}
		/* 29/04/2020 desactivation niveau racine suite demande CAGIP */
		if (Nplus3 != &quot;&quot; &amp;&amp; Nplus3 != null &amp;&amp; Nplus3 != Nplus2) {
			fullDepartment = Nplus3 + &quot;/&quot; + fullDepartment;
		}
		/* HTA - Add two levels in case of reorg */
		/* if (Nplus4 != &quot;&quot; &amp;&amp; Nplus4 != null &amp;&amp; Nplus4 != Nplus3) {
			fullDepartment = Nplus4 + &quot;/&quot; + fullDepartment;
		}*/
		/* if (Nplus5 != &quot;&quot; &amp;&amp; Nplus5 != null &amp;&amp; Nplus5 != Nplus4) {
			fullDepartment = Nplus5 + &quot;/&quot; + fullDepartment;
		}*/
		return fullDepartment;"
	EntityType="PersonRecord" Property="OrgaHierarchy" />

	<!-- EXPRESSIONS FORMAT FirstName : Debut majuscule reste minuscule de chaque prenom-->
	<EntityPropertyExpression Identifier="PersonRecord_FormatedFirstName" Expression="C#:PersonRecord:
		string finalFn = &quot;&quot;;
		if (PersonRecord.FirstName != null) {
			string fn = Usercube.Expressions.Functions.UtilExpressions.RemoveDiacritics(PersonRecord.FirstName).ToLower();
			string[] tableFn = fn.Split(' ');
			string tempFn = &quot;&quot;;
			foreach (string fnPart in tableFn) {
				tempFn = tempFn + &quot; &quot; + fnPart.Substring(0,1).ToUpper() + fnPart.Substring(1);
			}
			tempFn = tempFn.Substring(1);
			tableFn = tempFn.Split('-');
			foreach (string fnPart in tableFn) {
				finalFn = finalFn + &quot;-&quot; + fnPart.Substring(0,1).ToUpper() + fnPart.Substring(1);
			}
			finalFn = finalFn.Substring(1);
		}
		return finalFn;"
	EntityType="PersonRecord" Property="FormatedFirstName" />

	<!-- EXPRESSIONS NOM : tout en majuscule sans caractere speciaux-->
	<EntityPropertyExpression Identifier="PersonRecord_FormatedLastName" Expression="C#:PersonRecord:
		string finalLn = &quot;&quot;;
		if (PersonRecord.LastName != null) {
			string ln = Usercube.Expressions.Functions.UtilExpressions.RemoveDiacritics(PersonRecord.LastName).ToLower();
			string[] tableLn = ln.Split(' ');
			string tempLn = &quot;&quot;;
			foreach (string LnPart in tableLn) {
				tempLn = tempLn + &quot; &quot; + LnPart.Substring(0,1).ToUpper() + LnPart.Substring(1);
			}
			tempLn = tempLn.Substring(1);
			tableLn = tempLn.Split('-');
			foreach (string LnPart in tableLn) {
				finalLn = finalLn + &quot;-&quot; + LnPart.Substring(0,1).ToUpper() + LnPart.Substring(1);
			}
			finalLn = finalLn.Substring(1);
		}
		return finalLn;"
	EntityType="PersonRecord" Property="FormatedLastName" />

	<EntityPropertyExpression Identifier="PersonRecord_InternalDisplayName" Expression="C#:person:return Usercube.Expressions.Functions.UtilExpressions.RemoveDiacritics(Usercube.Expressions.Functions.UtilExpressions.ToFirstName(person.FirstName,System.Globalization.CultureInfo.InvariantCulture)) + &quot; &quot; + person.LastName.ToUpper() ;" EntityType="PersonRecord" Property="InternalDisplayName" />
	<EntityPropertyExpression Identifier="PersonRecord_UserGategory" Expression="C#:PersonRecord:EmployeeType:EmployeeCategory:return (PersonRecord.EmployeeType.EmployeeCategory.Identifier == &quot;EXTERNE&quot;) ? &quot;EXTERNE&quot; : &quot;INTERNE&quot;;" EntityType="PersonRecord" Property="UserGategory" />
	<EntityPropertyExpression Identifier="PersonRecord_UserGategory" Expression="C#:PersonRecord:EmployeeType:EmployeeCategory:return (PersonRecord.EmployeeType.EmployeeCategory.Identifier == &quot;EXTERNE&quot;) ? &quot;EXTERNE&quot; : &quot;INTERNE&quot;;" EntityType="PersonRecord" Property="UserGategory" />

	<EntityPropertyExpression Identifier="PersonRecord_EmployeeCategory" Expression="C#:PersonRecord:return (PersonRecord.EmployeeType.EmployeeCategory.Identifier == &quot;EXTERNE&quot;) ? -4L : -3L ;" EntityType="PersonRecord" Property="EmployeeCategory" />
	
	<EntityPropertyExpression Identifier="PersonRecord_CompanyName" Expression="C#:PersonRecord:return PersonRecord.Company.DisplayName;" EntityType="PersonRecord" Property="CompanyName" />
	<EntityPropertyExpression Identifier="PersonRecord_MailHab" Expression="C#:PersonRecord:return (PersonRecord.MailHab == null) ? ( (PersonRecord.ContactPrivilegie != null) ? PersonRecord.ContactPrivilegie.Mail : &quot;cagip_habilitations@ca-gip.fr&quot;) : PersonRecord.MailHab ;" EntityType="PersonRecord" Property="MailHab" />
	<EntityPropertyExpression Identifier="PersonRecord_FullName" Expression="C#:PersonRecord:return ( PersonRecord.LastName == null &amp;&amp; PersonRecord.FirstName == null ) ? null : Usercube.Expressions.Functions.UtilExpressions.RemoveDiacritics(PersonRecord.FirstName + &quot; &quot; + PersonRecord.LastName ).ToUpper();" EntityType="PersonRecord" Property="FullName" />

	<!-- DEFINITION DES VIGNETTES DE LA LISTE DES PERSONNES -->
	<Tile Identifier="Person_Tile1" DisplayName_L1="Personne : Civilité, nom, prénom" EntityType="Person" TileDesignElement="picture-text" >
		<Item Binding="MainRecord.FirstName" LineDisplayOrderIndicator="1" LineNumber="2" />
		<Item Binding="MainRecord.LastName" LineDisplayOrderIndicator="2" LineNumber="2" />
		<!-- <Item Binding="MainRecord.PersonalTitle.DisplayName" LineDisplayOrderIndicator="1" LineNumber="3" /> -->
		<!-- LIGNE A NE PAS SUPPRIMER, NECESSAIRE AU LIEN Person/PersonRecord (ligne n°5 non affichée dans le tile) -->
		<Item Binding="Id" LineNumber="5" />
	</Tile>

	<Tile Identifier="Person_Tile2" DisplayName_L1="Personne : Catégorie" EntityType="Person" TileDesignElement="inline data-icon" >
		<Item Binding="MainRecord.Organization.DisplayName" LineDisplayOrderIndicator="1" LineNumber="1" />
		<Item Binding="MainRecord.RHSite" LineDisplayOrderIndicator="1" LineNumber="2" />
	</Tile>

	<Tile Identifier="Person_Tile3" DisplayName_L1="Personne : Organisation" EntityType="Person" TileDesignElement="inline data-icon" >
		<Item Binding="MainRecord.EmployeeCategory.DisplayName" LineDisplayOrderIndicator="1" LineNumber="1" />
		<Item Binding="MainRecord.DomaineAD.Identifier" LineDisplayOrderIndicator="1" LineNumber="2" />
	</Tile>

	<Tile Identifier="Person_Tile4" DisplayName_L1="Personne : Dates" EntityType="Person" TileDesignElement="inline data-icon" >
		<Item Binding="MainRecord.WhenIn" LineDisplayOrderIndicator="1" LineNumber="1" />
		<Item Binding="MainRecord.WhenOut" LineDisplayOrderIndicator="1" LineNumber="2" />
	</Tile>

	<DisplayTable Identifier="Person" EntityType="Person" DisplayTableDesignElement="list" IsEntityTypeDefault="true" >
		<Column DefaultSortPriority="1" ColumnSize="4" IsDisplayInSummaryView="true" SortBinding="MainRecord.LastName" Tile="Person_Tile1" />
		<Column DefaultSortPriority="0" ColumnSize="4" IsDisplayInSummaryView="true" Tile="Person_Tile2" />
		<Column DefaultSortPriority="0" ColumnSize="2" IsDisplayInSummaryView="true" Tile="Person_Tile3" />
		<Column DefaultSortPriority="0" ColumnSize="2" IsDisplayInSummaryView="true" Tile="Person_Tile4" />
	</DisplayTable>

	<!--CRITERE DE RECHERCHE D'UNE PERSONNE-->
	<SearchBar EntityType="Person" SearchBarDesignElement="Inline" Menu="Menu_Search_Person" >
		<!-- <Criterion Binding1="MainRecord.Division" PlaceHolderText_L1="Division" DisplayOrder="1" InputType="Auto" ColumnSize="2" IsVisibleInAdvancedView="true" /> -->
		<Criterion Binding1="MainRecord.EmployeeCategory" PlaceHolderText_L1="Catégorie" InputType="Combobox" ColumnSize="1" />
		<Criterion Binding1="MainRecord.EmployeeType" PlaceHolderText_L1="Type de contrat" InputType="Auto" ColumnSize="1" />
		<Criterion Binding1="MainRecord.Organization" PlaceHolderText_L1="Organisation" InputType="Auto" ColumnSize="1" />
		<Criterion Binding1="MainRecord.FullName" PlaceHolderText_L1="Prénom Nom" ToolTipText_L1="Prénom Nom" InputType="Auto" ColumnSize="2" Operator="Contain" />
		<!-- <Criterion Binding1="MainRecord.LastName" PlaceHolderText_L1="Nom" InputType="Auto" ColumnSize="2" Operator="Contain" /> -->
		<Criterion Binding1="MainRecord.EmployeeId" PlaceHolderText_L1="Code unique IAM" InputType="Auto" ColumnSize="1" Operator="Contain" />
		<Criterion Binding1="MainRecord.IUG" PlaceHolderText_L1="IUG" InputType="Auto" ColumnSize="1" Operator="Contain" />
		<Criterion Binding1="PresenceState" PlaceHolderText_L1="État de présence" InputType="ComboboxMultiSelection" ColumnSize="1" DefaultValue="-101;-102" Operator="Equal" />
		<Criterion Binding1="MainRecord.LoginZoe" PlaceHolderText_L1="Login MoWe" InputType="Auto" ColumnSize="1" />
		<Criterion Binding1="MainRecord.Login" PlaceHolderText_L1="Login Entité" InputType="Auto" ColumnSize="1" />
		<Criterion Binding1="MainRecord.DomaineAD" PlaceHolderText_L1="Domaine" InputType="ComboboxMultiSelection" ColumnSize="1" />
		<Criterion Binding1="MainRecord.Contracts" PlaceHolderText_L1="CMD" InputType="Auto" ColumnSize="1" />
		<Criterion Binding1="MainRecord.Localisation" PlaceHolderText_L1="Localisation" InputType="Auto" ColumnSize="2" IsVisibleInAdvancedView="true" />
		<Criterion Binding1="MainRecord.Company" PlaceHolderText_L1="Société" InputType="Auto" ColumnSize="2" IsVisibleInAdvancedView="true" />
		<Criterion Binding1="MainRecord.IsOffShore" PlaceHolderText_L1="OffShore" InputType="Auto" ColumnSize="1" IsVisibleInAdvancedView="true" />
		<Criterion Binding1="MainRecord.OU_Partenaire" PlaceHolderText_L1="OU Partenaire" InputType="Auto" ColumnSize="2" IsVisibleInAdvancedView="true" />
		<Criterion Binding1="MainRecord.IsVDI" PlaceHolderText_L1="VDI" InputType="Auto" ColumnSize="2" IsVisibleInAdvancedView="true" />
		<Criterion Binding1="MainRecord.RHMatricule" PlaceHolderText_L1="Matricule/Contrat" InputType="ComboboxMultiSelection" ColumnSize="2" IsVisibleInAdvancedView="true" />
	</SearchBar>

	<WorkflowEntityTypeSearchBar EntityType="Person" />
	<WorkflowEntityTypeDisplayTable EntityType="Person" />

	<!-- DEFINITION DES VIGNETTES DE LA LISTE DES PERSONNES-RECORD -->
	<Tile Identifier="PersonRecord_Tile1" DisplayName_L1="Personne : Civilité, nom, prénom" EntityType="PersonRecord" TileDesignElement="picture-text" >
		<Item Binding="FirstName" LineDisplayOrderIndicator="1" LineNumber="2" />
		<Item Binding="LastName" LineDisplayOrderIndicator="2" LineNumber="2" />
		<!-- <Item Binding="PersonalTitle.DisplayName" LineDisplayOrderIndicator="1" LineNumber="3" /> -->
		<Item Binding="Person.Id" LineNumber="5" />
	</Tile>

	<Tile Identifier="PersonRecord_Tile2" DisplayName_L1="Personne : Catégorie" EntityType="PersonRecord" TileDesignElement="inline data-icon" >
		<Item Binding="Organization.DisplayName" LineDisplayOrderIndicator="1" LineNumber="1" />
		<Item Binding="RHSite" LineDisplayOrderIndicator="1" LineNumber="2" />
	</Tile>

	<Tile Identifier="PersonRecord_Tile3" DisplayName_L1="Personne : Organisation" EntityType="PersonRecord" TileDesignElement="inline data-icon" >
		<Item Binding="EmployeeCategory.DisplayName" LineDisplayOrderIndicator="1" LineNumber="1" />
		<Item Binding="DomaineAD.Identifier" LineDisplayOrderIndicator="1" LineNumber="2" />
	</Tile>

	<DisplayTable Identifier="PersonRecord" EntityType="PersonRecord" DisplayTableDesignElement="list" IsEntityTypeDefault="true" >
		<Column DefaultSortPriority="1" ColumnSize="3" IsDisplayInSummaryView="true" SortBinding="LastName" Tile="PersonRecord_Tile1" />
		<Column DefaultSortPriority="0" ColumnSize="3" IsDisplayInSummaryView="true" Tile="PersonRecord_Tile2" />
		<Column DefaultSortPriority="0" ColumnSize="2" IsDisplayInSummaryView="true" Tile="PersonRecord_Tile3" />
	</DisplayTable>

	<!--CRITERE DE RECHERCHE D'UNE PERSONNE RECORD-->
	<SearchBar EntityType="PersonRecord" SearchBarDesignElement="Inline" >
		<Criterion Binding1="EmployeeType.EmployeeCategory" InputType="Combobox" ColumnSize="1" />
		<Criterion Binding1="EmployeeType" PlaceHolderText_L1="Type de contrat" InputType="Auto" ColumnSize="1" />
		<Criterion Binding1="Organization" PlaceHolderText_L1="Organisation" InputType="Auto" ColumnSize="1" />
		<Criterion Binding1="FullName" PlaceHolderText_L1="Prénom Nom" ToolTipText_L1="Prénom Nom" InputType="Auto" ColumnSize="2" Operator="Contain" />
		<Criterion Binding1="EmployeeId" PlaceHolderText_L1="Code unique IAM" InputType="Auto" ColumnSize="2" Operator="Contain" />
		<Criterion Binding1="IUG" PlaceHolderText_L1="IUG" InputType="Auto" ColumnSize="1" Operator="Contain" />
		<Criterion Binding1="Person.PresenceState" InputType="ComboboxMultiSelection" ColumnSize="1" DefaultValue="-101;-102" Operator="Equal" />
		<Criterion Binding1="Login" PlaceHolderText_L1="Login Entité" InputType="Auto" ColumnSize="1" />
		<Criterion Binding1="LoginZoe" PlaceHolderText_L1="Login MoWe" InputType="Auto" ColumnSize="1" />
		<Criterion Binding1="LoginRed01" PlaceHolderText_L1="Login RED01" InputType="Auto" ColumnSize="1" />
		<Criterion Binding1="DomaineAD" PlaceHolderText_L1="Domaine" InputType="ComboboxMultiSelection" ColumnSize="1" />
	</SearchBar>

	<!-- DESCRIPTION DE LA FICHE D'UNE FICHE DE PERSONNE -->
	<Form Identifier="PersonRecord_Default_Person" EntityType="PersonRecord" IsDefaultViewForm="true" >
		<Control DisplayName_L1="Informations personnelles" OutputType="LayoutFieldset" >
			<!-- <Control Binding="PersonalTitle" /> -->
			<Control DisplayName_L1="Nom complet" OutputType="LayoutRowset" >
				<Control Binding="LastName" />
				<Control Binding="FirstName" />
			</Control>
			<Control Binding="Mail" ColumnSize="8" />
			<Control DisplayName_L1="Téléphones" OutputType="LayoutRowset" >
				<Control Binding="PhoneNumber" />
				<Control Binding="MobileNumber" />
			</Control>
		</Control>
		<Control DisplayName_L1="Identifiants" OutputType="LayoutFieldset" >
			<!--<Control DisplayName_L1="Login &amp; Domaine d'origine" OutputType="LayoutRowset" >
				<Control Binding="Login" />
				<Control Binding="DomaineAD" />
			</Control>-->
			<Control Binding="DomaineAD" DisplayName_L1="Domaine AD d'origine" />
			<Control Binding="LoginZoe" />
			<Control Binding="LoginRed01" />
			<Control Binding="LoginAdminGold" />
			<Control Binding="LoginAdminSilver" />
			<Control Binding="Login" />
			<Control Binding="LoginRACFCAAS" />
			<Control Binding="LoginRACFCASA" />
			<Control Binding="LoginRACFCACIB" />
			<Control Binding="LoginRACFCAPS" />
			<Control Binding="LoginRACFLCL" />
			<Control Binding="LoginTSSCACF" />
			<Control Binding="LoginCAPS" />
		</Control>
		<Control DisplayName_L1="Gestion technique" OutputType="LayoutFieldset" >
			<!-- <Control Binding="UsercubeID" DisplayName_L1="Id Usercube" IsReadOnly="true" /> -->
			<Control Binding="EmployeeId" DisplayName_L1="Code unique IAM" IsReadOnly="true" />
			<!-- <Control Binding="IUD" /> -->
			<Control Binding="Person.PresenceState" />
			<Control Binding="Disabled" />
			<Control Binding="IsVDI" />
		</Control>
	</Form>

	<Form Identifier="PersonRecord_Default" EntityType="PersonRecord" IsDefaultViewForm="true" >
		<Control OutputType="TransformImport" EmbeddedForm="PersonRecord_Default_Person" />
		<Control DisplayName_L1="Contrat" OutputType="LayoutFieldset" >
			<Control Binding="Division" />
			<Control Binding="EmployeeCategory" DisplayName_L1="Catégorie du collaborateur" IsReadOnly="true" />
			<Control Binding="EmployeeType" DisplayName_L1="Type de contrat" IsReadOnly="true" />
			<Control Binding="Company" />
			<Control Binding="RHMatricule" DisplayName_L1="N° matricule / N° contrat" IsReadOnly="true" />
			<Control Binding="IUG" />
			<Control Binding="IdentityType" />
			<Control Binding="Contracts" />
			<Control Binding="ContractEndDate" DisplayName_L1="Date de fin de Commande" />
			<Control Binding="OU_Partenaire" />
			<Control Binding="IsOffShore" />
			<Control Binding="WhenIn" />
			<Control Binding="WhenOut" AddedMinutes="1440" />
			<!--<Control Binding="WhenOutExpected" AddedMinutes="1440" />-->
		</Control>
		<Control DisplayName_L1="Localisation" OutputType="LayoutFieldset" >
			<Control Binding="Localisation" />
			<Control Binding="RHSite" />
			<Control Binding="RHBatiment" />
			<Control Binding="RHEtage" />
			<Control Binding="RHBureau" />
			<Control Binding="Co_localisation" />
		</Control>
	</Form>

	<Form Identifier="PersonRecord_Position" EntityType="PersonRecord" >
		<Control DisplayName_L1="Organisation" OutputType="LayoutFieldset" >
			<!--<Control DisplayName_L1="Date(s) de poste" OutputType="LayoutRowset" >
				<Control Binding="StartDate" />
				<Control Binding="EndDate" AddedMinutes="1440" />
			</Control>-->
			<Control DisplayName_L1="Organisation" OutputType="LayoutRowset" >
				<Control Binding="Organization" />
				<Control Binding="OrgaHierarchy" />
			</Control>
			<Control DisplayName_L1="Hiérarchie" OutputType="LayoutFieldset" >
				<Control Binding="underresponsability" DisplayName_L1="Collaborateurs Managés" OutputType="BasicCollection" NavigationBinding="PersonRecord:Person" />
				<Control Binding="Responsible.Person" DisplayName_L1="Manager" OutputType="BasicCollection" />
				<Control Binding="Responsible.Responsible.Person" DisplayName_L1="Manager N+2" OutputType="BasicCollection" />
				<Control Binding="Responsible.Responsible.Responsible.Person" DisplayName_L1="Manager N+3" OutputType="BasicCollection" />
				<Control Binding="Responsible.Responsible.Responsible.Responsible.Person" DisplayName_L1="Manager N+4" OutputType="BasicCollection" />
			</Control>
			<Control DisplayName_L1="Contact pour les notifications" OutputType="LayoutFieldset" >
				<Control Binding="ContactPrivilegie" OutputType="BasicCollection" NavigationBinding="PersonRecord:Person" />
				<!-- <Control Binding="MailHab" /> -->
			</Control>
		</Control>
		<!-- <Control DisplayName_L1="Suivi" OutputType="LayoutFieldset" > -->
			<!-- <Control Binding="MM_Tickets" OutputType="BasicCollection" /> -->
		<!-- </Control> -->
		<Control DisplayName_L1="Commentaires" OutputType="LayoutFieldset" >
			<Control Binding="CommentsWFE" />
		</Control>
	</Form>

	<ResourceViewRecordEntityForm Identifier="Person_View" EntityType="Person" Menu="Menu_Person" RecordProperty="Person:Records" RecordStartProperty="PersonRecord:StartDate" RecordEndProperty="PersonRecord:EndDate" RecordSortProperty="PersonRecord:EmployeeId" RecordFilter="All" IsDefaultViewForm="true" >
		<MainControl OutputType="LayoutContainer" ></MainControl>
		<RecordControl OutputType="TransformImport" EmbeddedForm="PersonRecord_Default" />
		<RecordItemControl OutputType="TransformImport" EmbeddedForm="PersonRecord_Position" />
		<RecordUniqueItemControl OutputType="TransformImport" EmbeddedForm="PersonRecord_Position" />
	</ResourceViewRecordEntityForm>

</ConfigurationFile>