﻿<ConfigurationFile xmlns="urn:schemas-usercube-com:configuration">

 <!--<ReportQuery Identifier="Provisioning_CompositeRoles" ReturnedEntityType="CompositeRole" Query="join Category c select Identifier, DisplayName, Description, ApprovalWorkflowType, c.DisplayName" DisplayName_L1="Liste des rôles composés" />-->
 <ReportQuery Identifier="Provisioning_CompositeRoles" ReturnedEntityType="CompositeRole" Query="join Category c join c.Parent cp select Identifier, DisplayName, Description, FullName, ApprovalWorkflowType, c.DisplayName, cp.DisplayName" DisplayName_L1="Liste des profils (rôles composés)" />

 <!--<ReportQuery Identifier="Provisioning_SingleRoles" ReturnedEntityType="SingleRole" Query="join Category c select Identifier, DisplayName, Description, ApprovalWorkflowType, c.DisplayName" DisplayName_L1="Liste des rôles simples" />-->
 <ReportQuery Identifier="Provisioning_SingleRoles" ReturnedEntityType="SingleRole" Query="join Category c join c.Parent cp select Identifier, DisplayName, Description, FullName, ApprovalWorkflowType, c.DisplayName, cp.DisplayName" DisplayName_L1="Liste des profils (rôles simples)" />

 <ReportQuery Identifier="Provisioning_ResourceTypes" ReturnedEntityType="ResourceType" Query="join Category c select Identifier, DisplayName, Description, ApprovalWorkflowType, c.DisplayName" DisplayName_L1="Liste des types de ressources" />
 <!--<ReportQuery Identifier="AccessControl_AssignedProfiles" ReturnedEntityType="AssignedProfile" Query="join Profile p join User u select u.AD_ProdGrp_Entry:userPrincipalName, u.AD_ProdGrp_Entry:displayName, p.DisplayName" DisplayName_L1="Liste des profils affectés aux utilisateurs" />-->
 <ReportQuery Identifier="Workflow_ActivityInstances" ReturnedEntityType="ActivityInstance" Query="join WorkflowInstance wi join wi.Workflow w join Activity activity join Actors actor join State state select w.DisplayName, wi.Identifier, activity.DisplayName, state.DisplayName, CreationDate, actor.InternalDisplayName, Subject, Body" DisplayName_L1="Liste des tâches" />
 <ReportQuery Identifier="Workflow_ActivityInstancesYear" ReturnedEntityType="ActivityInstance" Query='join WorkflowInstance wi join wi.Workflow w join Activity activity join Actors actor join State state select w.DisplayName, wi.Identifier, activity.DisplayName, state.DisplayName, CreationDate, actor.InternalDisplayName, Subject, Body Where (CreationDate >= "2024-01-01T00:00:00Z")' DisplayName_L1="Liste des tâches 2024" />
 
 <!-- Liste des identités avec commandes -->
 <ReportQuery Identifier="Reports_Identity" ReturnedEntityType="Person" Query="join MainRecord pr join pr.Company comp join pr.Contracts con join PresenceState ep join pr.EmployeeType et join et.EmployeeCategory ec join pr.Organization o join pr.Responsible r join pr.DomaineAD ad join pr.IsVDI vdi join pr.Co_localisation col select pr.EmployeeId, FirstName, LastName, Login, pr.LoginZoe, pr.LoginRed01, pr.LoginAdminGold, pr.LoginAdminSilver, Mail, pr.WhenIn, pr.WhenOut, pr.RHSite, pr.RHBatiment, pr.RHEtage, pr.RHBureau, col.Site, pr.IsOffShore, pr.IUG, et.DisplayName, ep.DisplayName, ec.DisplayName, o.Identifier, o.Trigramme, pr.OrgaHierarchy, pr.CompanyName, comp.Identifier, r.InternalDisplayName, r.Mail, ad.Identifier, vdi.Identifier, con.Identifier  Where ((ep.Id = -100 or ep.Id = -101 or ep.Id = -102) and Identifier != null )" DisplayName_L1="Liste des identités" />
 
 <ReportQuery Identifier="Reports_PersonRecord_Identity" ReturnedEntityType="PersonRecord" Query="join Red01MigrationStatus red_mig join ZoeMigrationStatus zoe_mig join Person Person join Person.PresenceState ep join EmployeeType et join et.EmployeeCategory ec join Organization o join Responsible r join DomaineAD ad join IsVDI vdi join Company societe join pr.Co_localisation col select EmployeeId, FirstName, LastName, Login, LoginZoe, LoginRed01, LoginAdminGold, LoginAdminSilver, Mail, WhenIn, WhenOut, RHSite, RHBatiment, RHEtage, RHBureau, col.Site, IsOffShore, red_mig.DisplayName, zoe_mig.DisplayName, et.DisplayName, ep.DisplayName, ec.DisplayName, o.Identifier, o.Trigramme, OrgaHierarchy, r.InternalDisplayName, r.Mail, r.IUG, ad.Identifier, vdi.Identifier, IUG, societe.Identifier" DisplayName_L1="Liste technique identités PersonRecord" />

 <ReportQuery Identifier="Reports_Person_Identity" ReturnedEntityType="Person" Query="join MainRecord pr join PresenceState ep join pr.Red01MigrationStatus red_mig join pr.ZoeMigrationStatus zoe_mig join pr.EmployeeType et join et.EmployeeCategory ec join pr.Organization o join pr.Responsible r join pr.DomaineAD ad join pr.IsVDI vdi join pr.Company societe join pr.Co_localisation col select pr.EmployeeId, FirstName, LastName, Login, pr.LoginZoe, pr.LoginRed01, pr.LoginAdminGold, pr.LoginAdminSilver, Mail, pr.WhenIn, pr.WhenOut, pr.RHSite, pr.RHBatiment, pr.RHEtage, pr.RHBureau, col.Site, pr.IsOffShore, red_mig.DisplayName, zoe_mig.DisplayName, pr.IUG, et.DisplayName, ep.DisplayName, ec.DisplayName, o.Identifier, o.Trigramme, pr.OrgaHierarchy, r.InternalDisplayName, r.Mail, r.IUG, ad.Identifier, vdi.Identifier, societe.Identifier" DisplayName_L1="Liste technique identités Person" />

 <ReportQuery Identifier="Reports_Migration_Zoe" ReturnedEntityType="Person" Query="join MainRecord pr join PresenceState ep join pr.EmployeeType et join et.EmployeeCategory ec join pr.Organization o join pr.Responsible r join pr.DomaineAD ad join pr.IsVDI vdi join pr.ZoeMigrationStatus zms join pr.Co_localisation col select pr.EmployeeId, FirstName, LastName, Login, pr.LoginZoe, pr.LoginRed01, pr.LoginAdminGold, pr.LoginAdminSilver, Mail, pr.WhenIn, pr.WhenOut, pr.RHSite, pr.RHBatiment, pr.RHEtage, pr.RHBureau, col.Site, pr.IsOffShore, pr.IUG, et.DisplayName, ep.DisplayName, ec.DisplayName, o.Identifier, o.Trigramme, pr.OrgaHierarchy, r.InternalDisplayName, r.Mail , ad.Identifier, vdi.Identifier  Where ((ep.Id = -100 or ep.Id = -101 or ep.Id = -102) and Identifier != null and zms.Id=-501 and pr.DesactiveZOE = null and ad.Id!= -356 )" DisplayName_L1="Liste des identités migrées vers ZOE" />

 <ReportQuery Identifier="User_AssignedResourceScalars" ReturnedEntityType="AssignedResourceScalar" Query="join Property p join AssignedResourceType art join art.Role r join art.Owner of type Person u join u.MainRecord ur join ur.Organization o join ur.Company c join ur.EmployeeType et join art.Resource re select ur.EmployeeId, ur.LastName, ur.FirstName, o.InternalDisplayName, c.InternalDisplayName, et.InternalDisplayName, r.DisplayName, p.DisplayName, re.InternalDisplayName, Value, WorkflowState, ProvisioningState, StartDate, EndDate" DisplayName_L1="Liste des attributs de chaque compte" />
 <ReportQuery Identifier="User_AssignedResourceNavigations" ReturnedEntityType="AssignedResourceNavigation" Query="join Property p join AssignedResourceType art join art.Role r join art.Owner of type Person u join u.MainRecord ur join ur.Organization o join ur.Company c join ur.EmployeeType et join art.Resource re join Resource v select ur.EmployeeId, ur.LastName, ur.FirstName, o.InternalDisplayName, c.InternalDisplayName, et.InternalDisplayName, r.DisplayName, p.DisplayName, re.InternalDisplayName, v.InternalDisplayName, WorkflowState, ProvisioningState, StartDate, EndDate, IsDenied" DisplayName_L1="Liste des groupes de chaque compte" />
 <ReportQuery Identifier="User_AssignedResourceTypes" ReturnedEntityType="AssignedResourceType" Query="join Role r join Owner of type Person u join u.MainRecord ur join ur.Organization o join ur.Company c join ur.EmployeeType et join Resource re select ur.EmployeeId, ur.LastName, ur.FirstName, o.InternalDisplayName, c.InternalDisplayName, et.InternalDisplayName, r.DisplayName, re.InternalDisplayName, WorkflowState, ProvisioningState, StartDate, EndDate, IsDenied" DisplayName_L1="Liste des affectations de ressources" />
 
 <!--<ReportQuery Identifier="User_AssignedSingleRoles" ReturnedEntityType="AssignedSingleRole" Query="join Role r join Owner of type Person u join u.MainRecord ur join ur.Organization o join ur.Company c join ur.EmployeeType et select ur.EmployeeId, ur.LastName, ur.FirstName, o.InternalDisplayName, c.InternalDisplayName, et.InternalDisplayName, r.DisplayName, WorkflowState, StartDate, EndDate, IsDenied" DisplayName_L1="Liste des affectations de rôles simples" /> -->
 <!--<ReportQuery Identifier="User_AssignedSingleRoles" ReturnedEntityType="Person" Query="join MainRecord pr join AssignedSingleRoles asr join asr.Role asrr join asrr.Category asrrc join asr.ParametersContext asrctx select pr.EmployeeId, FirstName, LastName, asr.Id, asr.IsInferred, asr.StartDate, asr.EndDate, asr.IsDenied, asr.WorkflowState, asr.OwnerId, asr.OwnerType, asrr.DisplayName, asrr.Identifier, asrr.FullName, asrrc.Identifier ,asrr.ApprovalWorkflowType, asrr.HideOnSimplifiedView, asrctx.DisplayName where asr.Id != null" DisplayName_L1="Liste des affectations de rôles simples" />-->
 <ReportQuery Identifier="User_AssignedSingleRoles" ReturnedEntityType="Person" Query="join MainRecord pr join AssignedSingleRoles asr join asr.Role asrr join asr.ParametersContext asrctx select pr.EmployeeId, FirstName, LastName, asr.Id, asr.IsInferred, asr.StartDate, asr.EndDate, asr.IsDenied, asr.WorkflowState, asr.OwnerId, asr.OwnerType, asrr.DisplayName, asrr.Identifier, asrr.ApprovalWorkflowType, asrctx.DisplayName where asr.Id != null" DisplayName_L1="Liste des affectations de profils (rôles simples)" />
 
 <!--<ReportQuery Identifier="User_AssignedCompositeRoles" ReturnedEntityType="AssignedCompositeRole" Query="join Role r join Owner of type Person u join u.MainRecord ur join ur.Organization o join ur.Company c join ur.EmployeeType et select ur.EmployeeId, ur.LastName, ur.FirstName, o.InternalDisplayName, c.InternalDisplayName, et.InternalDisplayName, r.DisplayName, WorkflowState, StartDate, EndDate, IsDenied" DisplayName_L1="Liste des affectations de rôles composés" /> -->
 <!--<ReportQuery Identifier="User_AssignedCompositeRoles" ReturnedEntityType="Person" Query="join MainRecord pr join AssignedCompositeRoles asr join asr.Role asrr join asrr.Category asrrc join asr.ParametersContext asrctx select pr.EmployeeId, FirstName, LastName, asr.Id, asr.IsInferred, asr.StartDate, asr.EndDate, asr.IsDenied, asr.WorkflowState, asr.OwnerId, asr.OwnerType, asrr.DisplayName, asrr.Identifier, asrr.FullName, asrrc.Identifier ,asrr.ApprovalWorkflowType, asrr.HideOnSimplifiedView, asrctx.DisplayName where asr.Id != null" DisplayName_L1="Liste des affectations de rôles composés" />--> 
 <ReportQuery Identifier="User_AssignedCompositeRoles" ReturnedEntityType="Person" Query="join MainRecord pr join AssignedCompositeRoles asr join asr.Role asrr join asr.ParametersContext asrctx select pr.EmployeeId, FirstName, LastName, asr.Id, asr.IsInferred, asr.StartDate, asr.EndDate, asr.IsDenied, asr.WorkflowState, asr.OwnerId, asr.OwnerType, asrr.DisplayName, asrr.Identifier, asrr.ApprovalWorkflowType, asrctx.DisplayName where asr.Id != null" DisplayName_L1="Liste des affectations de profils (rôles composés)" /> 
 
 <!--<ReportQuery Identifier="Navigation_Role" ReturnedEntityType="ResourceNavigationRule" Query="join Property prop join Resource re join SingleRole sr join ResourceType rt select Id, ResourceId, IsDenied, Type, prop.DisplayName, prop.Identifier, re.InternalDisplayName, sr.Identifier, sr.DisplayName, rt.DisplayName where (EntityTypeId =1) order by ResourceId asc, Id asc" DisplayName_L1="Contenu des rôles simples" />-->
 <!--<ReportQuery Identifier="Navigation_Role" ReturnedEntityType="ResourceNavigationRule" Query="join Property prop join Resource re join SingleRole sr join sr.Category cat join ResourceType rt select Id, ResourceId, IsDenied, Type, prop.DisplayName, prop.Identifier, re.InternalDisplayName, sr.Identifier, sr.DisplayName, cat.Identifier, rt.DisplayName where (EntityTypeId =1) order by ResourceId asc, Id asc" DisplayName_L1="Contenu des rôles simples" />-->
 <ReportQuery Identifier="Navigation_Role" ReturnedEntityType="ResourceNavigationRule" Query="join Property prop join Resource re join SingleRole sr join sr.Category cat join cat.Parent catp join catp.Parent catpp join catpp.Parent catppp join ResourceType rt select Id, ResourceId, IsDenied, Type, prop.DisplayName, prop.Identifier, re.InternalDisplayName, sr.Identifier, sr.DisplayName, sr.FullName, cat.DisplayName, catp.DisplayName, catpp.DisplayName, catppp.DisplayName, rt.DisplayName where (EntityTypeId =1) order by ResourceId asc, Id asc" DisplayName_L1="Contenu des profils (rôles simples)" />
	
 <!--<ReportQuery Identifier="Single_Role_Rule" ReturnedEntityType="SingleRoleRule" Query="join Role r join CompositeRole cr join DimensionOrganization0 d0 join DimensionDivision1 d1 join DimensionEmployeeCategory2 d2 join DimensionDomaineAD3 d3 join DimensionZoeMigrationStatus4 d4 join DimensionIsVDI5 d5 join DimensionResponsible6 d6 join DimensionEmployeeType7 d7 select Id, IsDenied, Type, PolicyId, RoleId, r.DisplayName, r.Identifier, cr.DisplayName, cr.Identifier, RoleId, d0.InternalDisplayName,  d1.InternalDisplayName,  d2.InternalDisplayName,  d3.InternalDisplayName,  d4.InternalDisplayName, d5.InternalDisplayName,  d6.InternalDisplayName,  d7.InternalDisplayName where (EntityTypeId =1) order by RoleId asc, Id asc" DisplayName_L1="Contenu des rôles composés" />-->
 <ReportQuery Identifier="Single_Role_Rule" ReturnedEntityType="SingleRoleRule" Query="join Role r join CompositeRole cr join cr.Category cat join cat.Parent catp select Id, IsDenied, Type, PolicyId, RoleId, r.DisplayName, r.Identifier, cr.DisplayName, cr.Identifier, cr.FullName, cat.DisplayName, catp.DisplayName, RoleId where ((EntityTypeId =1) and cr.Identifier != null) order by RoleId asc, Id asc" DisplayName_L1="Contenu des profils (rôles composés)" />
	
 <!-- All Profiles -->
 <ReportQuery Identifier="AccessControl_AssignedProfiles" ReturnedEntityType="AssignedProfile" Query="join Profile p join User of type Person u join u.MainRecord mr join Context c join c.CompositeRole ccr join c.SingleRole csr join csr.Category cats join cats.Parent catsp join catsp.Parent catspp join c.DimensionOrganization0 of type Organization d0 join c.DimensionDivision1 d1 join c.DimensionResponsible6 d6 select p.DisplayName, u.InternalDisplayName, u.Mail, mr.EmployeeId, ccr.Identifier, ccr.DisplayName, ccr.FullName, csr.Identifier, csr.DisplayName, csr.FullName, cats.DisplayName, catsp.DisplayName, catspp.DisplayName, d0.Identifier, d0.Trigramme, d0.InternalDisplayName, d1.InternalDisplayName, d6.InternalDisplayName order by p.DisplayName asc, u.InternalDisplayName asc" DisplayName_L1="Liste des profils d'accès à STAN" />

 <!-- Manager & Assistant Profiles -->
 <ReportQuery Identifier="AccessControl_AssignedProfiles_MA" ReturnedEntityType="AssignedProfile" Query="join Profile p join User of type Person u join u.MainRecord mr join Context c join c.CompositeRole ccr join c.SingleRole csr join c.Category cc join c.DimensionOrganization0 of type Organization d0 join c.DimensionDivision1 d1 join c.DimensionResponsible6 d6 select p.DisplayName, u.InternalDisplayName, u.Mail, mr.EmployeeId, ccr.DisplayName, ccr.FullName, ccr.Identifier, csr.DisplayName, csr.FullName, csr.Identifier, cc.DisplayName, cc.FullName, d0.Identifier, d0.Trigramme, d0.InternalDisplayName, d1.InternalDisplayName, d6.InternalDisplayName where (p.Identifier=&quot;Assistante&quot; or p.Identifier=&quot;Manager&quot;) order by p.DisplayName asc, u.InternalDisplayName asc" DisplayName_L1="Liste des profils d'accès manager/assistant.e à STAN" />

 <!-- RoleOfficerByRole & RoleOfficer2 Profiles -->
 <ReportQuery Identifier="AccessControl_AssignedProfiles_RO" ReturnedEntityType="AssignedProfile" Query="join Profile p join User of type Person u join u.MainRecord mr join Context c join c.CompositeRole ccr join c.SingleRole csr join c.Category cc join c.DimensionOrganization0 of type Organization d0 join c.DimensionDivision1 d1 join c.DimensionResponsible6 d6 select p.DisplayName, u.InternalDisplayName, u.Mail, mr.EmployeeId, ccr.DisplayName, ccr.FullName, ccr.Identifier, csr.DisplayName, csr.FullName, csr.Identifier, cc.DisplayName, cc.FullName, d0.Identifier, d0.Trigramme, d0.InternalDisplayName, d1.InternalDisplayName, d6.InternalDisplayName where (p.Identifier=&quot;RoleOfficer2&quot; or p.Identifier=&quot;RoleOfficerByRole&quot;) order by p.DisplayName asc, u.InternalDisplayName asc" DisplayName_L1="Liste des responsables de profils (rôles simples/composés)" />
 
 <ReportQuery Identifier="Error_Zoe_Tasks" ReturnedEntityType="AssignedResourceType"
Query="join Role r join WorkflowInstance w join ParametersContext pc join Owner of type Person Owner join Owner.MainRecord OwnerMainRecord  join AssignedResourceErrors err select Id, StartDate, EndDate, ProvisioningState, IsDenied, WorkflowState, WorkflowInstanceId, ConsolidatedWorkflowBlockedState, ConsolidatedProvisioningState, ResourceId, OwnerType, OwnerId, ParametersContextId, ProvisioningReviewFilter, r.FullName, w.Id, w.Identifier, Owner.InternalDisplayName, Owner.Op_MainRecord_LastName, Owner.Op_MainRecord_FirstName, Owner.Id, OwnerMainRecord.LastName, Owner.Op_MainRecord_RHSite, Owner.Op_MainRecord_Organization_DisplayName, Owner.Op_MainRecord_DomaineAD_Identifier, Owner.Op_MainRecord_EmployeeType_EmployeeCategory_DisplayName, Owner.Op_MainRecord_WhenOut, Owner.Op_MainRecord_WhenIn, OwnerMainRecord.InternalDisplayName, OwnerMainRecord.Id, pc.Organization0Id, pc.Division1Id, pc.EmployeeCategory2Id, pc.DomaineAD3Id, pc.ZoeMigrationStatus4Id, pc.IsVDI5Id, pc.Responsible6Id, pc.EmployeeType7Id, pc.Localisation8Id, pc.Site9Id, pc.DisplayName, err.Id, err.ErrorCode, err.ErrorMessage where ((OwnerType=1 AND ProvisioningReviewFilter>31) AND r.FullName%=%&quot;compte AD zoe&quot;) order by WorkflowInstanceId desc, OwnerId desc, Id desc" 
DisplayName_L1="Provisioning Zoe en erreurs" />

											  
 <MenuItem Identifier="Reports">
  <MenuItem Identifier="Reports_Provisioning_CompositeRoles" ReportQuery="Provisioning_CompositeRoles" />
  <MenuItem Identifier="Reports_Provisioning_SingleRoles" ReportQuery="Provisioning_SingleRoles" />
  <MenuItem Identifier="Reports_Provisioning_ResourceTypes" ReportQuery="Provisioning_ResourceTypes" />
  <MenuItem Identifier="Reports_AccessControl_AssignedProfiles" ReportQuery="AccessControl_AssignedProfiles" />
  <MenuItem Identifier="Reports_AccessControl_AssignedProfiles_MA" ReportQuery="AccessControl_AssignedProfiles_MA" />
  <MenuItem Identifier="Reports_AccessControl_AssignedProfiles_RO" ReportQuery="AccessControl_AssignedProfiles_RO" />
  <MenuItem Identifier="Reports_Workflow_ActivityInstances" ReportQuery="Workflow_ActivityInstances" />
  <MenuItem Identifier="Reports_Workflow_ActivityInstancesYear" ReportQuery="Workflow_ActivityInstancesYear" />
  <MenuItem Identifier="Reports_User_AssignedResourceScalars" ReportQuery="User_AssignedResourceScalars" />
  <MenuItem Identifier="Reports_User_AssignedResourceNavigations" ReportQuery="User_AssignedResourceNavigations" />
  <MenuItem Identifier="Reports_User_AssignedResourceTypes" ReportQuery="User_AssignedResourceTypes" />
  <MenuItem Identifier="Reports_User_AssignedSingleRoles" ReportQuery="User_AssignedSingleRoles" />
  <MenuItem Identifier="Reports_User_AssignedCompositeRoles" ReportQuery="User_AssignedCompositeRoles" />
  <MenuItem Identifier="Reports_Identity_CAGIP" ReportQuery="Reports_Identity" />
  <MenuItem Identifier="Reports_Identity_ZOE" ReportQuery="Reports_Migration_Zoe" />
  <MenuItem Identifier="Reports_Identity_PersonRecord" ReportQuery="Reports_PersonRecord_Identity" />
  <MenuItem Identifier="Reports_Identity_Person" ReportQuery="Reports_Person_Identity" />
  <MenuItem Identifier="Reports_Navigation_Role" ReportQuery="Navigation_Role" />
  <MenuItem Identifier="Reports_Single_Role_Rule" ReportQuery="Single_Role_Rule" />
  
  <MenuItem Identifier="Reports_Error_Zoe_Tasks" ReportQuery="Error_Zoe_Tasks" />
 </MenuItem>

</ConfigurationFile>

