<ConfigurationFile xmlns="urn:schemas-usercube-com:configuration">

	<!-- Categories -->

	<!-- Roles de base simples -->
	<SingleRole Identifier="$GLOBAL$_Base_CAGIP_Admin_BlueAlpha" DisplayName_L1="[NE PAS UTILISER] Role de base AD BLUEALPHA" Description_L1="Role de base AD BLUEALPHA pour un administrateur SILVER" Category="Global Roles" EntityType="Person" ApprovalWorkflowType="One" Policy="Default" />

	<!-- Règles des SR : associations CR - comptes AD -->
	<SingleRoleRule Policy="Default" Role="$GLOBAL$_Base_CAGIP_Admin_BlueAlpha" CompositeRole="RoleBaseAdminSilver" /> <!-- Admin silver -->
	<SingleRoleRule Policy="Default" Role="$GLOBAL$_Base_CAGIP_Admin_BlueAlpha" CompositeRole="RoleBaseAdminGoldSilver" /> <!-- Admin gold/silver -->

	<!-- Règles de navigation -->
	<ResourceType MaximumDelete="0" MaximumDeletePercent="5" MaximumInsert="0" MaximumInsertPercent="5" MaximumUpdate="0" MaximumUpdatePercent="5" Identifier="AD_BlueAlpha_Entry_NominativeUser">
		<!-- DEV -->
		<!-- <NavigationRule Property="memberOf" Resource="CN=G_RCTRED01_APP_TEST1,OU=IAM,OU=OU_Groupes_ESA,OU=TEST_BLUEALPHA,DC=rct-red01,DC=svc" SingleRole="$GLOBAL$_Base_CAGIP_Admin_BlueAlpha" TimeOffsetReference="Around" TimeOffsetAfterReference="44640" /> -->
		<!-- <NavigationRule Property="memberOf" Resource="CN=G_RCTRED01_APP_TEST2,OU=IAM,OU=OU_Groupes_ESA,OU=TEST_BLUEALPHA,DC=rct-red01,DC=svc" SingleRole="$GLOBAL$_Base_CAGIP_Admin_BlueAlpha" TimeOffsetReference="Around" TimeOffsetAfterReference="44640" /> -->
		<!-- <NavigationRule Property="memberOf" Resource="CN=G_RCTRED01_APP_TEST3,OU=IAM,OU=OU_Groupes_ESA,OU=TEST_BLUEALPHA,DC=rct-red01,DC=svc" SingleRole="$GLOBAL$_Base_CAGIP_Admin_BlueAlpha" TimeOffsetReference="Around" TimeOffsetAfterReference="44640" /> -->
	
		<!-- PROD -->
		<NavigationRule Property="memberOf" Resource="CN=G_BLUEALPHA_700_Utilisateurs,OU=IAM,OU=OU_Groupes_ESA,DC=BLUEALPHA,DC=SVC" SingleRole="$GLOBAL$_Base_CAGIP_Admin_BlueAlpha" TimeOffsetReference="Around" TimeOffsetAfterReference="44640" />
	</ResourceType>

</ConfigurationFile>