<ConfigurationFile xmlns="urn:schemas-usercube-com:configuration">
	<!-- Categories -->
	<Category Policy="Default" Identifier="ADML" DisplayName_L1="ADML" Parent="App_Metier" />
	<Category Policy="Default" Identifier="ADML_Partenaires" DisplayName_L1="PARTENAIRES" Parent="ADML" />
	<Category Policy="Default" Identifier="ADML_Prodgrp" DisplayName_L1="PRODGRP" Parent="ADML" />
	
	<!-- Roles ADML PARTENAIRES -->
	<SingleRole Identifier="SR_REF_ADML_BAO_Backoffice_L2RS_CACEIS" DisplayName_L1="ADML_BAO_Backoffice_L2RS_CACEIS" Description_L1="Backoffice CACEIS" Category="ADML_Partenaires" EntityType="Person" ApprovalWorkflowType="Two" Policy="Default"/>
	<SingleRole Identifier="SR_REF_ADML_BAO_Backoffice_LBS_CACEIS" DisplayName_L1="ADML_BAO_Backoffice_LBS_CACEIS" Description_L1="Backoffice CACEIS" Category="ADML_Partenaires" EntityType="Person" ApprovalWorkflowType="Two" Policy="Default"/>
	<SingleRole Identifier="SR_REF_ADML_BAO_Backoffice_SD_CACEIS" DisplayName_L1="ADML_BAO_Backoffice_SD_CACEIS" Description_L1="Backoffice CACEIS" Category="ADML_Partenaires" EntityType="Person" ApprovalWorkflowType="Two" Policy="Default"/>
	<SingleRole Identifier="SR_REF_ADML_PART_C2S_Mobilité_fédérateur_Luxembourg" DisplayName_L1="ADML_PART_C2S_Mobilité_fédérateur_Luxembourg" Description_L1="Centre de service N3 mobilité fédérateur - basé au luxembourg chez one point" Category="ADML_Partenaires" EntityType="Person" ApprovalWorkflowType="Two" Policy="Default"/>
	<SingleRole Identifier="SR_REF_ADML_PART_Helpline_N1" DisplayName_L1="ADML_PART_Helpline_N1" Description_L1="Helpline support niveau 1 clients " Category="ADML_Partenaires" EntityType="Person" ApprovalWorkflowType="Two" Policy="Default"/>
	<SingleRole Identifier="SR_REF_ADML_PART_Helpline_N2" DisplayName_L1="ADML_PART_Helpline_N2" Description_L1="Helpline support niveau 2 clients " Category="ADML_Partenaires" EntityType="Person" ApprovalWorkflowType="Two" Policy="Default"/>
	<SingleRole Identifier="SR_REF_ADML_IPT_Homologateur_CAPGEMINI" DisplayName_L1="ADML_IPT_Homologateur_CAPGEMINI" Description_L1="Les homologateurs CAP GEMINI" Category="ADML_Partenaires" EntityType="Person" ApprovalWorkflowType="Two" Policy="Default"/>
	<SingleRole Identifier="SR_REF_ADML_PTE_Production_Technique_CACF" DisplayName_L1="ADML_PTE_Production_Technique_CACF" Description_L1="Support utilisateurs &amp; Production Technique CACF" Category="ADML_Partenaires" EntityType="Person" ApprovalWorkflowType="Two" Policy="Default"/>
	<SingleRole Identifier="SR_REF_ADML_PTE_Production_Technique_L2RS_CACEIS" DisplayName_L1="ADML_PTE_Production_Technique_L2RS_CACEIS" Description_L1="Production Technique CACEIS" Category="ADML_Partenaires" EntityType="Person" ApprovalWorkflowType="Two" Policy="Default"/>
	<SingleRole Identifier="SR_REF_ADML_PTE_Production_Technique_LBS_CACEIS" DisplayName_L1="ADML_PTE_Production_Technique_LBS_CACEIS" Description_L1="Production Technique CACEIS" Category="ADML_Partenaires" EntityType="Person" ApprovalWorkflowType="Two" Policy="Default"/>
	<SingleRole Identifier="SR_REF_ADML_PTE_Production_Technique_Partenaires" DisplayName_L1="ADML_PTE_Production_Technique_Partenaires" Description_L1="Production Technique CAPGEMINI" Category="ADML_Partenaires" EntityType="Person" ApprovalWorkflowType="Two" Policy="Default"/>
	<SingleRole Identifier="SR_REF_ADML_PTE_Production_Technique_SD_CACEIS" DisplayName_L1="ADML_PTE_Production_Technique_SD_CACEIS" Description_L1="Production Technique CACEIS " Category="ADML_Partenaires" EntityType="Person" ApprovalWorkflowType="Two" Policy="Default"/>
	<SingleRole Identifier="SR_REF_ADML_PTE_Production_Technique_CAPS" DisplayName_L1="ADML_PTE_Production_Technique_CAPS" Description_L1="Production Technique périmètre CAPS" Category="ADML_Partenaires" EntityType="Person" ApprovalWorkflowType="Two" Policy="Default"/>
	<SingleRole Identifier="SR_REF_ADML_PTE_Télédistribution_Exploitation_Partenaires" DisplayName_L1="ADML_PTE_Télédistribution_Exploitation_Partenaires" Description_L1="Production Technique Télédistribution exploitation CAPGEMINI" Category="ADML_Partenaires" EntityType="Person" ApprovalWorkflowType="Two" Policy="Default"/>
	<SingleRole Identifier="SR_REF_ADML_SST_Support_CACEIS" DisplayName_L1="ADML_SST_Support_CACEIS" Description_L1="Support utilisateurs CACEIS" Category="ADML_Partenaires" EntityType="Person" ApprovalWorkflowType="Two" Policy="Default"/>
	<SingleRole Identifier="SR_REF_ADML_SST_Support_L2RS_CACEIS" DisplayName_L1="ADML_SST_Support_L2RS_CACEIS" Description_L1="Support utilisateurs CACEIS" Category="ADML_Partenaires" EntityType="Person" ApprovalWorkflowType="Two" Policy="Default"/>
	<SingleRole Identifier="SR_REF_ADML_SST_Support_LBS_CACEIS" DisplayName_L1="ADML_SST_Support_LBS_CACEIS" Description_L1="Support utilisateurs CACEIS" Category="ADML_Partenaires" EntityType="Person" ApprovalWorkflowType="Two" Policy="Default"/>
	<SingleRole Identifier="SR_REF_ADML_SST_Support_SD_CACEIS" DisplayName_L1="ADML_SST_Support_SD_CACEIS" Description_L1="Support utilisateurs CACEIS" Category="ADML_Partenaires" EntityType="Person" ApprovalWorkflowType="Two" Policy="Default"/>
	<SingleRole Identifier="SR_REF_ADML_PART_Technicien_matriçage" DisplayName_L1="ADML_PART_Technicien_matriçage" Description_L1="Technicien pour le matriçage des postes clients" Category="ADML_Partenaires" EntityType="Person" ApprovalWorkflowType="Two" Policy="Default"/>
	<SingleRole Identifier="SR_REF_ADML_PART_Technicien_proximité" DisplayName_L1="ADML_PART_Technicien_proximité" Description_L1="Techniciens boutique (proximité) clients" Category="ADML_Partenaires" EntityType="Person" ApprovalWorkflowType="Two" Policy="Default"/>
	<SingleRole Identifier="SR_REF_ADML_TPH_Telephonie_CACEIS" DisplayName_L1="ADML_TPH_Telephonie_CACEIS" Description_L1="Téléphonie CACEIS" Category="ADML_Partenaires" EntityType="Person" ApprovalWorkflowType="Two" Policy="Default"/>
	<SingleRole Identifier="SR_REF_ADML_TPH_Telephonie_L2RS_CACEIS" DisplayName_L1="ADML_TPH_Telephonie_L2RS_CACEIS" Description_L1="Téléphonie CACEIS" Category="ADML_Partenaires" EntityType="Person" ApprovalWorkflowType="Two" Policy="Default"/>
	<SingleRole Identifier="SR_REF_ADML_TPH_Telephonie_LBS_CACEIS" DisplayName_L1="ADML_TPH_Telephonie_LBS_CACEIS" Description_L1="Téléphonie CACEIS" Category="ADML_Partenaires" EntityType="Person" ApprovalWorkflowType="Two" Policy="Default"/>
	<SingleRole Identifier="SR_REF_ADML_TPH_Telephonie_SD_CACEIS" DisplayName_L1="ADML_TPH_Telephonie_SD_CACEIS" Description_L1="Téléphonie CACEIS" Category="ADML_Partenaires" EntityType="Person" ApprovalWorkflowType="Two" Policy="Default"/>
	<!-- Fin roles ADML PARTENAIRES -->
	
	
	<!-- Roles ADML PRODGRP -->
	<SingleRole Identifier="SR_REF_ADML_PRODGRP_Helpline_N1" DisplayName_L1="ADML_PRODGRP_Helpline_N1" Description_L1="Helpline support niveau 1 CAGIP" Category="ADML_Prodgrp" EntityType="Person" ApprovalWorkflowType="Two" Policy="Default"/>
	<SingleRole Identifier="SR_REF_ADML_PRODGRP_Helpline_N2" DisplayName_L1="ADML_PRODGRP_Helpline_N2" Description_L1="Helpline support niveau 2 CAGIP" Category="ADML_Prodgrp" EntityType="Person" ApprovalWorkflowType="Two" Policy="Default"/>
	<SingleRole Identifier="SR_REF_ADML_IPT_LPM" DisplayName_L1="ADML_IPT_LPM" Description_L1="LPM" Category="ADML_Prodgrp" EntityType="Person" ApprovalWorkflowType="Two" Policy="Default"/>
	<SingleRole Identifier="SR_REF_ADML_IPT_Packageurs" DisplayName_L1="ADML_IPT_Packageurs" Description_L1="Projets Homologation et Packaging des solutions" Category="ADML_Prodgrp" EntityType="Person" ApprovalWorkflowType="Two" Policy="Default"/>
	<SingleRole Identifier="SR_REF_ADML_IPT_Projet_Processus_Suivi" DisplayName_L1="ADML_IPT_Projet_Processus_Suivi" Description_L1="Projet Processus et Suivi" Category="ADML_Prodgrp" EntityType="Person" ApprovalWorkflowType="Two" Policy="Default"/>
	<SingleRole Identifier="SR_REF_ADML_IPT_Support_Integration_Master" DisplayName_L1="ADML_IPT_Support_Integration_Master" Description_L1="Support Intégration Master" Category="ADML_Prodgrp" EntityType="Person" ApprovalWorkflowType="Two" Policy="Default"/>
	<SingleRole Identifier="SR_REF_ADML_IPT_Support_Integration_Master_PRU" DisplayName_L1="ADML_IPT_Support_Integration_Master_PRU" Description_L1="Support Intégration Master PRU" Category="ADML_Prodgrp" EntityType="Person" ApprovalWorkflowType="Two" Policy="Default"/>
	<SingleRole Identifier="SR_REF_ADML_IPT_Teledistribution" DisplayName_L1="ADML_IPT_Teledistribution" Description_L1="Télédistribution Ingénierie" Category="ADML_Prodgrp" EntityType="Person" ApprovalWorkflowType="Two" Policy="Default"/>
	<!-- <SingleRole Identifier="SR_REF_ADML_PRODGRP_Local_Machine" DisplayName_L1="ADML_PRODGRP_Local_Machine" Description_L1="Compte pour être administrateur local d'un PDT unique sur le domaine PRODGRP" Category="ADML_Prodgrp" EntityType="Person" ApprovalWorkflowType="Two" Policy="Default"/> -->
	<SingleRole Identifier="SR_REF_ADML_MCA_Support_Premium" DisplayName_L1="ADML_MCA_Support_Premium" Description_L1="Support Premium" Category="ADML_Prodgrp" EntityType="Person" ApprovalWorkflowType="Two" Policy="Default"/>
	<SingleRole Identifier="SR_REF_ADML_SDP_Habilitations" DisplayName_L1="ADML_SDP_Habilitations" Description_L1="Pôle Habilitation" Category="ADML_Prodgrp" EntityType="Person" ApprovalWorkflowType="Two" Policy="Default"/>
	<SingleRole Identifier="SR_REF_ADML_SDP_Outils" DisplayName_L1="ADML_SDP_Outils" Description_L1="Pôle Outils" Category="ADML_Prodgrp" EntityType="Person" ApprovalWorkflowType="Two" Policy="Default"/>
	<SingleRole Identifier="SR_REF_ADML_SDP_Securite_PDT" DisplayName_L1="ADML_SDP_Securite_PDT" Description_L1="Pôle Sécurité Poste de Travail" Category="ADML_Prodgrp" EntityType="Person" ApprovalWorkflowType="Two" Policy="Default"/>
	<SingleRole Identifier="SR_REF_ADML_SDP_VDI" DisplayName_L1="ADML_SDP_VDI" Description_L1="Pôle VDI" Category="ADML_Prodgrp" EntityType="Person" ApprovalWorkflowType="Two" Policy="Default"/>
	<SingleRole Identifier="SR_REF_ADML_SST_Matricage_Postes" DisplayName_L1="ADML_SST_Matricage_Postes" Description_L1="Matriçage des postes - donne accès à des sources applicatives (installation de logiciels)" Category="ADML_Prodgrp" EntityType="Person" ApprovalWorkflowType="Two" Policy="Default"/>
	<SingleRole Identifier="SR_REF_ADML_TCO_Mobilite" DisplayName_L1="ADML_TCO_Mobilite" Description_L1="Mobilité Intégration " Category="ADML_Prodgrp" EntityType="Person" ApprovalWorkflowType="Two" Policy="Default"/>
	<SingleRole Identifier="SR_REF_ADML_PRODGRP_Technicien_matriçage" DisplayName_L1="ADML_PRODGRP_Technicien_matriçage" Description_L1="Technicien pour le matriçage des postes CAGIP " Category="ADML_Prodgrp" EntityType="Person" ApprovalWorkflowType="Two" Policy="Default"/>
	<SingleRole Identifier="SR_REF_ADML_PRODGRP_Technicien_proximité" DisplayName_L1="ADML_PRODGRP_Technicien_proximité" Description_L1="Techniciens boutique (proximité) CAGIP" Category="ADML_Prodgrp" EntityType="Person" ApprovalWorkflowType="Two" Policy="Default"/>
	<SingleRole Identifier="SR_REF_ADML_TPH_Exploitation_TOIP" DisplayName_L1="ADML_TPH_Exploitation_TOIP" Description_L1="Exploitation de la téléphonie Otelis" Category="ADML_Prodgrp" EntityType="Person" ApprovalWorkflowType="Two" Policy="Default"/>
	<!-- Fin roles ADML PRODGRP -->	
	
	<!-- Permissions ADML PARTENAIRES -->
	<ResourceType TransmittedStateValidityPeriod="180" MaximumDelete="0" MaximumDeletePercent="5" MaximumInsert="0" MaximumInsertPercent="5" MaximumUpdate="0" MaximumUpdatePercent="5" Identifier="AD_Partenaires_Entry_AdministrationUser" BlockProvisioning="false" >
	
	    <NavigationRule Property="memberOf" Resource="CN=G_PART_DDO_SAU_RUN_PTE_DXC_L2RS_ADML,OU=Groupes,DC=partenaires,DC=local" SingleRole="SR_REF_ADML_BAO_Backoffice_L2RS_CACEIS" TimeOffsetReference="Around" TimeOffsetBeforeReference="-20160" TimeOffsetAfterReference="44640"/>
	    <NavigationRule Property="memberOf" Resource="CN=G_PART_ADML_GLOBAL_PROXY,OU=Autres,OU=Groupes,OU=Administration,DC=partenaires,DC=local" SingleRole="SR_REF_ADML_BAO_Backoffice_L2RS_CACEIS" TimeOffsetReference="Around" TimeOffsetBeforeReference="-20160" TimeOffsetAfterReference="44640"/>
	    <NavigationRule Property="memberOf" Resource="CN=G_PART_DDO_SAU_RUN_PTE_DXC_LBS_ADML,OU=Groupes,DC=partenaires,DC=local" SingleRole="SR_REF_ADML_BAO_Backoffice_LBS_CACEIS" TimeOffsetReference="Around" TimeOffsetBeforeReference="-20160" TimeOffsetAfterReference="44640"/>
	    <NavigationRule Property="memberOf" Resource="CN=G_PART_ADML_GLOBAL_PROXY,OU=Autres,OU=Groupes,OU=Administration,DC=partenaires,DC=local" SingleRole="SR_REF_ADML_BAO_Backoffice_LBS_CACEIS" TimeOffsetReference="Around" TimeOffsetBeforeReference="-20160" TimeOffsetAfterReference="44640"/>
	    <NavigationRule Property="memberOf" Resource="CN=G_PART_DDO_SAU_RUN_PTE_DXC_SD_ADML,OU=Groupes,DC=partenaires,DC=local" SingleRole="SR_REF_ADML_BAO_Backoffice_SD_CACEIS" TimeOffsetReference="Around" TimeOffsetBeforeReference="-20160" TimeOffsetAfterReference="44640"/>
	    <NavigationRule Property="memberOf" Resource="CN=G_PART_ADML_GLOBAL_PROXY,OU=Autres,OU=Groupes,OU=Administration,DC=partenaires,DC=local" SingleRole="SR_REF_ADML_BAO_Backoffice_SD_CACEIS" TimeOffsetReference="Around" TimeOffsetBeforeReference="-20160" TimeOffsetAfterReference="44640"/>
	    <NavigationRule Property="memberOf" Resource="CN=G_PART_ADML_GLOBAL_PROXY,OU=Autres,OU=Groupes,OU=Administration,DC=partenaires,DC=local" SingleRole="SR_REF_ADML_PART_C2S_Mobilité_fédérateur_Luxembourg" TimeOffsetReference="Around" TimeOffsetBeforeReference="-20160" TimeOffsetAfterReference="44640"/>
	    <NavigationRule Property="memberOf" Resource="CN=G_PART_HELPLINE_N1_ADML,OU=Groupes,DC=partenaires,DC=local" SingleRole="SR_REF_ADML_PART_Helpline_N1" TimeOffsetReference="Around" TimeOffsetBeforeReference="-20160" TimeOffsetAfterReference="44640"/>
	    <NavigationRule Property="memberOf" Resource="CN=G_PART_ADML_GLOBAL_PROXY,OU=Autres,OU=Groupes,OU=Administration,DC=partenaires,DC=local" SingleRole="SR_REF_ADML_PART_Helpline_N1" TimeOffsetReference="Around" TimeOffsetBeforeReference="-20160" TimeOffsetAfterReference="44640"/>
	    <NavigationRule Property="memberOf" Resource="CN=G_PART_VDI_POOL_HELPD,OU=VDI,OU=Groupes,DC=partenaires,DC=local" SingleRole="SR_REF_ADML_PART_Helpline_N1" TimeOffsetReference="Around" TimeOffsetBeforeReference="-20160" TimeOffsetAfterReference="44640"/>
	    <NavigationRule Property="memberOf" Resource="CN=G_PART_HELPLINE_N2_ADML,OU=Groupes,DC=partenaires,DC=local" SingleRole="SR_REF_ADML_PART_Helpline_N2" TimeOffsetReference="Around" TimeOffsetBeforeReference="-20160" TimeOffsetAfterReference="44640"/>
	    <NavigationRule Property="memberOf" Resource="CN=G_PART_ADML_GLOBAL_PROXY,OU=Autres,OU=Groupes,OU=Administration,DC=partenaires,DC=local" SingleRole="SR_REF_ADML_PART_Helpline_N2" TimeOffsetReference="Around" TimeOffsetBeforeReference="-20160" TimeOffsetAfterReference="44640"/>
	    <NavigationRule Property="memberOf" Resource="CN=G_PART_VDI_POOL_HELPD,OU=VDI,OU=Groupes,DC=partenaires,DC=local" SingleRole="SR_REF_ADML_PART_Helpline_N2" TimeOffsetReference="Around" TimeOffsetBeforeReference="-20160" TimeOffsetAfterReference="44640"/>
	    <NavigationRule Property="memberOf" Resource="CN=G_PART_DDO_SAU_TDP_IPT_CAP_ADML,OU=CAPGEMINI,OU=Groupes,DC=partenaires,DC=local" SingleRole="SR_REF_ADML_IPT_Homologateur_CAPGEMINI" TimeOffsetReference="Around" TimeOffsetBeforeReference="-20160" TimeOffsetAfterReference="44640"/>
	    <NavigationRule Property="memberOf" Resource="CN=G_PART_ADML_GLOBAL_PROXY,OU=Autres,OU=Groupes,OU=Administration,DC=partenaires,DC=local" SingleRole="SR_REF_ADML_IPT_Homologateur_CAPGEMINI" TimeOffsetReference="Around" TimeOffsetBeforeReference="-20160" TimeOffsetAfterReference="44640"/>
	    <NavigationRule Property="memberOf" Resource="CN=G_PART_DDO_SAU_RUN_PTE_SCC_ADML,OU=Groupes,DC=partenaires,DC=local" SingleRole="SR_REF_ADML_PTE_Production_Technique_CACF" TimeOffsetReference="Around" TimeOffsetBeforeReference="-20160" TimeOffsetAfterReference="44640"/>
	    <NavigationRule Property="memberOf" Resource="CN=G_PART_ADML_GLOBAL_PROXY,OU=Autres,OU=Groupes,OU=Administration,DC=partenaires,DC=local" SingleRole="SR_REF_ADML_PTE_Production_Technique_CACF" TimeOffsetReference="Around" TimeOffsetBeforeReference="-20160" TimeOffsetAfterReference="44640"/>
	    <NavigationRule Property="memberOf" Resource="CN=G_PART_DDO_SAU_RUN_PTE_DXC_L2RS_ADML,OU=Groupes,DC=partenaires,DC=local" SingleRole="SR_REF_ADML_PTE_Production_Technique_L2RS_CACEIS" TimeOffsetReference="Around" TimeOffsetBeforeReference="-20160" TimeOffsetAfterReference="44640"/>
	    <NavigationRule Property="memberOf" Resource="CN=G_PART_ADML_GLOBAL_PROXY,OU=Autres,OU=Groupes,OU=Administration,DC=partenaires,DC=local" SingleRole="SR_REF_ADML_PTE_Production_Technique_L2RS_CACEIS" TimeOffsetReference="Around" TimeOffsetBeforeReference="-20160" TimeOffsetAfterReference="44640"/>
	    <NavigationRule Property="memberOf" Resource="CN=G_PART_DDO_SAU_RUN_PTE_DXC_LBS_ADML,OU=Groupes,DC=partenaires,DC=local" SingleRole="SR_REF_ADML_PTE_Production_Technique_LBS_CACEIS" TimeOffsetReference="Around" TimeOffsetBeforeReference="-20160" TimeOffsetAfterReference="44640"/>
	    <NavigationRule Property="memberOf" Resource="CN=G_PART_ADML_GLOBAL_PROXY,OU=Autres,OU=Groupes,OU=Administration,DC=partenaires,DC=local" SingleRole="SR_REF_ADML_PTE_Production_Technique_LBS_CACEIS" TimeOffsetReference="Around" TimeOffsetBeforeReference="-20160" TimeOffsetAfterReference="44640"/>
	    <NavigationRule Property="memberOf" Resource="CN=G_PART_DDO_SAU_TDP_IPT_CAP_ADML,OU=CAPGEMINI,OU=Groupes,DC=partenaires,DC=local" SingleRole="SR_REF_ADML_PTE_Production_Technique_Partenaires" TimeOffsetReference="Around" TimeOffsetBeforeReference="-20160" TimeOffsetAfterReference="44640"/>
	    <NavigationRule Property="memberOf" Resource="CN=G_PART_ADML_GLOBAL_PROXY,OU=Autres,OU=Groupes,OU=Administration,DC=partenaires,DC=local" SingleRole="SR_REF_ADML_PTE_Production_Technique_Partenaires" TimeOffsetReference="Around" TimeOffsetBeforeReference="-20160" TimeOffsetAfterReference="44640"/>
	    <NavigationRule Property="memberOf" Resource="CN=G_PART_DDO_SAU_RUN_PTE_DXC_SD_ADML,OU=Groupes,DC=partenaires,DC=local" SingleRole="SR_REF_ADML_PTE_Production_Technique_SD_CACEIS" TimeOffsetReference="Around" TimeOffsetBeforeReference="-20160" TimeOffsetAfterReference="44640"/>
	    <NavigationRule Property="memberOf" Resource="CN=G_PART_ADML_GLOBAL_PROXY,OU=Autres,OU=Groupes,OU=Administration,DC=partenaires,DC=local" SingleRole="SR_REF_ADML_PTE_Production_Technique_SD_CACEIS" TimeOffsetReference="Around" TimeOffsetBeforeReference="-20160" TimeOffsetAfterReference="44640"/>
	    <NavigationRule Property="memberOf" Resource="CN=G_PART_DDO_SAU_RUN_PTE_SPIE_ADML,OU=Groupes,DC=partenaires,DC=local" SingleRole="SR_REF_ADML_PTE_Production_Technique_CAPS" TimeOffsetReference="Around" TimeOffsetBeforeReference="-20160" TimeOffsetAfterReference="44640"/>
	    <NavigationRule Property="memberOf" Resource="CN=G_PART_ADML_GLOBAL_PROXY,OU=Autres,OU=Groupes,OU=Administration,DC=partenaires,DC=local" SingleRole="SR_REF_ADML_PTE_Production_Technique_CAPS" TimeOffsetReference="Around" TimeOffsetBeforeReference="-20160" TimeOffsetAfterReference="44640"/>
	    <NavigationRule Property="memberOf" Resource="CN=G_PART_DDO_SAU_TDP_IPT_TLDEXPLOIT_CAP_ADML,OU=CAPGEMINI,OU=Groupes,DC=partenaires,DC=local" SingleRole="SR_REF_ADML_PTE_Télédistribution_Exploitation_Partenaires" TimeOffsetReference="Around" TimeOffsetBeforeReference="-20160" TimeOffsetAfterReference="44640"/>
	    <NavigationRule Property="memberOf" Resource="CN=G_PART_ADML_GLOBAL_PROXY,OU=Autres,OU=Groupes,OU=Administration,DC=partenaires,DC=local" SingleRole="SR_REF_ADML_PTE_Télédistribution_Exploitation_Partenaires" TimeOffsetReference="Around" TimeOffsetBeforeReference="-20160" TimeOffsetAfterReference="44640"/>
	    <NavigationRule Property="memberOf" Resource="CN=G_PART_DDO_SAU_RUN_PTE_DXC_LBS_ADML,OU=Groupes,DC=partenaires,DC=local" SingleRole="SR_REF_ADML_SST_Support_CACEIS" TimeOffsetReference="Around" TimeOffsetBeforeReference="-20160" TimeOffsetAfterReference="44640"/>
	    <NavigationRule Property="memberOf" Resource="CN=G_PART_DDO_SAU_RUN_PTE_DXC_L2RS_ADML,OU=Groupes,DC=partenaires,DC=local" SingleRole="SR_REF_ADML_SST_Support_CACEIS" TimeOffsetReference="Around" TimeOffsetBeforeReference="-20160" TimeOffsetAfterReference="44640"/>
	    <NavigationRule Property="memberOf" Resource="CN=G_PART_DDO_SAU_RUN_PTE_DXC_SD_ADML,OU=Groupes,DC=partenaires,DC=local" SingleRole="SR_REF_ADML_SST_Support_CACEIS" TimeOffsetReference="Around" TimeOffsetBeforeReference="-20160" TimeOffsetAfterReference="44640"/>
	    <NavigationRule Property="memberOf" Resource="CN=G_PART_ADML_GLOBAL_PROXY,OU=Autres,OU=Groupes,OU=Administration,DC=partenaires,DC=local" SingleRole="SR_REF_ADML_SST_Support_CACEIS" TimeOffsetReference="Around" TimeOffsetBeforeReference="-20160" TimeOffsetAfterReference="44640"/>
	    <NavigationRule Property="memberOf" Resource="CN=G_PART_DDO_SAU_RUN_PTE_DXC_L2RS_ADML,OU=Groupes,DC=partenaires,DC=local" SingleRole="SR_REF_ADML_SST_Support_L2RS_CACEIS" TimeOffsetReference="Around" TimeOffsetBeforeReference="-20160" TimeOffsetAfterReference="44640"/>
	    <NavigationRule Property="memberOf" Resource="CN=G_PART_ADML_GLOBAL_PROXY,OU=Autres,OU=Groupes,OU=Administration,DC=partenaires,DC=local" SingleRole="SR_REF_ADML_SST_Support_L2RS_CACEIS" TimeOffsetReference="Around" TimeOffsetBeforeReference="-20160" TimeOffsetAfterReference="44640"/>
	    <NavigationRule Property="memberOf" Resource="CN=G_PART_DDO_SAU_RUN_PTE_DXC_LBS_ADML,OU=Groupes,DC=partenaires,DC=local" SingleRole="SR_REF_ADML_SST_Support_LBS_CACEIS" TimeOffsetReference="Around" TimeOffsetBeforeReference="-20160" TimeOffsetAfterReference="44640"/>
	    <NavigationRule Property="memberOf" Resource="CN=G_PART_ADML_GLOBAL_PROXY,OU=Autres,OU=Groupes,OU=Administration,DC=partenaires,DC=local" SingleRole="SR_REF_ADML_SST_Support_LBS_CACEIS" TimeOffsetReference="Around" TimeOffsetBeforeReference="-20160" TimeOffsetAfterReference="44640"/>
	    <NavigationRule Property="memberOf" Resource="CN=G_PART_DDO_SAU_RUN_PTE_DXC_SD_ADML,OU=Groupes,DC=partenaires,DC=local" SingleRole="SR_REF_ADML_SST_Support_SD_CACEIS" TimeOffsetReference="Around" TimeOffsetBeforeReference="-20160" TimeOffsetAfterReference="44640"/>
	    <NavigationRule Property="memberOf" Resource="CN=G_PART_ADML_GLOBAL_PROXY,OU=Autres,OU=Groupes,OU=Administration,DC=partenaires,DC=local" SingleRole="SR_REF_ADML_SST_Support_SD_CACEIS" TimeOffsetReference="Around" TimeOffsetBeforeReference="-20160" TimeOffsetAfterReference="44640"/>
	    <NavigationRule Property="memberOf" Resource="CN=G_PART_TECHN_MATRICAGE_ADML,OU=Groupes,DC=partenaires,DC=local" SingleRole="SR_REF_ADML_PART_Technicien_matriçage" TimeOffsetReference="Around" TimeOffsetBeforeReference="-20160" TimeOffsetAfterReference="44640"/>
	    <NavigationRule Property="memberOf" Resource="CN=G_PART_ADML_GLOBAL_PROXY,OU=Autres,OU=Groupes,OU=Administration,DC=partenaires,DC=local" SingleRole="SR_REF_ADML_PART_Technicien_matriçage" TimeOffsetReference="Around" TimeOffsetBeforeReference="-20160" TimeOffsetAfterReference="44640"/>
	    <NavigationRule Property="memberOf" Resource="CN=G_PART_VDI_POOL_HELPD,OU=VDI,OU=Groupes,DC=partenaires,DC=local" SingleRole="SR_REF_ADML_PART_Technicien_matriçage" TimeOffsetReference="Around" TimeOffsetBeforeReference="-20160" TimeOffsetAfterReference="44640"/>
	    <NavigationRule Property="memberOf" Resource="CN=G_PART_TECHN_PROXIMITE_ADML,OU=Groupes,DC=partenaires,DC=local" SingleRole="SR_REF_ADML_PART_Technicien_proximité" TimeOffsetReference="Around" TimeOffsetBeforeReference="-20160" TimeOffsetAfterReference="44640"/>
	    <NavigationRule Property="memberOf" Resource="CN=G_PART_ADML_GLOBAL_PROXY,OU=Autres,OU=Groupes,OU=Administration,DC=partenaires,DC=local" SingleRole="SR_REF_ADML_PART_Technicien_proximité" TimeOffsetReference="Around" TimeOffsetBeforeReference="-20160" TimeOffsetAfterReference="44640"/>
	    <NavigationRule Property="memberOf" Resource="CN=G_PART_VDI_POOL_HELPD,OU=VDI,OU=Groupes,DC=partenaires,DC=local" SingleRole="SR_REF_ADML_PART_Technicien_proximité" TimeOffsetReference="Around" TimeOffsetBeforeReference="-20160" TimeOffsetAfterReference="44640"/>
	    <NavigationRule Property="memberOf" Resource="CN=G_PART_DDO_SAU_RUN_PTE_DXC_LBS_ADML,OU=Groupes,DC=partenaires,DC=local" SingleRole="SR_REF_ADML_TPH_Telephonie_CACEIS" TimeOffsetReference="Around" TimeOffsetBeforeReference="-20160" TimeOffsetAfterReference="44640"/>
	    <NavigationRule Property="memberOf" Resource="CN=G_PART_DDO_SAU_RUN_PTE_DXC_L2RS_ADML,OU=Groupes,DC=partenaires,DC=local" SingleRole="SR_REF_ADML_TPH_Telephonie_CACEIS" TimeOffsetReference="Around" TimeOffsetBeforeReference="-20160" TimeOffsetAfterReference="44640"/>
	    <NavigationRule Property="memberOf" Resource="CN=G_PART_DDO_SAU_RUN_PTE_DXC_SD_ADML,OU=Groupes,DC=partenaires,DC=local" SingleRole="SR_REF_ADML_TPH_Telephonie_CACEIS" TimeOffsetReference="Around" TimeOffsetBeforeReference="-20160" TimeOffsetAfterReference="44640"/>
	    <NavigationRule Property="memberOf" Resource="CN=G_PART_ADML_GLOBAL_PROXY,OU=Autres,OU=Groupes,OU=Administration,DC=partenaires,DC=local" SingleRole="SR_REF_ADML_TPH_Telephonie_CACEIS" TimeOffsetReference="Around" TimeOffsetBeforeReference="-20160" TimeOffsetAfterReference="44640"/>
	    <NavigationRule Property="memberOf" Resource="CN=G_PART_DDO_SAU_RUN_PTE_DXC_L2RS_ADML,OU=Groupes,DC=partenaires,DC=local" SingleRole="SR_REF_ADML_TPH_Telephonie_L2RS_CACEIS" TimeOffsetReference="Around" TimeOffsetBeforeReference="-20160" TimeOffsetAfterReference="44640"/>
	    <NavigationRule Property="memberOf" Resource="CN=G_PART_ADML_GLOBAL_PROXY,OU=Autres,OU=Groupes,OU=Administration,DC=partenaires,DC=local" SingleRole="SR_REF_ADML_TPH_Telephonie_L2RS_CACEIS" TimeOffsetReference="Around" TimeOffsetBeforeReference="-20160" TimeOffsetAfterReference="44640"/>
	    <NavigationRule Property="memberOf" Resource="CN=G_PART_DDO_SAU_RUN_PTE_DXC_LBS_ADML,OU=Groupes,DC=partenaires,DC=local" SingleRole="SR_REF_ADML_TPH_Telephonie_LBS_CACEIS" TimeOffsetReference="Around" TimeOffsetBeforeReference="-20160" TimeOffsetAfterReference="44640"/>
	    <NavigationRule Property="memberOf" Resource="CN=G_PART_ADML_GLOBAL_PROXY,OU=Autres,OU=Groupes,OU=Administration,DC=partenaires,DC=local" SingleRole="SR_REF_ADML_TPH_Telephonie_LBS_CACEIS" TimeOffsetReference="Around" TimeOffsetBeforeReference="-20160" TimeOffsetAfterReference="44640"/>
	    <NavigationRule Property="memberOf" Resource="CN=G_PART_DDO_SAU_RUN_PTE_DXC_SD_ADML,OU=Groupes,DC=partenaires,DC=local" SingleRole="SR_REF_ADML_TPH_Telephonie_SD_CACEIS" TimeOffsetReference="Around" TimeOffsetBeforeReference="-20160" TimeOffsetAfterReference="44640"/>
	    <NavigationRule Property="memberOf" Resource="CN=G_PART_ADML_GLOBAL_PROXY,OU=Autres,OU=Groupes,OU=Administration,DC=partenaires,DC=local" SingleRole="SR_REF_ADML_TPH_Telephonie_SD_CACEIS" TimeOffsetReference="Around" TimeOffsetBeforeReference="-20160" TimeOffsetAfterReference="44640"/>
		
		<!-- 26/10/23 Demande de creation de profil metiers contenant des permissions PARTENAIRES ADML : CAGIPSCTASK2321211 -->
		<NavigationRule Property="memberOf" SingleRole="S307800_SSD_M_Helpdesk_LCL" Resource="CN=G_PART_HELPLINE_N1_ADML,OU=Groupes,DC=partenaires,DC=local" TimeOffsetReference="Around" TimeOffsetBeforeReference="-20160" TimeOffsetAfterReference="44640"/>
		<NavigationRule Property="memberOf" SingleRole="S307800_SSD_M_Helpdesk_LCL" Resource="CN=G_PART_ADML_GLOBAL_PROXY,OU=Autres,OU=Groupes,OU=Administration,DC=partenaires,DC=local" TimeOffsetReference="Around" TimeOffsetBeforeReference="-20160" TimeOffsetAfterReference="44640"/>
		<NavigationRule Property="memberOf" SingleRole="S307800_SSD_M_Helpdesk_LCL" Resource="CN=G_PART_VDI_POOL_HELPD,OU=VDI,OU=Groupes,DC=partenaires,DC=local" TimeOffsetReference="Around" TimeOffsetBeforeReference="-20160" TimeOffsetAfterReference="44640"/>
		
		<!-- 01/02/24 Demande d'evolution/creation de profil metiers contenant des permissions PARTENAIRES : CAGIPSCTASK2939750 -->
		<NavigationRule Property="memberOf" Resource="CN=G_PART_CAGIP_BPC_PWS_N2_ADML,OU=Applicatifs,OU=Groupes,DC=partenaires,DC=local" SingleRole="RoleNasPWS" />
		
		<!-- 18/01/24 Demande d'evolution/creation de profil metiers contenant des permissions PARTENAIRES : CAGIPSCTASK2884628 -->
		<NavigationRule Property="memberOf" Resource="CN=G_PART_PDTADML_B4Bank,OU=Groupes,DC=partenaires,DC=local" SingleRole="RoleNasPWS" />
		<NavigationRule Property="memberOf" Resource="CN=G_PART_PDTADML_LCL,OU=Groupes,DC=partenaires,DC=local" SingleRole="RoleNasPWS" />
		<NavigationRule Property="memberOf" Resource="CN=G_PART_PMAD_B4Bank,OU=Groupes,DC=partenaires,DC=local" SingleRole="RoleNasPWS" />
		<NavigationRule Property="memberOf" Resource="CN=G_PART_PMAD_LCL,OU=Groupes,DC=partenaires,DC=local" SingleRole="RoleNasPWS" />
		<NavigationRule Property="memberOf" Resource="CN=G_PART_VDI_POOL_HELPD,OU=VDI,OU=Groupes,DC=partenaires,DC=local" SingleRole="RoleNasPWS" />
		<NavigationRule Property="memberOf" Resource="CN=G_PART_ADML_GLOBAL_PROXY,OU=Autres,OU=Groupes,OU=Administration,DC=partenaires,DC=local" SingleRole="RoleNasPWS" />

		<!-- 14/03/24 Demande d'evolution/creation de profil metiers contenant des permissions PARTENAIRES : CAGIPSCTASK3086693 -->
		<NavigationRule Property="memberOf" Resource="CN=G_PART_HELPLINE_N1_ADML,OU=Groupes,DC=partenaires,DC=local" SingleRole="SR_G_ZOE_SSD_M_Helpdesk_CASA_CAIMMO_KLX" />
		<NavigationRule Property="memberOf" Resource="CN=G_PART_ADML_GLOBAL_PROXY,OU=Autres,OU=Groupes,OU=Administration,DC=partenaires,DC=local" SingleRole="SR_G_ZOE_SSD_M_Helpdesk_CASA_CAIMMO_KLX" />
		<NavigationRule Property="memberOf" Resource="CN=G_PART_VDI_POOL_HELPD,OU=VDI,OU=Groupes,DC=partenaires,DC=local" SingleRole="SR_G_ZOE_SSD_M_Helpdesk_CASA_CAIMMO_KLX" />
		
		<!-- 24/10/24 Demande d'evolution/creation de profil metiers contenant des permissions PARTENAIRES : CAGIPSCTASK3725548 -->
		<NavigationRule Property="memberOf" Resource="CN=G_PART_DDO_SAU_TDP_IPT_CAP_ADML,OU=CAPGEMINI,OU=Groupes,DC=partenaires,DC=local" SingleRole="SR_DCS_M_Support_PDT_Corporate_RUN" />
		<NavigationRule Property="memberOf" Resource="CN=G_PART_ADML_GLOBAL_PROXY,OU=Autres,OU=Groupes,OU=Administration,DC=partenaires,DC=local" SingleRole="SR_DCS_M_Support_PDT_Corporate_RUN" />

	</ResourceType>
	
	
	
	<ResourceType TransmittedStateValidityPeriod="180" MaximumDelete="0" MaximumDeletePercent="5" MaximumInsert="0" MaximumInsertPercent="5" MaximumUpdate="0" MaximumUpdatePercent="5" Identifier="AD_ProdGrp_Entry_AdministrationUser" BlockProvisioning="false" >
	
	    <NavigationRule Property="memberOf" Resource="CN=G_PRODGRP_ADML_GLOBAL_PROXY,OU=INTERNET,OU=Applicatifs,OU=OU_Groupes,DC=prodgrp,DC=local" SingleRole="SR_REF_ADML_IPT_LPM" TimeOffsetReference="Around" TimeOffsetBeforeReference="-20160" TimeOffsetAfterReference="44640"/>
		<NavigationRule Property="memberOf" Resource="CN=G_PRODGRP_LPM_ACCENTURE_ADML,OU=Partenaires-SILCA,OU=Organisations,OU=OU_Groupes,DC=prodgrp,DC=local" SingleRole="SR_REF_ADML_IPT_LPM" TimeOffsetReference="Around" TimeOffsetBeforeReference="-20160" TimeOffsetAfterReference="44640"/>
		<NavigationRule Property="memberOf" Resource="CN=G_PRODGRP_ADML_GLOBAL_PROXY,OU=INTERNET,OU=Applicatifs,OU=OU_Groupes,DC=prodgrp,DC=local" SingleRole="SR_REF_ADML_IPT_Packageurs" TimeOffsetReference="Around" TimeOffsetBeforeReference="-20160" TimeOffsetAfterReference="44640"/>
		<NavigationRule Property="memberOf" Resource="CN=G_PRODGRP_DDO_SAU_BUI_IPT_Packageurs_ADML,OU=Applicatifs,OU=OU_Groupes,DC=prodgrp,DC=local" SingleRole="SR_REF_ADML_IPT_Packageurs" TimeOffsetReference="Around" TimeOffsetBeforeReference="-20160" TimeOffsetAfterReference="44640"/>
		<NavigationRule Property="memberOf" Resource="CN=G_PRODGRP_ADML_GLOBAL_PROXY,OU=INTERNET,OU=Applicatifs,OU=OU_Groupes,DC=prodgrp,DC=local" SingleRole="SR_REF_ADML_IPT_Projet_Processus_Suivi" TimeOffsetReference="Around" TimeOffsetBeforeReference="-20160" TimeOffsetAfterReference="44640"/>
		<NavigationRule Property="memberOf" Resource="CN=G_PRODGRP_DDO_SAU_BUI_PPS_ADML,OU=Applicatifs,OU=OU_Groupes,DC=prodgrp,DC=local" SingleRole="SR_REF_ADML_IPT_Projet_Processus_Suivi" TimeOffsetReference="Around" TimeOffsetBeforeReference="-20160" TimeOffsetAfterReference="44640"/>
		<NavigationRule Property="memberOf" Resource="CN=G_PRODGRP_ADML_GLOBAL_PROXY,OU=INTERNET,OU=Applicatifs,OU=OU_Groupes,DC=prodgrp,DC=local" SingleRole="SR_REF_ADML_IPT_Support_Integration_Master" TimeOffsetReference="Around" TimeOffsetBeforeReference="-20160" TimeOffsetAfterReference="44640"/>
		<NavigationRule Property="memberOf" Resource="CN=G_PRODGRP_DDO_SAU_TDP_IPT_SIM_ADML,OU=POLES,OU=EQUIPES,OU=Organisations,OU=OU_Groupes,DC=prodgrp,DC=local" SingleRole="SR_REF_ADML_IPT_Support_Integration_Master" TimeOffsetReference="Around" TimeOffsetBeforeReference="-20160" TimeOffsetAfterReference="44640"/>
		<NavigationRule Property="memberOf" Resource="CN=G_PRODGRP_ADML_GLOBAL_PROXY,OU=INTERNET,OU=Applicatifs,OU=OU_Groupes,DC=prodgrp,DC=local" SingleRole="SR_REF_ADML_IPT_Support_Integration_Master_PRU" TimeOffsetReference="Around" TimeOffsetBeforeReference="-20160" TimeOffsetAfterReference="44640"/>
		<NavigationRule Property="memberOf" Resource="CN=G_PRODGRP_AdminPDT_PRU,OU=Ressources,OU=OU_Groupes,DC=prodgrp,DC=local" SingleRole="SR_REF_ADML_IPT_Support_Integration_Master_PRU" TimeOffsetReference="Around" TimeOffsetBeforeReference="-20160" TimeOffsetAfterReference="44640"/>
		<NavigationRule Property="memberOf" Resource="CN=G_PRODGRP_ADML_GLOBAL_PROXY,OU=INTERNET,OU=Applicatifs,OU=OU_Groupes,DC=prodgrp,DC=local" SingleRole="SR_REF_ADML_IPT_Teledistribution" TimeOffsetReference="Around" TimeOffsetBeforeReference="-20160" TimeOffsetAfterReference="44640"/>
		<NavigationRule Property="memberOf" Resource="CN=G_PRODGRP_DDO_SAU_TDP_IPT_TLDINGENIERIE_ADML,OU=Applicatifs,OU=OU_Groupes,DC=prodgrp,DC=local" SingleRole="SR_REF_ADML_IPT_Teledistribution" TimeOffsetReference="Around" TimeOffsetBeforeReference="-20160" TimeOffsetAfterReference="44640"/>
		<NavigationRule Property="memberOf" Resource="CN=G_PRODGRP_ADML_GLOBAL_PROXY,OU=INTERNET,OU=Applicatifs,OU=OU_Groupes,DC=prodgrp,DC=local" SingleRole="SR_REF_ADML_MCA_Support_Premium" TimeOffsetReference="Around" TimeOffsetBeforeReference="-20160" TimeOffsetAfterReference="44640"/>
		<NavigationRule Property="memberOf" Resource="CN=G_PRODGRP_DDO_SAU_MCA_SUPPORTPREMIUM_ADML,OU=POLES,OU=EQUIPES,OU=Organisations,OU=OU_Groupes,DC=prodgrp,DC=local" SingleRole="SR_REF_ADML_MCA_Support_Premium" TimeOffsetReference="Around" TimeOffsetBeforeReference="-20160" TimeOffsetAfterReference="44640"/>
		<NavigationRule Property="memberOf" Resource="CN=G_PRODGRP_ADML_GLOBAL_PROXY,OU=INTERNET,OU=Applicatifs,OU=OU_Groupes,DC=prodgrp,DC=local" SingleRole="SR_REF_ADML_PRODGRP_Helpline_N1" TimeOffsetReference="Around" TimeOffsetBeforeReference="-20160" TimeOffsetAfterReference="44640"/>
		<NavigationRule Property="memberOf" Resource="CN=G_PRODGRP_HELPLINE_N1_ADML,OU=OU_Groupes,DC=prodgrp,DC=local" SingleRole="SR_REF_ADML_PRODGRP_Helpline_N1" TimeOffsetReference="Around" TimeOffsetBeforeReference="-20160" TimeOffsetAfterReference="44640"/>
		<NavigationRule Property="memberOf" Resource="CN=G_PRODGRP_ADML_GLOBAL_PROXY,OU=INTERNET,OU=Applicatifs,OU=OU_Groupes,DC=prodgrp,DC=local" SingleRole="SR_REF_ADML_PRODGRP_Helpline_N2" TimeOffsetReference="Around" TimeOffsetBeforeReference="-20160" TimeOffsetAfterReference="44640"/>
		<NavigationRule Property="memberOf" Resource="CN=G_PRODGRP_HELPLINE_N2_ADML,OU=OU_Groupes,DC=prodgrp,DC=local" SingleRole="SR_REF_ADML_PRODGRP_Helpline_N2" TimeOffsetReference="Around" TimeOffsetBeforeReference="-20160" TimeOffsetAfterReference="44640"/>
		<!-- <NavigationRule Property="memberOf" Resource="CN=G_PRODGRP_ADML_GLOBAL_PROXY,OU=INTERNET,OU=Applicatifs,OU=OU_Groupes,DC=prodgrp,DC=local" SingleRole="SR_REF_ADML_PRODGRP_Local_Machine" TimeOffsetReference="Around" TimeOffsetBeforeReference="-20160" TimeOffsetAfterReference="44640"/> -->
		<NavigationRule Property="memberOf" Resource="CN=G_PRODGRP_ADML_GLOBAL_PROXY,OU=INTERNET,OU=Applicatifs,OU=OU_Groupes,DC=prodgrp,DC=local" SingleRole="SR_REF_ADML_PRODGRP_Technicien_matriçage" TimeOffsetReference="Around" TimeOffsetBeforeReference="-20160" TimeOffsetAfterReference="44640"/>
		<NavigationRule Property="memberOf" Resource="CN=G_PRODGRP_TECHN_MATRICAGE_ADML,OU=OU_Groupes,DC=prodgrp,DC=local" SingleRole="SR_REF_ADML_PRODGRP_Technicien_matriçage" TimeOffsetReference="Around" TimeOffsetBeforeReference="-20160" TimeOffsetAfterReference="44640"/>
		<NavigationRule Property="memberOf" Resource="CN=G_PRODGRP_ADML_GLOBAL_PROXY,OU=INTERNET,OU=Applicatifs,OU=OU_Groupes,DC=prodgrp,DC=local" SingleRole="SR_REF_ADML_PRODGRP_Technicien_proximité" TimeOffsetReference="Around" TimeOffsetBeforeReference="-20160" TimeOffsetAfterReference="44640"/>
		<NavigationRule Property="memberOf" Resource="CN=G_PRODGRP_TECHN_PROXIMITE_ADML,OU=OU_Groupes,DC=prodgrp,DC=local" SingleRole="SR_REF_ADML_PRODGRP_Technicien_proximité" TimeOffsetReference="Around" TimeOffsetBeforeReference="-20160" TimeOffsetAfterReference="44640"/>
		<NavigationRule Property="memberOf" Resource="CN=DL_PRODGRP_NAS_SOURCES_IM_DATA_CASA_L,OU=Ressources,OU=OU_Groupes,DC=prodgrp,DC=local" SingleRole="SR_REF_ADML_PRODGRP_Technicien_proximité" TimeOffsetReference="Around" TimeOffsetBeforeReference="-20160" TimeOffsetAfterReference="44640"/>
		<NavigationRule Property="memberOf" Resource="CN=G_PRODGRP_ADML_GLOBAL_PROXY,OU=INTERNET,OU=Applicatifs,OU=OU_Groupes,DC=prodgrp,DC=local" SingleRole="SR_REF_ADML_SDP_Habilitations" TimeOffsetReference="Around" TimeOffsetBeforeReference="-20160" TimeOffsetAfterReference="44640"/>
		<NavigationRule Property="memberOf" Resource="CN=G_PRODGRP_DDO_SAU_TDP_HSO_HAB_ADML,OU=POLES,OU=EQUIPES,OU=Organisations,OU=OU_Groupes,DC=prodgrp,DC=local" SingleRole="SR_REF_ADML_SDP_Habilitations" TimeOffsetReference="Around" TimeOffsetBeforeReference="-20160" TimeOffsetAfterReference="44640"/>
		<NavigationRule Property="memberOf" Resource="CN=G_PRODGRP_ADML_GLOBAL_PROXY,OU=INTERNET,OU=Applicatifs,OU=OU_Groupes,DC=prodgrp,DC=local" SingleRole="SR_REF_ADML_SDP_Outils" TimeOffsetReference="Around" TimeOffsetBeforeReference="-20160" TimeOffsetAfterReference="44640"/>
		<NavigationRule Property="memberOf" Resource="CN=G_PRODGRP_DDO_SAU_TDP_HSO_AOS_ADML,OU=POLES,OU=EQUIPES,OU=Organisations,OU=OU_Groupes,DC=prodgrp,DC=local" SingleRole="SR_REF_ADML_SDP_Outils" TimeOffsetReference="Around" TimeOffsetBeforeReference="-20160" TimeOffsetAfterReference="44640"/>
		<NavigationRule Property="memberOf" Resource="CN=G_PRODGRP_ADML_GLOBAL_PROXY,OU=INTERNET,OU=Applicatifs,OU=OU_Groupes,DC=prodgrp,DC=local" SingleRole="SR_REF_ADML_SDP_Securite_PDT" TimeOffsetReference="Around" TimeOffsetBeforeReference="-20160" TimeOffsetAfterReference="44640"/>
		<NavigationRule Property="memberOf" Resource="CN=G_PRODGRP_SILCA_SDP_SECU_ADML,OU=POLES,OU=EQUIPES,OU=Organisations,OU=OU_Groupes,DC=prodgrp,DC=local" SingleRole="SR_REF_ADML_SDP_Securite_PDT" TimeOffsetReference="Around" TimeOffsetBeforeReference="-20160" TimeOffsetAfterReference="44640"/>
		<NavigationRule Property="memberOf" Resource="CN=G_PRODGRP_ADML_GLOBAL_PROXY,OU=INTERNET,OU=Applicatifs,OU=OU_Groupes,DC=prodgrp,DC=local" SingleRole="SR_REF_ADML_SDP_VDI" TimeOffsetReference="Around" TimeOffsetBeforeReference="-20160" TimeOffsetAfterReference="44640"/>
		<NavigationRule Property="memberOf" Resource="CN=G_PRODGRP_SILCA_SDP_VDI_ADML,OU=OU_Groupes,DC=prodgrp,DC=local" SingleRole="SR_REF_ADML_SDP_VDI" TimeOffsetReference="Around" TimeOffsetBeforeReference="-20160" TimeOffsetAfterReference="44640"/>
		<NavigationRule Property="memberOf" Resource="CN=G_PRODGRP_ADML_GLOBAL_PROXY,OU=INTERNET,OU=Applicatifs,OU=OU_Groupes,DC=prodgrp,DC=local" SingleRole="SR_REF_ADML_SST_Matricage_Postes" TimeOffsetReference="Around" TimeOffsetBeforeReference="-20160" TimeOffsetAfterReference="44640"/>
		<NavigationRule Property="memberOf" Resource="CN=G_PRODGRP_IDI_ISS_Installateurs_ADML,OU=Ressources,OU=OU_Groupes,DC=prodgrp,DC=local" SingleRole="SR_REF_ADML_SST_Matricage_Postes" TimeOffsetReference="Around" TimeOffsetBeforeReference="-20160" TimeOffsetAfterReference="44640"/>
		<NavigationRule Property="memberOf" Resource="CN=G_PRODGRP_ADML_GLOBAL_PROXY,OU=INTERNET,OU=Applicatifs,OU=OU_Groupes,DC=prodgrp,DC=local" SingleRole="SR_REF_ADML_TCO_Mobilite" TimeOffsetReference="Around" TimeOffsetBeforeReference="-20160" TimeOffsetAfterReference="44640"/>
		<NavigationRule Property="memberOf" Resource="CN=G_PRODGRP_DDO_SAU_BUI_TCO_MOB_Intégration_ADML,OU=Ressources,OU=OU_Groupes,DC=prodgrp,DC=local" SingleRole="SR_REF_ADML_TCO_Mobilite" TimeOffsetReference="Around" TimeOffsetBeforeReference="-20160" TimeOffsetAfterReference="44640"/>
		<NavigationRule Property="memberOf" Resource="CN=G_PRODGRP_ADML_GLOBAL_PROXY,OU=INTERNET,OU=Applicatifs,OU=OU_Groupes,DC=prodgrp,DC=local" SingleRole="SR_REF_ADML_TPH_Exploitation_TOIP" TimeOffsetReference="Around" TimeOffsetBeforeReference="-20160" TimeOffsetAfterReference="44640"/>
		<NavigationRule Property="memberOf" Resource="CN=G_PRODGRP_DDO_SAU_RUN_TPH_EXPLOIT_TOIP_ADML,OU=OU_Groupes,DC=prodgrp,DC=local" SingleRole="SR_REF_ADML_TPH_Exploitation_TOIP" TimeOffsetReference="Around" TimeOffsetBeforeReference="-20160" TimeOffsetAfterReference="44640"/>
	
	
		<!-- 30/11/23 Demande d'evolution/creation de profil metiers contenant des permissions PRODGRP : CAGIPSCTASK2753973 -->
		<NavigationRule Property="memberOf" Resource="CN=G_PRODGRP_RECETTE_USERS,OU=Applicatifs,OU=OU_Groupes,DC=prodgrp,DC=local" SingleRole="SR_REF_ADML_PRODGRP_Technicien_proximité" />
		
	</ResourceType>
	
</ConfigurationFile>
