<ConfigurationFile xmlns="urn:schemas-usercube-com:configuration">
	<!--Single Roles-->
	<SingleRole Identifier="SR_Triskell_Saisie_des_temps" DisplayName_L1="Saisie des temps" Description_L1="Timesheets and custom components"
	Category="TRISKELL" EntityType="Person" ApprovalWorkflowType="One" Policy="Default" />
	
	<SingleRole Identifier="SR_Triskell_Chef_de_projet" DisplayName_L1="Chef de projet (non assignable)" Description_L1="Items Chef de projet" Category="Triskell" EntityType="Person" ApprovalWorkflowType="One" Policy="Default" />
	<SingleRole Identifier="SR_Triskell_Manager" DisplayName_L1="Manager (non assignable)" Description_L1="Items Manager" Category="Triskell" EntityType="Person" ApprovalWorkflowType="One" Policy="Default" />
	<SingleRole Identifier="SR_Triskell_Gestionnaire_de_portefeuille" DisplayName_L1="Gestionnaire de portefeuille (non assignable)" Description_L1="Items Gestionnaire de portefeuille" Category="Triskell" EntityType="Person" ApprovalWorkflowType="One" Policy="Default" />
	
	<SingleRole Identifier="SR_Triskell_Valideur_Methodo" DisplayName_L1="Valideur Méthodo" Description_L1="Valideurs des avis de la méthodologie projet CA-GIP" Category="TRISKELL" EntityType="Person" ApprovalWorkflowType="Two" Policy="Default" />
	
	<!--Composite Roles-->
	<CompositeRole Identifier="CR_Triskell_Chef_de_projet" DisplayName_L1="Chef de projet" Description_L1="Rôle composé : Chef de projet" Category="TRISKELL" EntityType="Person" ApprovalWorkflowType="One" Policy="Default" />
	<CompositeRole Identifier="CR_Triskell_Manager" DisplayName_L1="Manager" Description_L1="Rôle composé : Manager" Category="TRISKELL" EntityType="Person" ApprovalWorkflowType="One" Policy="Default" />
	<CompositeRole Identifier="CR_Triskell_Gestionnaire_de_portefeuille" DisplayName_L1="Gestionnaire de portefeuille" Description_L1="Rôle composé : Gestionnaire de portefeuille" Category="TRISKELL" EntityType="Person" ApprovalWorkflowType="Two" Policy="Default" />
	
	<!--Navigation Rules-->
	<ResourceType TransmittedStateValidityPeriod="180" Identifier="Triskell_NominativeUser">
		<!--Saisie des temps-->
		<NavigationRule Property="MemberOfTimeSheet" Resource="Vrai" SingleRole="SR_Triskell_Saisie_des_temps" TimeOffsetReference="Around" TimeOffsetBeforeReference="-1440" TimeOffsetAfterReference="44640" />

		<!--Chef de projet-->
		<NavigationRule Property="MemberOfRole" Resource="Chef de projet" SingleRole="SR_Triskell_Chef_de_projet" TimeOffsetReference="Around" TimeOffsetBeforeReference="-1440" TimeOffsetAfterReference="44640" />

		<!--Manager-->
		<NavigationRule Property="MemberOfRole" Resource="Manager" SingleRole="SR_Triskell_Manager" TimeOffsetReference="Around" TimeOffsetBeforeReference="-1440" TimeOffsetAfterReference="44640" />

		<!--Gestionnaire de portefeuille-->
		<NavigationRule Property="MemberOfRole" Resource="Responsable de portefeuille" SingleRole="SR_Triskell_Gestionnaire_de_portefeuille" TimeOffsetReference="Around" TimeOffsetBeforeReference="-1440" TimeOffsetAfterReference="44640" />

		<!--Valideur Méthodo-->
		<NavigationRule Property="MemberOfRole" Resource="Valideur" SingleRole="SR_Triskell_Valideur_Methodo" TimeOffsetReference="Around" TimeOffsetBeforeReference="-1440" TimeOffsetAfterReference="44640" />

	</ResourceType>
	
	<ResourceType TransmittedStateValidityPeriod="180" Identifier="AD_Zoe_Entry_NominativeUser">
		<NavigationRule Property="memberOf" Resource="CN=G_ZOE_APP_TRISKELL_Referent,OU=Applicatifs,OU=OU_Groupes,DC=zoe,DC=gca" SingleRole="SR_Triskell_Gestionnaire_de_portefeuille" />		
	</ResourceType>
	
	<!-- SingleRole Rules -->
	<SingleRoleRule CompositeRole="CR_Triskell_Chef_de_projet" Role="SR_Triskell_Chef_de_projet" Policy="Default" />
	
	<SingleRoleRule CompositeRole="CR_Triskell_Manager" Role="SR_Triskell_Manager" Policy="Default" />
	<SingleRoleRule CompositeRole="CR_Triskell_Manager" Role="SR_Triskell_Chef_de_projet" Policy="Default" />
	
	<SingleRoleRule CompositeRole="CR_Triskell_Gestionnaire_de_portefeuille" Role="SR_Triskell_Gestionnaire_de_portefeuille" Policy="Default" />
	<SingleRoleRule CompositeRole="CR_Triskell_Gestionnaire_de_portefeuille" Role="SR_Triskell_Manager" Policy="Default" />
	<SingleRoleRule CompositeRole="CR_Triskell_Gestionnaire_de_portefeuille" Role="SR_Triskell_Chef_de_projet" Policy="Default" />
</ConfigurationFile>


