﻿<ConfigurationFile xmlns="urn:schemas-usercube-com:configuration">
	
	<!-- Categories -->
	<Category Policy="Default" Identifier="SKYPE" DisplayName_L1="Skype" Parent="App_Metier" />

	<!-- Roles de base simples -->
	<SingleRole Identifier="$GLOBAL$_Base_CAGIP_Admin_RedAlpha" DisplayName_L1="Role de base AD REDALPHA" Description_L1="Role de base AD REDALPHA pour un administrateur GOLD" Category="Global Roles" EntityType="Person" ApprovalWorkflowType="One" Policy="Default" />

	<!-- Règles des SR : associations CR - comptes AD -->
	<SingleRoleRule Policy="Default" Role="$GLOBAL$_Base_CAGIP_Admin_RedAlpha" CompositeRole="RoleBaseAdmin" D0="S3037" /> <!-- Admin legacy (equipe pilote) [Sujet skype admin] -->
	<SingleRoleRule Policy="Default" Role="$GLOBAL$_Base_CAGIP_Admin_RedAlpha" CompositeRole="RoleBaseAdminGold" /> <!-- Admin gold -->
	<SingleRoleRule Policy="Default" Role="$GLOBAL$_Base_CAGIP_Admin_RedAlpha" CompositeRole="RoleBaseAdminGoldSilver" /> <!-- Admin gold/silver -->
	
	<!-- 16/05/24 Demande d'evolution/creation de profil metiers contenant des permissions REDALPHA : CAGIPSCTASK3261554 -->
	<SingleRole Identifier="SR_G_REDALPHA_PMAD" DisplayName_L1="PMAD - Skype Admin " Description_L1="PMAD pour Skype Admin " Category="SKYPE" ApprovalWorkflowType="One" EntityType="Person" Policy="Default" />
	
	<!-- Règles de navigation -->
	<ResourceType TransmittedStateValidityPeriod="180" MaximumDelete="0" MaximumDeletePercent="5" MaximumInsert="0" MaximumInsertPercent="5" MaximumUpdate="0" MaximumUpdatePercent="5" Identifier="AD_RedAlpha_Entry_NominativeUser">

		<NavigationRule Property="memberOf" Resource="CN=G_REDALPHA_CAGIP_PKI_OpenTrust_Utilisateurs_PROD,OU=700,OU=Applicatifs,OU=OU_Groupes,DC=redalpha,DC=svc" SingleRole="$GLOBAL$_Base_CAGIP_Admin_RedAlpha" />
		<NavigationRule Property="memberOf" Resource="CN=DL_REDALPHA_CTX_Connect,OU=CTX,OU=Applicatifs,OU=OU_Groupes,DC=redalpha,DC=svc" SingleRole="$GLOBAL$_Base_CAGIP_Admin_RedAlpha" />
		<NavigationRule Property="memberOf" Resource="CN=G_REDALPHA_900_Utilisateurs,OU=900,OU=Organisations,OU=OU_Groupes,DC=redalpha,DC=svc" SingleRole="$GLOBAL$_Base_CAGIP_Admin_RedAlpha" />
		<!-- <NavigationRule Property="memberOf" Resource="CN=G_REDALPHA_700_Utilisateurs,OU=700,OU=Organisations,OU=OU_Groupes,DC=redalpha,DC=svc" SingleRole="$GLOBAL$_Base_CAGIP_Admin_RedAlpha" TimeOffsetReference="Around" TimeOffsetAfterReference="44640" /> -->
		
		<NavigationRule Property="memberOf" Resource="CN=G_REDALPHA_700_Utilisateurs,OU=IAM,OU=OU_Groupes_ESA,DC=redalpha,DC=svc" SingleRole="$GLOBAL$_Base_CAGIP_Admin_RedAlpha" TimeOffsetReference="Around" TimeOffsetAfterReference="44640" />
		<NavigationRule Property="memberOf" Resource="CN=G_REDALPHA_GLD_700_CITRIX_KeePass,OU=Citrix,OU=IAM,OU=OU_Groupes_ESA,DC=redalpha,DC=svc" SingleRole="$GLOBAL$_Base_CAGIP_Admin_RedAlpha" TimeOffsetReference="Around" TimeOffsetAfterReference="44640" />
		<NavigationRule Property="memberOf" Resource="CN=G_REDALPHA_GLD_700_CITRIX_Notepad_Plus_Plus,OU=Citrix,OU=IAM,OU=OU_Groupes_ESA,DC=redalpha,DC=svc" SingleRole="$GLOBAL$_Base_CAGIP_Admin_RedAlpha" TimeOffsetReference="Around" TimeOffsetAfterReference="44640" />
		<NavigationRule Property="memberOf" Resource="CN=G_REDALPHA_GLD_700_CITRIX_Royal_Ts,OU=Citrix,OU=IAM,OU=OU_Groupes_ESA,DC=redalpha,DC=svc" SingleRole="$GLOBAL$_Base_CAGIP_Admin_RedAlpha" TimeOffsetReference="Around" TimeOffsetAfterReference="44640" />
		<NavigationRule Property="memberOf" Resource="CN=G_REDALPHA_GLD_700_CITRIX_Edge_CyberArk_G,OU=Citrix,OU=IAM,OU=OU_Groupes_ESA,DC=redalpha,DC=svc" SingleRole="$GLOBAL$_Base_CAGIP_Admin_RedAlpha" TimeOffsetReference="Around" TimeOffsetAfterReference="44640" />
		<NavigationRule Property="memberOf" Resource="CN=G_REDALPHA_GLD_700_CITRIX_Edge_Citrix_G,OU=Citrix,OU=IAM,OU=OU_Groupes_ESA,DC=redalpha,DC=svc" SingleRole="$GLOBAL$_Base_CAGIP_Admin_RedAlpha" TimeOffsetReference="Around" TimeOffsetAfterReference="44640" />
		
		<!-- 20/12/23 Demande d'evolution/creation de profil metiers contenant des permissions REDALPHA : CAGIPSCTASK2829193 -->
		<NavigationRule Property="memberOf" Resource="CN=DL_REDALPHA_CTX_Connect,OU=CTX,OU=Applicatifs,OU=OU_Groupes,DC=redalpha,DC=svc" SingleRole="SR_G_ZOE_HAB_M_CDS_N1_Habilitations" />
		<NavigationRule Property="memberOf" Resource="CN=G_REDALPHA_700_Utilisateurs,OU=IAM,OU=OU_Groupes_ESA,DC=redalpha,DC=svc" SingleRole="SR_G_ZOE_HAB_M_CDS_N1_Habilitations" />
		<NavigationRule Property="memberOf" Resource="CN=G_REDALPHA_CAGIP_PKI_OpenTrust_Utilisateurs_PROD,OU=700,OU=Applicatifs,OU=OU_Groupes,DC=redalpha,DC=svc" SingleRole="SR_G_ZOE_HAB_M_CDS_N1_Habilitations" />
		<NavigationRule Property="memberOf" Resource="CN=G_REDALPHA_GLD_700_CITRIX_Notepad_Plus_Plus,OU=Citrix,OU=IAM,OU=OU_Groupes_ESA,DC=redalpha,DC=svc" SingleRole="SR_G_ZOE_HAB_M_CDS_N1_Habilitations" />
		<NavigationRule Property="memberOf" Resource="CN=G_REDALPHA_GLD_700_CITRIX_Royal_Ts,OU=Citrix,OU=IAM,OU=OU_Groupes_ESA,DC=redalpha,DC=svc" SingleRole="SR_G_ZOE_HAB_M_CDS_N1_Habilitations" />
		<NavigationRule Property="memberOf" Resource="CN=G_REDALPHA_GLD_700_CITRIX_Edge_CyberArk_G,OU=Citrix,OU=IAM,OU=OU_Groupes_ESA,DC=redalpha,DC=svc" SingleRole="SR_G_ZOE_HAB_M_CDS_N1_Habilitations" />
		<NavigationRule Property="memberOf" Resource="CN=G_REDALPHA_GLD_700_CITRIX_KeePass,OU=Citrix,OU=IAM,OU=OU_Groupes_ESA,DC=redalpha,DC=svc" SingleRole="SR_G_ZOE_HAB_M_CDS_N1_Habilitations" />
		<NavigationRule Property="memberOf" Resource="CN=G_REDALPHA_GLD_700_CITRIX_Edge_Citrix_G,OU=Citrix,OU=IAM,OU=OU_Groupes_ESA,DC=redalpha,DC=svc" SingleRole="SR_G_ZOE_HAB_M_CDS_N1_Habilitations" />
		
		<!-- 16/05/24 Demande d'evolution/creation de profil metiers contenant des permissions REDALPHA : CAGIPSCTASK3261554 -->
		<NavigationRule Property="memberOf" Resource="CN=G_REDALPHA_SKYPE_PMAD,OU=SKYPE,OU=Applicatifs,OU=OU_Groupes,DC=redalpha,DC=svc" SingleRole="SR_G_REDALPHA_PMAD" />

	</ResourceType>
	
</ConfigurationFile>