<ConfigurationFile xmlns="urn:schemas-usercube-com:configuration">

	<!-- Catégories -->
	<Category Policy="Default" Identifier="GOZEN" DisplayName_L1="Gozen" Parent="App_Metier" />

	<!-- Rôles -->
	<SingleRole Identifier="SR_GOZEN_Data_Owner" DisplayName_L1="Dataiku_DO" Description_L1="Ce rôle est pour les Data Owners. Il permet de visualiser dans Dataiku les projets data du domaine." Category="GOZEN" EntityType="Person" ApprovalWorkflowType="Two" Policy="Default" />
	<SingleRole Identifier="SR_GOZEN_Data_Steward" DisplayName_L1="Dataiku_DS" Description_L1="Ce rôle est pour les Data Steward. Il permet de gérer dans Dataiku les projets data du domaine." Category="GOZEN" EntityType="Person" ApprovalWorkflowType="Two" Policy="Default" />
	<SingleRole Identifier="SR_GOZEN_Run" DisplayName_L1="Run" Description_L1="Ce rôle est pour l'équipe RUN Gozen." Category="GOZEN" EntityType="Person" ApprovalWorkflowType="Two" Policy="Default" />
	
	<!-- Navigations -->
	<ResourceType TransmittedStateValidityPeriod="180" MaximumDelete="0" MaximumDeletePercent="1" MaximumInsert="0" MaximumInsertPercent="1" MaximumUpdate="0" MaximumUpdatePercent="1" Identifier="AD_Zoe_Entry_NominativeUser">
		<NavigationRule Property="memberOf" Resource="CN=G_ZOE_APP_GOZEN_DATAIKU_BUSINESS,OU=Factory DEVOPS,OU=Applicatifs,OU=OU_Groupes,DC=zoe,DC=gca" SingleRole="SR_GOZEN_Data_Owner" />
		<NavigationRule Property="memberOf" Resource="CN=G_ZOE_APP_GOZEN_DATAIKU_DATA_OWNER,OU=Factory DEVOPS,OU=Applicatifs,OU=OU_Groupes,DC=zoe,DC=gca" SingleRole="SR_GOZEN_Data_Steward" />
		<NavigationRule Property="memberOf" Resource="CN=G_ZOE_APP_GOZEN_DATAIKU_RUN,OU=Factory DEVOPS,OU=Applicatifs,OU=OU_Groupes,DC=zoe,DC=gca" SingleRole="SR_GOZEN_Run" />
	</ResourceType>

</ConfigurationFile>