﻿<ConfigurationFile xmlns="urn:schemas-usercube-com:configuration">
	<SingleRoleRule Policy="Default" Role="SR_LD_CAGIP_DGC_GRC_SMO_Internes" D2Id="-3" D0="C3064" D3Id="-356" />
	<SingleRoleRule Policy="Default" Role="SR_LD_CAGIP_DGC_GRC_SMO_Externes" D2Id="-4" D0="C3064" D3Id="-356" />
	<SingleRoleRule Policy="Default" Role="SR_LD_CAGIP_DGC_GRC_PGM_Internes" D2Id="-3" D0="C3063" D3Id="-356" />
	<SingleRoleRule Policy="Default" Role="SR_LD_CAGIP_DGC_GRC_PGM_Externes" D2Id="-4" D0="C3063" D3Id="-356" />
	<SingleRoleRule Policy="Default" Role="SR_LD_CAGIP_DGC_GRC_DIN_Internes" D2Id="-3" D0="C3058" D3Id="-356" />
	<SingleRoleRule Policy="Default" Role="SR_LD_CAGIP_DGC_GRC_DIN_INS_Internes" D2Id="-3" D0="C3061" D3Id="-356" />
	<SingleRoleRule Policy="Default" Role="SR_LD_CAGIP_DGC_GRC_DIN_INS_Externes" D2Id="-4" D0="C3061" D3Id="-356" />
	<SingleRoleRule Policy="Default" Role="SR_LD_CAGIP_DGC_GRC_DIN_Externes" D2Id="-4" D0="C3058" D3Id="-356" />
	<SingleRoleRule Policy="Default" Role="SR_LD_CAGIP_DGC_GRC_DIN_CTO_Internes" D2Id="-3" D0="C3059" D3Id="-356" />
	<SingleRoleRule Policy="Default" Role="SR_LD_CAGIP_DGC_GRC_DIN_CTO_Externes" D2Id="-4" D0="C3059" D3Id="-356" />
	<SingleRoleRule Policy="Default" Role="SR_LD_CAGIP_DGC_GRC_BRM_TAE_Internes" D2Id="-3" D0="C3057" D3Id="-356" />
	<SingleRoleRule Policy="Default" Role="SR_LD_CAGIP_DGC_GRC_BRM_TAE_Externes" D2Id="-4" D0="C3057" D3Id="-356" />
	<SingleRoleRule Policy="Default" Role="SR_LD_CAGIP_DGC_GRC_BRM_FIT_Externes" D2Id="-4" D0="C3055" D3Id="-356" />
	<SingleRoleRule Policy="Default" Role="SR_LD_CAGIP_DGC_GRC_BRM_FIT_Internes" D2Id="-3" D0="C3055" D3Id="-356" />
	<SingleRoleRule Policy="Default" Role="SR_LD_CAGIP_DGC_GRC_BRM_Internes" D2Id="-3" D0="C3050" D3Id="-356" />
	<SingleRoleRule Policy="Default" Role="SR_LD_CAGIP_DGC_GRC_BRM_RCI_Externes" D2Id="-4" D0="C3056" D3Id="-356" />
	<SingleRoleRule Policy="Default" Role="SR_LD_CAGIP_DGC_GRC_BRM_RCI_Internes" D2Id="-3" D0="C3056" D3Id="-356" />
	<SingleRoleRule Policy="Default" Role="SR_LD_CAGIP_DGC_GRC_BRM_Externes" D2Id="-4" D0="C3050" D3Id="-356" />
	<SingleRoleRule Policy="Default" Role="SR_LD_CAGIP_DGC_GRC_BRM_CMI_Internes" D2Id="-3" D0="C3054" D3Id="-356" />
	<SingleRoleRule Policy="Default" Role="SR_LD_CAGIP_DGC_GRC_BRM_CMI_Externes" D2Id="-4" D0="C3054" D3Id="-356" />
	<SingleRoleRule Policy="Default" Role="SR_LD_CAGIP_DGC_GRC_BRM_CIT_Internes" D2Id="-3" D0="C3053" D3Id="-356" />
	<SingleRoleRule Policy="Default" Role="SR_LD_CAGIP_DGC_GRC_BRM_CIT_Externes" D2Id="-4" D0="C3053" D3Id="-356" />
	<SingleRoleRule Policy="Default" Role="SR_LD_CAGIP_DGC_GRC_BRM_CEI_Internes" D2Id="-3" D0="C3051" D3Id="-356" />
	<SingleRoleRule Policy="Default" Role="SR_LD_CAGIP_DGC_GRC_BRM_CEI_Externes" D2Id="-4" D0="C3051" D3Id="-356" />
	<SingleRoleRule Policy="Default" Role="SR_LD_CAGIP_DGC_GRC_BRM_CBI_Internes" D2Id="-3" D0="C3052" D3Id="-356" />
	<SingleRoleRule Policy="Default" Role="SR_LD_CAGIP_DGC_GRC_BRM_CBI_Externes" D2Id="-4" D0="C3052" D3Id="-356" />
	<SingleRoleRule Policy="Default" Role="SR_LD_CAGIP_DGC_GEA_STR_MPE_Internes" D2Id="-3" D0="C3048" D3Id="-356" />
	<SingleRoleRule Policy="Default" Role="SR_LD_CAGIP_DGC_GEA_STR_MPE_Externes" D2Id="-4" D0="C3048" D3Id="-356" />
	<SingleRoleRule Policy="Default" Role="SR_LD_CAGIP_DGC_GEA_STR_Internes" D2Id="-3" D0="C3044" D3Id="-356" />
	<SingleRoleRule Policy="Default" Role="SR_LD_CAGIP_DGC_GEA_STR_GPQ_Internes" D2Id="-3" D0="C3047" D3Id="-356" />
	<SingleRoleRule Policy="Default" Role="SR_LD_CAGIP_DGC_GEA_STR_GPQ_Externes" D2Id="-4" D0="C3047" D3Id="-356" />
	<SingleRoleRule Policy="Default" Role="SR_LD_CAGIP_DGC_GEA_STR_Externes" D2Id="-4" D0="C3044" D3Id="-356" />
	<SingleRoleRule Policy="Default" Role="SR_LD_CAGIP_DGC_GEA_STR_CHP_Internes" D2Id="-3" D0="C3046" D3Id="-356" />
	<SingleRoleRule Policy="Default" Role="SR_LD_CAGIP_DGC_GEA_STR_CHP_Externes" D2Id="-4" D0="C3046" D3Id="-356" />
	<SingleRoleRule Policy="Default" Role="SR_LD_CAGIP_DGC_GEA_STR_ARH_Internes" D2Id="-3" D0="C3045" D3Id="-356" />
	<SingleRoleRule Policy="Default" Role="SR_LD_CAGIP_DGC_GEA_STR_ARH_Externes" D2Id="-4" D0="C3045" D3Id="-356" />
	<SingleRoleRule Policy="Default" Role="SR_LD_CAGIP_DGC_GEA_REG_Internes" D2Id="-3" D0="C3043" D3Id="-356" />
	<SingleRoleRule Policy="Default" Role="SR_LD_CAGIP_DGC_GEA_REG_Externes" D2Id="-4" D0="C3043" D3Id="-356" />
	<SingleRoleRule Policy="Default" Role="SR_LD_CAGIP_DGC_GEA_OPA_Internes" D2Id="-3" D0="C3039" D3Id="-356" />
	<SingleRoleRule Policy="Default" Role="SR_LD_CAGIP_DGC_GEA_OPA_Externes" D2Id="-4" D0="C3039" D3Id="-356" />
	<SingleRoleRule Policy="Default" Role="SR_LD_CAGIP_DGC_GEA_OPA_EAP_Internes" D2Id="-3" D0="C3042" D3Id="-356" />
	<SingleRoleRule Policy="Default" Role="SR_LD_CAGIP_DGC_GEA_OPA_EAP_Externes" D2Id="-4" D0="C3042" D3Id="-356" />
	<SingleRoleRule Policy="Default" Role="SR_LD_CAGIP_DGC_GEA_OPA_AAP_Internes" D2Id="-3" D0="C3041" D3Id="-356" />
	<SingleRoleRule Policy="Default" Role="SR_LD_CAGIP_DGC_GEA_OPA_AAP_Externes" D2Id="-4" D0="C3041" D3Id="-356" />
	<SingleRoleRule Policy="Default" Role="SR_LD_CAGIP_DGC_GEA_OPA_AAL_Internes" D2Id="-3" D0="C3040" D3Id="-356" />
	<SingleRoleRule Policy="Default" Role="SR_LD_CAGIP_DGC_GEA_OPA_AAL_Externes" D2Id="-4" D0="C3040" D3Id="-356" />
	<SingleRoleRule Policy="Default" Role="SR_LD_CAGIP_DGC_GEA_INA_SDA_Internes" D2Id="-3" D0="C3035" D3Id="-356" />
	<SingleRoleRule Policy="Default" Role="SR_LD_CAGIP_DGC_GEA_INA_SDA_Externes" D2Id="-4" D0="C3035" D3Id="-356" />
	<SingleRoleRule Policy="Default" Role="SR_LD_CAGIP_DGC_GEA_INA_Internes" D2Id="-3" D0="C3034" D3Id="-356" />
	<SingleRoleRule Policy="Default" Role="SR_LD_CAGIP_DGC_GEA_INA_INC_Internes" D2Id="-3" D0="C3038" D3Id="-356" />
	<SingleRoleRule Policy="Default" Role="SR_LD_CAGIP_DGC_GEA_INA_INC_Externes" D2Id="-4" D0="C3038" D3Id="-356" />
	<SingleRoleRule Policy="Default" Role="SR_LD_CAGIP_DGC_GEA_INA_IAK_Internes" D2Id="-3" D0="C3036" D3Id="-356" />
	<SingleRoleRule Policy="Default" Role="SR_LD_CAGIP_DGC_GEA_INA_IAK_Externes" D2Id="-4" D0="C3036" D3Id="-356" />
	<SingleRoleRule Policy="Default" Role="SR_LD_CAGIP_DGC_GEA_INA_Externes" D2Id="-4" D0="C3034" D3Id="-356" />
	<SingleRoleRule Policy="Default" Role="SR_LD_CAGIP_DGC_GEA_INA_APR_Internes" D2Id="-3" D0="C3037" D3Id="-356" />
	<SingleRoleRule Policy="Default" Role="SR_LD_CAGIP_DGC_GEA_INA_APR_Externes" D2Id="-4" D0="C3037" D3Id="-356" />
	<SingleRoleRule Policy="Default" Role="SR_LD_CAGIP_DGC_FEA_JFI_Internes" D2Id="-3" D0="C3105" D3Id="-356" />
	<SingleRoleRule Policy="Default" Role="SR_LD_CAGIP_DGC_FEA_JFI_Externes" D2Id="-4" D0="C3105" D3Id="-356" />
	<SingleRoleRule Policy="Default" Role="SR_LD_CAGIP_DGC_FEA_FCE_OPF_Internes" D2Id="-3" D0="C3104" D3Id="-356" />
	<SingleRoleRule Policy="Default" Role="SR_LD_CAGIP_DGC_FEA_FCE_OPF_Externes" D2Id="-4" D0="C3104" D3Id="-356" />
	<SingleRoleRule Policy="Default" Role="SR_LD_CAGIP_DGC_FEA_FCE_Internes" D2Id="-3" D0="C3097" D3Id="-356" />
	<SingleRoleRule Policy="Default" Role="SR_LD_CAGIP_DGC_FEA_FCE_Externes" D2Id="-4" D0="C3097" D3Id="-356" />
	<SingleRoleRule Policy="Default" Role="SR_LD_CAGIP_DGC_FEA_FCE_CPB_Internes" D2Id="-3" D0="C3098" D3Id="-356" />
	<SingleRoleRule Policy="Default" Role="SR_LD_CAGIP_DGC_FEA_FCE_CPB_Externes" D2Id="-4" D0="C3098" D3Id="-356" />
	<SingleRoleRule Policy="Default" Role="SR_LD_CAGIP_DGC_FEA_FCE_COG_Internes" D2Id="-3" D0="C3099" D3Id="-356" />
	<SingleRoleRule Policy="Default" Role="SR_LD_CAGIP_DGC_FEA_FCE_COG_Externes" D2Id="-4" D0="C3099" D3Id="-356" />
	<SingleRoleRule Policy="Default" Role="SR_LD_CAGIP_DGC_FEA_FCE_CFI_Internes" D2Id="-3" D0="C3100" D3Id="-356" />
	<SingleRoleRule Policy="Default" Role="SR_LD_CAGIP_DGC_FEA_FCE_CFI_Externes" D2Id="-4" D0="C3100" D3Id="-356" />
	<SingleRoleRule Policy="Default" Role="SR_LD_CAGIP_DGC_FEA_ACL_LCG_Internes" D2Id="-3" D0="C3096" D3Id="-356" />
	<SingleRoleRule Policy="Default" Role="SR_LD_CAGIP_DGC_FEA_ACL_LCG_Externes" D2Id="-4" D0="C3096" D3Id="-356" />
	<SingleRoleRule Policy="Default" Role="SR_LD_CAGIP_DGC_FEA_ACL_Internes" D2Id="-3" D0="C3093" D3Id="-356" />
	<SingleRoleRule Policy="Default" Role="SR_LD_CAGIP_DGC_FEA_ACL_Externes" D2Id="-4" D0="C3093" D3Id="-356" />
	<SingleRoleRule Policy="Default" Role="SR_LD_CAGIP_DGC_CLP_REP_Internes" D2Id="-3" D0="C3077" D3Id="-356" />
	<SingleRoleRule Policy="Default" Role="SR_LD_CAGIP_DGC_CLP_REP_Externes" D2Id="-4" D0="C3077" D3Id="-356" />
	<SingleRoleRule Policy="Default" Role="SR_LD_CAGIP_DGC_CLP_QUT_Internes" D2Id="-3" D0="C3076" D3Id="-356" />
	<SingleRoleRule Policy="Default" Role="SR_LD_CAGIP_DGC_CLP_QUT_Externes" D2Id="-4" D0="C3076" D3Id="-356" />
	<SingleRoleRule Policy="Default" Role="SR_LD_CAGIP_DGC_CLP_PJC_Internes" D2Id="-3" D0="C3075" D3Id="-356" />
	<SingleRoleRule Policy="Default" Role="SR_LD_CAGIP_DGC_CLP_PJC_Externes" D2Id="-4" D0="C3075" D3Id="-356" />
	<SingleRoleRule Policy="Default" Role="SR_LD_CAGIP_DGC_CLP_PFP_Internes" D2Id="-3" D0="C3078" D3Id="-356" />
	<SingleRoleRule Policy="Default" Role="SR_LD_CAGIP_DGC_CLP_PFP_Externes" D2Id="-4" D0="C3078" D3Id="-356" />
	<SingleRoleRule Policy="Default" Role="SR_LD_CAGIP_DGC_CLP_EXM_Internes" D2Id="-3" D0="C3071" D3Id="-356" />
	<SingleRoleRule Policy="Default" Role="SR_LD_CAGIP_DGC_CLP_EXM_Externes" D2Id="-4" D0="C3071" D3Id="-356" />
	<SingleRoleRule Policy="Default" Role="SR_LD_CAGIP_DGC_CLP_EXM_EXD_Internes" D2Id="-3" D0="C3073" D3Id="-356" />
	<SingleRoleRule Policy="Default" Role="SR_LD_CAGIP_DGC_CLP_EXM_EXD_Externes" D2Id="-4" D0="C3073" D3Id="-356" />
	<SingleRoleRule Policy="Default" Role="SR_LD_CAGIP_DGC_CLP_EXM_EPO_Internes" D2Id="-3" D0="C3074" D3Id="-356" />
	<SingleRoleRule Policy="Default" Role="SR_LD_CAGIP_DGC_CLP_EXM_EPO_Externes" D2Id="-4" D0="C3074" D3Id="-356" />
	<SingleRoleRule Policy="Default" Role="SR_LD_CAGIP_DGC_CLP_EXM_EBO_Internes" D2Id="-3" D0="C3072" D3Id="-356" />
	<SingleRoleRule Policy="Default" Role="SR_LD_CAGIP_DGC_CLP_EXM_EBO_Externes" D2Id="-4" D0="C3072" D3Id="-356" />
	<SingleRoleRule Policy="Default" Role="SR_LD_CAGIP_DGC_CLP_EXF_Internes" D2Id="-3" D0="C3066" D3Id="-356" />
	<SingleRoleRule Policy="Default" Role="SR_LD_CAGIP_DGC_CLP_EXF_Externes" D2Id="-4" D0="C3066" D3Id="-356" />
	<SingleRoleRule Policy="Default" Role="SR_LD_CAGIP_DGC_CLP_EXF_EXE_Internes" D2Id="-3" D0="C3067" D3Id="-356" />
	<SingleRoleRule Policy="Default" Role="SR_LD_CAGIP_DGC_CLP_EXF_EXE_Externes" D2Id="-4" D0="C3067" D3Id="-356" />
	<SingleRoleRule Policy="Default" Role="SR_LD_CAGIP_DGC_CLP_EXF_EXB_Internes" D2Id="-3" D0="C3068" D3Id="-356" />
	<SingleRoleRule Policy="Default" Role="SR_LD_CAGIP_DGC_CLP_EXF_EXB_Externes" D2Id="-4" D0="C3068" D3Id="-356" />
	<SingleRoleRule Policy="Default" Role="SR_LD_CAGIP_DGC_CLP_EXF_ETP_Internes" D2Id="-3" D0="C3070" D3Id="-356" />
	<SingleRoleRule Policy="Default" Role="SR_LD_CAGIP_DGC_CLP_EXF_ETP_Externes" D2Id="-4" D0="C3070" D3Id="-356" />
	<SingleRoleRule Policy="Default" Role="SR_LD_CAGIP_DGC_CLP_EXF_EIR_Internes" D2Id="-3" D0="C3069" D3Id="-356" />
	<SingleRoleRule Policy="Default" Role="SR_LD_CAGIP_DGC_CLP_EXF_EIR_Externes" D2Id="-4" D0="C3069" D3Id="-356" />
	<SingleRoleRule Policy="Default" Role="SR_LD_CAGIP_DGC_CFS_RLC_Internes" D2Id="-3" D0="C3080" D3Id="-356" />
	<SingleRoleRule Policy="Default" Role="SR_LD_CAGIP_DGC_CFS_RLC_Externes" D2Id="-4" D0="C3080" D3Id="-356" />
	<SingleRoleRule Policy="Default" Role="SR_LD_CAGIP_DGC_CFS_PAR_PGI_Internes" D2Id="-3" D0="C3090" D3Id="-356" />
	<SingleRoleRule Policy="Default" Role="SR_LD_CAGIP_DGC_CFS_PAR_PGI_Externes" D2Id="-4" D0="C3090" D3Id="-356" />
	<SingleRoleRule Policy="Default" Role="SR_LD_CAGIP_DGC_CFS_PAR_PFF_Internes" D2Id="-3" D0="C3089" D3Id="-356" />
	<SingleRoleRule Policy="Default" Role="SR_LD_CAGIP_DGC_CFS_PAR_PFF_Externes" D2Id="-4" D0="C3089" D3Id="-356" />
	<SingleRoleRule Policy="Default" Role="SR_LD_CAGIP_DGC_CFS_PAR_Internes" D2Id="-3" D0="C3088" D3Id="-356" />
	<SingleRoleRule Policy="Default" Role="SR_LD_CAGIP_DGC_CFS_PAR_Externes" D2Id="-4" D0="C3088" D3Id="-356" />
	<SingleRoleRule Policy="Default" Role="SR_LD_CAGIP_DGC_CFS_PAR_CLF_Internes" D2Id="-3" D0="C3091" D3Id="-356" />
	<SingleRoleRule Policy="Default" Role="SR_LD_CAGIP_DGC_CFS_PAR_CLF_Externes" D2Id="-4" D0="C3091" D3Id="-356" />
	<SingleRoleRule Policy="Default" Role="SR_LD_CAGIP_DGC_CFS_EFS_STD_Internes" D2Id="-3" D0="C3087" D3Id="-356" />
	<SingleRoleRule Policy="Default" Role="SR_LD_CAGIP_DGC_CFS_EFS_STD_Externes" D2Id="-4" D0="C3087" D3Id="-356" />
	<SingleRoleRule Policy="Default" Role="SR_LD_CAGIP_DGC_CFS_EFS_QSI_Internes" D2Id="-3" D0="C3086" D3Id="-356" />
	<SingleRoleRule Policy="Default" Role="SR_LD_CAGIP_DGC_CFS_EFS_QSI_Externes" D2Id="-4" D0="C3086" D3Id="-356" />
	<SingleRoleRule Policy="Default" Role="SR_LD_CAGIP_DGC_CFS_EFS_MRC_Internes" D2Id="-3" D0="C3085" D3Id="-356" />
	<SingleRoleRule Policy="Default" Role="SR_LD_CAGIP_DGC_CFS_EFS_MRC_Externes" D2Id="-4" D0="C3085" D3Id="-356" />
	<SingleRoleRule Policy="Default" Role="SR_LD_CAGIP_DGC_CFS_EFS_MRA_Internes" D2Id="-3" D0="C3082" D3Id="-356" />
	<SingleRoleRule Policy="Default" Role="SR_LD_CAGIP_DGC_CFS_EFS_MRA_Externes" D2Id="-4" D0="C3082" D3Id="-356" />
	<SingleRoleRule Policy="Default" Role="SR_LD_CAGIP_DGC_CFS_EFS_LEA_Internes" D2Id="-3" D0="C3084" D3Id="-356" />
	<SingleRoleRule Policy="Default" Role="SR_LD_CAGIP_DGC_CFS_EFS_LEA_Externes" D2Id="-4" D0="C3084" D3Id="-356" />
	<SingleRoleRule Policy="Default" Role="SR_LD_CAGIP_DGC_CFS_EFS_Internes" D2Id="-3" D0="C3081" D3Id="-356" />
	<SingleRoleRule Policy="Default" Role="SR_LD_CAGIP_DGC_CFS_EFS_FFI_Internes" D2Id="-3" D0="C3083" D3Id="-356" />
	<SingleRoleRule Policy="Default" Role="SR_LD_CAGIP_DGC_CFS_EFS_FFI_Externes" D2Id="-4" D0="C3083" D3Id="-356" />
	<SingleRoleRule Policy="Default" Role="SR_LD_CAGIP_DGC_CFS_EFS_Externes" D2Id="-4" D0="C3081" D3Id="-356" />
	<SingleRoleRule Policy="Default" Role="SR_LD_CAGIP_DGC_BPC_REC_Internes" D2Id="-3" D0="C3023" D3Id="-356" />
	<SingleRoleRule Policy="Default" Role="SR_LD_CAGIP_DGC_BPC_REC_Externes" D2Id="-4" D0="C3023" D3Id="-356" />
	<SingleRoleRule Policy="Default" Role="SR_LD_CAGIP_DGC_BPC_PPC_Internes" D2Id="-3" D0="C3032" D3Id="-356" />
	<SingleRoleRule Policy="Default" Role="SR_LD_CAGIP_DGC_BPC_PPC_Externes" D2Id="-4" D0="C3032" D3Id="-356" />
	<SingleRoleRule Policy="Default" Role="SR_LD_CAGIP_DGC_BPC_EPC_REF_Internes" D2Id="-3" D0="C3031" D3Id="-356" />
	<SingleRoleRule Policy="Default" Role="SR_LD_CAGIP_DGC_BPC_EPC_REF_Externes" D2Id="-4" D0="C3031" D3Id="-356" />
	<SingleRoleRule Policy="Default" Role="SR_LD_CAGIP_DGC_BPC_EPC_IUP_Internes" D2Id="-3" D0="C3030" D3Id="-356" />
	<SingleRoleRule Policy="Default" Role="SR_LD_CAGIP_DGC_BPC_EPC_IUP_Externes" D2Id="-4" D0="C3030" D3Id="-356" />
	<SingleRoleRule Policy="Default" Role="SR_LD_CAGIP_DGC_BPC_EPC_Internes" D2Id="-3" D0="C3024" D3Id="-356" />
	<SingleRoleRule Policy="Default" Role="SR_LD_CAGIP_DGC_BPC_EPC_FPP_Internes" D2Id="-3" D0="C3029" D3Id="-356" />
	<SingleRoleRule Policy="Default" Role="SR_LD_CAGIP_DGC_BPC_EPC_FPP_Externes" D2Id="-4" D0="C3029" D3Id="-356" />
	<SingleRoleRule Policy="Default" Role="SR_LD_CAGIP_DGC_BPC_EPC_Externes" D2Id="-4" D0="C3024" D3Id="-356" />
	<SingleRoleRule Policy="Default" Role="SR_LD_CAGIP_DGC_BPC_EPC_ETC_Internes" D2Id="-3" D0="C3028" D3Id="-356" />
	<SingleRoleRule Policy="Default" Role="SR_LD_CAGIP_DGC_BPC_EPC_ETC_Externes" D2Id="-4" D0="C3028" D3Id="-356" />
	<SingleRoleRule Policy="Default" Role="SR_LD_CAGIP_DGC_BPC_EPC_EAR_Internes" D2Id="-3" D0="C3027" D3Id="-356" />
	<SingleRoleRule Policy="Default" Role="SR_LD_CAGIP_DGC_BPC_EPC_EAR_Externes" D2Id="-4" D0="C3027" D3Id="-356" />
	<SingleRoleRule Policy="Default" Role="SR_LD_CAGIP_DGC_BPC_EPC_DBI_Internes" D2Id="-3" D0="C3026" D3Id="-356" />
	<SingleRoleRule Policy="Default" Role="SR_LD_CAGIP_DGC_BPC_EPC_DBI_Externes" D2Id="-4" D0="C3026" D3Id="-356" />
	<SingleRoleRule Policy="Default" Role="SR_LD_CAGIP_DGC_BPC_EPC_AFB_Internes" D2Id="-3" D0="C3025" D3Id="-356" />
	<SingleRoleRule Policy="Default" Role="SR_LD_CAGIP_DGC_BPC_EPC_AFB_Externes" D2Id="-4" D0="C3025" D3Id="-356" />
	<SingleRoleRule Policy="Default" Role="SR_LD_CAGIP_DGC_BCR_TOA_Internes" D2Id="-3" D0="C3015" D3Id="-356" />
	<SingleRoleRule Policy="Default" Role="SR_LD_CAGIP_DGC_BCR_TOA_Externes" D2Id="-4" D0="C3015" D3Id="-356" />
	<SingleRoleRule Policy="Default" Role="SR_LD_CAGIP_DGC_BCR_TOA_ECP_Internes" D2Id="-3" D0="C3020" D3Id="-356" />
	<SingleRoleRule Policy="Default" Role="SR_LD_CAGIP_DGC_BCR_TOA_ECP_Externes" D2Id="-4" D0="C3020" D3Id="-356" />
	<SingleRoleRule Policy="Default" Role="SR_LD_CAGIP_DGC_BCR_TOA_DMU_Internes" D2Id="-3" D0="C3019" D3Id="-356" />
	<SingleRoleRule Policy="Default" Role="SR_LD_CAGIP_DGC_BCR_TOA_DMU_Externes" D2Id="-4" D0="C3019" D3Id="-356" />
	<SingleRoleRule Policy="Default" Role="SR_LD_CAGIP_DGC_BCR_TOA_DAT_Internes" D2Id="-3" D0="C3017" D3Id="-356" />
	<SingleRoleRule Policy="Default" Role="SR_LD_CAGIP_DGC_BCR_TOA_DAT_Externes" D2Id="-4" D0="C3017" D3Id="-356" />
	<SingleRoleRule Policy="Default" Role="SR_LD_CAGIP_DGC_BCR_TOA_COA_Internes" D2Id="-3" D0="C3018" D3Id="-356" />
	<SingleRoleRule Policy="Default" Role="SR_LD_CAGIP_DGC_BCR_TOA_COA_Externes" D2Id="-4" D0="C3018" D3Id="-356" />
	<SingleRoleRule Policy="Default" Role="SR_LD_CAGIP_DGC_BCR_TOA_APM_Internes" D2Id="-3" D0="C3016" D3Id="-356" />
	<SingleRoleRule Policy="Default" Role="SR_LD_CAGIP_DGC_BCR_TOA_APM_Externes" D2Id="-4" D0="C3016" D3Id="-356" />
	<SingleRoleRule Policy="Default" Role="SR_LD_CAGIP_DGC_BCR_QPO_GPC_Internes" D2Id="-3" D0="C3014" D3Id="-356" />
	<SingleRoleRule Policy="Default" Role="SR_LD_CAGIP_DGC_BCR_QPO_GPC_Externes" D2Id="-4" D0="C3014" D3Id="-356" />
	<SingleRoleRule Policy="Default" Role="SR_LD_CAGIP_DGC_BCR_QPO_ATI_Internes" D2Id="-3" D0="C3012" D3Id="-356" />
	<SingleRoleRule Policy="Default" Role="SR_LD_CAGIP_DGC_BCR_QPO_ATI_Externes" D2Id="-4" D0="C3012" D3Id="-356" />
	<SingleRoleRule Policy="Default" Role="SR_LD_CAGIP_DGC_BCR_ITK_TST_Internes" D2Id="-3" D0="C3010" D3Id="-356" />
	<SingleRoleRule Policy="Default" Role="SR_LD_CAGIP_DGC_BCR_ITK_TST_Externes" D2Id="-4" D0="C3010" D3Id="-356" />
	<SingleRoleRule Policy="Default" Role="SR_LD_CAGIP_DGC_BCR_ITK_PCB_Internes" D2Id="-3" D0="C3009" D3Id="-356" />
	<SingleRoleRule Policy="Default" Role="SR_LD_CAGIP_DGC_BCR_ITK_PCB_Externes" D2Id="-4" D0="C3009" D3Id="-356" />
	<SingleRoleRule Policy="Default" Role="SR_LD_CAGIP_DGC_BCR_ITK_ISD_Internes" D2Id="-3" D0="C3008" D3Id="-356" />
	<SingleRoleRule Policy="Default" Role="SR_LD_CAGIP_DGC_BCR_ITK_ISD_Externes" D2Id="-4" D0="C3008" D3Id="-356" />
	<SingleRoleRule Policy="Default" Role="SR_LD_CAGIP_DGC_BCR_ITK_IPB_Internes" D2Id="-3" D0="C3007" D3Id="-356" />
	<SingleRoleRule Policy="Default" Role="SR_LD_CAGIP_DGC_BCR_ITK_IPB_Externes" D2Id="-4" D0="C3007" D3Id="-356" />
	<SingleRoleRule Policy="Default" Role="SR_LD_CAGIP_DGC_BCR_ITK_Internes" D2Id="-3" D0="C3005" D3Id="-356" />
	<SingleRoleRule Policy="Default" Role="SR_LD_CAGIP_DGC_BCR_ITK_GEN_Internes" D2Id="-3" D0="C3006" D3Id="-356" />
	<SingleRoleRule Policy="Default" Role="SR_LD_CAGIP_DGC_BCR_ITK_GEN_Externes" D2Id="-4" D0="C3006" D3Id="-356" />
	<SingleRoleRule Policy="Default" Role="SR_LD_CAGIP_DGC_BCR_ITK_Externes" D2Id="-4" D0="C3005" D3Id="-356" />
	<SingleRoleRule Policy="Default" Role="SR_LD_CAGIP_DGC_BCR_DGP_Internes" D2Id="-3" D0="C3004" D3Id="-356" />
	<SingleRoleRule Policy="Default" Role="SR_LD_CAGIP_DGC_BCR_DGP_Externes" D2Id="-4" D0="C3004" D3Id="-356" />
	<SingleRoleRule Policy="Default" Role="SR_LD_CAGIP_DGC_BCR_ASN_Internes" D2Id="-3" D0="C3003" D3Id="-356" />
	<SingleRoleRule Policy="Default" Role="SR_LD_CAGIP_DGC_BCR_ASN_Externes" D2Id="-4" D0="C3003" D3Id="-356" />

	<SingleRoleRule Policy="Default" Role="SR_LD_CAGIP_DGC_BCR_internes" D2Id="-3" D0="C3002" D3Id="-356" />
	<SingleRoleRule Policy="Default" Role="SR_LD_CAGIP_DGC_BCR_externes" D2Id="-4" D0="C3002" D3Id="-356" />
	<SingleRoleRule Policy="Default" Role="SR_LD_CAGIP_DGC_BCR_OSD_internes" D2Id="-3" D0="C3115" D3Id="-356" />
	<SingleRoleRule Policy="Default" Role="SR_LD_CAGIP_DGC_BCR_OSD_externes" D2Id="-4" D0="C3115" D3Id="-356" />
	<SingleRoleRule Policy="Default" Role="SR_LD_CAGIP_DGC_BCR_OSD_DCW_internes" D2Id="-3" D0="C3116" D3Id="-356" />
	<SingleRoleRule Policy="Default" Role="SR_LD_CAGIP_DGC_BCR_OSD_DCW_externes" D2Id="-4" D0="C3116" D3Id="-356" />
	<SingleRoleRule Policy="Default" Role="SR_LD_CAGIP_DGC_BCR_OSD_DCO_internes" D2Id="-3" D0="C3117" D3Id="-356" />
	<SingleRoleRule Policy="Default" Role="SR_LD_CAGIP_DGC_BCR_OSD_DCO_externes" D2Id="-4" D0="C3117" D3Id="-356" />
	<SingleRoleRule Policy="Default" Role="SR_LD_CAGIP_DGC_BCR_OSD_DPS_internes" D2Id="-3" D0="C3118" D3Id="-356" />
	<SingleRoleRule Policy="Default" Role="SR_LD_CAGIP_DGC_BCR_OSD_DPS_externes" D2Id="-4" D0="C3118" D3Id="-356" />
	<SingleRoleRule Policy="Default" Role="SR_LD_CAGIP_DGC_BCR_OSD_RHB_internes" D2Id="-3" D0="C3119" D3Id="-356" />
	<SingleRoleRule Policy="Default" Role="SR_LD_CAGIP_DGC_BCR_OSD_RHB_externes" D2Id="-4" D0="C3119" D3Id="-356" />
	<SingleRoleRule Policy="Default" Role="SR_LD_CAGIP_DGC_BCR_OBD_internes" D2Id="-3" D0="C3120" D3Id="-356" />
	<SingleRoleRule Policy="Default" Role="SR_LD_CAGIP_DGC_BCR_OBD_externes" D2Id="-4" D0="C3120" D3Id="-356" />
	<SingleRoleRule Policy="Default" Role="SR_LD_CAGIP_DGC_BCR_OBD_OBC_internes" D2Id="-3" D0="C3121" D3Id="-356" />
	<SingleRoleRule Policy="Default" Role="SR_LD_CAGIP_DGC_BCR_OBD_OBC_externes" D2Id="-4" D0="C3121" D3Id="-356" />
	<SingleRoleRule Policy="Default" Role="SR_LD_CAGIP_DGC_BCR_OBD_DAA_internes" D2Id="-3" D0="C3122" D3Id="-356" />
	<SingleRoleRule Policy="Default" Role="SR_LD_CAGIP_DGC_BCR_OBD_DAA_externes" D2Id="-4" D0="C3122" D3Id="-356" />
	<SingleRoleRule Policy="Default" Role="SR_LD_CAGIP_DGC_BCR_OBD_OEF_internes" D2Id="-3" D0="C3123" D3Id="-356" />
	<SingleRoleRule Policy="Default" Role="SR_LD_CAGIP_DGC_BCR_OBD_OEF_externes" D2Id="-4" D0="C3123" D3Id="-356" />
	<SingleRoleRule Policy="Default" Role="SR_LD_CAGIP_DGC_BCR_OBD_CBP_internes" D2Id="-3" D0="C3124" D3Id="-356" />
	<SingleRoleRule Policy="Default" Role="SR_LD_CAGIP_DGC_BCR_OBD_CBP_externes" D2Id="-4" D0="C3124" D3Id="-356" />
	<SingleRoleRule Policy="Default" Role="SR_LD_CAGIP_DGC_BCR_OBD_ORM_internes" D2Id="-3" D0="C3125" D3Id="-356" />
	<SingleRoleRule Policy="Default" Role="SR_LD_CAGIP_DGC_BCR_OBD_ORM_externes" D2Id="-4" D0="C3125" D3Id="-356" />
	<SingleRoleRule Policy="Default" Role="SR_LD_CAGIP_DGC_BCR_PEX_internes" D2Id="-3" D0="C3126" D3Id="-356" />
	<SingleRoleRule Policy="Default" Role="SR_LD_CAGIP_DGC_BCR_PEX_externes" D2Id="-4" D0="C3126" D3Id="-356" />
	<SingleRoleRule Policy="Default" Role="SR_LD_CAGIP_DGC_BCR_PEX_ARC_internes" D2Id="-3" D0="C3127" D3Id="-356" />
	<SingleRoleRule Policy="Default" Role="SR_LD_CAGIP_DGC_BCR_PEX_ARC_externes" D2Id="-4" D0="C3127" D3Id="-356" />
	<SingleRoleRule Policy="Default" Role="SR_LD_CAGIP_DGC_BCR_PEX_EDP_internes" D2Id="-3" D0="C3128" D3Id="-356" />
	<SingleRoleRule Policy="Default" Role="SR_LD_CAGIP_DGC_BCR_PEX_EDP_externes" D2Id="-4" D0="C3128" D3Id="-356" />
	<SingleRoleRule Policy="Default" Role="SR_LD_CAGIP_DGC_BCR_PEX_TES_internes" D2Id="-3" D0="C3129" D3Id="-356" />
	<SingleRoleRule Policy="Default" Role="SR_LD_CAGIP_DGC_BCR_PEX_TES_externes" D2Id="-4" D0="C3129" D3Id="-356" />
	<SingleRoleRule Policy="Default" Role="SR_LD_CAGIP_DGC_BCR_BCC_internes" D2Id="-3" D0="C3130" D3Id="-356" />
	<SingleRoleRule Policy="Default" Role="SR_LD_CAGIP_DGC_BCR_BCC_externes" D2Id="-4" D0="C3130" D3Id="-356" />
	<SingleRoleRule Policy="Default" Role="SR_LD_CAGIP_DGC_BCR_BCC_REO_internes" D2Id="-3" D0="C3131" D3Id="-356" />
	<SingleRoleRule Policy="Default" Role="SR_LD_CAGIP_DGC_BCR_BCC_REO_externes" D2Id="-4" D0="C3131" D3Id="-356" />
	<SingleRoleRule Policy="Default" Role="SR_LD_CAGIP_DGC_BCR_BCC_PTC_internes" D2Id="-3" D0="C3132" D3Id="-356" />
	<SingleRoleRule Policy="Default" Role="SR_LD_CAGIP_DGC_BCR_BCC_PTC_externes" D2Id="-4" D0="C3132" D3Id="-356" />
	<SingleRoleRule Policy="Default" Role="SR_LD_CAGIP_DGC_BCR_BCC_QOS_internes" D2Id="-3" D0="C3133" D3Id="-356" />
	<SingleRoleRule Policy="Default" Role="SR_LD_CAGIP_DGC_BCR_BCC_QOS_externes" D2Id="-4" D0="C3133" D3Id="-356" />
	<SingleRoleRule Policy="Default" Role="SR_LD_CAGIP_DGC_BCR_BCC_SMN_internes" D2Id="-3" D0="C3134" D3Id="-356" />
	<SingleRoleRule Policy="Default" Role="SR_LD_CAGIP_DGC_BCR_BCC_SMN_externes" D2Id="-4" D0="C3134" D3Id="-356" />
	<SingleRoleRule Policy="Default" Role="SR_LD_CAGIP_DGC_BCR_MMP_internes" D2Id="-3" D0="C3135" D3Id="-356" />
	<SingleRoleRule Policy="Default" Role="SR_LD_CAGIP_DGC_BCR_MMP_externes" D2Id="-4" D0="C3135" D3Id="-356" />
	<SingleRoleRule Policy="Default" Role="SR_LD_CAGIP_DGC_BCR_MMP_SIA_internes" D2Id="-3" D0="C3136" D3Id="-356" />
	<SingleRoleRule Policy="Default" Role="SR_LD_CAGIP_DGC_BCR_MMP_SIA_externes" D2Id="-4" D0="C3136" D3Id="-356" />
	<SingleRoleRule Policy="Default" Role="SR_LD_CAGIP_DGC_BCR_MMP_PRT_internes" D2Id="-3" D0="C3137" D3Id="-356" />
	<SingleRoleRule Policy="Default" Role="SR_LD_CAGIP_DGC_BCR_MMP_PRT_externes" D2Id="-4" D0="C3137" D3Id="-356" />
	<SingleRoleRule Policy="Default" Role="SR_LD_CAGIP_DGC_BCR_MMP_MET_internes" D2Id="-3" D0="C3139" D3Id="-356" />
	<SingleRoleRule Policy="Default" Role="SR_LD_CAGIP_DGC_BCR_MMP_MET_externes" D2Id="-4" D0="C3139" D3Id="-356" />
	<SingleRoleRule Policy="Default" Role="SR_LD_CAGIP_DGC_BCR_MMP_BSI_internes" D2Id="-3" D0="C3138" D3Id="-356" />
	<SingleRoleRule Policy="Default" Role="SR_LD_CAGIP_DGC_BCR_MMP_BSI_externes" D2Id="-4" D0="C3138" D3Id="-356" />
	
	<!-- Copie des LDD pour les Migrés ZOE -->
	<SingleRoleRule Policy="Default" Role="SR_LD_CAGIP_DGC_GRC_SMO_Internes" D2Id="-3" D0="C3064" D4Id="-501" />
	<SingleRoleRule Policy="Default" Role="SR_LD_CAGIP_DGC_GRC_SMO_Externes" D2Id="-4" D0="C3064" D4Id="-501" />
	<SingleRoleRule Policy="Default" Role="SR_LD_CAGIP_DGC_GRC_PGM_Internes" D2Id="-3" D0="C3063" D4Id="-501" />
	<SingleRoleRule Policy="Default" Role="SR_LD_CAGIP_DGC_GRC_PGM_Externes" D2Id="-4" D0="C3063" D4Id="-501" />
	<SingleRoleRule Policy="Default" Role="SR_LD_CAGIP_DGC_GRC_DIN_Internes" D2Id="-3" D0="C3058" D4Id="-501" />
	<SingleRoleRule Policy="Default" Role="SR_LD_CAGIP_DGC_GRC_DIN_INS_Internes" D2Id="-3" D0="C3061" D4Id="-501" />
	<SingleRoleRule Policy="Default" Role="SR_LD_CAGIP_DGC_GRC_DIN_INS_Externes" D2Id="-4" D0="C3061" D4Id="-501" />
	<SingleRoleRule Policy="Default" Role="SR_LD_CAGIP_DGC_GRC_DIN_Externes" D2Id="-4" D0="C3058" D4Id="-501" />
	<SingleRoleRule Policy="Default" Role="SR_LD_CAGIP_DGC_GRC_DIN_CTO_Internes" D2Id="-3" D0="C3059" D4Id="-501" />
	<SingleRoleRule Policy="Default" Role="SR_LD_CAGIP_DGC_GRC_DIN_CTO_Externes" D2Id="-4" D0="C3059" D4Id="-501" />
	<SingleRoleRule Policy="Default" Role="SR_LD_CAGIP_DGC_GRC_BRM_TAE_Internes" D2Id="-3" D0="C3057" D4Id="-501" />
	<SingleRoleRule Policy="Default" Role="SR_LD_CAGIP_DGC_GRC_BRM_TAE_Externes" D2Id="-4" D0="C3057" D4Id="-501" />
	<SingleRoleRule Policy="Default" Role="SR_LD_CAGIP_DGC_GRC_BRM_FIT_Externes" D2Id="-4" D0="C3055" D4Id="-501" />
	<SingleRoleRule Policy="Default" Role="SR_LD_CAGIP_DGC_GRC_BRM_FIT_Internes" D2Id="-3" D0="C3055" D4Id="-501" />
	<SingleRoleRule Policy="Default" Role="SR_LD_CAGIP_DGC_GRC_BRM_Internes" D2Id="-3" D0="C3050" D4Id="-501" />
	<SingleRoleRule Policy="Default" Role="SR_LD_CAGIP_DGC_GRC_BRM_RCI_Externes" D2Id="-4" D0="C3056" D4Id="-501" />
	<SingleRoleRule Policy="Default" Role="SR_LD_CAGIP_DGC_GRC_BRM_RCI_Internes" D2Id="-3" D0="C3056" D4Id="-501" />
	<SingleRoleRule Policy="Default" Role="SR_LD_CAGIP_DGC_GRC_BRM_Externes" D2Id="-4" D0="C3050" D4Id="-501" />
	<SingleRoleRule Policy="Default" Role="SR_LD_CAGIP_DGC_GRC_BRM_CMI_Internes" D2Id="-3" D0="C3054" D4Id="-501" />
	<SingleRoleRule Policy="Default" Role="SR_LD_CAGIP_DGC_GRC_BRM_CMI_Externes" D2Id="-4" D0="C3054" D4Id="-501" />
	<SingleRoleRule Policy="Default" Role="SR_LD_CAGIP_DGC_GRC_BRM_CIT_Internes" D2Id="-3" D0="C3053" D4Id="-501" />
	<SingleRoleRule Policy="Default" Role="SR_LD_CAGIP_DGC_GRC_BRM_CIT_Externes" D2Id="-4" D0="C3053" D4Id="-501" />
	<SingleRoleRule Policy="Default" Role="SR_LD_CAGIP_DGC_GRC_BRM_CEI_Internes" D2Id="-3" D0="C3051" D4Id="-501" />
	<SingleRoleRule Policy="Default" Role="SR_LD_CAGIP_DGC_GRC_BRM_CEI_Externes" D2Id="-4" D0="C3051" D4Id="-501" />
	<SingleRoleRule Policy="Default" Role="SR_LD_CAGIP_DGC_GRC_BRM_CBI_Internes" D2Id="-3" D0="C3052" D4Id="-501" />
	<SingleRoleRule Policy="Default" Role="SR_LD_CAGIP_DGC_GRC_BRM_CBI_Externes" D2Id="-4" D0="C3052" D4Id="-501" />
	<SingleRoleRule Policy="Default" Role="SR_LD_CAGIP_DGC_GEA_STR_MPE_Internes" D2Id="-3" D0="C3048" D4Id="-501" />
	<SingleRoleRule Policy="Default" Role="SR_LD_CAGIP_DGC_GEA_STR_MPE_Externes" D2Id="-4" D0="C3048" D4Id="-501" />
	<SingleRoleRule Policy="Default" Role="SR_LD_CAGIP_DGC_GEA_STR_Internes" D2Id="-3" D0="C3044" D4Id="-501" />
	<SingleRoleRule Policy="Default" Role="SR_LD_CAGIP_DGC_GEA_STR_GPQ_Internes" D2Id="-3" D0="C3047" D4Id="-501" />
	<SingleRoleRule Policy="Default" Role="SR_LD_CAGIP_DGC_GEA_STR_GPQ_Externes" D2Id="-4" D0="C3047" D4Id="-501" />
	<SingleRoleRule Policy="Default" Role="SR_LD_CAGIP_DGC_GEA_STR_Externes" D2Id="-4" D0="C3044" D4Id="-501" />
	<SingleRoleRule Policy="Default" Role="SR_LD_CAGIP_DGC_GEA_STR_CHP_Internes" D2Id="-3" D0="C3046" D4Id="-501" />
	<SingleRoleRule Policy="Default" Role="SR_LD_CAGIP_DGC_GEA_STR_CHP_Externes" D2Id="-4" D0="C3046" D4Id="-501" />
	<SingleRoleRule Policy="Default" Role="SR_LD_CAGIP_DGC_GEA_STR_ARH_Internes" D2Id="-3" D0="C3045" D4Id="-501" />
	<SingleRoleRule Policy="Default" Role="SR_LD_CAGIP_DGC_GEA_STR_ARH_Externes" D2Id="-4" D0="C3045" D4Id="-501" />
	<SingleRoleRule Policy="Default" Role="SR_LD_CAGIP_DGC_GEA_REG_Internes" D2Id="-3" D0="C3043" D4Id="-501" />
	<SingleRoleRule Policy="Default" Role="SR_LD_CAGIP_DGC_GEA_REG_Externes" D2Id="-4" D0="C3043" D4Id="-501" />
	<SingleRoleRule Policy="Default" Role="SR_LD_CAGIP_DGC_GEA_OPA_Internes" D2Id="-3" D0="C3039" D4Id="-501" />
	<SingleRoleRule Policy="Default" Role="SR_LD_CAGIP_DGC_GEA_OPA_Externes" D2Id="-4" D0="C3039" D4Id="-501" />
	<SingleRoleRule Policy="Default" Role="SR_LD_CAGIP_DGC_GEA_OPA_EAP_Internes" D2Id="-3" D0="C3042" D4Id="-501" />
	<SingleRoleRule Policy="Default" Role="SR_LD_CAGIP_DGC_GEA_OPA_EAP_Externes" D2Id="-4" D0="C3042" D4Id="-501" />
	<SingleRoleRule Policy="Default" Role="SR_LD_CAGIP_DGC_GEA_OPA_AAP_Internes" D2Id="-3" D0="C3041" D4Id="-501" />
	<SingleRoleRule Policy="Default" Role="SR_LD_CAGIP_DGC_GEA_OPA_AAP_Externes" D2Id="-4" D0="C3041" D4Id="-501" />
	<SingleRoleRule Policy="Default" Role="SR_LD_CAGIP_DGC_GEA_OPA_AAL_Internes" D2Id="-3" D0="C3040" D4Id="-501" />
	<SingleRoleRule Policy="Default" Role="SR_LD_CAGIP_DGC_GEA_OPA_AAL_Externes" D2Id="-4" D0="C3040" D4Id="-501" />
	<SingleRoleRule Policy="Default" Role="SR_LD_CAGIP_DGC_GEA_INA_SDA_Internes" D2Id="-3" D0="C3035" D4Id="-501" />
	<SingleRoleRule Policy="Default" Role="SR_LD_CAGIP_DGC_GEA_INA_SDA_Externes" D2Id="-4" D0="C3035" D4Id="-501" />
	<SingleRoleRule Policy="Default" Role="SR_LD_CAGIP_DGC_GEA_INA_Internes" D2Id="-3" D0="C3034" D4Id="-501" />
	<SingleRoleRule Policy="Default" Role="SR_LD_CAGIP_DGC_GEA_INA_INC_Internes" D2Id="-3" D0="C3038" D4Id="-501" />
	<SingleRoleRule Policy="Default" Role="SR_LD_CAGIP_DGC_GEA_INA_INC_Externes" D2Id="-4" D0="C3038" D4Id="-501" />
	<SingleRoleRule Policy="Default" Role="SR_LD_CAGIP_DGC_GEA_INA_IAK_Internes" D2Id="-3" D0="C3036" D4Id="-501" />
	<SingleRoleRule Policy="Default" Role="SR_LD_CAGIP_DGC_GEA_INA_IAK_Externes" D2Id="-4" D0="C3036" D4Id="-501" />
	<SingleRoleRule Policy="Default" Role="SR_LD_CAGIP_DGC_GEA_INA_Externes" D2Id="-4" D0="C3034" D4Id="-501" />
	<SingleRoleRule Policy="Default" Role="SR_LD_CAGIP_DGC_GEA_INA_APR_Internes" D2Id="-3" D0="C3037" D4Id="-501" />
	<SingleRoleRule Policy="Default" Role="SR_LD_CAGIP_DGC_GEA_INA_APR_Externes" D2Id="-4" D0="C3037" D4Id="-501" />
	<SingleRoleRule Policy="Default" Role="SR_LD_CAGIP_DGC_FEA_JFI_Internes" D2Id="-3" D0="C3105" D4Id="-501" />
	<SingleRoleRule Policy="Default" Role="SR_LD_CAGIP_DGC_FEA_JFI_Externes" D2Id="-4" D0="C3105" D4Id="-501" />
	<SingleRoleRule Policy="Default" Role="SR_LD_CAGIP_DGC_FEA_FCE_OPF_Internes" D2Id="-3" D0="C3104" D4Id="-501" />
	<SingleRoleRule Policy="Default" Role="SR_LD_CAGIP_DGC_FEA_FCE_OPF_Externes" D2Id="-4" D0="C3104" D4Id="-501" />
	<SingleRoleRule Policy="Default" Role="SR_LD_CAGIP_DGC_FEA_FCE_Internes" D2Id="-3" D0="C3097" D4Id="-501" />
	<SingleRoleRule Policy="Default" Role="SR_LD_CAGIP_DGC_FEA_FCE_Externes" D2Id="-4" D0="C3097" D4Id="-501" />
	<SingleRoleRule Policy="Default" Role="SR_LD_CAGIP_DGC_FEA_FCE_CPB_Internes" D2Id="-3" D0="C3098" D4Id="-501" />
	<SingleRoleRule Policy="Default" Role="SR_LD_CAGIP_DGC_FEA_FCE_CPB_Externes" D2Id="-4" D0="C3098" D4Id="-501" />
	<SingleRoleRule Policy="Default" Role="SR_LD_CAGIP_DGC_FEA_FCE_COG_Internes" D2Id="-3" D0="C3099" D4Id="-501" />
	<SingleRoleRule Policy="Default" Role="SR_LD_CAGIP_DGC_FEA_FCE_COG_Externes" D2Id="-4" D0="C3099" D4Id="-501" />
	<SingleRoleRule Policy="Default" Role="SR_LD_CAGIP_DGC_FEA_FCE_CFI_Internes" D2Id="-3" D0="C3100" D4Id="-501" />
	<SingleRoleRule Policy="Default" Role="SR_LD_CAGIP_DGC_FEA_FCE_CFI_Externes" D2Id="-4" D0="C3100" D4Id="-501" />
	<SingleRoleRule Policy="Default" Role="SR_LD_CAGIP_DGC_FEA_ACL_LCG_Internes" D2Id="-3" D0="C3096" D4Id="-501" />
	<SingleRoleRule Policy="Default" Role="SR_LD_CAGIP_DGC_FEA_ACL_LCG_Externes" D2Id="-4" D0="C3096" D4Id="-501" />
	<SingleRoleRule Policy="Default" Role="SR_LD_CAGIP_DGC_FEA_ACL_Internes" D2Id="-3" D0="C3093" D4Id="-501" />
	<SingleRoleRule Policy="Default" Role="SR_LD_CAGIP_DGC_FEA_ACL_Externes" D2Id="-4" D0="C3093" D4Id="-501" />
	<SingleRoleRule Policy="Default" Role="SR_LD_CAGIP_DGC_CLP_REP_Internes" D2Id="-3" D0="C3077" D4Id="-501" />
	<SingleRoleRule Policy="Default" Role="SR_LD_CAGIP_DGC_CLP_REP_Externes" D2Id="-4" D0="C3077" D4Id="-501" />
	<SingleRoleRule Policy="Default" Role="SR_LD_CAGIP_DGC_CLP_QUT_Internes" D2Id="-3" D0="C3076" D4Id="-501" />
	<SingleRoleRule Policy="Default" Role="SR_LD_CAGIP_DGC_CLP_QUT_Externes" D2Id="-4" D0="C3076" D4Id="-501" />
	<SingleRoleRule Policy="Default" Role="SR_LD_CAGIP_DGC_CLP_PJC_Internes" D2Id="-3" D0="C3075" D4Id="-501" />
	<SingleRoleRule Policy="Default" Role="SR_LD_CAGIP_DGC_CLP_PJC_Externes" D2Id="-4" D0="C3075" D4Id="-501" />
	<SingleRoleRule Policy="Default" Role="SR_LD_CAGIP_DGC_CLP_PFP_Internes" D2Id="-3" D0="C3078" D4Id="-501" />
	<SingleRoleRule Policy="Default" Role="SR_LD_CAGIP_DGC_CLP_PFP_Externes" D2Id="-4" D0="C3078" D4Id="-501" />
	<SingleRoleRule Policy="Default" Role="SR_LD_CAGIP_DGC_CLP_EXM_Internes" D2Id="-3" D0="C3071" D4Id="-501" />
	<SingleRoleRule Policy="Default" Role="SR_LD_CAGIP_DGC_CLP_EXM_Externes" D2Id="-4" D0="C3071" D4Id="-501" />
	<SingleRoleRule Policy="Default" Role="SR_LD_CAGIP_DGC_CLP_EXM_EXD_Internes" D2Id="-3" D0="C3073" D4Id="-501" />
	<SingleRoleRule Policy="Default" Role="SR_LD_CAGIP_DGC_CLP_EXM_EXD_Externes" D2Id="-4" D0="C3073" D4Id="-501" />
	<SingleRoleRule Policy="Default" Role="SR_LD_CAGIP_DGC_CLP_EXM_EPO_Internes" D2Id="-3" D0="C3074" D4Id="-501" />
	<SingleRoleRule Policy="Default" Role="SR_LD_CAGIP_DGC_CLP_EXM_EPO_Externes" D2Id="-4" D0="C3074" D4Id="-501" />
	<SingleRoleRule Policy="Default" Role="SR_LD_CAGIP_DGC_CLP_EXM_EBO_Internes" D2Id="-3" D0="C3072" D4Id="-501" />
	<SingleRoleRule Policy="Default" Role="SR_LD_CAGIP_DGC_CLP_EXM_EBO_Externes" D2Id="-4" D0="C3072" D4Id="-501" />
	<SingleRoleRule Policy="Default" Role="SR_LD_CAGIP_DGC_CLP_EXF_Internes" D2Id="-3" D0="C3066" D4Id="-501" />
	<SingleRoleRule Policy="Default" Role="SR_LD_CAGIP_DGC_CLP_EXF_Externes" D2Id="-4" D0="C3066" D4Id="-501" />
	<SingleRoleRule Policy="Default" Role="SR_LD_CAGIP_DGC_CLP_EXF_EXE_Internes" D2Id="-3" D0="C3067" D4Id="-501" />
	<SingleRoleRule Policy="Default" Role="SR_LD_CAGIP_DGC_CLP_EXF_EXE_Externes" D2Id="-4" D0="C3067" D4Id="-501" />
	<SingleRoleRule Policy="Default" Role="SR_LD_CAGIP_DGC_CLP_EXF_EXB_Internes" D2Id="-3" D0="C3068" D4Id="-501" />
	<SingleRoleRule Policy="Default" Role="SR_LD_CAGIP_DGC_CLP_EXF_EXB_Externes" D2Id="-4" D0="C3068" D4Id="-501" />
	<SingleRoleRule Policy="Default" Role="SR_LD_CAGIP_DGC_CLP_EXF_ETP_Internes" D2Id="-3" D0="C3070" D4Id="-501" />
	<SingleRoleRule Policy="Default" Role="SR_LD_CAGIP_DGC_CLP_EXF_ETP_Externes" D2Id="-4" D0="C3070" D4Id="-501" />
	<SingleRoleRule Policy="Default" Role="SR_LD_CAGIP_DGC_CLP_EXF_EIR_Internes" D2Id="-3" D0="C3069" D4Id="-501" />
	<SingleRoleRule Policy="Default" Role="SR_LD_CAGIP_DGC_CLP_EXF_EIR_Externes" D2Id="-4" D0="C3069" D4Id="-501" />
	<SingleRoleRule Policy="Default" Role="SR_LD_CAGIP_DGC_CFS_RLC_Internes" D2Id="-3" D0="C3080" D4Id="-501" />
	<SingleRoleRule Policy="Default" Role="SR_LD_CAGIP_DGC_CFS_RLC_Externes" D2Id="-4" D0="C3080" D4Id="-501" />
	<SingleRoleRule Policy="Default" Role="SR_LD_CAGIP_DGC_CFS_PAR_PGI_Internes" D2Id="-3" D0="C3090" D4Id="-501" />
	<SingleRoleRule Policy="Default" Role="SR_LD_CAGIP_DGC_CFS_PAR_PGI_Externes" D2Id="-4" D0="C3090" D4Id="-501" />
	<SingleRoleRule Policy="Default" Role="SR_LD_CAGIP_DGC_CFS_PAR_PFF_Internes" D2Id="-3" D0="C3089" D4Id="-501" />
	<SingleRoleRule Policy="Default" Role="SR_LD_CAGIP_DGC_CFS_PAR_PFF_Externes" D2Id="-4" D0="C3089" D4Id="-501" />
	<SingleRoleRule Policy="Default" Role="SR_LD_CAGIP_DGC_CFS_PAR_Internes" D2Id="-3" D0="C3088" D4Id="-501" />
	<SingleRoleRule Policy="Default" Role="SR_LD_CAGIP_DGC_CFS_PAR_Externes" D2Id="-4" D0="C3088" D4Id="-501" />
	<SingleRoleRule Policy="Default" Role="SR_LD_CAGIP_DGC_CFS_PAR_CLF_Internes" D2Id="-3" D0="C3091" D4Id="-501" />
	<SingleRoleRule Policy="Default" Role="SR_LD_CAGIP_DGC_CFS_PAR_CLF_Externes" D2Id="-4" D0="C3091" D4Id="-501" />
	<SingleRoleRule Policy="Default" Role="SR_LD_CAGIP_DGC_CFS_EFS_STD_Internes" D2Id="-3" D0="C3087" D4Id="-501" />
	<SingleRoleRule Policy="Default" Role="SR_LD_CAGIP_DGC_CFS_EFS_STD_Externes" D2Id="-4" D0="C3087" D4Id="-501" />
	<SingleRoleRule Policy="Default" Role="SR_LD_CAGIP_DGC_CFS_EFS_QSI_Internes" D2Id="-3" D0="C3086" D4Id="-501" />
	<SingleRoleRule Policy="Default" Role="SR_LD_CAGIP_DGC_CFS_EFS_QSI_Externes" D2Id="-4" D0="C3086" D4Id="-501" />
	<SingleRoleRule Policy="Default" Role="SR_LD_CAGIP_DGC_CFS_EFS_MRC_Internes" D2Id="-3" D0="C3085" D4Id="-501" />
	<SingleRoleRule Policy="Default" Role="SR_LD_CAGIP_DGC_CFS_EFS_MRC_Externes" D2Id="-4" D0="C3085" D4Id="-501" />
	<SingleRoleRule Policy="Default" Role="SR_LD_CAGIP_DGC_CFS_EFS_MRA_Internes" D2Id="-3" D0="C3082" D4Id="-501" />
	<SingleRoleRule Policy="Default" Role="SR_LD_CAGIP_DGC_CFS_EFS_MRA_Externes" D2Id="-4" D0="C3082" D4Id="-501" />
	<SingleRoleRule Policy="Default" Role="SR_LD_CAGIP_DGC_CFS_EFS_LEA_Internes" D2Id="-3" D0="C3084" D4Id="-501" />
	<SingleRoleRule Policy="Default" Role="SR_LD_CAGIP_DGC_CFS_EFS_LEA_Externes" D2Id="-4" D0="C3084" D4Id="-501" />
	<SingleRoleRule Policy="Default" Role="SR_LD_CAGIP_DGC_CFS_EFS_Internes" D2Id="-3" D0="C3081" D4Id="-501" />
	<SingleRoleRule Policy="Default" Role="SR_LD_CAGIP_DGC_CFS_EFS_FFI_Internes" D2Id="-3" D0="C3083" D4Id="-501" />
	<SingleRoleRule Policy="Default" Role="SR_LD_CAGIP_DGC_CFS_EFS_FFI_Externes" D2Id="-4" D0="C3083" D4Id="-501" />
	<SingleRoleRule Policy="Default" Role="SR_LD_CAGIP_DGC_CFS_EFS_Externes" D2Id="-4" D0="C3081" D4Id="-501" />
	<SingleRoleRule Policy="Default" Role="SR_LD_CAGIP_DGC_BPC_REC_Internes" D2Id="-3" D0="C3023" D4Id="-501" />
	<SingleRoleRule Policy="Default" Role="SR_LD_CAGIP_DGC_BPC_REC_Externes" D2Id="-4" D0="C3023" D4Id="-501" />
	<SingleRoleRule Policy="Default" Role="SR_LD_CAGIP_DGC_BPC_PPC_Internes" D2Id="-3" D0="C3032" D4Id="-501" />
	<SingleRoleRule Policy="Default" Role="SR_LD_CAGIP_DGC_BPC_PPC_Externes" D2Id="-4" D0="C3032" D4Id="-501" />
	<SingleRoleRule Policy="Default" Role="SR_LD_CAGIP_DGC_BPC_EPC_REF_Internes" D2Id="-3" D0="C3031" D4Id="-501" />
	<SingleRoleRule Policy="Default" Role="SR_LD_CAGIP_DGC_BPC_EPC_REF_Externes" D2Id="-4" D0="C3031" D4Id="-501" />
	<SingleRoleRule Policy="Default" Role="SR_LD_CAGIP_DGC_BPC_EPC_IUP_Internes" D2Id="-3" D0="C3030" D4Id="-501" />
	<SingleRoleRule Policy="Default" Role="SR_LD_CAGIP_DGC_BPC_EPC_IUP_Externes" D2Id="-4" D0="C3030" D4Id="-501" />
	<SingleRoleRule Policy="Default" Role="SR_LD_CAGIP_DGC_BPC_EPC_Internes" D2Id="-3" D0="C3024" D4Id="-501" />
	<SingleRoleRule Policy="Default" Role="SR_LD_CAGIP_DGC_BPC_EPC_FPP_Internes" D2Id="-3" D0="C3029" D4Id="-501" />
	<SingleRoleRule Policy="Default" Role="SR_LD_CAGIP_DGC_BPC_EPC_FPP_Externes" D2Id="-4" D0="C3029" D4Id="-501" />
	<SingleRoleRule Policy="Default" Role="SR_LD_CAGIP_DGC_BPC_EPC_Externes" D2Id="-4" D0="C3024" D4Id="-501" />
	<SingleRoleRule Policy="Default" Role="SR_LD_CAGIP_DGC_BPC_EPC_ETC_Internes" D2Id="-3" D0="C3028" D4Id="-501" />
	<SingleRoleRule Policy="Default" Role="SR_LD_CAGIP_DGC_BPC_EPC_ETC_Externes" D2Id="-4" D0="C3028" D4Id="-501" />
	<SingleRoleRule Policy="Default" Role="SR_LD_CAGIP_DGC_BPC_EPC_EAR_Internes" D2Id="-3" D0="C3027" D4Id="-501" />
	<SingleRoleRule Policy="Default" Role="SR_LD_CAGIP_DGC_BPC_EPC_EAR_Externes" D2Id="-4" D0="C3027" D4Id="-501" />
	<SingleRoleRule Policy="Default" Role="SR_LD_CAGIP_DGC_BPC_EPC_DBI_Internes" D2Id="-3" D0="C3026" D4Id="-501" />
	<SingleRoleRule Policy="Default" Role="SR_LD_CAGIP_DGC_BPC_EPC_DBI_Externes" D2Id="-4" D0="C3026" D4Id="-501" />
	<SingleRoleRule Policy="Default" Role="SR_LD_CAGIP_DGC_BPC_EPC_AFB_Internes" D2Id="-3" D0="C3025" D4Id="-501" />
	<SingleRoleRule Policy="Default" Role="SR_LD_CAGIP_DGC_BPC_EPC_AFB_Externes" D2Id="-4" D0="C3025" D4Id="-501" />
	<SingleRoleRule Policy="Default" Role="SR_LD_CAGIP_DGC_BCR_TOA_Internes" D2Id="-3" D0="C3015" D4Id="-501" />
	<SingleRoleRule Policy="Default" Role="SR_LD_CAGIP_DGC_BCR_TOA_Externes" D2Id="-4" D0="C3015" D4Id="-501" />
	<SingleRoleRule Policy="Default" Role="SR_LD_CAGIP_DGC_BCR_TOA_ECP_Internes" D2Id="-3" D0="C3020" D4Id="-501" />
	<SingleRoleRule Policy="Default" Role="SR_LD_CAGIP_DGC_BCR_TOA_ECP_Externes" D2Id="-4" D0="C3020" D4Id="-501" />
	<SingleRoleRule Policy="Default" Role="SR_LD_CAGIP_DGC_BCR_TOA_DMU_Internes" D2Id="-3" D0="C3019" D4Id="-501" />
	<SingleRoleRule Policy="Default" Role="SR_LD_CAGIP_DGC_BCR_TOA_DMU_Externes" D2Id="-4" D0="C3019" D4Id="-501" />
	<SingleRoleRule Policy="Default" Role="SR_LD_CAGIP_DGC_BCR_TOA_DAT_Internes" D2Id="-3" D0="C3017" D4Id="-501" />
	<SingleRoleRule Policy="Default" Role="SR_LD_CAGIP_DGC_BCR_TOA_DAT_Externes" D2Id="-4" D0="C3017" D4Id="-501" />
	<SingleRoleRule Policy="Default" Role="SR_LD_CAGIP_DGC_BCR_TOA_COA_Internes" D2Id="-3" D0="C3018" D4Id="-501" />
	<SingleRoleRule Policy="Default" Role="SR_LD_CAGIP_DGC_BCR_TOA_COA_Externes" D2Id="-4" D0="C3018" D4Id="-501" />
	<SingleRoleRule Policy="Default" Role="SR_LD_CAGIP_DGC_BCR_TOA_APM_Internes" D2Id="-3" D0="C3016" D4Id="-501" />
	<SingleRoleRule Policy="Default" Role="SR_LD_CAGIP_DGC_BCR_TOA_APM_Externes" D2Id="-4" D0="C3016" D4Id="-501" />
	<SingleRoleRule Policy="Default" Role="SR_LD_CAGIP_DGC_BCR_QPO_GPC_Internes" D2Id="-3" D0="C3014" D4Id="-501" />
	<SingleRoleRule Policy="Default" Role="SR_LD_CAGIP_DGC_BCR_QPO_GPC_Externes" D2Id="-4" D0="C3014" D4Id="-501" />
	<SingleRoleRule Policy="Default" Role="SR_LD_CAGIP_DGC_BCR_QPO_ATI_Internes" D2Id="-3" D0="C3012" D4Id="-501" />
	<SingleRoleRule Policy="Default" Role="SR_LD_CAGIP_DGC_BCR_QPO_ATI_Externes" D2Id="-4" D0="C3012" D4Id="-501" />
	<SingleRoleRule Policy="Default" Role="SR_LD_CAGIP_DGC_BCR_ITK_TST_Internes" D2Id="-3" D0="C3010" D4Id="-501" />
	<SingleRoleRule Policy="Default" Role="SR_LD_CAGIP_DGC_BCR_ITK_TST_Externes" D2Id="-4" D0="C3010" D4Id="-501" />
	<SingleRoleRule Policy="Default" Role="SR_LD_CAGIP_DGC_BCR_ITK_PCB_Internes" D2Id="-3" D0="C3009" D4Id="-501" />
	<SingleRoleRule Policy="Default" Role="SR_LD_CAGIP_DGC_BCR_ITK_PCB_Externes" D2Id="-4" D0="C3009" D4Id="-501" />
	<SingleRoleRule Policy="Default" Role="SR_LD_CAGIP_DGC_BCR_ITK_ISD_Internes" D2Id="-3" D0="C3008" D4Id="-501" />
	<SingleRoleRule Policy="Default" Role="SR_LD_CAGIP_DGC_BCR_ITK_ISD_Externes" D2Id="-4" D0="C3008" D4Id="-501" />
	<SingleRoleRule Policy="Default" Role="SR_LD_CAGIP_DGC_BCR_ITK_IPB_Internes" D2Id="-3" D0="C3007" D4Id="-501" />
	<SingleRoleRule Policy="Default" Role="SR_LD_CAGIP_DGC_BCR_ITK_IPB_Externes" D2Id="-4" D0="C3007" D4Id="-501" />
	<SingleRoleRule Policy="Default" Role="SR_LD_CAGIP_DGC_BCR_ITK_Internes" D2Id="-3" D0="C3005" D4Id="-501" />
	<SingleRoleRule Policy="Default" Role="SR_LD_CAGIP_DGC_BCR_ITK_GEN_Internes" D2Id="-3" D0="C3006" D4Id="-501" />
	<SingleRoleRule Policy="Default" Role="SR_LD_CAGIP_DGC_BCR_ITK_GEN_Externes" D2Id="-4" D0="C3006" D4Id="-501" />
	<SingleRoleRule Policy="Default" Role="SR_LD_CAGIP_DGC_BCR_ITK_Externes" D2Id="-4" D0="C3005" D4Id="-501" />
	<SingleRoleRule Policy="Default" Role="SR_LD_CAGIP_DGC_BCR_DGP_Internes" D2Id="-3" D0="C3004" D4Id="-501" />
	<SingleRoleRule Policy="Default" Role="SR_LD_CAGIP_DGC_BCR_DGP_Externes" D2Id="-4" D0="C3004" D4Id="-501" />
	<SingleRoleRule Policy="Default" Role="SR_LD_CAGIP_DGC_BCR_ASN_Internes" D2Id="-3" D0="C3003" D4Id="-501" />
	<SingleRoleRule Policy="Default" Role="SR_LD_CAGIP_DGC_BCR_ASN_Externes" D2Id="-4" D0="C3003" D4Id="-501" />

	<SingleRoleRule Policy="Default" Role="SR_LD_CAGIP_DGC_BCR_internes" D2Id="-3" D0="C3002" D4Id="-501" />
	<SingleRoleRule Policy="Default" Role="SR_LD_CAGIP_DGC_BCR_externes" D2Id="-4" D0="C3002" D4Id="-501" />
	<SingleRoleRule Policy="Default" Role="SR_LD_CAGIP_DGC_BCR_OSD_internes" D2Id="-3" D0="C3115" D4Id="-501" />
	<SingleRoleRule Policy="Default" Role="SR_LD_CAGIP_DGC_BCR_OSD_externes" D2Id="-4" D0="C3115" D4Id="-501" />
	<SingleRoleRule Policy="Default" Role="SR_LD_CAGIP_DGC_BCR_OSD_DCW_internes" D2Id="-3" D0="C3116" D4Id="-501" />
	<SingleRoleRule Policy="Default" Role="SR_LD_CAGIP_DGC_BCR_OSD_DCW_externes" D2Id="-4" D0="C3116" D4Id="-501" />
	<SingleRoleRule Policy="Default" Role="SR_LD_CAGIP_DGC_BCR_OSD_DCO_internes" D2Id="-3" D0="C3117" D4Id="-501" />
	<SingleRoleRule Policy="Default" Role="SR_LD_CAGIP_DGC_BCR_OSD_DCO_externes" D2Id="-4" D0="C3117" D4Id="-501" />
	<SingleRoleRule Policy="Default" Role="SR_LD_CAGIP_DGC_BCR_OSD_DPS_internes" D2Id="-3" D0="C3118" D4Id="-501" />
	<SingleRoleRule Policy="Default" Role="SR_LD_CAGIP_DGC_BCR_OSD_DPS_externes" D2Id="-4" D0="C3118" D4Id="-501" />
	<SingleRoleRule Policy="Default" Role="SR_LD_CAGIP_DGC_BCR_OSD_RHB_internes" D2Id="-3" D0="C3119" D4Id="-501" />
	<SingleRoleRule Policy="Default" Role="SR_LD_CAGIP_DGC_BCR_OSD_RHB_externes" D2Id="-4" D0="C3119" D4Id="-501" />
	<SingleRoleRule Policy="Default" Role="SR_LD_CAGIP_DGC_BCR_OBD_internes" D2Id="-3" D0="C3120" D4Id="-501" />
	<SingleRoleRule Policy="Default" Role="SR_LD_CAGIP_DGC_BCR_OBD_externes" D2Id="-4" D0="C3120" D4Id="-501" />
	<SingleRoleRule Policy="Default" Role="SR_LD_CAGIP_DGC_BCR_OBD_OBC_internes" D2Id="-3" D0="C3121" D4Id="-501" />
	<SingleRoleRule Policy="Default" Role="SR_LD_CAGIP_DGC_BCR_OBD_OBC_externes" D2Id="-4" D0="C3121" D4Id="-501" />
	<SingleRoleRule Policy="Default" Role="SR_LD_CAGIP_DGC_BCR_OBD_DAA_internes" D2Id="-3" D0="C3122" D4Id="-501" />
	<SingleRoleRule Policy="Default" Role="SR_LD_CAGIP_DGC_BCR_OBD_DAA_externes" D2Id="-4" D0="C3122" D4Id="-501" />
	<SingleRoleRule Policy="Default" Role="SR_LD_CAGIP_DGC_BCR_OBD_OEF_internes" D2Id="-3" D0="C3123" D4Id="-501" />
	<SingleRoleRule Policy="Default" Role="SR_LD_CAGIP_DGC_BCR_OBD_OEF_externes" D2Id="-4" D0="C3123" D4Id="-501" />
	<SingleRoleRule Policy="Default" Role="SR_LD_CAGIP_DGC_BCR_OBD_CBP_internes" D2Id="-3" D0="C3124" D4Id="-501" />
	<SingleRoleRule Policy="Default" Role="SR_LD_CAGIP_DGC_BCR_OBD_CBP_externes" D2Id="-4" D0="C3124" D4Id="-501" />
	<SingleRoleRule Policy="Default" Role="SR_LD_CAGIP_DGC_BCR_OBD_ORM_internes" D2Id="-3" D0="C3125" D4Id="-501" />
	<SingleRoleRule Policy="Default" Role="SR_LD_CAGIP_DGC_BCR_OBD_ORM_externes" D2Id="-4" D0="C3125" D4Id="-501" />
	<SingleRoleRule Policy="Default" Role="SR_LD_CAGIP_DGC_BCR_PEX_internes" D2Id="-3" D0="C3126" D4Id="-501" />
	<SingleRoleRule Policy="Default" Role="SR_LD_CAGIP_DGC_BCR_PEX_externes" D2Id="-4" D0="C3126" D4Id="-501" />
	<SingleRoleRule Policy="Default" Role="SR_LD_CAGIP_DGC_BCR_PEX_ARC_internes" D2Id="-3" D0="C3127" D4Id="-501" />
	<SingleRoleRule Policy="Default" Role="SR_LD_CAGIP_DGC_BCR_PEX_ARC_externes" D2Id="-4" D0="C3127" D4Id="-501" />
	<SingleRoleRule Policy="Default" Role="SR_LD_CAGIP_DGC_BCR_PEX_EDP_internes" D2Id="-3" D0="C3128" D4Id="-501" />
	<SingleRoleRule Policy="Default" Role="SR_LD_CAGIP_DGC_BCR_PEX_EDP_externes" D2Id="-4" D0="C3128" D4Id="-501" />
	<SingleRoleRule Policy="Default" Role="SR_LD_CAGIP_DGC_BCR_PEX_TES_internes" D2Id="-3" D0="C3129" D4Id="-501" />
	<SingleRoleRule Policy="Default" Role="SR_LD_CAGIP_DGC_BCR_PEX_TES_externes" D2Id="-4" D0="C3129" D4Id="-501" />
	<SingleRoleRule Policy="Default" Role="SR_LD_CAGIP_DGC_BCR_BCC_internes" D2Id="-3" D0="C3130" D4Id="-501" />
	<SingleRoleRule Policy="Default" Role="SR_LD_CAGIP_DGC_BCR_BCC_externes" D2Id="-4" D0="C3130" D4Id="-501" />
	<SingleRoleRule Policy="Default" Role="SR_LD_CAGIP_DGC_BCR_BCC_REO_internes" D2Id="-3" D0="C3131" D4Id="-501" />
	<SingleRoleRule Policy="Default" Role="SR_LD_CAGIP_DGC_BCR_BCC_REO_externes" D2Id="-4" D0="C3131" D4Id="-501" />
	<SingleRoleRule Policy="Default" Role="SR_LD_CAGIP_DGC_BCR_BCC_PTC_internes" D2Id="-3" D0="C3132" D4Id="-501" />
	<SingleRoleRule Policy="Default" Role="SR_LD_CAGIP_DGC_BCR_BCC_PTC_externes" D2Id="-4" D0="C3132" D4Id="-501" />
	<SingleRoleRule Policy="Default" Role="SR_LD_CAGIP_DGC_BCR_BCC_QOS_internes" D2Id="-3" D0="C3133" D4Id="-501" />
	<SingleRoleRule Policy="Default" Role="SR_LD_CAGIP_DGC_BCR_BCC_QOS_externes" D2Id="-4" D0="C3133" D4Id="-501" />
	<SingleRoleRule Policy="Default" Role="SR_LD_CAGIP_DGC_BCR_BCC_SMN_internes" D2Id="-3" D0="C3134" D4Id="-501" />
	<SingleRoleRule Policy="Default" Role="SR_LD_CAGIP_DGC_BCR_BCC_SMN_externes" D2Id="-4" D0="C3134" D4Id="-501" />
	<SingleRoleRule Policy="Default" Role="SR_LD_CAGIP_DGC_BCR_MMP_internes" D2Id="-3" D0="C3135" D4Id="-501" />
	<SingleRoleRule Policy="Default" Role="SR_LD_CAGIP_DGC_BCR_MMP_externes" D2Id="-4" D0="C3135" D4Id="-501" />
	<SingleRoleRule Policy="Default" Role="SR_LD_CAGIP_DGC_BCR_MMP_SIA_internes" D2Id="-3" D0="C3136" D4Id="-501" />
	<SingleRoleRule Policy="Default" Role="SR_LD_CAGIP_DGC_BCR_MMP_SIA_externes" D2Id="-4" D0="C3136" D4Id="-501" />
	<SingleRoleRule Policy="Default" Role="SR_LD_CAGIP_DGC_BCR_MMP_PRT_internes" D2Id="-3" D0="C3137" D4Id="-501" />
	<SingleRoleRule Policy="Default" Role="SR_LD_CAGIP_DGC_BCR_MMP_PRT_externes" D2Id="-4" D0="C3137" D4Id="-501" />
	<SingleRoleRule Policy="Default" Role="SR_LD_CAGIP_DGC_BCR_MMP_MET_internes" D2Id="-3" D0="C3139" D4Id="-501" />
	<SingleRoleRule Policy="Default" Role="SR_LD_CAGIP_DGC_BCR_MMP_MET_externes" D2Id="-4" D0="C3139" D4Id="-501" />
	<SingleRoleRule Policy="Default" Role="SR_LD_CAGIP_DGC_BCR_MMP_BSI_internes" D2Id="-3" D0="C3138" D4Id="-501" />
	<SingleRoleRule Policy="Default" Role="SR_LD_CAGIP_DGC_BCR_MMP_BSI_externes" D2Id="-4" D0="C3138" D4Id="-501" />
</ConfigurationFile>
