﻿<ConfigurationFile xmlns="urn:schemas-usercube-com:configuration">
	<SingleRoleRule Policy="Default" Role="SR_PDTB_Mowe" D3Id="-356" />
	<SingleRoleRule Policy="Default" Role="SR_HID_ZOE" D2Id="-4" D3Id="-356" />
	<!-- <SingleRoleRule Policy="Default" Role="SR_HID_ZOE" D2Id="-3" D7Id="-18" D3Id="-356" /> -->
	
	<!-- Interdiction par localisation -->
	<SingleRoleRule Policy="Default" Role="SR_PDTB_Mowe" IsDenied="true" D8="23" />	
	<SingleRoleRule Policy="Default" Role="SR_PDTB_Mowe" IsDenied="true" D8="106" />	
	<SingleRoleRule Policy="Default" Role="SR_PDTB_Mowe" IsDenied="true" D8="107" />	
	<SingleRoleRule Policy="Default" Role="SR_PDTB_Mowe" IsDenied="true" D8="108" />	
	<SingleRoleRule Policy="Default" Role="SR_PDTB_Mowe" IsDenied="true" D8="109" />
	
	<SingleRoleRule Policy="Default" Role="SR_HID_ZOE" IsDenied="true" D8="23" />
	<SingleRoleRule Policy="Default" Role="SR_HID_ZOE" IsDenied="true" D8="106" />
	<SingleRoleRule Policy="Default" Role="SR_HID_ZOE" IsDenied="true" D8="107" />
	<SingleRoleRule Policy="Default" Role="SR_HID_ZOE" IsDenied="true" D8="108" />
	<SingleRoleRule Policy="Default" Role="SR_HID_ZOE" IsDenied="true" D8="109" />
	<!-- FIN Interdiction par localisation -->
</ConfigurationFile>
