﻿<ConfigurationFile xmlns="urn:schemas-usercube-com:configuration">
	<SingleRoleRule Policy="Default" Role="SR_LD_CAGIP_DGS_SRI_TCQ_Internes" D2Id="-3" D0="S3071" D3Id="-356" />
	<SingleRoleRule Policy="Default" Role="SR_LD_CAGIP_DGS_SRI_TCQ_Externes" D2Id="-4" D0="S3071" D3Id="-356" />
	<SingleRoleRule Policy="Default" Role="SR_LD_CAGIP_DGS_SRI_RXW_Internes" D2Id="-3" D0="S3068" D3Id="-356" />
	<SingleRoleRule Policy="Default" Role="SR_LD_CAGIP_DGS_SRI_RXW_Externes" D2Id="-4" D0="S3068" D3Id="-356" />
	<SingleRoleRule Policy="Default" Role="SR_LD_CAGIP_DGS_SRI_RXD_Internes" D2Id="-3" D0="S3067" D3Id="-356" />
	<SingleRoleRule Policy="Default" Role="SR_LD_CAGIP_DGS_SRI_RXD_Externes" D2Id="-4" D0="S3067" D3Id="-356" />
	<SingleRoleRule Policy="Default" Role="SR_LD_CAGIP_DGS_SRI_PRI_Internes" D2Id="-3" D0="S3066" D3Id="-356" />
	<SingleRoleRule Policy="Default" Role="SR_LD_CAGIP_DGS_SRI_PRI_Externes" D2Id="-4" D0="S3066" D3Id="-356" />
	<SingleRoleRule Policy="Default" Role="SR_LD_CAGIP_DGS_SRI_ISR_SDR_Internes" D2Id="-3" D0="S3070" D3Id="-356" />
	<SingleRoleRule Policy="Default" Role="SR_LD_CAGIP_DGS_SRI_ISR_SDR_Externes" D2Id="-4" D0="S3070" D3Id="-356" />
	<SingleRoleRule Policy="Default" Role="SR_LD_CAGIP_DGS_SRI_ISR_Internes" D2Id="-3" D0="S3069" D3Id="-356" />
	<SingleRoleRule Policy="Default" Role="SR_LD_CAGIP_DGS_SRI_ISR_Externes" D2Id="-4" D0="S3069" D3Id="-356" />
	<SingleRoleRule Policy="Default" Role="SR_LD_CAGIP_DGS_SPZ_SLM_Internes" D2Id="-3" D0="S3064" D3Id="-356" />
	<SingleRoleRule Policy="Default" Role="SR_LD_CAGIP_DGS_SPZ_SLM_Externes" D2Id="-4" D0="S3064" D3Id="-356" />
	<SingleRoleRule Policy="Default" Role="SR_LD_CAGIP_DGS_SPZ_SDM_Internes" D2Id="-3" D0="S3063" D3Id="-356" />
	<SingleRoleRule Policy="Default" Role="SR_LD_CAGIP_DGS_SPZ_SDM_Externes" D2Id="-4" D0="S3063" D3Id="-356" />
	<SingleRoleRule Policy="Default" Role="SR_LD_CAGIP_DGS_SPZ_PRZ_Internes" D2Id="-3" D0="S3062" D3Id="-356" />
	<SingleRoleRule Policy="Default" Role="SR_LD_CAGIP_DGS_SPZ_PRZ_Externes" D2Id="-4" D0="S3062" D3Id="-356" />
	<!-- <SingleRoleRule Policy="Default" Role="SR_LD_CAGIP_DGS_SPZ_FMZ_Internes" D2Id="-3" D0="S3060" D3Id="-356" /> -->
	<SingleRoleRule Policy="Default" Role="SR_LD_CAGIP_DGS_SPZ_FMZ_Externes" D2Id="-4" D0="S3060" D3Id="-356" />
	<SingleRoleRule Policy="Default" Role="SR_LD_CAGIP_DGS_SPZ_BDZ_Internes" D2Id="-3" D0="S3059" D3Id="-356" />
	<SingleRoleRule Policy="Default" Role="SR_LD_CAGIP_DGS_SPZ_BDZ_Externes" D2Id="-4" D0="S3059" D3Id="-356" />
	<SingleRoleRule Policy="Default" Role="SR_LD_CAGIP_DGS_SDW_UXS_UXP_Internes" D2Id="-3" D0="S3044" D3Id="-356" />
	<SingleRoleRule Policy="Default" Role="SR_LD_CAGIP_DGS_SDW_UXS_UXP_Externes" D2Id="-4" D0="S3044" D3Id="-356" />
	<SingleRoleRule Policy="Default" Role="SR_LD_CAGIP_DGS_SDW_UXS_Internes" D2Id="-3" D0="S3043" D3Id="-356" />
	<SingleRoleRule Policy="Default" Role="SR_LD_CAGIP_DGS_SDW_UXS_Externes" D2Id="-4" D0="S3043" D3Id="-356" />
	<SingleRoleRule Policy="Default" Role="SR_LD_CAGIP_DGS_SDW_SPU_SSD_INTERNES" D2Id="-3" D0="S3078" D3Id="-356" />
	<SingleRoleRule Policy="Default" Role="SR_LD_CAGIP_DGS_SDW_SPU_SSD_EXTERNES" D2Id="-4" D0="S3078" D3Id="-356" />
	<SingleRoleRule Policy="Default" Role="SR_LD_CAGIP_DGS_SDW_SPU_SGR_INTERNES" D2Id="-3" D0="S3076" D3Id="-356" />
	<SingleRoleRule Policy="Default" Role="SR_LD_CAGIP_DGS_SDW_SPU_SGR_EXTERNES" D2Id="-4" D0="S3076" D3Id="-356" />
	<SingleRoleRule Policy="Default" Role="SR_LD_CAGIP_DGS_SDW_SPU_SBO_Internes" D2Id="-3" D0="S3041" D3Id="-356" />
	<SingleRoleRule Policy="Default" Role="SR_LD_CAGIP_DGS_SDW_SPU_SBO_Externes" D2Id="-4" D0="S3041" D3Id="-356" />
	<!-- <SingleRoleRule Policy="Default" Role="SR_LD_CAGIP_DGS_SDW_SPU_SAO_Internes" D2Id="-3" D0="S3040" D3Id="-356" /> -->
	<!-- <SingleRoleRule Policy="Default" Role="SR_LD_CAGIP_DGS_SDW_SPU_SAO_Externes" D2Id="-4" D0="S3040" D3Id="-356" /> -->
	<SingleRoleRule Policy="Default" Role="SR_LD_CAGIP_DGS_SDW_SPU_S2P_INTERNES" D2Id="-3" D0="S3079" D3Id="-356" />
	<SingleRoleRule Policy="Default" Role="SR_LD_CAGIP_DGS_SDW_SPU_S2P_EXTERNES" D2Id="-4" D0="S3079" D3Id="-356" />
	<SingleRoleRule Policy="Default" Role="SR_LD_CAGIP_DGS_SDW_SPU_Internes" D2Id="-3" D0="S3039" D3Id="-356" />
	<SingleRoleRule Policy="Default" Role="SR_LD_CAGIP_DGS_SDW_SPU_Externes" D2Id="-4" D0="S3039" D3Id="-356" />
	<SingleRoleRule Policy="Default" Role="SR_LD_CAGIP_DGS_SDW_MMC_MOC_Internes" D2Id="-3" D0="S3037" D3Id="-356" />
	<SingleRoleRule Policy="Default" Role="SR_LD_CAGIP_DGS_SDW_MMC_MOC_Externes" D2Id="-4" D0="S3037" D3Id="-356" />
	<SingleRoleRule Policy="Default" Role="SR_LD_CAGIP_DGS_SDW_MMC_MOB_Internes" D2Id="-3" D0="S3036" D3Id="-356" />
	<SingleRoleRule Policy="Default" Role="SR_LD_CAGIP_DGS_SDW_MMC_MOB_Externes" D2Id="-4" D0="S3036" D3Id="-356" />
	<SingleRoleRule Policy="Default" Role="SR_LD_CAGIP_DGS_SDW_MMC_MAD_Internes" D2Id="-3" D0="S3038" D3Id="-356" />
	<SingleRoleRule Policy="Default" Role="SR_LD_CAGIP_DGS_SDW_MMC_MAD_Externes" D2Id="-4" D0="S3038" D3Id="-356" />
	<SingleRoleRule Policy="Default" Role="SR_LD_CAGIP_DGS_SDW_MMC_Internes" D2Id="-3" D0="S3035" D3Id="-356" />
	<SingleRoleRule Policy="Default" Role="SR_LD_CAGIP_DGS_SDW_MMC_Externes" D2Id="-4" D0="S3035" D3Id="-356" />
	<SingleRoleRule Policy="Default" Role="SR_LD_CAGIP_DGS_SDW_DWM_Internes" D2Id="-3" D0="S3080" D3Id="-356" />
	<SingleRoleRule Policy="Default" Role="SR_LD_CAGIP_DGS_SDW_DWM_Externes" D2Id="-4" D0="S3080" D3Id="-356" />
	<SingleRoleRule Policy="Default" Role="SR_LD_CAGIP_DGS_SDW_DIS_Internes" D2Id="-3" D0="S3028" D3Id="-356" />
	<SingleRoleRule Policy="Default" Role="SR_LD_CAGIP_DGS_SDW_DIS_Externes" D2Id="-4" D0="S3028" D3Id="-356" />
	<SingleRoleRule Policy="Default" Role="SR_LD_CAGIP_DGS_SDW_DIS_DVS_Internes" D2Id="-3" D0="S3032" D3Id="-356" />
	<SingleRoleRule Policy="Default" Role="SR_LD_CAGIP_DGS_SDW_DIS_DVS_Externes" D2Id="-4" D0="S3032" D3Id="-356" />
	<SingleRoleRule Policy="Default" Role="SR_LD_CAGIP_DGS_SDW_DIS_DSS_Internes" D2Id="-3" D0="S3033" D3Id="-356" />
	<SingleRoleRule Policy="Default" Role="SR_LD_CAGIP_DGS_SDW_DIS_DSS_Externes" D2Id="-4" D0="S3033" D3Id="-356" />
	<SingleRoleRule Policy="Default" Role="SR_LD_CAGIP_DGS_SDW_DIS_DHP_Internes" D2Id="-3" D0="S3034" D3Id="-356" />
	<SingleRoleRule Policy="Default" Role="SR_LD_CAGIP_DGS_SDW_DIS_DHP_Externes" D2Id="-4" D0="S3034" D3Id="-356" />
	<SingleRoleRule Policy="Default" Role="SR_LD_CAGIP_DGS_SDW_DIS_DCS_Internes" D2Id="-3" D0="S3031" D3Id="-356" />
	<SingleRoleRule Policy="Default" Role="SR_LD_CAGIP_DGS_SDW_DIS_DCS_Externes" D2Id="-4" D0="S3031" D3Id="-356" />
	<SingleRoleRule Policy="Default" Role="SR_LD_CAGIP_DGS_SDW_DIS_DAS_Internes" D2Id="-3" D0="S3029" D3Id="-356" />
	<SingleRoleRule Policy="Default" Role="SR_LD_CAGIP_DGS_SDW_DIS_DAS_Externes" D2Id="-4" D0="S3029" D3Id="-356" />
	<SingleRoleRule Policy="Default" Role="SR_LD_CAGIP_DGS_SDW_CTR_Internes" D2Id="-3" D0="S3025" D3Id="-356" />
	<SingleRoleRule Policy="Default" Role="SR_LD_CAGIP_DGS_SDW_CTR_Externes" D2Id="-4" D0="S3025" D3Id="-356" />
	<SingleRoleRule Policy="Default" Role="SR_LD_CAGIP_DGS_SDW_CTR_CTC_Internes" D2Id="-3" D0="S3027" D3Id="-356" />
	<SingleRoleRule Policy="Default" Role="SR_LD_CAGIP_DGS_SDW_CTR_CTC_Externes" D2Id="-4" D0="S3027" D3Id="-356" />
	<SingleRoleRule Policy="Default" Role="SR_LD_CAGIP_DGS_SDW_CTR_CMU_Internes" D2Id="-3" D0="S3026" D3Id="-356" />
	<SingleRoleRule Policy="Default" Role="SR_LD_CAGIP_DGS_SDW_CTR_CMU_Externes" D2Id="-4" D0="S3026" D3Id="-356" />
	<SingleRoleRule Policy="Default" Role="SR_LD_CAGIP_DGS_SDS_SUV_PPX_Internes" D2Id="-3" D0="S3023" D3Id="-356" />
	<SingleRoleRule Policy="Default" Role="SR_LD_CAGIP_DGS_SDS_SUV_PPX_Externes" D2Id="-4" D0="S3023" D3Id="-356" />
	<!-- <SingleRoleRule Policy="Default" Role="SR_LD_CAGIP_DGS_SDS_SUV_Internes" D2Id="-3" D0="S3021" D3Id="-356" /> -->
	<!-- <SingleRoleRule Policy="Default" Role="SR_LD_CAGIP_DGS_SDS_SUV_Externes" D2Id="-4" D0="S3021" D3Id="-356" /> -->
	<SingleRoleRule Policy="Default" Role="SR_LD_CAGIP_DGS_SDS_SUV_BEX_Internes" D2Id="-3" D0="S3022" D3Id="-356" />
	<!-- <SingleRoleRule Policy="Default" Role="SR_LD_CAGIP_DGS_SDS_SUV_BEX_Externes" D2Id="-4" D0="S3022" D3Id="-356" /> -->
	<!-- <SingleRoleRule Policy="Default" Role="SR_LD_CAGIP_DGS_SDS_DCR_MAR_Internes" D2Id="-3" D0="S3075" D3Id="-356" /> -->
	<!-- <SingleRoleRule Policy="Default" Role="SR_LD_CAGIP_DGS_SDS_DCR_MAR_Externes" D2Id="-4" D0="S3075" D3Id="-356" /> -->
	<SingleRoleRule Policy="Default" Role="SR_LD_CAGIP_DGS_SDS_DCR_Internes" D2Id="-3" D0="S3020" D3Id="-356" />
	<SingleRoleRule Policy="Default" Role="SR_LD_CAGIP_DGS_SDS_DCR_GRA_Internes" D2Id="-3" D0="S3073" D3Id="-356" />
	<SingleRoleRule Policy="Default" Role="SR_LD_CAGIP_DGS_SDS_DCR_GRA_Externes" D2Id="-4" D0="S3073" D3Id="-356" />
	<!-- <SingleRoleRule Policy="Default" Role="SR_LD_CAGIP_DGS_SDS_DCR_Externes" D2Id="-4" D0="S3020" D3Id="-356" /> -->
	<SingleRoleRule Policy="Default" Role="SR_LD_CAGIP_DGS_SDS_DCR_CHA_Internes" D2Id="-3" D0="S3074" D3Id="-356" />
	<SingleRoleRule Policy="Default" Role="SR_LD_CAGIP_DGS_SDS_DCR_CHA_Externes" D2Id="-4" D0="S3074" D3Id="-356" />
	<SingleRoleRule Policy="Default" Role="SR_LD_CAGIP_DGS_RIS_Internes" D2Id="-3" D0="S3002" D3Id="-356" />
	<SingleRoleRule Policy="Default" Role="SR_LD_CAGIP_DGS_RIS_FTC_Internes" D2Id="-3" D0="S3005" D3Id="-356" />
	<SingleRoleRule Policy="Default" Role="SR_LD_CAGIP_DGS_RIS_FTC_Externes" D2Id="-4" D0="S3005" D3Id="-356" />
	<SingleRoleRule Policy="Default" Role="SR_LD_CAGIP_DGS_RIS_FSO_Internes" D2Id="-3" D0="S3003" D3Id="-356" />
	<SingleRoleRule Policy="Default" Role="SR_LD_CAGIP_DGS_RIS_FSO_Externes" D2Id="-4" D0="S3003" D3Id="-356" />
	<SingleRoleRule Policy="Default" Role="SR_LD_CAGIP_DGS_RIS_FMI_Internes" D2Id="-3" D0="S3004" D3Id="-356" />
	<SingleRoleRule Policy="Default" Role="SR_LD_CAGIP_DGS_RIS_FMI_Externes" D2Id="-4" D0="S3004" D3Id="-356" />
	<SingleRoleRule Policy="Default" Role="SR_LD_CAGIP_DGS_RIS_Externes" D2Id="-4" D0="S3002" D3Id="-356" />
	<SingleRoleRule Policy="Default" Role="SR_LD_CAGIP_DGS_QPS_SQO_QLO_Internes" D2Id="-3" D0="S3012" D3Id="-356" />
	<SingleRoleRule Policy="Default" Role="SR_LD_CAGIP_DGS_QPS_SQO_QLO_Externes" D2Id="-4" D0="S3012" D3Id="-356" />
	<SingleRoleRule Policy="Default" Role="SR_LD_CAGIP_DGS_QPS_PCP_PRP_Internes" D2Id="-3" D0="S3009" D3Id="-356" />
	<SingleRoleRule Policy="Default" Role="SR_LD_CAGIP_DGS_QPS_PCP_PRP_Externes" D2Id="-4" D0="S3009" D3Id="-356" />
	<SingleRoleRule Policy="Default" Role="SR_LD_CAGIP_DGS_QPS_PCP_CPL_Internes" D2Id="-3" D0="S3008" D3Id="-356" />
	<SingleRoleRule Policy="Default" Role="SR_LD_CAGIP_DGS_QPS_PCP_CPL_Externes" D2Id="-4" D0="S3008" D3Id="-356" />
	<SingleRoleRule Policy="Default" Role="SR_LD_CAGIP_DGS_OPN_WCV_Internes" D2Id="-3" D0="S3057" D3Id="-356" />
	<SingleRoleRule Policy="Default" Role="SR_LD_CAGIP_DGS_OPN_WCV_Externes" D2Id="-4" D0="S3057" D3Id="-356" />
	<SingleRoleRule Policy="Default" Role="SR_LD_CAGIP_DGS_OPN_UNX_Internes" D2Id="-3" D0="S3056" D3Id="-356" />
	<SingleRoleRule Policy="Default" Role="SR_LD_CAGIP_DGS_OPN_UNX_Externes" D2Id="-4" D0="S3056" D3Id="-356" />
	<SingleRoleRule Policy="Default" Role="SR_LD_CAGIP_DGS_OPN_SKS_Internes" D2Id="-3" D0="S3055" D3Id="-356" />
	<SingleRoleRule Policy="Default" Role="SR_LD_CAGIP_DGS_OPN_SKS_Externes" D2Id="-4" D0="S3055" D3Id="-356" />
	<SingleRoleRule Policy="Default" Role="SR_LD_CAGIP_DGS_OPN_OPR_Internes" D2Id="-3" D0="S3052" D3Id="-356" />
	<SingleRoleRule Policy="Default" Role="SR_LD_CAGIP_DGS_OPN_OPR_Externes" D2Id="-4" D0="S3052" D3Id="-356" />
	<SingleRoleRule Policy="Default" Role="SR_LD_CAGIP_DGS_OPN_MWR_Internes" D2Id="-3" D0="S3051" D3Id="-356" />
	<SingleRoleRule Policy="Default" Role="SR_LD_CAGIP_DGS_OPN_MWR_Externes" D2Id="-4" D0="S3051" D3Id="-356" />
	<SingleRoleRule Policy="Default" Role="SR_LD_CAGIP_DGS_OPN_GBD_Internes" D2Id="-3" D0="S3054" D3Id="-356" />
	<SingleRoleRule Policy="Default" Role="SR_LD_CAGIP_DGS_OPN_GBD_Externes" D2Id="-4" D0="S3054" D3Id="-356" />
	<SingleRoleRule Policy="Default" Role="SR_LD_CAGIP_DGS_OPN_DPC_Internes" D2Id="-3" D0="S3050" D3Id="-356" />
	<SingleRoleRule Policy="Default" Role="SR_LD_CAGIP_DGS_OPN_DPC_Externes" D2Id="-4" D0="S3050" D3Id="-356" />
	<SingleRoleRule Policy="Default" Role="SR_LD_CAGIP_DGS_CYB_SEO_INTERNES" D2Id="-3" D0="S3081" D3Id="-356" />
	<SingleRoleRule Policy="Default" Role="SR_LD_CAGIP_DGS_CYB_SEO_Externes" D2Id="-4" D0="S3081" D3Id="-356" />
	<SingleRoleRule Policy="Default" Role="SR_LD_CAGIP_DGS_CYB_RSL_INTERNES" D2Id="-3" D0="S3083" D3Id="-356" />
	<SingleRoleRule Policy="Default" Role="SR_LD_CAGIP_DGS_CYB_RSL_EXTERNES" D2Id="-4" D0="S3083" D3Id="-356" />
	<SingleRoleRule Policy="Default" Role="SR_LD_CAGIP_DGS_CYB_PST_INTERNES" D2Id="-3" D0="S3082" D3Id="-356" />
	<SingleRoleRule Policy="Default" Role="SR_LD_CAGIP_DGS_CYB_PST_EXTERNES" D2Id="-4" D0="S3082" D3Id="-356" />
	<SingleRoleRule Policy="Default" Role="SR_LD_CAGIP_DGS_CYB_IGA_Internes" D2Id="-3" D0="S3084" D3Id="-356" />
	<SingleRoleRule Policy="Default" Role="SR_LD_CAGIP_DGS_CYB_IGA_Externes" D2Id="-4" D0="S3084" D3Id="-356" />
	<SingleRoleRule Policy="Default" Role="SR_LD_CAGIP_DGS_CYB_HAB_Internes" D2Id="-3" D0="S3015" D3Id="-356" />
	<SingleRoleRule Policy="Default" Role="SR_LD_CAGIP_DGS_CYB_HAB_Externes" D2Id="-4" D0="S3015" D3Id="-356" />
	<SingleRoleRule Policy="Default" Role="SR_LD_CAGIP_DGS_CYB_COS_Internes" D2Id="-3" D0="S3018" D3Id="-356" />
	<SingleRoleRule Policy="Default" Role="SR_LD_CAGIP_DGS_CYB_COS_Externes" D2Id="-4" D0="S3018" D3Id="-356" />
	
	<!-- Copie des LDD pour les Migrés ZOE -->
	<SingleRoleRule Policy="Default" Role="SR_LD_CAGIP_DGS_SRI_TCQ_Internes" D2Id="-3" D0="S3071" D4Id="-501" />
	<SingleRoleRule Policy="Default" Role="SR_LD_CAGIP_DGS_SRI_TCQ_Externes" D2Id="-4" D0="S3071" D4Id="-501" />
	<SingleRoleRule Policy="Default" Role="SR_LD_CAGIP_DGS_SRI_RXW_Internes" D2Id="-3" D0="S3068" D4Id="-501" />
	<SingleRoleRule Policy="Default" Role="SR_LD_CAGIP_DGS_SRI_RXW_Externes" D2Id="-4" D0="S3068" D4Id="-501" />
	<SingleRoleRule Policy="Default" Role="SR_LD_CAGIP_DGS_SRI_RXD_Internes" D2Id="-3" D0="S3067" D4Id="-501" />
	<SingleRoleRule Policy="Default" Role="SR_LD_CAGIP_DGS_SRI_RXD_Externes" D2Id="-4" D0="S3067" D4Id="-501" />
	<SingleRoleRule Policy="Default" Role="SR_LD_CAGIP_DGS_SRI_PRI_Internes" D2Id="-3" D0="S3066" D4Id="-501" />
	<SingleRoleRule Policy="Default" Role="SR_LD_CAGIP_DGS_SRI_PRI_Externes" D2Id="-4" D0="S3066" D4Id="-501" />
	<SingleRoleRule Policy="Default" Role="SR_LD_CAGIP_DGS_SRI_ISR_SDR_Internes" D2Id="-3" D0="S3070" D4Id="-501" />
	<SingleRoleRule Policy="Default" Role="SR_LD_CAGIP_DGS_SRI_ISR_SDR_Externes" D2Id="-4" D0="S3070" D4Id="-501" />
	<SingleRoleRule Policy="Default" Role="SR_LD_CAGIP_DGS_SRI_ISR_Internes" D2Id="-3" D0="S3069" D4Id="-501" />
	<SingleRoleRule Policy="Default" Role="SR_LD_CAGIP_DGS_SRI_ISR_Externes" D2Id="-4" D0="S3069" D4Id="-501" />
	<SingleRoleRule Policy="Default" Role="SR_LD_CAGIP_DGS_SPZ_SLM_Internes" D2Id="-3" D0="S3064" D4Id="-501" />
	<SingleRoleRule Policy="Default" Role="SR_LD_CAGIP_DGS_SPZ_SLM_Externes" D2Id="-4" D0="S3064" D4Id="-501" />
	<SingleRoleRule Policy="Default" Role="SR_LD_CAGIP_DGS_SPZ_SDM_Internes" D2Id="-3" D0="S3063" D4Id="-501" />
	<SingleRoleRule Policy="Default" Role="SR_LD_CAGIP_DGS_SPZ_SDM_Externes" D2Id="-4" D0="S3063" D4Id="-501" />
	<SingleRoleRule Policy="Default" Role="SR_LD_CAGIP_DGS_SPZ_PRZ_Internes" D2Id="-3" D0="S3062" D4Id="-501" />
	<SingleRoleRule Policy="Default" Role="SR_LD_CAGIP_DGS_SPZ_PRZ_Externes" D2Id="-4" D0="S3062" D4Id="-501" />
	<!-- <SingleRoleRule Policy="Default" Role="SR_LD_CAGIP_DGS_SPZ_FMZ_Internes" D2Id="-3" D0="S3060" D4Id="-501" /> -->
	<SingleRoleRule Policy="Default" Role="SR_LD_CAGIP_DGS_SPZ_FMZ_Externes" D2Id="-4" D0="S3060" D4Id="-501" />
	<SingleRoleRule Policy="Default" Role="SR_LD_CAGIP_DGS_SPZ_BDZ_Internes" D2Id="-3" D0="S3059" D4Id="-501" />
	<SingleRoleRule Policy="Default" Role="SR_LD_CAGIP_DGS_SPZ_BDZ_Externes" D2Id="-4" D0="S3059" D4Id="-501" />
	<SingleRoleRule Policy="Default" Role="SR_LD_CAGIP_DGS_SDW_UXS_UXP_Internes" D2Id="-3" D0="S3044" D4Id="-501" />
	<SingleRoleRule Policy="Default" Role="SR_LD_CAGIP_DGS_SDW_UXS_UXP_Externes" D2Id="-4" D0="S3044" D4Id="-501" />
	<SingleRoleRule Policy="Default" Role="SR_LD_CAGIP_DGS_SDW_UXS_Internes" D2Id="-3" D0="S3043" D4Id="-501" />
	<SingleRoleRule Policy="Default" Role="SR_LD_CAGIP_DGS_SDW_UXS_Externes" D2Id="-4" D0="S3043" D4Id="-501" />
	<SingleRoleRule Policy="Default" Role="SR_LD_CAGIP_DGS_SDW_SPU_SSD_INTERNES" D2Id="-3" D0="S3078" D4Id="-501" />
	<SingleRoleRule Policy="Default" Role="SR_LD_CAGIP_DGS_SDW_SPU_SSD_EXTERNES" D2Id="-4" D0="S3078" D4Id="-501" />
	<SingleRoleRule Policy="Default" Role="SR_LD_CAGIP_DGS_SDW_SPU_SGR_INTERNES" D2Id="-3" D0="S3076" D4Id="-501" />
	<SingleRoleRule Policy="Default" Role="SR_LD_CAGIP_DGS_SDW_SPU_SGR_EXTERNES" D2Id="-4" D0="S3076" D4Id="-501" />
	<SingleRoleRule Policy="Default" Role="SR_LD_CAGIP_DGS_SDW_SPU_SBO_Internes" D2Id="-3" D0="S3041" D4Id="-501" />
	<SingleRoleRule Policy="Default" Role="SR_LD_CAGIP_DGS_SDW_SPU_SBO_Externes" D2Id="-4" D0="S3041" D4Id="-501" />
	<!-- <SingleRoleRule Policy="Default" Role="SR_LD_CAGIP_DGS_SDW_SPU_SAO_Internes" D2Id="-3" D0="S3040" D4Id="-501" /> -->
	<!-- <SingleRoleRule Policy="Default" Role="SR_LD_CAGIP_DGS_SDW_SPU_SAO_Externes" D2Id="-4" D0="S3040" D4Id="-501" /> -->
	<SingleRoleRule Policy="Default" Role="SR_LD_CAGIP_DGS_SDW_SPU_S2P_INTERNES" D2Id="-3" D0="S3079" D4Id="-501" />
	<SingleRoleRule Policy="Default" Role="SR_LD_CAGIP_DGS_SDW_SPU_S2P_EXTERNES" D2Id="-4" D0="S3079" D4Id="-501" />
	<SingleRoleRule Policy="Default" Role="SR_LD_CAGIP_DGS_SDW_SPU_Internes" D2Id="-3" D0="S3039" D4Id="-501" />
	<SingleRoleRule Policy="Default" Role="SR_LD_CAGIP_DGS_SDW_SPU_Externes" D2Id="-4" D0="S3039" D4Id="-501" />
	<SingleRoleRule Policy="Default" Role="SR_LD_CAGIP_DGS_SDW_MMC_MOC_Internes" D2Id="-3" D0="S3037" D4Id="-501" />
	<SingleRoleRule Policy="Default" Role="SR_LD_CAGIP_DGS_SDW_MMC_MOC_Externes" D2Id="-4" D0="S3037" D4Id="-501" />
	<SingleRoleRule Policy="Default" Role="SR_LD_CAGIP_DGS_SDW_MMC_MOB_Internes" D2Id="-3" D0="S3036" D4Id="-501" />
	<SingleRoleRule Policy="Default" Role="SR_LD_CAGIP_DGS_SDW_MMC_MOB_Externes" D2Id="-4" D0="S3036" D4Id="-501" />
	<SingleRoleRule Policy="Default" Role="SR_LD_CAGIP_DGS_SDW_MMC_MAD_Internes" D2Id="-3" D0="S3038" D4Id="-501" />
	<SingleRoleRule Policy="Default" Role="SR_LD_CAGIP_DGS_SDW_MMC_MAD_Externes" D2Id="-4" D0="S3038" D4Id="-501" />
	<SingleRoleRule Policy="Default" Role="SR_LD_CAGIP_DGS_SDW_MMC_Internes" D2Id="-3" D0="S3035" D4Id="-501" />
	<SingleRoleRule Policy="Default" Role="SR_LD_CAGIP_DGS_SDW_MMC_Externes" D2Id="-4" D0="S3035" D4Id="-501" />
	<SingleRoleRule Policy="Default" Role="SR_LD_CAGIP_DGS_SDW_DWM_Internes" D2Id="-3" D0="S3080" D4Id="-501" />
	<SingleRoleRule Policy="Default" Role="SR_LD_CAGIP_DGS_SDW_DWM_Externes" D2Id="-4" D0="S3080" D4Id="-501" />
	<SingleRoleRule Policy="Default" Role="SR_LD_CAGIP_DGS_SDW_DIS_Internes" D2Id="-3" D0="S3028" D4Id="-501" />
	<SingleRoleRule Policy="Default" Role="SR_LD_CAGIP_DGS_SDW_DIS_Externes" D2Id="-4" D0="S3028" D4Id="-501" />
	<SingleRoleRule Policy="Default" Role="SR_LD_CAGIP_DGS_SDW_DIS_DVS_Internes" D2Id="-3" D0="S3032" D4Id="-501" />
	<SingleRoleRule Policy="Default" Role="SR_LD_CAGIP_DGS_SDW_DIS_DVS_Externes" D2Id="-4" D0="S3032" D4Id="-501" />
	<SingleRoleRule Policy="Default" Role="SR_LD_CAGIP_DGS_SDW_DIS_DSS_Internes" D2Id="-3" D0="S3033" D4Id="-501" />
	<SingleRoleRule Policy="Default" Role="SR_LD_CAGIP_DGS_SDW_DIS_DSS_Externes" D2Id="-4" D0="S3033" D4Id="-501" />
	<SingleRoleRule Policy="Default" Role="SR_LD_CAGIP_DGS_SDW_DIS_DHP_Internes" D2Id="-3" D0="S3034" D4Id="-501" />
	<SingleRoleRule Policy="Default" Role="SR_LD_CAGIP_DGS_SDW_DIS_DHP_Externes" D2Id="-4" D0="S3034" D4Id="-501" />
	<SingleRoleRule Policy="Default" Role="SR_LD_CAGIP_DGS_SDW_DIS_DCS_Internes" D2Id="-3" D0="S3031" D4Id="-501" />
	<SingleRoleRule Policy="Default" Role="SR_LD_CAGIP_DGS_SDW_DIS_DCS_Externes" D2Id="-4" D0="S3031" D4Id="-501" />
	<SingleRoleRule Policy="Default" Role="SR_LD_CAGIP_DGS_SDW_DIS_DAS_Internes" D2Id="-3" D0="S3029" D4Id="-501" />
	<SingleRoleRule Policy="Default" Role="SR_LD_CAGIP_DGS_SDW_DIS_DAS_Externes" D2Id="-4" D0="S3029" D4Id="-501" />
	<SingleRoleRule Policy="Default" Role="SR_LD_CAGIP_DGS_SDW_CTR_Internes" D2Id="-3" D0="S3025" D4Id="-501" />
	<SingleRoleRule Policy="Default" Role="SR_LD_CAGIP_DGS_SDW_CTR_Externes" D2Id="-4" D0="S3025" D4Id="-501" />
	<SingleRoleRule Policy="Default" Role="SR_LD_CAGIP_DGS_SDW_CTR_CTC_Internes" D2Id="-3" D0="S3027" D4Id="-501" />
	<SingleRoleRule Policy="Default" Role="SR_LD_CAGIP_DGS_SDW_CTR_CTC_Externes" D2Id="-4" D0="S3027" D4Id="-501" />
	<SingleRoleRule Policy="Default" Role="SR_LD_CAGIP_DGS_SDW_CTR_CMU_Internes" D2Id="-3" D0="S3026" D4Id="-501" />
	<SingleRoleRule Policy="Default" Role="SR_LD_CAGIP_DGS_SDW_CTR_CMU_Externes" D2Id="-4" D0="S3026" D4Id="-501" />
	<SingleRoleRule Policy="Default" Role="SR_LD_CAGIP_DGS_SDS_SUV_PPX_Internes" D2Id="-3" D0="S3023" D4Id="-501" />
	<SingleRoleRule Policy="Default" Role="SR_LD_CAGIP_DGS_SDS_SUV_PPX_Externes" D2Id="-4" D0="S3023" D4Id="-501" />
	<!-- <SingleRoleRule Policy="Default" Role="SR_LD_CAGIP_DGS_SDS_SUV_Internes" D2Id="-3" D0="S3021" D4Id="-501" /> -->
	<!-- <SingleRoleRule Policy="Default" Role="SR_LD_CAGIP_DGS_SDS_SUV_Externes" D2Id="-4" D0="S3021" D4Id="-501" /> -->
	<SingleRoleRule Policy="Default" Role="SR_LD_CAGIP_DGS_SDS_SUV_BEX_Internes" D2Id="-3" D0="S3022" D4Id="-501" />
	<!-- <SingleRoleRule Policy="Default" Role="SR_LD_CAGIP_DGS_SDS_SUV_BEX_Externes" D2Id="-4" D0="S3022" D4Id="-501" /> -->
	<!-- <SingleRoleRule Policy="Default" Role="SR_LD_CAGIP_DGS_SDS_DCR_MAR_Internes" D2Id="-3" D0="S3075" D4Id="-501" /> -->
	<!-- <SingleRoleRule Policy="Default" Role="SR_LD_CAGIP_DGS_SDS_DCR_MAR_Externes" D2Id="-4" D0="S3075" D4Id="-501" /> -->
	<SingleRoleRule Policy="Default" Role="SR_LD_CAGIP_DGS_SDS_DCR_Internes" D2Id="-3" D0="S3020" D4Id="-501" />
	<SingleRoleRule Policy="Default" Role="SR_LD_CAGIP_DGS_SDS_DCR_GRA_Internes" D2Id="-3" D0="S3073" D4Id="-501" />
	<SingleRoleRule Policy="Default" Role="SR_LD_CAGIP_DGS_SDS_DCR_GRA_Externes" D2Id="-4" D0="S3073" D4Id="-501" />
	<!-- <SingleRoleRule Policy="Default" Role="SR_LD_CAGIP_DGS_SDS_DCR_Externes" D2Id="-4" D0="S3020" D4Id="-501" /> -->
	<SingleRoleRule Policy="Default" Role="SR_LD_CAGIP_DGS_SDS_DCR_CHA_Internes" D2Id="-3" D0="S3074" D4Id="-501" />
	<SingleRoleRule Policy="Default" Role="SR_LD_CAGIP_DGS_SDS_DCR_CHA_Externes" D2Id="-4" D0="S3074" D4Id="-501" />
	<SingleRoleRule Policy="Default" Role="SR_LD_CAGIP_DGS_RIS_Internes" D2Id="-3" D0="S3002" D4Id="-501" />
	<SingleRoleRule Policy="Default" Role="SR_LD_CAGIP_DGS_RIS_FTC_Internes" D2Id="-3" D0="S3005" D4Id="-501" />
	<SingleRoleRule Policy="Default" Role="SR_LD_CAGIP_DGS_RIS_FTC_Externes" D2Id="-4" D0="S3005" D4Id="-501" />
	<SingleRoleRule Policy="Default" Role="SR_LD_CAGIP_DGS_RIS_FSO_Internes" D2Id="-3" D0="S3003" D4Id="-501" />
	<SingleRoleRule Policy="Default" Role="SR_LD_CAGIP_DGS_RIS_FSO_Externes" D2Id="-4" D0="S3003" D4Id="-501" />
	<SingleRoleRule Policy="Default" Role="SR_LD_CAGIP_DGS_RIS_FMI_Internes" D2Id="-3" D0="S3004" D4Id="-501" />
	<SingleRoleRule Policy="Default" Role="SR_LD_CAGIP_DGS_RIS_FMI_Externes" D2Id="-4" D0="S3004" D4Id="-501" />
	<SingleRoleRule Policy="Default" Role="SR_LD_CAGIP_DGS_RIS_Externes" D2Id="-4" D0="S3002" D4Id="-501" />
	<SingleRoleRule Policy="Default" Role="SR_LD_CAGIP_DGS_QPS_SQO_QLO_Internes" D2Id="-3" D0="S3012" D4Id="-501" />
	<SingleRoleRule Policy="Default" Role="SR_LD_CAGIP_DGS_QPS_SQO_QLO_Externes" D2Id="-4" D0="S3012" D4Id="-501" />
	<SingleRoleRule Policy="Default" Role="SR_LD_CAGIP_DGS_QPS_PCP_PRP_Internes" D2Id="-3" D0="S3009" D4Id="-501" />
	<SingleRoleRule Policy="Default" Role="SR_LD_CAGIP_DGS_QPS_PCP_PRP_Externes" D2Id="-4" D0="S3009" D4Id="-501" />
	<SingleRoleRule Policy="Default" Role="SR_LD_CAGIP_DGS_QPS_PCP_CPL_Internes" D2Id="-3" D0="S3008" D4Id="-501" />
	<SingleRoleRule Policy="Default" Role="SR_LD_CAGIP_DGS_QPS_PCP_CPL_Externes" D2Id="-4" D0="S3008" D4Id="-501" />
	<SingleRoleRule Policy="Default" Role="SR_LD_CAGIP_DGS_OPN_WCV_Internes" D2Id="-3" D0="S3057" D4Id="-501" />
	<SingleRoleRule Policy="Default" Role="SR_LD_CAGIP_DGS_OPN_WCV_Externes" D2Id="-4" D0="S3057" D4Id="-501" />
	<SingleRoleRule Policy="Default" Role="SR_LD_CAGIP_DGS_OPN_UNX_Internes" D2Id="-3" D0="S3056" D4Id="-501" />
	<SingleRoleRule Policy="Default" Role="SR_LD_CAGIP_DGS_OPN_UNX_Externes" D2Id="-4" D0="S3056" D4Id="-501" />
	<SingleRoleRule Policy="Default" Role="SR_LD_CAGIP_DGS_OPN_SKS_Internes" D2Id="-3" D0="S3055" D4Id="-501" />
	<SingleRoleRule Policy="Default" Role="SR_LD_CAGIP_DGS_OPN_SKS_Externes" D2Id="-4" D0="S3055" D4Id="-501" />
	<SingleRoleRule Policy="Default" Role="SR_LD_CAGIP_DGS_OPN_OPR_Internes" D2Id="-3" D0="S3052" D4Id="-501" />
	<SingleRoleRule Policy="Default" Role="SR_LD_CAGIP_DGS_OPN_OPR_Externes" D2Id="-4" D0="S3052" D4Id="-501" />
	<SingleRoleRule Policy="Default" Role="SR_LD_CAGIP_DGS_OPN_MWR_Internes" D2Id="-3" D0="S3051" D4Id="-501" />
	<SingleRoleRule Policy="Default" Role="SR_LD_CAGIP_DGS_OPN_MWR_Externes" D2Id="-4" D0="S3051" D4Id="-501" />
	<SingleRoleRule Policy="Default" Role="SR_LD_CAGIP_DGS_OPN_GBD_Internes" D2Id="-3" D0="S3054" D4Id="-501" />
	<SingleRoleRule Policy="Default" Role="SR_LD_CAGIP_DGS_OPN_GBD_Externes" D2Id="-4" D0="S3054" D4Id="-501" />
	<SingleRoleRule Policy="Default" Role="SR_LD_CAGIP_DGS_OPN_DPC_Internes" D2Id="-3" D0="S3050" D4Id="-501" />
	<SingleRoleRule Policy="Default" Role="SR_LD_CAGIP_DGS_OPN_DPC_Externes" D2Id="-4" D0="S3050" D4Id="-501" />
	<SingleRoleRule Policy="Default" Role="SR_LD_CAGIP_DGS_CYB_SEO_INTERNES" D2Id="-3" D0="S3081" D4Id="-501" />
	<SingleRoleRule Policy="Default" Role="SR_LD_CAGIP_DGS_CYB_SEO_Externes" D2Id="-4" D0="S3081" D4Id="-501" />
	<SingleRoleRule Policy="Default" Role="SR_LD_CAGIP_DGS_CYB_RSL_INTERNES" D2Id="-3" D0="S3083" D4Id="-501" />
	<SingleRoleRule Policy="Default" Role="SR_LD_CAGIP_DGS_CYB_RSL_EXTERNES" D2Id="-4" D0="S3083" D4Id="-501" />
	<SingleRoleRule Policy="Default" Role="SR_LD_CAGIP_DGS_CYB_PST_INTERNES" D2Id="-3" D0="S3082" D4Id="-501" />
	<SingleRoleRule Policy="Default" Role="SR_LD_CAGIP_DGS_CYB_PST_EXTERNES" D2Id="-4" D0="S3082" D4Id="-501" />
	<SingleRoleRule Policy="Default" Role="SR_LD_CAGIP_DGS_CYB_IGA_Internes" D2Id="-3" D0="S3084" D4Id="-501" />
	<SingleRoleRule Policy="Default" Role="SR_LD_CAGIP_DGS_CYB_IGA_Externes" D2Id="-4" D0="S3084" D4Id="-501" />
	<SingleRoleRule Policy="Default" Role="SR_LD_CAGIP_DGS_CYB_HAB_Internes" D2Id="-3" D0="S3015" D4Id="-501" />
	<SingleRoleRule Policy="Default" Role="SR_LD_CAGIP_DGS_CYB_HAB_Externes" D2Id="-4" D0="S3015" D4Id="-501" />
	<SingleRoleRule Policy="Default" Role="SR_LD_CAGIP_DGS_CYB_COS_Internes" D2Id="-3" D0="S3018" D4Id="-501" />
	<SingleRoleRule Policy="Default" Role="SR_LD_CAGIP_DGS_CYB_COS_Externes" D2Id="-4" D0="S3018" D4Id="-501" />
</ConfigurationFile>
