﻿<ConfigurationFile xmlns="urn:schemas-usercube-com:configuration">
	<SingleRoleRule Policy="Default" Role="SR_LD_CAGIP_Vaison_Internes" D2Id="-3" D3Id="-356" D9="VAISON LA ROMAINE" />
	<SingleRoleRule Policy="Default" Role="SR_LD_CAGIP_Vaison_Externes" D2Id="-4" D3Id="-356" D9="VAISON LA ROMAINE" />
	<SingleRoleRule Policy="Default" Role="SR_LD_CAGIP_SQY_Internes" D2Id="-3" D3Id="-356" D9="GUYANCOURT" />
	<SingleRoleRule Policy="Default" Role="SR_LD_CAGIP_SQY_Externes" D2Id="-4" D3Id="-356" D9="GUYANCOURT" />
	<SingleRoleRule Policy="Default" Role="SR_LD_CAGIP_Rodez_Internes" D2Id="-3" D3Id="-356" D9="BOZOULS" />
	<SingleRoleRule Policy="Default" Role="SR_LD_CAGIP_Rodez_Externes" D2Id="-4" D3Id="-356" D9="BOZOULS" />
	<SingleRoleRule Policy="Default" Role="SR_LD_CAGIP_Pau_Internes" D2Id="-3" D3Id="-356" D9="SERRES CASTETE" />
	<SingleRoleRule Policy="Default" Role="SR_LD_CAGIP_Pau_Externes" D2Id="-4" D3Id="-356" D9="SERRES CASTETE" />
	<SingleRoleRule Policy="Default" Role="SR_LD_CAGIP_Paris_Internes" D2Id="-3" D3Id="-356" D9="PARIS" />
	<SingleRoleRule Policy="Default" Role="SR_LD_CAGIP_PARIS_EXTERNES" D2Id="-4" D3Id="-356" D9="PARIS" />
	<SingleRoleRule Policy="Default" Role="SR_LD_CAGIP_Orleans_Internes" D2Id="-3" D3Id="-356" D9="SAINT JEAN DE BRAYE" />
	<SingleRoleRule Policy="Default" Role="SR_LD_CAGIP_Orleans_Externes" D2Id="-4" D3Id="-356" D9="SAINT JEAN DE BRAYE" />
	<SingleRoleRule Policy="Default" Role="SR_LD_CAGIP_Nantes_Internes" D2Id="-3" D3Id="-356" D9="NANTES" />
	<SingleRoleRule Policy="Default" Role="SR_LD_CAGIP_Nantes_Externes" D2Id="-4" D3Id="-356" D9="NANTES" />
	<SingleRoleRule Policy="Default" Role="SR_LD_CAGIP_Nancy_Internes" D2Id="-3" D3Id="-356" D9="LAXOU" />
	<SingleRoleRule Policy="Default" Role="SR_LD_CAGIP_Nancy_Externes" D2Id="-4" D3Id="-356" D9="LAXOU" />
	<SingleRoleRule Policy="Default" Role="SR_LD_CAGIP_Montrouge_Internes" D2Id="-3" D3Id="-356" D9="MONTROUGE" />
	<SingleRoleRule Policy="Default" Role="SR_LD_CAGIP_Montrouge_Externes" D2Id="-4" D3Id="-356" D9="MONTROUGE" />
	<SingleRoleRule Policy="Default" Role="SR_LD_CAGIP_Montpellier_Internes" D2Id="-3" D3Id="-356" D9="MAUGUIO" />
	<SingleRoleRule Policy="Default" Role="SR_LD_CAGIP_Montpellier_Externes" D2Id="-4" D3Id="-356" D9="MAUGUIO" />
	<SingleRoleRule Policy="Default" Role="SR_LD_CAGIP_Lyon_Internes" D2Id="-3" D3Id="-356" D9="LIMONEST" />
	<SingleRoleRule Policy="Default" Role="SR_LD_CAGIP_Lyon_Externes" D2Id="-4" D3Id="-356" D9="LIMONEST" />
	<SingleRoleRule Policy="Default" Role="SR_LD_CAGIP_Lille_Internes" D2Id="-3" D3Id="-356" D9="LILLE" />
	<SingleRoleRule Policy="Default" Role="SR_LD_CAGIP_Lille_Externes" D2Id="-4" D3Id="-356" D9="LILLE" />
	<SingleRoleRule Policy="Default" Role="SR_LD_CAGIP_Gradignan_Internes" D2Id="-3" D3Id="-356" D9="GRADIGNAN" />
	<SingleRoleRule Policy="Default" Role="SR_LD_CAGIP_Gradignan_Externes" D2Id="-4" D3Id="-356" D9="GRADIGNAN" />
	<SingleRoleRule Policy="Default" Role="SR_LD_CAGIP_Clermont_Internes" D2Id="-3" D3Id="-356" D9="CLERMONT FERRAND" />
	<SingleRoleRule Policy="Default" Role="SR_LD_CAGIP_Clermont_Externes" D2Id="-4" D3Id="-356" D9="CLERMONT FERRAND" />
	<SingleRoleRule Policy="Default" Role="SR_LD_CAGIP_Chartres_Internes" D2Id="-3" D3Id="-356" D9="MAINVILLIERS" />
	<SingleRoleRule Policy="Default" Role="SR_LD_CAGIP_Chartres_Internes" D2Id="-3" D3Id="-356" D9="FONTAINE LA GUYON" />
	<SingleRoleRule Policy="Default" Role="SR_LD_CAGIP_Chartres_Externes" D2Id="-4" D3Id="-356" D9="MAINVILLIERS" />
	<SingleRoleRule Policy="Default" Role="SR_LD_CAGIP_Chartres_Externes" D2Id="-4" D3Id="-356" D9="FONTAINE LA GUYON" />
	<SingleRoleRule Policy="Default" Role="SR_LD_CAGIP_Annecy_Internes" D2Id="-3" D3Id="-356" D9="ANNECY" />
	<SingleRoleRule Policy="Default" Role="SR_LD_CAGIP_Annecy_Externes" D2Id="-4" D3Id="-356" D9="ANNECY" />
	
	<!-- Copie des LDD pour les Migrés ZOE -->
	<SingleRoleRule Policy="Default" Role="SR_LD_CAGIP_Vaison_Internes" D2Id="-3" D4Id="-501" D9="VAISON LA ROMAINE" />
	<SingleRoleRule Policy="Default" Role="SR_LD_CAGIP_Vaison_Externes" D2Id="-4" D4Id="-501" D9="VAISON LA ROMAINE" />
	<SingleRoleRule Policy="Default" Role="SR_LD_CAGIP_SQY_Internes" D2Id="-3" D4Id="-501" D9="GUYANCOURT" />
	<SingleRoleRule Policy="Default" Role="SR_LD_CAGIP_SQY_Externes" D2Id="-4" D4Id="-501" D9="GUYANCOURT" />
	<SingleRoleRule Policy="Default" Role="SR_LD_CAGIP_Rodez_Internes" D2Id="-3" D4Id="-501" D9="BOZOULS" />
	<SingleRoleRule Policy="Default" Role="SR_LD_CAGIP_Rodez_Externes" D2Id="-4" D4Id="-501" D9="BOZOULS" />
	<SingleRoleRule Policy="Default" Role="SR_LD_CAGIP_Pau_Internes" D2Id="-3" D4Id="-501" D9="SERRES CASTETE" />
	<SingleRoleRule Policy="Default" Role="SR_LD_CAGIP_Pau_Externes" D2Id="-4" D4Id="-501" D9="SERRES CASTETE" />
	<SingleRoleRule Policy="Default" Role="SR_LD_CAGIP_Paris_Internes" D2Id="-3" D4Id="-501" D9="PARIS" />
	<SingleRoleRule Policy="Default" Role="SR_LD_CAGIP_PARIS_EXTERNES" D2Id="-4" D4Id="-501" D9="PARIS" />
	<SingleRoleRule Policy="Default" Role="SR_LD_CAGIP_Orleans_Internes" D2Id="-3" D4Id="-501" D9="SAINT JEAN DE BRAYE" />
	<SingleRoleRule Policy="Default" Role="SR_LD_CAGIP_Orleans_Externes" D2Id="-4" D4Id="-501" D9="SAINT JEAN DE BRAYE" />
	<SingleRoleRule Policy="Default" Role="SR_LD_CAGIP_Nantes_Internes" D2Id="-3" D4Id="-501" D9="NANTES" />
	<SingleRoleRule Policy="Default" Role="SR_LD_CAGIP_Nantes_Externes" D2Id="-4" D4Id="-501" D9="NANTES" />
	<SingleRoleRule Policy="Default" Role="SR_LD_CAGIP_Nancy_Internes" D2Id="-3" D4Id="-501" D9="LAXOU" />
	<SingleRoleRule Policy="Default" Role="SR_LD_CAGIP_Nancy_Externes" D2Id="-4" D4Id="-501" D9="LAXOU" />
	<SingleRoleRule Policy="Default" Role="SR_LD_CAGIP_Montrouge_Internes" D2Id="-3" D4Id="-501" D9="MONTROUGE" />
	<SingleRoleRule Policy="Default" Role="SR_LD_CAGIP_Montrouge_Externes" D2Id="-4" D4Id="-501" D9="MONTROUGE" />
	<SingleRoleRule Policy="Default" Role="SR_LD_CAGIP_Montpellier_Internes" D2Id="-3" D4Id="-501" D9="MAUGUIO" />
	<SingleRoleRule Policy="Default" Role="SR_LD_CAGIP_Montpellier_Externes" D2Id="-4" D4Id="-501" D9="MAUGUIO" />
	<SingleRoleRule Policy="Default" Role="SR_LD_CAGIP_Lyon_Internes" D2Id="-3" D4Id="-501" D9="LIMONEST" />
	<SingleRoleRule Policy="Default" Role="SR_LD_CAGIP_Lyon_Externes" D2Id="-4" D4Id="-501" D9="LIMONEST" />
	<SingleRoleRule Policy="Default" Role="SR_LD_CAGIP_Lille_Internes" D2Id="-3" D4Id="-501" D9="LILLE" />
	<SingleRoleRule Policy="Default" Role="SR_LD_CAGIP_Lille_Externes" D2Id="-4" D4Id="-501" D9="LILLE" />
	<SingleRoleRule Policy="Default" Role="SR_LD_CAGIP_Gradignan_Internes" D2Id="-3" D4Id="-501" D9="GRADIGNAN" />
	<SingleRoleRule Policy="Default" Role="SR_LD_CAGIP_Gradignan_Externes" D2Id="-4" D4Id="-501" D9="GRADIGNAN" />
	<SingleRoleRule Policy="Default" Role="SR_LD_CAGIP_Clermont_Internes" D2Id="-3" D4Id="-501" D9="CLERMONT FERRAND" />
	<SingleRoleRule Policy="Default" Role="SR_LD_CAGIP_Clermont_Externes" D2Id="-4" D4Id="-501" D9="CLERMONT FERRAND" />
	<SingleRoleRule Policy="Default" Role="SR_LD_CAGIP_Chartres_Internes" D2Id="-3" D4Id="-501" D9="MAINVILLIERS" />
	<SingleRoleRule Policy="Default" Role="SR_LD_CAGIP_Chartres_Internes" D2Id="-3" D4Id="-501" D9="FONTAINE LA GUYON" />
	<SingleRoleRule Policy="Default" Role="SR_LD_CAGIP_Chartres_Externes" D2Id="-4" D4Id="-501" D9="MAINVILLIERS" />
	<SingleRoleRule Policy="Default" Role="SR_LD_CAGIP_Chartres_Externes" D2Id="-4" D4Id="-501" D9="FONTAINE LA GUYON" />
	<SingleRoleRule Policy="Default" Role="SR_LD_CAGIP_Annecy_Internes" D2Id="-3" D4Id="-501" D9="ANNECY" />
	<SingleRoleRule Policy="Default" Role="SR_LD_CAGIP_Annecy_Externes" D2Id="-4" D4Id="-501" D9="ANNECY" />
</ConfigurationFile>
