﻿<ConfigurationFile xmlns="urn:schemas-usercube-com:configuration">
	<SingleRoleRule Policy="Default" Type="Suggested" Role="SR_IPHONE_Orange_France_Standard" D2Id="-3" D3Id="-356" D0="T3005" />
	<SingleRoleRule Policy="Default" Type="Suggested" Role="SR_IPHONE_SFR_France_Standard" D2Id="-3" D3Id="-356" D0="T3014" />
	<SingleRoleRule Policy="Default" Type="Suggested" Role="SR_IPHONE_Orange_France_Standard" D2Id="-3" D3Id="-356" D0="T3020" />
	<SingleRoleRule Policy="Default" Type="Suggested" Role="SR_SAMSUNG_Orange_France_Standard" D2Id="-3" D3Id="-356" D0="T3020" />
	<SingleRoleRule Policy="Default" Type="Suggested" Role="SR_IPHONE_Orange_France_Standard" D2Id="-3" D3Id="-356" D0="T3018" />
	<SingleRoleRule Policy="Default" Type="Suggested" Role="SR_SAMSUNG_SFR_France_Standard" D2Id="-3" D3Id="-356" D0="T3018" />
	<SingleRoleRule Policy="Default" Type="Suggested" Role="SR_IPHONE_Orange_France_Standard" D2Id="-3" D3Id="-356" D0="T3019" />
	<SingleRoleRule Policy="Default" Type="Suggested" Role="SR_SAMSUNG_Orange_France_Standard" D2Id="-3" D3Id="-356" D0="T3019" />
	<SingleRoleRule Policy="Default" Type="Suggested" Role="SR_SAMSUNG_SFR_France_Standard" D2Id="-3" D3Id="-356" D0="T3019" />
	<SingleRoleRule Policy="Default" Type="Suggested" Role="SR_IPHONE_Orange_France_Standard" D2Id="-3" D3Id="-356" D0="T3021" />
	<SingleRoleRule Policy="Default" Type="Suggested" Role="SR_IPHONE_Orange_France_Standard" D2Id="-3" D3Id="-356" D0="T3013" />
	<SingleRoleRule Policy="Default" Type="Suggested" Role="SR_IPHONE_SFR_France_Standard" D2Id="-3" D3Id="-356" D0="T3013" />
	<SingleRoleRule Policy="Default" Type="Suggested" Role="SR_IPHONE_Orange_France_Standard" D2Id="-3" D3Id="-356" D0="T3017" />
	<SingleRoleRule Policy="Default" Type="Suggested" Role="SR_SAMSUNG_Orange_France_Standard" D2Id="-3" D3Id="-356" D0="T3017" />
	<SingleRoleRule Policy="Default" Type="Suggested" Role="SR_IPHONE_Orange_France_Standard" D2Id="-3" D3Id="-356" D0="T3012" />
	<SingleRoleRule Policy="Default" Type="Suggested" Role="SR_IPHONE_Orange_France_Standard" D2Id="-3" D3Id="-356" D0="T3016" />
	<SingleRoleRule Policy="Default" Type="Suggested" Role="SR_IPHONE_Orange_France_Standard" D2Id="-3" D3Id="-356" D0="T3008" />
	<SingleRoleRule Policy="Default" Type="Suggested" Role="SR_IPHONE_SFR_France_Standard" D2Id="-3" D3Id="-356" D0="T3008" />
	<SingleRoleRule Policy="Default" Type="Suggested" Role="SR_IPHONE_Orange_France_Standard" D2Id="-3" D3Id="-356" D0="T3022" />
	<SingleRoleRule Policy="Default" Type="Suggested" Role="SR_SAMSUNG_Orange_France_Standard" D2Id="-3" D3Id="-356" D0="T3022" />
	<SingleRoleRule Policy="Default" Type="Suggested" Role="SR_SAMSUNG_SFR_France_Standard" D2Id="-3" D3Id="-356" D0="T3022" />
	<SingleRoleRule Policy="Default" Type="Suggested" Role="SR_IPHONE_Orange_France_Standard" D2Id="-3" D3Id="-356" D0="T3007" />
	<SingleRoleRule Policy="Default" Type="Suggested" Role="SR_IPHONE_Orange_France_Standard" D2Id="-3" D3Id="-356" D0="T3010" />
	<SingleRoleRule Policy="Default" Type="Suggested" Role="SR_IPHONE_Orange_France_Standard" D2Id="-3" D3Id="-356" D0="T3002" />
	<SingleRoleRule Policy="Default" Type="Suggested" Role="SR_IPHONE_SFR_France_Standard" D2Id="-3" D3Id="-356" D0="T3002" />
	<SingleRoleRule Policy="Default" Type="Suggested" Role="SR_IPHONE_Orange_France_Standard" D2Id="-3" D3Id="-356" D0="T3003" />
</ConfigurationFile>
