﻿<ConfigurationFile xmlns="urn:schemas-usercube-com:configuration">
	<SingleRoleRule Policy="Default" Type="Suggested" Role="SR_IPHONE_Orange_France_Standard" D2Id="-3" D3Id="-356" D0="C3045" />
	<SingleRoleRule Policy="Default" Type="Suggested" Role="SR_SAMSUNG_Orange_France_Standard" D2Id="-3" D3Id="-356" D0="C3065" />
	<SingleRoleRule Policy="Default" Type="Suggested" Role="SR_SAMSUNG_SFR_France_Standard" D2Id="-3" D3Id="-356" D0="C3083" />
	<SingleRoleRule Policy="Default" Type="Suggested" Role="SR_SAMSUNG_SFR_France_Standard" D2Id="-3" D3Id="-356" D0="C3087" />
	<SingleRoleRule Policy="Default" Type="Suggested" Role="SR_IPHONE_SFR_France_Standard" D2Id="-3" D3Id="-356" D0="C3088" />
	<SingleRoleRule Policy="Default" Type="Suggested" Role="SR_SAMSUNG_SFR_France_Standard" D2Id="-3" D3Id="-356" D0="C3088" />
	<SingleRoleRule Policy="Default" Type="Suggested" Role="SR_IPHONE_Orange_France_Standard" D2Id="-3" D3Id="-356" D0="C3002" />
	<SingleRoleRule Policy="Default" Type="Suggested" Role="SR_IPHONE_Orange_France_Standard" D2Id="-3" D3Id="-356" D0="C3036" />
	<SingleRoleRule Policy="Default" Type="Suggested" Role="SR_SAMSUNG_Orange_France_Standard" D2Id="-3" D3Id="-356" D0="C3036" />
	<SingleRoleRule Policy="Default" Type="Suggested" Role="SR_IPHONE_SFR_France_Standard" D2Id="-3" D3Id="-356" D0="C3071" />
	<SingleRoleRule Policy="Default" Type="Suggested" Role="SR_SAMSUNG_Orange_France_Standard" D2Id="-3" D3Id="-356" D0="C3074" />
	<SingleRoleRule Policy="Default" Type="Suggested" Role="SR_IPHONE_Orange_France_Standard" D2Id="-3" D3Id="-356" D0="C3079" />
	<SingleRoleRule Policy="Default" Type="Suggested" Role="SR_IPHONE_SFR_France_Standard" D2Id="-3" D3Id="-356" D0="C3023" />
	<SingleRoleRule Policy="Default" Type="Suggested" Role="SR_IPHONE_Orange_France_Standard" D2Id="-3" D3Id="-356" D0="C3035" />
	<SingleRoleRule Policy="Default" Type="Suggested" Role="SR_IPHONE_SFR_France_Standard" D2Id="-3" D3Id="-356" D0="C3039" />
	<SingleRoleRule Policy="Default" Type="Suggested" Role="SR_IPHONE_SFR_France_Standard" D2Id="-3" D3Id="-356" D0="C3056" />
	<SingleRoleRule Policy="Default" Type="Suggested" Role="SR_SAMSUNG_SFR_France_Standard" D2Id="-3" D3Id="-356" D0="C3062" />
	<SingleRoleRule Policy="Default" Type="Suggested" Role="SR_IPHONE_Orange_France_Standard" D2Id="-3" D3Id="-356" D0="C3010" />
	<SingleRoleRule Policy="Default" Type="Suggested" Role="SR_IPHONE_Orange_France_Standard" D2Id="-3" D3Id="-356" D0="C3015" />
	<SingleRoleRule Policy="Default" Type="Suggested" Role="SR_IPHONE_SFR_France_Standard" D2Id="-3" D3Id="-356" D0="C3015" />
	<SingleRoleRule Policy="Default" Type="Suggested" Role="SR_IPHONE_Orange_France_Standard" D2Id="-3" D3Id="-356" D0="C3026" />
	<SingleRoleRule Policy="Default" Type="Suggested" Role="SR_SAMSUNG_SFR_France_Standard" D2Id="-3" D3Id="-356" D0="C3029" />
	<SingleRoleRule Policy="Default" Type="Suggested" Role="SR_IPHONE_SFR_France_Standard" D2Id="-3" D3Id="-356" D0="C3034" />
	<SingleRoleRule Policy="Default" Type="Suggested" Role="SR_SAMSUNG_Orange_France_Standard" D2Id="-3" D3Id="-356" D0="C3072" />
	<SingleRoleRule Policy="Default" Type="Suggested" Role="SR_IPHONE_Orange_France_Standard" D2Id="-3" D3Id="-356" D0="C3105" />
	<SingleRoleRule Policy="Default" Type="Suggested" Role="SR_SAMSUNG_Orange_France_Standard" D2Id="-3" D3Id="-356" D0="C3105" />
	<SingleRoleRule Policy="Default" Type="Suggested" Role="SR_SAMSUNG_Orange_France_Standard" D2Id="-3" D3Id="-356" D0="C3075" />
	<SingleRoleRule Policy="Default" Type="Suggested" Role="SR_IPHONE_Orange_France_Standard" D2Id="-3" D3Id="-356" D0="C3004" />
	<SingleRoleRule Policy="Default" Type="Suggested" Role="SR_IPHONE_SFR_France_Standard" D2Id="-3" D3Id="-356" D0="C3004" />
	<SingleRoleRule Policy="Default" Type="Suggested" Role="SR_IPHONE_Orange_France_Standard" D2Id="-3" D3Id="-356" D0="C3016" />
	<SingleRoleRule Policy="Default" Type="Suggested" Role="SR_IPHONE_Orange_France_Standard" D2Id="-3" D3Id="-356" D0="C3032" />
	<SingleRoleRule Policy="Default" Type="Suggested" Role="SR_IPHONE_Orange_France_Standard" D2Id="-3" D3Id="-356" D0="C3046" />
	<SingleRoleRule Policy="Default" Type="Suggested" Role="SR_SAMSUNG_Orange_France_Standard" D2Id="-3" D3Id="-356" D0="C3066" />
	<SingleRoleRule Policy="Default" Type="Suggested" Role="SR_IPHONE_SFR_France_Standard" D2Id="-3" D3Id="-356" D0="C3089" />
	<SingleRoleRule Policy="Default" Type="Suggested" Role="SR_IPHONE_Orange_France_Standard" D2Id="-3" D3Id="-356" D0="C3092" />
	<SingleRoleRule Policy="Default" Type="Suggested" Role="SR_IPHONE_Orange_France_Standard" D2Id="-3" D3Id="-356" D0="C3096" />
	<SingleRoleRule Policy="Default" Type="Suggested" Role="SR_IPHONE_Orange_France_Standard" D2Id="-3" D3Id="-356" D0="C3012" />
	<SingleRoleRule Policy="Default" Type="Suggested" Role="SR_IPHONE_Orange_France_Standard" D2Id="-3" D3Id="-356" D0="C3044" />
	<SingleRoleRule Policy="Default" Type="Suggested" Role="SR_SAMSUNG_SFR_France_Standard" D2Id="-3" D3Id="-356" D0="C3085" />
	<SingleRoleRule Policy="Default" Type="Suggested" Role="SR_IPHONE_Orange_France_Standard" D2Id="-3" D3Id="-356" D0="C3008" />
	<SingleRoleRule Policy="Default" Type="Suggested" Role="SR_IPHONE_Orange_France_Standard" D2Id="-3" D3Id="-356" D0="C3041" />
	<SingleRoleRule Policy="Default" Type="Suggested" Role="SR_SAMSUNG_SFR_France_Standard" D2Id="-3" D3Id="-356" D0="C3058" />
	<SingleRoleRule Policy="Default" Type="Suggested" Role="SR_SAMSUNG_Orange_France_Standard" D2Id="-3" D3Id="-356" D0="C3067" />
	<SingleRoleRule Policy="Default" Type="Suggested" Role="SR_SAMSUNG_Orange_France_Standard" D2Id="-3" D3Id="-356" D0="C3078" />
	<SingleRoleRule Policy="Default" Type="Suggested" Role="SR_SAMSUNG_SFR_France_Standard" D2Id="-3" D3Id="-356" D0="C3078" />
	<SingleRoleRule Policy="Default" Type="Suggested" Role="SR_IPHONE_Orange_France_Standard" D2Id="-3" D3Id="-356" D0="C3093" />
	<SingleRoleRule Policy="Default" Type="Suggested" Role="SR_IPHONE_SFR_France_Standard" D2Id="-3" D3Id="-356" D0="C3093" />
	<SingleRoleRule Policy="Default" Type="Suggested" Role="SR_IPHONE_SFR_France_Standard" D2Id="-3" D3Id="-356" D0="C3098" />
	<SingleRoleRule Policy="Default" Type="Suggested" Role="SR_IPHONE_Orange_France_Standard" D2Id="-3" D3Id="-356" D0="C3099" />
	<SingleRoleRule Policy="Default" Type="Suggested" Role="SR_SAMSUNG_SFR_France_Standard" D2Id="-3" D3Id="-356" D0="C3099" />
	<SingleRoleRule Policy="Default" Type="Suggested" Role="SR_SAMSUNG_Orange_France_Standard" D2Id="-3" D3Id="-356" D0="C3100" />
	<SingleRoleRule Policy="Default" Type="Suggested" Role="SR_IPHONE_Orange_France_Standard" D2Id="-3" D3Id="-356" D0="C3104" />
	<SingleRoleRule Policy="Default" Type="Suggested" Role="SR_IPHONE_Orange_France_Standard" D2Id="-3" D3Id="-356" D0="C3014" />
	<SingleRoleRule Policy="Default" Type="Suggested" Role="SR_IPHONE_Orange_France_Standard" D2Id="-3" D3Id="-356" D0="C3038" />
	<SingleRoleRule Policy="Default" Type="Suggested" Role="SR_SAMSUNG_SFR_France_Standard" D2Id="-3" D3Id="-356" D0="C3086" />
	<SingleRoleRule Policy="Default" Type="Suggested" Role="SR_IPHONE_Orange_France_Standard" D2Id="-3" D3Id="-356" D0="C3005" />
	<SingleRoleRule Policy="Default" Type="Suggested" Role="SR_IPHONE_Orange_France_Standard" D2Id="-3" D3Id="-356" D0="C3007" />
	<SingleRoleRule Policy="Default" Type="Suggested" Role="SR_SAMSUNG_Orange_France_Standard" D2Id="-3" D3Id="-356" D0="C3009" />
	<SingleRoleRule Policy="Default" Type="Suggested" Role="SR_SAMSUNG_SFR_France_Standard" D2Id="-3" D3Id="-356" D0="C3030" />
	<SingleRoleRule Policy="Default" Type="Suggested" Role="SR_IPHONE_SFR_France_Standard" D2Id="-3" D3Id="-356" D0="C3077" />
	<SingleRoleRule Policy="Default" Type="Suggested" Role="SR_IPHONE_SFR_France_Standard" D2Id="-3" D3Id="-356" D0="C3080" />
	<SingleRoleRule Policy="Default" Type="Suggested" Role="SR_IPHONE_Orange_France_Standard" D2Id="-3" D3Id="-356" D0="C3081" />
	<SingleRoleRule Policy="Default" Type="Suggested" Role="SR_IPHONE_SFR_France_Standard" D2Id="-3" D3Id="-356" D0="C3091" />
	<SingleRoleRule Policy="Default" Type="Suggested" Role="SR_IPHONE_Orange_France_Standard" D2Id="-3" D3Id="-356" D0="C3003" />
	<SingleRoleRule Policy="Default" Type="Suggested" Role="SR_SAMSUNG_Orange_France_Standard" D2Id="-3" D3Id="-356" D0="C3110" />
	<SingleRoleRule Policy="Default" Type="Suggested" Role="SR_IPHONE_Orange_France_Standard" D2Id="-3" D3Id="-356" D0="C3019" />
	<SingleRoleRule Policy="Default" Type="Suggested" Role="SR_IPHONE_SFR_France_Standard" D2Id="-3" D3Id="-356" D0="C3021" />
	<SingleRoleRule Policy="Default" Type="Suggested" Role="SR_SAMSUNG_SFR_France_Standard" D2Id="-3" D3Id="-356" D0="C3021" />
	<SingleRoleRule Policy="Default" Type="Suggested" Role="SR_SAMSUNG_SFR_France_Standard" D2Id="-3" D3Id="-356" D0="C3028" />
	<SingleRoleRule Policy="Default" Type="Suggested" Role="SR_IPHONE_Orange_France_Standard" D2Id="-3" D3Id="-356" D0="C3031" />
	<SingleRoleRule Policy="Default" Type="Suggested" Role="SR_IPHONE_SFR_France_Standard" D2Id="-3" D3Id="-356" D0="C3031" />
	<SingleRoleRule Policy="Default" Type="Suggested" Role="SR_IPHONE_Orange_France_Standard" D2Id="-3" D3Id="-356" D0="C3037" />
	<SingleRoleRule Policy="Default" Type="Suggested" Role="SR_IPHONE_Orange_France_Standard" D2Id="-3" D3Id="-356" D0="C3042" />
	<SingleRoleRule Policy="Default" Type="Suggested" Role="SR_IPHONE_Orange_France_Standard" D2Id="-3" D3Id="-356" D0="C3043" />
	<SingleRoleRule Policy="Default" Type="Suggested" Role="SR_SAMSUNG_SFR_France_Standard" D2Id="-3" D3Id="-356" D0="C3059" />
	<SingleRoleRule Policy="Default" Type="Suggested" Role="SR_SAMSUNG_SFR_France_Standard" D2Id="-3" D3Id="-356" D0="C3060" />
	<SingleRoleRule Policy="Default" Type="Suggested" Role="SR_SAMSUNG_SFR_France_Standard" D2Id="-3" D3Id="-356" D0="C3063" />
	<SingleRoleRule Policy="Default" Type="Suggested" Role="SR_SAMSUNG_SFR_France_Standard" D2Id="-3" D3Id="-356" D0="C3064" />
	<SingleRoleRule Policy="Default" Type="Suggested" Role="SR_IPHONE_SFR_France_Standard" D2Id="-3" D3Id="-356" D0="C3090" />
	<SingleRoleRule Policy="Default" Type="Suggested" Role="SR_IPHONE_Orange_France_Standard" D2Id="-3" D3Id="-356" D0="C3018" />
	<SingleRoleRule Policy="Default" Type="Suggested" Role="SR_SAMSUNG_SFR_France_Standard" D2Id="-3" D3Id="-356" D0="C3052" />
	<SingleRoleRule Policy="Default" Type="Suggested" Role="SR_SAMSUNG_SFR_France_Standard" D2Id="-3" D3Id="-356" D0="C3057" />
	<SingleRoleRule Policy="Default" Type="Suggested" Role="SR_SAMSUNG_SFR_France_Standard" D2Id="-3" D3Id="-356" D0="C3061" />
	<SingleRoleRule Policy="Default" Type="Suggested" Role="SR_SAMSUNG_SFR_France_Standard" D2Id="-3" D3Id="-356" D0="C3068" />
	<SingleRoleRule Policy="Default" Type="Suggested" Role="SR_IPHONE_Orange_France_Standard" D2Id="-3" D3Id="-356" D0="C3102" />
	<SingleRoleRule Policy="Default" Type="Suggested" Role="SR_SAMSUNG_SFR_France_Standard" D2Id="-3" D3Id="-356" D0="C3050" />
	<SingleRoleRule Policy="Default" Type="Suggested" Role="SR_SAMSUNG_SFR_France_Standard" D2Id="-3" D3Id="-356" D0="C3054" />
	<SingleRoleRule Policy="Default" Type="Suggested" Role="SR_IPHONE_SFR_France_Standard" D2Id="-3" D3Id="-356" D0="C3055" />
	<SingleRoleRule Policy="Default" Type="Suggested" Role="SR_SAMSUNG_SFR_France_Standard" D2Id="-3" D3Id="-356" D0="C3055" />
	<SingleRoleRule Policy="Default" Type="Suggested" Role="SR_SAMSUNG_Orange_France_Standard" D2Id="-3" D3Id="-356" D0="C3070" />
	<SingleRoleRule Policy="Default" Type="Suggested" Role="SR_IPHONE_SFR_France_Standard" D2Id="-3" D3Id="-356" D0="C3082" />
	<SingleRoleRule Policy="Default" Type="Suggested" Role="SR_IPHONE_Orange_France_Standard" D2Id="-3" D3Id="-356" D0="C3006" />
	<SingleRoleRule Policy="Default" Type="Suggested" Role="SR_IPHONE_Orange_France_Standard" D2Id="-3" D3Id="-356" D0="C3020" />
	<SingleRoleRule Policy="Default" Type="Suggested" Role="SR_IPHONE_Orange_France_Standard" D2Id="-3" D3Id="-356" D0="C3049" />
	<SingleRoleRule Policy="Default" Type="Suggested" Role="SR_SAMSUNG_SFR_France_Standard" D2Id="-3" D3Id="-356" D0="C3049" />
	<SingleRoleRule Policy="Default" Type="Suggested" Role="SR_IPHONE_SFR_France_Standard" D2Id="-3" D3Id="-356" D0="C3076" />
	<SingleRoleRule Policy="Default" Type="Suggested" Role="SR_SAMSUNG_Orange_France_Standard" D2Id="-3" D3Id="-356" D0="C3076" />
	<SingleRoleRule Policy="Default" Type="Suggested" Role="SR_SAMSUNG_SFR_France_Standard" D2Id="-3" D3Id="-356" D0="C3076" />
	<SingleRoleRule Policy="Default" Type="Suggested" Role="SR_SAMSUNG_SFR_France_Standard" D2Id="-3" D3Id="-356" D0="C3084" />
	<SingleRoleRule Policy="Default" Type="Suggested" Role="SR_IPHONE_Orange_France_Standard" D2Id="-3" D3Id="-356" D0="C3097" />
	<SingleRoleRule Policy="Default" Type="Suggested" Role="SR_IPHONE_SFR_France_Standard" D2Id="-3" D3Id="-356" D0="C3097" />
	<SingleRoleRule Policy="Default" Type="Suggested" Role="SR_IPHONE_SFR_France_Standard" D2Id="-3" D3Id="-356" D0="C3107" />
	<SingleRoleRule Policy="Default" Type="Suggested" Role="SR_SAMSUNG_SFR_France_Standard" D2Id="-3" D3Id="-356" D0="C3107" />
	<SingleRoleRule Policy="Default" Type="Suggested" Role="SR_IPHONE_Orange_France_Standard" D2Id="-3" D3Id="-356" D0="C3024" />
	<SingleRoleRule Policy="Default" Type="Suggested" Role="SR_SAMSUNG_SFR_France_Standard" D2Id="-3" D3Id="-356" D0="C3025" />
	<SingleRoleRule Policy="Default" Type="Suggested" Role="SR_IPHONE_Orange_France_Standard" D2Id="-3" D3Id="-356" D0="C3040" />
	<SingleRoleRule Policy="Default" Type="Suggested" Role="SR_SAMSUNG_Orange_France_Standard" D2Id="-3" D3Id="-356" D0="C3040" />
	<SingleRoleRule Policy="Default" Type="Suggested" Role="SR_SAMSUNG_SFR_France_Standard" D2Id="-3" D3Id="-356" D0="C3053" />
	<SingleRoleRule Policy="Default" Type="Suggested" Role="SR_SAMSUNG_Orange_France_Standard" D2Id="-3" D3Id="-356" D0="C3073" />
	<SingleRoleRule Policy="Default" Type="Suggested" Role="SR_SAMSUNG_Orange_France_Standard" D2Id="-3" D3Id="-356" D0="C3017" />
	<SingleRoleRule Policy="Default" Type="Suggested" Role="SR_SAMSUNG_SFR_France_Standard" D2Id="-3" D3Id="-356" D0="C3027" />
	<SingleRoleRule Policy="Default" Type="Suggested" Role="SR_IPHONE_Orange_France_Standard" D2Id="-3" D3Id="-356" D0="C3033" />
	<SingleRoleRule Policy="Default" Type="Suggested" Role="SR_SAMSUNG_Orange_France_Standard" D2Id="-3" D3Id="-356" D0="C3047" />
	<SingleRoleRule Policy="Default" Type="Suggested" Role="SR_SAMSUNG_Orange_France_Standard" D2Id="-3" D3Id="-356" D0="C3048" />
	<SingleRoleRule Policy="Default" Type="Suggested" Role="SR_SAMSUNG_SFR_France_Standard" D2Id="-3" D3Id="-356" D0="C3051" />
	<SingleRoleRule Policy="Default" Type="Suggested" Role="SR_SAMSUNG_Orange_France_Standard" D2Id="-3" D3Id="-356" D0="C3069" />
</ConfigurationFile>
