﻿<ConfigurationFile xmlns="urn:schemas-usercube-com:configuration">
	<SingleRoleRule Policy="Default" Type="Suggested" Role="T300500_COF_M_Charge_Conformite" D0="T3005" />
	<SingleRoleRule Policy="Default" Type="Suggested" Role="T300500_COF_M_DPO_Unique" D0="T3005" />
	<SingleRoleRule Policy="Default" Type="Suggested" Role="T300500_COF_M_Responsable_Anti_Fraude_unique" D0="T3005" />
	<SingleRoleRule Policy="Default" Type="Suggested" Role="T300500_COF_M_Responsable_equipe_unique" D0="T3005" />
	<SingleRoleRule Policy="Default" Type="Suggested" Role="T301300_MGH_M_Assistant_RH" D0="T3013" />
	<SingleRoleRule Policy="Default" Type="Suggested" Role="T301300_MGH_M_Gestionaire_RH" D0="T3013" />
	<SingleRoleRule Policy="Default" Type="Suggested" Role="T301300_MGH_M_Recruteur" D0="T3013" />
	<SingleRoleRule Policy="Default" Type="Suggested" Role="T301300_MGH_M_Responsable_RH" D0="T3013" />
	<SingleRoleRule Policy="Default" Type="Suggested" Role="6675900_RCP_Role-de-base" D0="T3017" />
	<SingleRoleRule Policy="Default" Type="Suggested" Role="T301400_PFD_M_Chargée_RSE" D0="T3014" />
	<SingleRoleRule Policy="Default" Type="Suggested" Role="T301400_PFD_M_Gestionnaire_De_Paie" D0="T3014" />
	<SingleRoleRule Policy="Default" Type="Suggested" Role="T301400_PFD_M_infirmiere__Unique" D0="T3014" />
	<SingleRoleRule Policy="Default" Type="Suggested" Role="T301400_PFD_M_Reporting" D0="T3014" />
	<SingleRoleRule Policy="Default" Type="Suggested" Role="T301400_PFD_M_Responsable_Paie_Unique" D0="T3014" />
	<SingleRoleRule Policy="Default" Type="Suggested" Role="T301400_PFD_M_Responsable_PFD_Unique" D0="T3014" />
	<SingleRoleRule Policy="Default" Type="Suggested" Role="T301400_PFD_M_Responsable_Rémuneration_Unique" D0="T3014" />
	<SingleRoleRule Policy="Default" Type="Suggested" Role="T301400_PFD_M_SIRH" D0="T3014" />
	<SingleRoleRule Policy="Default" Type="Suggested" Role="T302000_IT4_M_Commun" D0="T3020" />
	<SingleRoleRule Policy="Default" Type="Suggested" Role="T302000_IT4_M_Developpeur_Gozen" D0="T3020" />
	<SingleRoleRule Policy="Default" Type="Suggested" Role="T302000_IT4_M_Gestion_Temp-PPM" D0="T3020" />
	<SingleRoleRule Policy="Default" Type="Suggested" Role="T302000_IT4_M_Gozen" D0="T3020" />
	<SingleRoleRule Policy="Default" Type="Suggested" Role="T302000_IT4_M_METIS" D0="T3020" />
	<SingleRoleRule Policy="Default" Type="Suggested" Role="T302000_IT4_M_Processus" D0="T3020" />
	<!-- <SingleRoleRule Policy="Default" Type="Suggested" Role="T301800_STI_E_Profil Standard" D0="T3018" /> -->
	<SingleRoleRule Policy="Default" Type="Suggested" Role="T301900_AAC_M_Architecte_Transverse" D0="T3019" />
	<SingleRoleRule Policy="Default" Type="Suggested" Role="T301900_AAC_M_Chef_de_Projet_Académie_Unique" D0="T3019" />
	<SingleRoleRule Policy="Default" Type="Suggested" Role="T311100_CI" D0="T3021" />
	<SingleRoleRule Policy="Default" Type="Suggested" Role="D352200_I4I_metrologie_BI" D0="T3021" />
	<SingleRoleRule Policy="Default" Type="Suggested" Role="D352200_I4I_metrologie_mainframe" D0="T3021" />
	<SingleRoleRule Policy="Default" Type="Suggested" Role="D352400_MoA" D0="T3021" />
	<SingleRoleRule Policy="Default" Type="Suggested" Role="T301200_COT_M_Chargé_De_Communication" D0="T3012" />
	<SingleRoleRule Policy="Default" Type="Suggested" Role="T301200_COT_M_Responsable_Communication_Unique" D0="T3012" />
	<SingleRoleRule Policy="Default" Type="Suggested" Role="T301100_ACC_M_Chargé ACC" D0="T3008" />
	<SingleRoleRule Policy="Default" Type="Suggested" Role="T302200_STI_E_Profil_Standard" D0="T3022" />
	<SingleRoleRule Policy="Default" Type="Suggested" Role="T302200_STG_M_Communication_Client" D0="T3022" />
	<SingleRoleRule Policy="Default" Type="Suggested" Role="T302200_STG_M_Offre_Metier" D0="T3022" />
	<SingleRoleRule Policy="Default" Type="Suggested" Role="T302200_STG_M_Strategie_Innovation" D0="T3022" />
	<SingleRoleRule Policy="Default" Type="Suggested" Role="T301000_RHT_M_Assistant_DRH_Unique" D0="T3010" />
	<SingleRoleRule Policy="Default" Type="Suggested" Role="T301000_RHT_M_DRH_Unique" D0="T3010" />
	<SingleRoleRule Policy="Default" Type="Suggested" Role="6679600_AUI_auditeur" D0="T3002" />
	<SingleRoleRule Policy="Default" Type="Suggested" Role="T300300_CRC_M_Directeur" D0="T3003" />
</ConfigurationFile>
