﻿<ConfigurationFile xmlns="urn:schemas-usercube-com:configuration">
	<!-- Type de contrat -->
	<SingleRoleRule Policy="Default" Role="SR_Triskell_Saisie_des_temps" D3Id="-356" D7Id="-16" />
	<SingleRoleRule Policy="Default" Role="SR_Triskell_Saisie_des_temps" D3Id="-356" D7Id="-17" />
	<SingleRoleRule Policy="Default" Role="SR_Triskell_Saisie_des_temps" D3Id="-356" D7Id="-20" />
	<SingleRoleRule Policy="Default" Role="SR_Triskell_Saisie_des_temps" D3Id="-356" D7Id="-21" />
	<SingleRoleRule Policy="Default" Role="SR_Triskell_Saisie_des_temps" D3Id="-356" D7Id="-23" />
	<SingleRoleRule Policy="Default" Role="SR_Triskell_Saisie_des_temps" D3Id="-356" D7Id="-26" />

	<!-- Exceptions types d'identité pour les internes -->
	<SingleRoleRule Policy="Default" Role="SR_Triskell_Saisie_des_temps" IsDenied="true" DA="Directeur" D2Id="-3" />
	<SingleRoleRule Policy="Default" Role="SR_Triskell_Saisie_des_temps" IsDenied="true" DA="Assistante" D2Id="-3" />

	<!-- Exceptions équipes pour les internes -->
	<!-- <SingleRoleRule Policy="Default" Role="SR_Triskell_Saisie_des_temps" IsDenied="true" D0="R3002" D2Id="-3" /> -->
	<!-- <SingleRoleRule Policy="Default" Role="SR_Triskell_Saisie_des_temps" IsDenied="true" D0="S3021" D2Id="-3" /> -->
	<!-- <SingleRoleRule Policy="Default" Role="SR_Triskell_Saisie_des_temps" IsDenied="true" D0="S3039" D2Id="-3" /> -->
	<!-- <SingleRoleRule Policy="Default" Role="SR_Triskell_Saisie_des_temps" IsDenied="true" D0="R3003" D2Id="-3" /> -->
	<SingleRoleRule Policy="Default" Role="SR_Triskell_Saisie_des_temps" IsDenied="true" D0="C3097" D2Id="-3" />
	<SingleRoleRule Policy="Default" Role="SR_Triskell_Saisie_des_temps" IsDenied="true" D0="C3093" D2Id="-3" />
	<SingleRoleRule Policy="Default" Role="SR_Triskell_Saisie_des_temps" IsDenied="true" D0="C3105" D2Id="-3" />
	<SingleRoleRule Policy="Default" Role="SR_Triskell_Saisie_des_temps" IsDenied="true" D0="C3092" D2Id="-3" />
	<SingleRoleRule Policy="Default" Role="SR_Triskell_Saisie_des_temps" IsDenied="true" D0="C3104" D2Id="-3" />
	<SingleRoleRule Policy="Default" Role="SR_Triskell_Saisie_des_temps" IsDenied="true" D0="C3102" D2Id="-3" />
	<SingleRoleRule Policy="Default" Role="SR_Triskell_Saisie_des_temps" IsDenied="true" D0="R3019" D2Id="-3" />
	<SingleRoleRule Policy="Default" Role="SR_Triskell_Saisie_des_temps" IsDenied="true" D0="R3011" D2Id="-3" />
	<SingleRoleRule Policy="Default" Role="SR_Triskell_Saisie_des_temps" IsDenied="true" D0="R3012" D2Id="-3" />
	<SingleRoleRule Policy="Default" Role="SR_Triskell_Saisie_des_temps" IsDenied="true" D0="R3013" D2Id="-3" />
	<SingleRoleRule Policy="Default" Role="SR_Triskell_Saisie_des_temps" IsDenied="true" D0="R3014" D2Id="-3" />
	<SingleRoleRule Policy="Default" Role="SR_Triskell_Saisie_des_temps" IsDenied="true" D0="C3107" D2Id="-3" />
	<SingleRoleRule Policy="Default" Role="SR_Triskell_Saisie_des_temps" IsDenied="true" D0="T3012" D2Id="-3" />
	<SingleRoleRule Policy="Default" Role="SR_Triskell_Saisie_des_temps" IsDenied="true" D0="A3004" D2Id="-3" />
	<SingleRoleRule Policy="Default" Role="SR_Triskell_Saisie_des_temps" IsDenied="true" D0="T3006" D2Id="-3" />
	<SingleRoleRule Policy="Default" Role="SR_Triskell_Saisie_des_temps" IsDenied="true" D0="A3005" D2Id="-3" />
	<SingleRoleRule Policy="Default" Role="SR_Triskell_Saisie_des_temps" IsDenied="true" D0="T3014" D2Id="-3" />
	<SingleRoleRule Policy="Default" Role="SR_Triskell_Saisie_des_temps" IsDenied="true" D0="T3008" D2Id="-3" />
	<SingleRoleRule Policy="Default" Role="SR_Triskell_Saisie_des_temps" IsDenied="true" D0="A3003" D2Id="-3" />
	<SingleRoleRule Policy="Default" Role="SR_Triskell_Saisie_des_temps" IsDenied="true" D0="T3007" D2Id="-3" />
	<SingleRoleRule Policy="Default" Role="SR_Triskell_Saisie_des_temps" IsDenied="true" D0="66303" D2Id="-3" />
	<!-- <SingleRoleRule Policy="Default" Role="SR_Triskell_Saisie_des_temps" IsDenied="true" D0="T3002" D2Id="-3" /> -->
	<SingleRoleRule Policy="Default" Role="SR_Triskell_Saisie_des_temps" IsDenied="true" D0="T3005" D2Id="-3" />
	<SingleRoleRule Policy="Default" Role="SR_Triskell_Saisie_des_temps" IsDenied="true" D0="T3017" D2Id="-3" />
	<SingleRoleRule Policy="Default" Role="SR_Triskell_Saisie_des_temps" IsDenied="true" D0="T3003" D2Id="-3" />

</ConfigurationFile>
