﻿<ConfigurationFile xmlns="urn:schemas-usercube-com:configuration">
	<SingleRoleRule Policy="Default" Type="Suggested" Role="SR_IPHONE_SFR_France_Standard" D2Id="-3" D3Id="-356" D0="S3016" />
	<SingleRoleRule Policy="Default" Type="Suggested" Role="SR_IPHONE_SFR_France_Standard" D2Id="-3" D3Id="-356" D0="S3082" />
	<SingleRoleRule Policy="Default" Type="Suggested" Role="SR_IPHONE_SFR_France_Standard" D2Id="-3" D3Id="-356" D0="S3084" />
	<SingleRoleRule Policy="Default" Type="Suggested" Role="SR_IPHONE_SFR_France_Standard" D2Id="-3" D3Id="-356" D0="S3017" />
	<SingleRoleRule Policy="Default" Type="Suggested" Role="SR_IPHONE_SFR_France_Standard" D2Id="-3" D3Id="-356" D0="S3083" />
	<SingleRoleRule Policy="Default" Type="Suggested" Role="SR_IPHONE_SFR_France_Standard" D2Id="-3" D3Id="-356" D0="S3013" />
	<SingleRoleRule Policy="Default" Type="Suggested" Role="SR_IPHONE_Orange_France_Standard" D2Id="-3" D3Id="-356" D0="S3014" />
	<SingleRoleRule Policy="Default" Type="Suggested" Role="SR_IPHONE_Orange_France_Standard" D2Id="-3" D3Id="-356" D0="S3081" />
	<SingleRoleRule Policy="Default" Type="Suggested" Role="SR_IPHONE_Orange_France_Standard" D2Id="-3" D3Id="-356" D0="S3015" />
	<SingleRoleRule Policy="Default" Type="Suggested" Role="SR_IPHONE_Orange_France_Standard" D2Id="-3" D3Id="-356" D0="S3018" />
	<SingleRoleRule Policy="Default" Type="Suggested" Role="SR_SAMSUNG_SFR_France_Standard" D2Id="-3" D3Id="-356" D0="S3059" />
	<SingleRoleRule Policy="Default" Type="Suggested" Role="SR_SAMSUNG_SFR_France_Standard" D2Id="-3" D3Id="-356" D0="S3060" />
	<SingleRoleRule Policy="Default" Type="Suggested" Role="SR_SAMSUNG_SFR_France_Standard" D2Id="-3" D3Id="-356" D0="S3061" />
	<SingleRoleRule Policy="Default" Type="Suggested" Role="SR_SAMSUNG_SFR_France_Standard" D2Id="-3" D3Id="-356" D0="S3063" />
	<SingleRoleRule Policy="Default" Type="Suggested" Role="SR_SAMSUNG_SFR_France_Standard" D2Id="-3" D3Id="-356" D0="S3064" />
	<SingleRoleRule Policy="Default" Type="Suggested" Role="SR_IPHONE_Orange_France_Standard" D2Id="-3" D3Id="-356" D0="S3058" />
	<SingleRoleRule Policy="Default" Type="Suggested" Role="SR_SAMSUNG_SFR_France_Standard" D2Id="-3" D3Id="-356" D0="S3062" />
	<SingleRoleRule Policy="Default" Type="Suggested" Role="SR_SAMSUNG_SFR_France_Standard" D2Id="-3" D3Id="-356" D0="S3096" />
	<SingleRoleRule Policy="Default" Type="Suggested" Role="SR_SAMSUNG_SFR_France_Standard" D2Id="-3" D3Id="-356" D0="S3097" />
	<SingleRoleRule Policy="Default" Type="Suggested" Role="SR_IPHONE_Orange_France_Standard" D2Id="-3" D3Id="-356" D0="S3073" />
	<SingleRoleRule Policy="Default" Type="Suggested" Role="SR_IPHONE_Orange_France_Standard" D2Id="-3" D3Id="-356" D0="S3022" />
	<SingleRoleRule Policy="Default" Type="Suggested" Role="SR_IPHONE_Orange_France_Standard" D2Id="-3" D3Id="-356" D0="S3023" />
	<SingleRoleRule Policy="Default" Type="Suggested" Role="SR_IPHONE_Orange_France_Standard" D2Id="-3" D3Id="-356" D0="S3077" />
	<SingleRoleRule Policy="Default" Type="Suggested" Role="SR_IPHONE_Orange_France_Standard" D2Id="-3" D3Id="-356" D0="S3019" />
	<SingleRoleRule Policy="Default" Type="Suggested" Role="SR_IPHONE_Orange_France_Standard" D2Id="-3" D3Id="-356" D0="S3079" />
	<SingleRoleRule Policy="Default" Type="Suggested" Role="SR_IPHONE_Orange_France_Standard" D2Id="-3" D3Id="-356" D0="S3021" />
	<SingleRoleRule Policy="Default" Type="Suggested" Role="SR_IPHONE_Orange_France_Standard" D2Id="-3" D3Id="-356" D0="S3078" />
	<SingleRoleRule Policy="Default" Type="Suggested" Role="SR_IPHONE_Orange_France_Standard" D2Id="-3" D3Id="-356" D0="S3033" />
	<SingleRoleRule Policy="Default" Type="Suggested" Role="SR_SAMSUNG_Orange_France_Standard" D2Id="-3" D3Id="-356" D0="S3035" />
	<SingleRoleRule Policy="Default" Type="Suggested" Role="SR_IPHONE_Orange_France_Standard" D2Id="-3" D3Id="-356" D0="S3008" />
	<SingleRoleRule Policy="Default" Type="Suggested" Role="SR_IPHONE_Orange_France_Standard" D2Id="-3" D3Id="-356" D0="S3025" />
	<SingleRoleRule Policy="Default" Type="Suggested" Role="SR_SAMSUNG_Orange_France_Standard" D2Id="-3" D3Id="-356" D0="S3037" />
	<SingleRoleRule Policy="Default" Type="Suggested" Role="SR_SAMSUNG_Orange_France_Standard" D2Id="-3" D3Id="-356" D0="S3052" />
	<SingleRoleRule Policy="Default" Type="Suggested" Role="SR_IPHONE_Orange_France_Standard" D2Id="-3" D3Id="-356" D0="S3005" />
	<SingleRoleRule Policy="Default" Type="Suggested" Role="SR_IPHONE_Orange_France_Standard" D2Id="-3" D3Id="-356" D0="S3028" />
	<SingleRoleRule Policy="Default" Type="Suggested" Role="SR_IPHONE_Orange_France_Standard" D2Id="-3" D3Id="-356" D0="S3076" />
	<SingleRoleRule Policy="Default" Type="Suggested" Role="SR_SAMSUNG_Orange_France_Standard" D2Id="-3" D3Id="-356" D0="S3055" />
	<SingleRoleRule Policy="Default" Type="Suggested" Role="SR_IPHONE_Orange_France_Standard" D2Id="-3" D3Id="-356" D0="S3002" />
	<SingleRoleRule Policy="Default" Type="Suggested" Role="SR_SAMSUNG_SFR_France_Standard" D2Id="-3" D3Id="-356" D0="S3027" />
	<SingleRoleRule Policy="Default" Type="Suggested" Role="SR_IPHONE_SFR_France_Standard" D2Id="-3" D3Id="-356" D0="S3034" />
	<SingleRoleRule Policy="Default" Type="Suggested" Role="SR_SAMSUNG_SFR_France_Standard" D2Id="-3" D3Id="-356" D0="S3041" />
	<SingleRoleRule Policy="Default" Type="Suggested" Role="SR_IPHONE_Orange_France_Standard" D2Id="-3" D3Id="-356" D0="S3044" />
	<SingleRoleRule Policy="Default" Type="Suggested" Role="SR_SAMSUNG_Orange_France_Standard" D2Id="-3" D3Id="-356" D0="S3053" />
	<SingleRoleRule Policy="Default" Type="Suggested" Role="SR_SAMSUNG_Orange_France_Standard" D2Id="-3" D3Id="-356" D0="S3054" />
	<SingleRoleRule Policy="Default" Type="Suggested" Role="SR_IPHONE_Orange_France_Standard" D2Id="-3" D3Id="-356" D0="S3039" />
	<SingleRoleRule Policy="Default" Type="Suggested" Role="SR_IPHONE_Orange_France_Standard" D2Id="-3" D3Id="-356" D0="S3075" />
	<SingleRoleRule Policy="Default" Type="Suggested" Role="SR_IPHONE_Orange_France_Standard" D2Id="-3" D3Id="-356" D0="S3080" />
	<SingleRoleRule Policy="Default" Type="Suggested" Role="SR_IPHONE_SFR_France_Standard" D2Id="-3" D3Id="-356" D0="S3026" />
	<SingleRoleRule Policy="Default" Type="Suggested" Role="SR_IPHONE_Orange_France_Standard" D2Id="-3" D3Id="-356" D0="S3030" />
	<SingleRoleRule Policy="Default" Type="Suggested" Role="SR_SAMSUNG_SFR_France_Standard" D2Id="-3" D3Id="-356" D0="S3090" />
	<SingleRoleRule Policy="Default" Type="Suggested" Role="SR_SAMSUNG_Orange_France_Standard" D2Id="-3" D3Id="-356" D0="S3099" />
	<SingleRoleRule Policy="Default" Type="Suggested" Role="SR_SAMSUNG_Orange_France_Standard" D2Id="-3" D3Id="-356" D0="S3098" />
	<SingleRoleRule Policy="Default" Type="Suggested" Role="SR_IPHONE_SFR_France_Standard" D2Id="-3" D3Id="-356" D0="S3003" />
	<SingleRoleRule Policy="Default" Type="Suggested" Role="SR_IPHONE_Orange_France_Standard" D2Id="-3" D3Id="-356" D0="S3007" />
	<SingleRoleRule Policy="Default" Type="Suggested" Role="SR_IPHONE_Orange_France_Standard" D2Id="-3" D3Id="-356" D0="S3093" />
	<SingleRoleRule Policy="Default" Type="Suggested" Role="SR_IPHONE_SFR_France_Standard" D2Id="-3" D3Id="-356" D0="S3004" />
	<SingleRoleRule Policy="Default" Type="Suggested" Role="SR_IPHONE_Orange_France_Standard" D2Id="-3" D3Id="-356" D0="S3009" />
	<SingleRoleRule Policy="Default" Type="Suggested" Role="SR_IPHONE_Orange_France_Standard" D2Id="-3" D3Id="-356" D0="S3010" />
	<SingleRoleRule Policy="Default" Type="Suggested" Role="SR_IPHONE_Orange_France_Standard" D2Id="-3" D3Id="-356" D0="S3089" />
	<SingleRoleRule Policy="Default" Type="Suggested" Role="SR_SAMSUNG_Orange_France_Standard" D2Id="-3" D3Id="-356" D0="S3049" />
	<SingleRoleRule Policy="Default" Type="Suggested" Role="SR_SAMSUNG_Orange_France_Standard" D2Id="-3" D3Id="-356" D0="S3085" />
	<SingleRoleRule Policy="Default" Type="Suggested" Role="SR_IPHONE_Orange_France_Standard" D2Id="-3" D3Id="-356" D0="S3012" />
	<SingleRoleRule Policy="Default" Type="Suggested" Role="SR_IPHONE_Orange_France_Standard" D2Id="-3" D3Id="-356" D0="S3074" />
	<SingleRoleRule Policy="Default" Type="Suggested" Role="SR_IPHONE_Orange_France_Standard" D2Id="-3" D3Id="-356" D0="S3036" />
	<SingleRoleRule Policy="Default" Type="Suggested" Role="SR_IPHONE_Orange_France_Standard" D2Id="-3" D3Id="-356" D0="S3038" />
	<SingleRoleRule Policy="Default" Type="Suggested" Role="SR_IPHONE_Orange_France_Standard" D2Id="-3" D3Id="-356" D0="S3087" />
	<SingleRoleRule Policy="Default" Type="Suggested" Role="SR_SAMSUNG_Orange_France_Standard" D2Id="-3" D3Id="-356" D0="S3050" />
	<SingleRoleRule Policy="Default" Type="Suggested" Role="SR_SAMSUNG_Orange_France_Standard" D2Id="-3" D3Id="-356" D0="S3006" />
	<SingleRoleRule Policy="Default" Type="Suggested" Role="SR_IPHONE_Orange_France_Standard" D2Id="-3" D3Id="-356" D0="S3043" />
	<SingleRoleRule Policy="Default" Type="Suggested" Role="SR_IPHONE_Orange_France_Standard" D2Id="-3" D3Id="-356" D0="S3094" />
	<SingleRoleRule Policy="Default" Type="Suggested" Role="SR_IPHONE_SFR_France_Standard" D2Id="-3" D3Id="-356" D0="S3091" />
	<SingleRoleRule Policy="Default" Type="Suggested" Role="SR_SAMSUNG_SFR_France_Standard" D2Id="-3" D3Id="-356" D0="S3032" />
	<SingleRoleRule Policy="Default" Type="Suggested" Role="SR_IPHONE_SFR_France_Standard" D2Id="-3" D3Id="-356" D0="S3088" />
	<SingleRoleRule Policy="Default" Type="Suggested" Role="SR_SAMSUNG_Orange_France_Standard" D2Id="-3" D3Id="-356" D0="S3086" />
	<SingleRoleRule Policy="Default" Type="Suggested" Role="SR_IPHONE_Orange_France_Standard" D2Id="-3" D3Id="-356" D0="S3040" />
	<SingleRoleRule Policy="Default" Type="Suggested" Role="SR_SAMSUNG_Orange_France_Standard" D2Id="-3" D3Id="-356" D0="S3056" />
	<SingleRoleRule Policy="Default" Type="Suggested" Role="SR_SAMSUNG_Orange_France_Standard" D2Id="-3" D3Id="-356" D0="S3057" />
	<SingleRoleRule Policy="Default" Type="Suggested" Role="SR_IPHONE_Orange_France_Standard" D2Id="-3" D3Id="-356" D0="S3024" />
	<SingleRoleRule Policy="Default" Type="Suggested" Role="SR_IPHONE_Orange_France_Standard" D2Id="-3" D3Id="-356" D0="S3029" />
	<SingleRoleRule Policy="Default" Type="Suggested" Role="SR_IPHONE_Orange_France_Standard" D2Id="-3" D3Id="-356" D0="S3092" />
	<SingleRoleRule Policy="Default" Type="Suggested" Role="SR_SAMSUNG_Orange_France_Standard" D2Id="-3" D3Id="-356" D0="S3051" />
	<SingleRoleRule Policy="Default" Type="Suggested" Role="SR_IPHONE_Orange_France_Standard" D2Id="-3" D3Id="-356" D0="S3020" />
	<SingleRoleRule Policy="Default" Type="Suggested" Role="SR_SAMSUNG_SFR_France_Standard" D2Id="-3" D3Id="-356" D0="S3031" />
	<SingleRoleRule Policy="Default" Type="Suggested" Role="SR_IPHONE_Orange_France_Standard" D2Id="-3" D3Id="-356" D0="S3069" />
	<SingleRoleRule Policy="Default" Type="Suggested" Role="SR_IPHONE_Orange_France_Standard" D2Id="-3" D3Id="-356" D0="S3071" />
	<SingleRoleRule Policy="Default" Type="Suggested" Role="SR_IPHONE_Orange_France_Standard" D2Id="-3" D3Id="-356" D0="S3067" />
	<SingleRoleRule Policy="Default" Type="Suggested" Role="SR_SAMSUNG_Orange_France_Standard" D2Id="-3" D3Id="-356" D0="S3068" />
	<SingleRoleRule Policy="Default" Type="Suggested" Role="SR_IPHONE_SFR_France_Standard" D2Id="-3" D3Id="-356" D0="S3066" />
	<SingleRoleRule Policy="Default" Type="Suggested" Role="SR_IPHONE_Orange_France_Standard" D2Id="-3" D3Id="-356" D0="S3065" />
	<SingleRoleRule Policy="Default" Type="Suggested" Role="SR_SAMSUNG_Orange_France_Standard" D2Id="-3" D3Id="-356" D0="S3072" />
	<SingleRoleRule Policy="Default" Type="Suggested" Role="SR_IPHONE_Orange_France_Standard" D2Id="-3" D3Id="-356" D0="S3070" />
</ConfigurationFile>
