﻿<ConfigurationFile xmlns="urn:schemas-usercube-com:configuration">
	<SingleRoleRule Policy="Default" Type="Suggested" Role="6676700_Comptabilité Fourmisseurs" D0="C3100" />
	<SingleRoleRule Policy="Default" Type="Suggested" Role="C310000_CFI_M_Comptable_Immo_unique" D0="C3100" />
	<SingleRoleRule Policy="Default" Type="Suggested" Role="C300300_ASN_M_ARCHITECTE_SOLUTIONS" D0="C3003" />
	<SingleRoleRule Policy="Default" Type="Suggested" Role="C300300_ASN_M_ARCHITECTE_SOLUTIONS_NORMES" D0="C3003" />
	<SingleRoleRule Policy="Default" Type="Suggested" Role="C300300_ASN_M_INGENIEUR_NORMES" D0="C3003" />
	<SingleRoleRule Policy="Default" Type="Suggested" Role="C300300_ASN_M_RESPONSABLE_EQUIPE" D0="C3003" />
	<SingleRoleRule Policy="Default" Type="Suggested" Role="C300300_ASN_M_Ingenieur_Normes_Admin" D0="C3003" />
	<SingleRoleRule Policy="Default" Type="Suggested" Role="C300300_ASN_M_ARCHITECTE_SOLUTIONS_ADMIN" D0="C3003" />
	<!-- <SingleRoleRule Policy="Default" Type="Suggested" Role="C300400_DGP_M_CA-Immobilier" D0="C3004" /> -->
	<!-- <SingleRoleRule Policy="Default" Type="Suggested" Role="C300400_DGP_M_Delivery_Services" D0="C3004" /> -->
	<!-- <SingleRoleRule Policy="Default" Type="Suggested" Role="C300400_DGP_M_Relation_Partenaire_Producteurs" D0="C3004" /> -->
	<!-- <SingleRoleRule Policy="Default" Type="Suggested" Role="C300600_GEN_M_Flux_Unique" D0="C3006" /> -->
	<!-- <SingleRoleRule Policy="Default" Type="Suggested" Role="C300600_GEN_M_Mainframe" D0="C3006" /> -->
	<!-- <SingleRoleRule Policy="Default" Type="Suggested" Role="C300600_GEN_M_open" D0="C3006" /> -->
	<!-- <SingleRoleRule Policy="Default" Type="Suggested" Role="C301000_TST_M_Chef_de_Projet_Unique" D0="C3010" /> -->
	<!-- <SingleRoleRule Policy="Default" Type="Suggested" Role="C301000_TST_M_Tests_Performance" D0="C3010" /> -->
	<!-- <SingleRoleRule Policy="Default" Type="Suggested" Role="C301000_TST_M_Tests_Techniques" D0="C3010" /> -->
	<!-- <SingleRoleRule Policy="Default" Type="Suggested" Role="C309300_ACL_M_Achats_Unique" D0="C3093" /> -->
	<!-- <SingleRoleRule Policy="Default" Type="Suggested" Role="C301400_GPC_M_gestion_des_changements" D0="C3014" /> -->
	<!-- <SingleRoleRule Policy="Default" Type="Suggested" Role="C301400_GPC_M_gestion_des_incidents" D0="C3014" /> -->
	<!-- <SingleRoleRule Policy="Default" Type="Suggested" Role="C301400_GPC_M_gestion_des_problèmes" D0="C3014" /> -->
	<!-- <SingleRoleRule Policy="Default" Type="Suggested" Role="C301400_GPC_M_Gestionnaire_de_processus" D0="C3014" /> -->
	<SingleRoleRule Policy="Default" Type="Suggested" Role="C301600_APM_M_Chef_de_projet_technique_Build_Operation" D0="C3016" />
	<SingleRoleRule Policy="Default" Type="Suggested" Role="C301600_APM_M_Resp_projet_technique_Delivery_Manager_Unique" D0="C3016" />
	<SingleRoleRule Policy="Default" Type="Suggested" Role="C301600_APM_M_Resp_projet_technique_Solution_Opération" D0="C3016" />
	<!-- <SingleRoleRule Policy="Default" Type="Suggested" Role="C301800_COA_M_Analyste_Production_unique" D0="C3018" /> -->
	<!-- <SingleRoleRule Policy="Default" Type="Suggested" Role="C301800_COA_M_Ingenieur_Production_internes" D0="C3018" /> -->
	<SingleRoleRule Policy="Default" Type="Suggested" Role="C301900_DMU_M_Ingenieur_Production" D0="C3019" />
	<SingleRoleRule Policy="Default" Type="Suggested" Role="C301900_DMU_M_Manager" D0="C3019" />
	<SingleRoleRule Policy="Default" Type="Suggested" Role="C302000_ECP_M_Capacity" D0="C3020" />
	<SingleRoleRule Policy="Default" Type="Suggested" Role="C302000_ECP_M_Dev/Host" D0="C3020" />
	<SingleRoleRule Policy="Default" Type="Suggested" Role="C302000_ECP_M_Dev/Open" D0="C3020" />
	<SingleRoleRule Policy="Default" Type="Suggested" Role="C302000_ECP_M_Flux" D0="C3020" />
	<SingleRoleRule Policy="Default" Type="Suggested" Role="C302000_ECP_M_MDW_Big_Data" D0="C3020" />
	<SingleRoleRule Policy="Default" Type="Suggested" Role="C302000_ECP_M_SGBD" D0="C3020" />
	<SingleRoleRule Policy="Default" Type="Suggested" Role="C302300_REC_E_Responsable_de_relations_Entités" D0="C3023" />
	<SingleRoleRule Policy="Default" Type="Suggested" Role="C302500_AFB_M_Ingénieur_de_Production" D0="C3025" />
	<SingleRoleRule Policy="Default" Type="Suggested" Role="C302500_AFB_M_Manager" D0="C3025" />
	<SingleRoleRule Policy="Default" Type="Suggested" Role="C302600_DBI_M_Devops" D0="C3026" />
	<SingleRoleRule Policy="Default" Type="Suggested" Role="6670500_BRD_Exploitant data" D0="C3026" />
	<SingleRoleRule Policy="Default" Type="Suggested" Role="C302600_DBI_M_Ingénieur_Production" D0="C3026" />
	<SingleRoleRule Policy="Default" Type="Suggested" Role="C302600_DBI_M_Responsable" D0="C3026" />
	<SingleRoleRule Policy="Default" Type="Suggested" Role="C302800_ETC_M_ADMINISTRATEUR_OUTILS_PRODUCTION" D0="C3028" />
	<SingleRoleRule Policy="Default" Type="Suggested" Role="C302800_ETC_M_DEVELOPPEUR" D0="C3028" />
	<SingleRoleRule Policy="Default" Type="Suggested" Role="C302800_ETC_M_INGENIEUR_FIN_CARRIERE" D0="C3028" />
	<SingleRoleRule Policy="Default" Type="Suggested" Role="C302800_ETC_M_INGENIEUR_PRODUCTION_SUPPORT" D0="C3028" />
	<SingleRoleRule Policy="Default" Type="Suggested" Role="C302800_ETC_M_RESPONSABLE_EQUIPE" D0="C3028" />
	<SingleRoleRule Policy="Default" Type="Suggested" Role="C302900_FPP_M_IEM_Externes" D0="C3029" />
	<SingleRoleRule Policy="Default" Type="Suggested" Role="C302900_FPP_M_IEM_Internes" D0="C3029" />
	<SingleRoleRule Policy="Default" Type="Suggested" Role="C302900_FPP_M_Ingenieur_Exploitation" D0="C3029" />
	<SingleRoleRule Policy="Default" Type="Suggested" Role="C302900_FPP_Ingenieur_Exploitation_Technique" D0="C3029" />
	<SingleRoleRule Policy="Default" Type="Suggested" Role="C302900_RFR-FPP_Ingenieur technique_Externes" D0="C3029" />
	<SingleRoleRule Policy="Default" Type="Suggested" Role="C302900_RFR-FPP_Ingenieur technique_Internes" D0="C3029" />
	<SingleRoleRule Policy="Default" Type="Suggested" Role="6681000_EBL-MPI_Resp équipe" D0="C3029" />
	<SingleRoleRule Policy="Default" Type="Suggested" Role="C303000_IUP_M_INGENIEUR_EXPLOITATION_INFRASTRUCTURE" D0="C3030" />
	<SingleRoleRule Policy="Default" Type="Suggested" Role="C303000_IUP_M_REFERENT_SECURITE" D0="C3030" />
	<SingleRoleRule Policy="Default" Type="Suggested" Role="C303000_IUP_M_RESPONSABLE_EQUIPE" D0="C3030" />
	<SingleRoleRule Policy="Default" Type="Suggested" Role="C303000_IUP_M_RESPONSABLE_POLE_INFRASTRUCTURE" D0="C3030" />
	<SingleRoleRule Policy="Default" Type="Suggested" Role="C303000_IUP_M_RESPONSABLE_POLE_POSTE_TRAVAIL" D0="C3030" />
	<SingleRoleRule Policy="Default" Type="Suggested" Role="C303000_IUP_M_SERVICE_DELIVERY_MANAGER_PDT" D0="C3030" />
	<SingleRoleRule Policy="Default" Type="Suggested" Role="6670600_CO" D0="C3031" />
	<SingleRoleRule Policy="Default" Type="Suggested" Role="C303100_REF_M_IEM" D0="C3031" />
	<SingleRoleRule Policy="Default" Type="Suggested" Role="C303100_REF_M_Ingenieur_Technique" D0="C3031" />
	<SingleRoleRule Policy="Default" Type="Suggested" Role="6670600_REQ" D0="C3031" />
	<SingleRoleRule Policy="Default" Type="Suggested" Role="C309900_COG_M_Comptable_Général" D0="C3099" />
	<SingleRoleRule Policy="Default" Type="Suggested" Role="C309900_COG_M_Controleur_Unique" D0="C3099" />
	<SingleRoleRule Policy="Default" Type="Suggested" Role="C303200_PPC_M_Architecte_Solutions" D0="C3032" />
	<SingleRoleRule Policy="Default" Type="Suggested" Role="C303200_PPC_M_Chef_de_Projer" D0="C3032" />
	<SingleRoleRule Policy="Default" Type="Suggested" Role="6641100_PBL_Chef_de_projet" D0="C3032" />
	<SingleRoleRule Policy="Default" Type="Suggested" Role="C303200_PPC_M_Responsable_Equipe" D0="C3032" />
	<SingleRoleRule Policy="Default" Type="Suggested" Role="6641100_PBL_DevOps_Ext" D0="C3035" />
	<SingleRoleRule Policy="Default" Type="Suggested" Role="6641100_PBL_DevOps_Int" D0="C3035" />
	<SingleRoleRule Policy="Default" Type="Suggested" Role="C303600_IAK_M_Expert-Open-Devops" D0="C3036" />
	<SingleRoleRule Policy="Default" Type="Suggested" Role="C303600_IAK_M_Integrateur" D0="C3036" />
	<!-- <SingleRoleRule Policy="Default" Type="Suggested" Role="C304000_LTI-AAL_roledebase" D0="C3040" /> -->
	<!-- <SingleRoleRule Policy="Default" Type="Suggested" Role="6690100_LTI_roledebaseinterne" D0="C3040" /> -->
	<!-- <SingleRoleRule Policy="Default" Type="Suggested" Role="C304000_LTI-AAL_Role-de-base-Externes" D0="C3040" /> -->
	<!-- <SingleRoleRule Policy="Default" Type="Suggested" Role="C304000_LTI-AAL_CALF" D0="C3040" /> -->
	<!-- <SingleRoleRule Policy="Default" Type="Suggested" Role="6690100_LTI_Titres" D0="C3040" /> -->
	<!-- <SingleRoleRule Policy="Default" Type="Suggested" Role="C304600_CHP_E_Chef_de_projet" D0="C3046" /> -->
	<SingleRoleRule Policy="Default" Type="Suggested" Role="C305300_PEC-CIT_CP_Int" D0="C3053" />
	<SingleRoleRule Policy="Default" Type="Suggested" Role="C305300_CIT_M_Ingénieur_Production" D0="C3053" />
	<SingleRoleRule Policy="Default" Type="Suggested" Role="C305300_CIT_M_Profil_Standard" D0="C3053" />
	<SingleRoleRule Policy="Default" Type="Suggested" Role="C305500_FIT_M_ARCHITECTE" D0="C3055" />
	<SingleRoleRule Policy="Default" Type="Suggested" Role="C305500_FIT_M_CHEF_PROJET" D0="C3055" />
	<SingleRoleRule Policy="Default" Type="Suggested" Role="C305500_FIT_M_INGENIEUR_PRODUCTION" D0="C3055" />
	<SingleRoleRule Policy="Default" Type="Suggested" Role="C305500_FIT_M_RESPONSABLE_ACTIVITE_EXPLOITATION" D0="C3055" />
	<SingleRoleRule Policy="Default" Type="Suggested" Role="C305500_FIT_M_RESPONSABLE_ACTIVITE_PROJET" D0="C3055" />
	<SingleRoleRule Policy="Default" Type="Suggested" Role="C305500_FIT_M_RESPONSABLE_EQUIPE" D0="C3055" />
	<SingleRoleRule Policy="Default" Type="Suggested" Role="C305600_RCi_M_ARCHITECTE_CAGIP_CACIB" D0="C3056" />
	<SingleRoleRule Policy="Default" Type="Suggested" Role="C305600_RCI_M_CHARGE_RELATION_CLIENTELE" D0="C3056" />
	<SingleRoleRule Policy="Default" Type="Suggested" Role="C305600_RCI_M_CHEF_DE PROJET_CACIB_CAGIP" D0="C3056" />
	<SingleRoleRule Policy="Default" Type="Suggested" Role="C305600_RCi_M_CHEF_PROJET" D0="C3056" />
	<SingleRoleRule Policy="Default" Type="Suggested" Role="C305600_RCI_M_CHEF_PROJET_CAGIP" D0="C3056" />
	<SingleRoleRule Policy="Default" Type="Suggested" Role="C305600_RCI_M_INGENIEUR_PRODUCTION_CACIB_CAGIP" D0="C3056" />
	<SingleRoleRule Policy="Default" Type="Suggested" Role="C305600_RCI_M_INGENIEUR_PRODUTION_CAGIP" D0="C3056" />
	<SingleRoleRule Policy="Default" Type="Suggested" Role="C305600_RCi_M_INGENIEUR_TERADATA" D0="C3056" />
	<SingleRoleRule Policy="Default" Type="Suggested" Role="C305600_RCi_M_RESPONSABLE_EQUIPE" D0="C3056" />
	<!-- <SingleRoleRule Policy="Default" Type="Suggested" Role="6670700_EEC_Admin Coffrefort" D0="C3057" /> -->
	<!-- <SingleRoleRule Policy="Default" Type="Suggested" Role="6670700_EEC_Chef de projet" D0="C3057" /> -->
	<!-- <SingleRoleRule Policy="Default" Type="Suggested" Role="6671000_RAC_EIB_Infogerance-Mainframe-CACIB" D0="C3057" /> -->
	<!-- <SingleRoleRule Policy="Default" Type="Suggested" Role="6670700_DEC-EEC_IEM" D0="C3057" /> -->
	<!-- <SingleRoleRule Policy="Default" Type="Suggested" Role="6671000_RAC_IEM" D0="C3057" /> -->
	<!-- <SingleRoleRule Policy="Default" Type="Suggested" Role="6671000_RAC_IET" D0="C3057" /> -->
	<!-- <SingleRoleRule Policy="Default" Type="Suggested" Role="6670700_DEC-EEC_IET Mainframe" D0="C3057" /> -->
	<!-- <SingleRoleRule Policy="Default" Type="Suggested" Role="6670700_DEC-EEC_IET Open" D0="C3057" /> -->
	<!-- <SingleRoleRule Policy="Default" Type="Suggested" Role="6670900_EEC-FSM_IET_Open" D0="C3057" /> -->
	<!-- <SingleRoleRule Policy="Default" Type="Suggested" Role="6671000_RAC_IE-transverse" D0="C3057" /> -->
	<SingleRoleRule Policy="Default" Type="Suggested" Role="C305700_TAE_M_IP-Mainframe-CACIB" D0="C3057" />
	<SingleRoleRule Policy="Default" Type="Suggested" Role="C305700_TAE_M_IP-Mainframe-CASA" D0="C3057" />
	<!-- <SingleRoleRule Policy="Default" Type="Suggested" Role="6670900_EEC_FSM_Role chapeau equipe" D0="C3057" /> -->
	<!-- <SingleRoleRule Policy="Default" Type="Suggested" Role="6671000_RAC_Role-base externes_FFayolle" D0="C3057" /> -->
	<!-- <SingleRoleRule Policy="Default" Type="Suggested" Role="6671000_RAC_Role-base externes_JdeNazelle" D0="C3057" /> -->
	<!-- <SingleRoleRule Policy="Default" Type="Suggested" Role="6671000_RAC_Role-base externes_SRajaona" D0="C3057" /> -->
	<!-- <SingleRoleRule Policy="Default" Type="Suggested" Role="6671000_RAC_Role-base externes_TMemheld" D0="C3057" /> -->
	<!-- <SingleRoleRule Policy="Default" Type="Suggested" Role="6671000_RAC_Role-base_FFayolle" D0="C3057" /> -->
	<!-- <SingleRoleRule Policy="Default" Type="Suggested" Role="6671000_RAC_Role-base_JdeNazelle" D0="C3057" /> -->
	<!-- <SingleRoleRule Policy="Default" Type="Suggested" Role="6671000_RAC_Role-base_SRajaona" D0="C3057" /> -->
	<!-- <SingleRoleRule Policy="Default" Type="Suggested" Role="6671000_RAC_Role-base_TMemheld" D0="C3057" /> -->
	<!-- <SingleRoleRule Policy="Default" Type="Suggested" Role="C305900_CTO_M_Change_Manager" D0="C3059" /> -->
	<!-- <SingleRoleRule Policy="Default" Type="Suggested" Role="C305900_CTO_M_Satisfaction_clientèle_Unique" D0="C3059" /> -->
	<SingleRoleRule Policy="Default" Type="Suggested" Role="C306300_PEC-PGM_CP_Ext" D0="C3063" />
	<SingleRoleRule Policy="Default" Type="Suggested" Role="C306300_PEC-PGM_CP_Int" D0="C3063" />
	<SingleRoleRule Policy="Default" Type="Suggested" Role="C306300_PEC-PGM_RPP" D0="C3063" />
	<SingleRoleRule Policy="Default" Type="Suggested" Role="C306700_EXE_M_Ingenieur_Exploitation" D0="C3067" />
	<SingleRoleRule Policy="Default" Type="Suggested" Role="C306700_EXE_M_Responsable_Unique" D0="C3067" />
	<SingleRoleRule Policy="Default" Type="Suggested" Role="6646100_EMB_messagerie_bancaire_mainframe" D0="C3068" />
	<SingleRoleRule Policy="Default" Type="Suggested" Role="6646100_EMB_messagerie_bancaire_unix" D0="C3068" />
	<SingleRoleRule Policy="Default" Type="Suggested" Role="6646100_EMB_messagerie_bancaire_Windows" D0="C3068" />
	<SingleRoleRule Policy="Default" Type="Suggested" Role="C307000_ETP_Ingenieur_Exploitatio,_OPEN" D0="C3070" />
	<SingleRoleRule Policy="Default" Type="Suggested" Role="C307000_ETP_Ingenieur_Exploitation_Z/OS" D0="C3070" />
	<SingleRoleRule Policy="Default" Type="Suggested" Role="C307000_ETP_M_Rsponsable_Equipe" D0="C3070" />
	<SingleRoleRule Policy="Default" Type="Suggested" Role="C309800_CPB_M_Comptable_Général" D0="C3098" />
	<SingleRoleRule Policy="Default" Type="Suggested" Role="C307200_EBO_M_Coordinateur_Transverse_Unique" D0="C3072" />
	<SingleRoleRule Policy="Default" Type="Suggested" Role="C307200_EBO_M_Ingenieur_Production" D0="C3072" />
	<SingleRoleRule Policy="Default" Type="Suggested" Role="C307300_EXD_M_Ingenieur_Exploitation" D0="C3073" />
	<SingleRoleRule Policy="Default" Type="Suggested" Role="C307300_EXD_M_Ingenieur_Exploitation_Interne" D0="C3073" />
	<SingleRoleRule Policy="Default" Type="Suggested" Role="C307300_EXD_M_Responsable_Equipe" D0="C3073" />
	<SingleRoleRule Policy="Default" Type="Suggested" Role="C307400_EPO_M_Ingenieur_Exploitation" D0="C3074" />
	<SingleRoleRule Policy="Default" Type="Suggested" Role="C307400_EPO_M_Ingenieur_Exploitation_Interne" D0="C3074" />
	<SingleRoleRule Policy="Default" Type="Suggested" Role="6696900_PRS_chef_de_projet" D0="C3075" />
	<SingleRoleRule Policy="Default" Type="Suggested" Role="C307600_QUT_M_Gestion_Habilitations_Unique" D0="C3076" />
	<SingleRoleRule Policy="Default" Type="Suggested" Role="C307600_QUT_M_Ingenieur-Methode-et-Qualite" D0="C3076" />
	<SingleRoleRule Policy="Default" Type="Suggested" Role="C307600_QUT_M_Manager_Unique" D0="C3076" />
	<SingleRoleRule Policy="Default" Type="Suggested" Role="C307600_QUT_M_Responsable-Activite" D0="C3076" />
	<SingleRoleRule Policy="Default" Type="Suggested" Role="C307600_QUT_M_Service-delivery-manager" D0="C3076" />
	<SingleRoleRule Policy="Default" Type="Suggested" Role="C307700_REP_M_Responsable_Relation_Partenaire" D0="C3077" />
	<SingleRoleRule Policy="Default" Type="Suggested" Role="C307800_PFP_M_Architecte_Solution" D0="C3078" />
	<SingleRoleRule Policy="Default" Type="Suggested" Role="C307800_PFP_M_Capacity_Planning" D0="C3078" />
	<SingleRoleRule Policy="Default" Type="Suggested" Role="C307800_PFP_M_Ingenieur_Sécurité" D0="C3078" />
	<SingleRoleRule Policy="Default" Type="Suggested" Role="C307800_PFP_M_Responsable" D0="C3078" />
	<SingleRoleRule Policy="Default" Type="Suggested" Role="C307900_CFS_E_Role-de-base" D0="C3079" />
	<SingleRoleRule Policy="Default" Type="Suggested" Role="C307900_CFS_M_Assistante_de_Direction" D0="C3079" />
	<SingleRoleRule Policy="Default" Type="Suggested" Role="C307900_CFS_M_Fonction_transverse" D0="C3079" />
	<SingleRoleRule Policy="Default" Type="Suggested" Role="C307900_CFS_Responsable_du_Cluster" D0="C3079" />
	<SingleRoleRule Policy="Default" Type="Suggested" Role="C308000_RLC_E_Role_de_base" D0="C3080" />
	<SingleRoleRule Policy="Default" Type="Suggested" Role="C308100_PFS-EFS_Manager" D0="C3081" />
	<SingleRoleRule Policy="Default" Type="Suggested" Role="C308200_MRA_E_Role_de_base_Externe" D0="C3082" />
	<SingleRoleRule Policy="Default" Type="Suggested" Role="6695800_AMC_roledebase" D0="C3082" />
	<SingleRoleRule Policy="Default" Type="Suggested" Role="C308200_MRA_Ingenieur_Exploitation_OPEN" D0="C3082" />
	<SingleRoleRule Policy="Default" Type="Suggested" Role="6695800_AMC_MVS" D0="C3082" />
	<SingleRoleRule Policy="Default" Type="Suggested" Role="C308200_MRA_M_Ingenieur_SDMA" D0="C3082" />
	<SingleRoleRule Policy="Default" Type="Suggested" Role="C308200_MRA_M_Responsble_Equipe" D0="C3082" />
	<SingleRoleRule Policy="Default" Type="Suggested" Role="C310500_JFI_E_Juriste" D0="C3105" />
	<SingleRoleRule Policy="Default" Type="Suggested" Role="C308400_LEA_M_ADMINISTRATOR_SAP" D0="C3084" />
	<SingleRoleRule Policy="Default" Type="Suggested" Role="C308400_LEA_M_CHANGE_MANAGER" D0="C3084" />
	<SingleRoleRule Policy="Default" Type="Suggested" Role="C308400_LEA_M_INGENIEUR_EXPLOITATION" D0="C3084" />
	<SingleRoleRule Policy="Default" Type="Suggested" Role="C308400_LEA_M_RESPONSABLE_EQUIPE" D0="C3084" />
	<SingleRoleRule Policy="Default" Type="Suggested" Role="C308400_LEA_M_SERVICE_DELIVERY_MANAGER" D0="C3084" />
	<SingleRoleRule Policy="Default" Type="Suggested" Role="6617800_IDE-MRC_Alternant" D0="C3085" />
	<SingleRoleRule Policy="Default" Type="Suggested" Role="6617800_IDE-MRC_Externes" D0="C3085" />
	<SingleRoleRule Policy="Default" Type="Suggested" Role="6617800_IDE-MRC_Internes" D0="C3085" />
	<SingleRoleRule Policy="Default" Type="Suggested" Role="C308500_IDE-MRC_Role-de-base" D0="C3085" />
	<SingleRoleRule Policy="Default" Type="Suggested" Role="6617800_IDE_Admin-SaaS" D0="C3085" />
	<SingleRoleRule Policy="Default" Type="Suggested" Role="C308500_MRC_E_Ingenieur_Exploitation" D0="C3085" />
	<SingleRoleRule Policy="Default" Type="Suggested" Role="6617800_IDE_MVS" D0="C3085" />
	<SingleRoleRule Policy="Default" Type="Suggested" Role="6617900_SIU_Role-de-base_Externes" D0="C3086" />
	<SingleRoleRule Policy="Default" Type="Suggested" Role="6617900_SIU_Role-de-base-Internes" D0="C3086" />
	<SingleRoleRule Policy="Default" Type="Suggested" Role="C308600_QSI_M_Coordinateur" D0="C3086" />
	<SingleRoleRule Policy="Default" Type="Suggested" Role="C308600_QSI_M_SDM" D0="C3086" />
	<SingleRoleRule Policy="Default" Type="Suggested" Role="C308700_STD_M_Coordinateur_Activite" D0="C3087" />
	<SingleRoleRule Policy="Default" Type="Suggested" Role="C308700_STD_M_Ingenieur_Exploitation_Tandem" D0="C3087" />
	<SingleRoleRule Policy="Default" Type="Suggested" Role="C308700_STD_M_Responsable_Equipe_Unique" D0="C3087" />
	<SingleRoleRule Policy="Default" Type="Suggested" Role="C308700_STD_M_Role_de_base" D0="C3087" />
	<SingleRoleRule Policy="Default" Type="Suggested" Role="6642500_PFS_Architecte solutions" D0="C3088" />
	<SingleRoleRule Policy="Default" Type="Suggested" Role="C308800_PAR_M_Chef_de_projet_PFF_Unique" D0="C3088" />
	<SingleRoleRule Policy="Default" Type="Suggested" Role="C308900_PFF_E_Chef de projet" D0="C3089" />
	<SingleRoleRule Policy="Default" Type="Suggested" Role="C309000_PGI_E_Chef_de_projet" D0="C3090" />
	<SingleRoleRule Policy="Default" Type="Suggested" Role="C309100_CLF_E_Chef_de_projet" D0="C3091" />
	<SingleRoleRule Policy="Default" Type="Suggested" Role="C309600_LCG_E_Licencing" D0="C3096" />
	<SingleRoleRule Policy="Default" Type="Suggested" Role="C310200_GCS_E_Controleur_de_Gestion" D0="C3102" />
	<SingleRoleRule Policy="Default" Type="Suggested" Role="C310400_OPF_M_GESTIONNAIRE_ACHAT" D0="C3104" />
	<SingleRoleRule Policy="Default" Type="Suggested" Role="C310400_OPF_M_GESTIONNAIRE_ACHAT_BUDGET" D0="C3104" />
	<SingleRoleRule Policy="Default" Type="Suggested" Role="C310400_OPF_M_GESTIONNAIRE_BUDGETAIRE" D0="C3104" />
	<SingleRoleRule Policy="Default" Type="Suggested" Role="C302700_EAR_Coordinateur_Activite_Unique" D0="C3027" />
	<SingleRoleRule Policy="Default" Type="Suggested" Role="C302700_EAR_M_Chef_de_Projet" D0="C3027" />
	<SingleRoleRule Policy="Default" Type="Suggested" Role="C302700_EAR_M_Developpeur" D0="C3027" />
	<SingleRoleRule Policy="Default" Type="Suggested" Role="C302700_EAR_M_Ingenieur_Systemes" D0="C3027" />
	<SingleRoleRule Policy="Default" Type="Suggested" Role="C302700_EAR_M_Pilotage_Prestation" D0="C3027" />
	<SingleRoleRule Policy="Default" Type="Suggested" Role="C302700_EAR_M_Responsable_Activites" D0="C3027" />
	<SingleRoleRule Policy="Default" Type="Suggested" Role="C302700_EAR_M_role_de_base_archivage" D0="C3027" />
	<SingleRoleRule Policy="Default" Type="Suggested" Role="C302700_EAR_M_role_de_base_editique" D0="C3027" />
	<SingleRoleRule Policy="Default" Type="Suggested" Role="C304700_GPQ_Gestionnaire-de-processus" D0="C3047" />
	<SingleRoleRule Policy="Default" Type="Suggested" Role="C304700_GPQ_Manager_Unique" D0="C3047" />
	<SingleRoleRule Policy="Default" Type="Suggested" Role="C305100_CEI_M_Change_Manager_RUN" D0="C3051" />
	<SingleRoleRule Policy="Default" Type="Suggested" Role="C305100_CEI_M_Chef_de_Projet" D0="C3051" />
	<SingleRoleRule Policy="Default" Type="Suggested" Role="C305100_CEI_M_Coordinateur_Activité_Unique" D0="C3051" />
	<SingleRoleRule Policy="Default" Type="Suggested" Role="C305100_CEI_M_Service_Delivery_Manager" D0="C3051" />
	<SingleRoleRule Policy="Default" Type="Suggested" Role="C305100_CEI_M_Incident_Manager" D0="C3051" />
	<SingleRoleRule Policy="Default" Type="Suggested" Role="C305100_CEI_M_Service_Responsable_RUN_Unique" D0="C3051" />
	<SingleRoleRule Policy="Default" Type="Suggested" Role="C352400_ERD_role_de_base" D0="C3069" />
	<SingleRoleRule Policy="Default" Type="Suggested" Role="C306900_EIR_M_Ingenieur_Exploitation" D0="C3069" />
	<SingleRoleRule Policy="Default" Type="Suggested" Role="C306900_EIR_M_Responsable_Equipe" D0="C3069" />
</ConfigurationFile>
