﻿<ConfigurationFile xmlns="urn:schemas-usercube-com:configuration">
	<SingleRoleRule Policy="Default" Role="SR_LD_CAGIP_DGE_RHT_COT_Internes" D2Id="-3" D0="T3012" D3Id="-356" />
	<SingleRoleRule Policy="Default" Role="SR_LD_CAGIP_DGE_RHT_COT_Externes" D2Id="-4" D0="T3012" D3Id="-356" />
	<SingleRoleRule Policy="Default" Role="SR_LD_CAGIP_DGE_CRC_Internes" D2Id="-3" D0="T3003" D3Id="-356" />
	<SingleRoleRule Policy="Default" Role="SR_LD_CAGIP_DGE_CRC_Externes" D2Id="-4" D0="T3003" D3Id="-356" />
	<SingleRoleRule Policy="Default" Role="SR_LD_CAGIP_DGE_COF_Internes" D2Id="-3" D0="T3005" D3Id="-356" />
	<SingleRoleRule Policy="Default" Role="SR_LD_CAGIP_DGE_COF_Externes" D2Id="-4" D0="T3005" D3Id="-356" />
	<SingleRoleRule Policy="Default" Role="SR_LD_CAGIP_DGE_AUD_Internes" D2Id="-3" D0="T3002" D3Id="-356" />
	<SingleRoleRule Policy="Default" Role="SR_LD_CAGIP_DGE_AUD_Externes" D2Id="-4" D0="T3002" D3Id="-356" />
	<SingleRoleRule Policy="Default" Role="SR_LD_CAGIP_DGE_STI_STG_Internes" D2Id="-3" D0="T3022" D3Id="-356" />
	<SingleRoleRule Policy="Default" Role="SR_LD_CAGIP_DGE_STI_STG_Externes" D2Id="-4" D0="T3022" D3Id="-356" />
	<SingleRoleRule Policy="Default" Role="SR_LD_CAGIP_DGE_STI_QMP_Internes" D2Id="-3" D0="T3021" D3Id="-356" />
	<SingleRoleRule Policy="Default" Role="SR_LD_CAGIP_DGE_STI_QMP_Externes" D2Id="-4" D0="T3021" D3Id="-356" />
	<SingleRoleRule Policy="Default" Role="SR_LD_CAGIP_DGE_STI_IT4_Internes" D2Id="-3" D0="T3020" D3Id="-356" />
	<SingleRoleRule Policy="Default" Role="SR_LD_CAGIP_DGE_STI_IT4_Externes" D2Id="-4" D0="T3020" D3Id="-356" />
	<SingleRoleRule Policy="Default" Role="SR_LD_CAGIP_DGE_STI_AAC_Internes" D2Id="-3" D0="T3019" D3Id="-356" />
	<SingleRoleRule Policy="Default" Role="SR_LD_CAGIP_DGE_STI_AAC_Externes" D2Id="-4" D0="T3019" D3Id="-356" />
	<SingleRoleRule Policy="Default" Role="SR_LD_CAGIP_DGE_RIC_Internes" D2Id="-3" D0="T3017" D3Id="-356" />
	<SingleRoleRule Policy="Default" Role="SR_LD_CAGIP_DGE_RIC_Externes" D2Id="-4" D0="T3017" D3Id="-356" />
	<SingleRoleRule Policy="Default" Role="SR_LD_CAGIP_DGE_RHT_TRN_Internes" D2Id="-3" D0="T3016" D3Id="-356" />
	<SingleRoleRule Policy="Default" Role="SR_LD_CAGIP_DGE_RHT_TRN_Externes" D2Id="-4" D0="T3016" D3Id="-356" />
	<SingleRoleRule Policy="Default" Role="SR_LD_CAGIP_DGE_RHT_PFD_Internes" D2Id="-3" D0="T3014" D3Id="-356" />
	<SingleRoleRule Policy="Default" Role="SR_LD_CAGIP_DGE_RHT_PFD_Externes" D2Id="-4" D0="T3014" D3Id="-356" />
	<SingleRoleRule Policy="Default" Role="SR_LD_CAGIP_DGE_RHT_MGH_Internes" D2Id="-3" D0="T3013" D3Id="-356" />
	<SingleRoleRule Policy="Default" Role="SR_LD_CAGIP_DGE_RHT_MGH_Externes" D2Id="-4" D0="T3013" D3Id="-356" />
	
	<!-- Copie des LDD pour les Migrés ZOE -->
	<SingleRoleRule Policy="Default" Role="SR_LD_CAGIP_DGE_RHT_COT_Internes" D2Id="-3" D0="T3012" D4Id="-501" />
	<SingleRoleRule Policy="Default" Role="SR_LD_CAGIP_DGE_RHT_COT_Externes" D2Id="-4" D0="T3012" D4Id="-501" />
	<SingleRoleRule Policy="Default" Role="SR_LD_CAGIP_DGE_CRC_Internes" D2Id="-3" D0="T3003" D4Id="-501" />
	<SingleRoleRule Policy="Default" Role="SR_LD_CAGIP_DGE_CRC_Externes" D2Id="-4" D0="T3003" D4Id="-501" />
	<SingleRoleRule Policy="Default" Role="SR_LD_CAGIP_DGE_COF_Internes" D2Id="-3" D0="T3005" D4Id="-501" />
	<SingleRoleRule Policy="Default" Role="SR_LD_CAGIP_DGE_COF_Externes" D2Id="-4" D0="T3005" D4Id="-501" />
	<SingleRoleRule Policy="Default" Role="SR_LD_CAGIP_DGE_AUD_Internes" D2Id="-3" D0="T3002" D4Id="-501" />
	<SingleRoleRule Policy="Default" Role="SR_LD_CAGIP_DGE_AUD_Externes" D2Id="-4" D0="T3002" D4Id="-501" />
	<SingleRoleRule Policy="Default" Role="SR_LD_CAGIP_DGE_STI_STG_Internes" D2Id="-3" D0="T3022" D4Id="-501" />
	<SingleRoleRule Policy="Default" Role="SR_LD_CAGIP_DGE_STI_STG_Externes" D2Id="-4" D0="T3022" D4Id="-501" />
	<SingleRoleRule Policy="Default" Role="SR_LD_CAGIP_DGE_STI_QMP_Internes" D2Id="-3" D0="T3021" D4Id="-501" />
	<SingleRoleRule Policy="Default" Role="SR_LD_CAGIP_DGE_STI_QMP_Externes" D2Id="-4" D0="T3021" D4Id="-501" />
	<SingleRoleRule Policy="Default" Role="SR_LD_CAGIP_DGE_STI_IT4_Internes" D2Id="-3" D0="T3020" D4Id="-501" />
	<SingleRoleRule Policy="Default" Role="SR_LD_CAGIP_DGE_STI_IT4_Externes" D2Id="-4" D0="T3020" D4Id="-501" />
	<SingleRoleRule Policy="Default" Role="SR_LD_CAGIP_DGE_STI_AAC_Internes" D2Id="-3" D0="T3019" D4Id="-501" />
	<SingleRoleRule Policy="Default" Role="SR_LD_CAGIP_DGE_STI_AAC_Externes" D2Id="-4" D0="T3019" D4Id="-501" />
	<SingleRoleRule Policy="Default" Role="SR_LD_CAGIP_DGE_RIC_Internes" D2Id="-3" D0="T3017" D4Id="-501" />
	<SingleRoleRule Policy="Default" Role="SR_LD_CAGIP_DGE_RIC_Externes" D2Id="-4" D0="T3017" D4Id="-501" />
	<SingleRoleRule Policy="Default" Role="SR_LD_CAGIP_DGE_RHT_TRN_Internes" D2Id="-3" D0="T3016" D4Id="-501" />
	<SingleRoleRule Policy="Default" Role="SR_LD_CAGIP_DGE_RHT_TRN_Externes" D2Id="-4" D0="T3016" D4Id="-501" />
	<SingleRoleRule Policy="Default" Role="SR_LD_CAGIP_DGE_RHT_PFD_Internes" D2Id="-3" D0="T3014" D4Id="-501" />
	<SingleRoleRule Policy="Default" Role="SR_LD_CAGIP_DGE_RHT_PFD_Externes" D2Id="-4" D0="T3014" D4Id="-501" />
	<SingleRoleRule Policy="Default" Role="SR_LD_CAGIP_DGE_RHT_MGH_Internes" D2Id="-3" D0="T3013" D4Id="-501" />
	<SingleRoleRule Policy="Default" Role="SR_LD_CAGIP_DGE_RHT_MGH_Externes" D2Id="-4" D0="T3013" D4Id="-501" />
</ConfigurationFile>
