﻿<ConfigurationFile xmlns="urn:schemas-usercube-com:configuration">
	<!-- Attributions auto pour les utilisateurs ZOE admin -->
	<SingleRoleRule Policy="Default" Role="SR_PDTA_GOLD" D3Id="-356" D5Id="-551" />
	<SingleRoleRule Policy="Default" Role="SR_HID_RED01" D3Id="-356" D5Id="-551" />
	<CompositeRoleRule Policy="Default" Role="RoleBaseAdmin" D3Id="-356" D5Id="-551" />

	<!-- Attributions auto pour les utilisateurs PARTENAIRES admin -->
	<CompositeRoleRule Policy="Default" Role="RoleBaseAdmin" D3Id="-353" D5Id="-551" />

	<!-- Attributions auto pour les utilisateurs hors ZOE migrés -->
	<SingleRoleRule Policy="Default" Role="SR_PDTA_GOLD" D4Id="-501" D5Id="-551" />
	<SingleRoleRule Policy="Default" Role="SR_HID_RED01" D4Id="-501" D5Id="-551" />
	<CompositeRoleRule Policy="Default" Role="RoleBaseAdmin" D4Id="-501" D5Id="-551" />
	
	<!-- Matériel SPARTe pour les utilisateurs GOLD et/ou SILVER -->
	<SingleRoleRule Policy="Default" Role="SR_HID_ADMIN" CompositeRole="RoleBaseAdminSilver" />
	<SingleRoleRule Policy="Default" Role="SR_HID_ADMIN" CompositeRole="RoleBaseAdminGold" />
	<SingleRoleRule Policy="Default" Role="SR_PDTA_REDALPHA" CompositeRole="RoleBaseAdminGold" />
	<SingleRoleRule Policy="Default" Role="SR_HID_ADMIN" CompositeRole="RoleBaseAdminGoldSilver" />
	<SingleRoleRule Policy="Default" Role="SR_PDTA_REDALPHA" CompositeRole="RoleBaseAdminGoldSilver" />

	<!-- Attributions auto pour les utilisateurs migrés RED01 : PDTA GOLD / HID RED01 -->
	<SingleRoleRule Policy="Default" Role="SR_PDTA_GOLD" DBId="-503" D5Id="-553" />
	<SingleRoleRule Policy="Default" Role="SR_HID_RED01" DBId="-503" D5Id="-553" />
	<SingleRoleRule Policy="Default" Role="SR_PDTA_GOLD" DBId="-503" D5Id="-554" />
	<SingleRoleRule Policy="Default" Role="SR_HID_RED01" DBId="-503" D5Id="-554" />
	<SingleRoleRule Policy="Default" Role="SR_PDTA_GOLD" DBId="-503" D5Id="-555" />
	<SingleRoleRule Policy="Default" Role="SR_HID_RED01" DBId="-503" D5Id="-555" />
	
	<!-- Interdiction par localisation -->
	<SingleRoleRule Policy="Default" Role="SR_PDTA_GOLD" IsDenied="true" D8="23" />
	<SingleRoleRule Policy="Default" Role="SR_PDTA_GOLD" IsDenied="true" D8="106" />
	<SingleRoleRule Policy="Default" Role="SR_PDTA_GOLD" IsDenied="true" D8="107" />
	<SingleRoleRule Policy="Default" Role="SR_PDTA_GOLD" IsDenied="true" D8="108" />
	<SingleRoleRule Policy="Default" Role="SR_PDTA_GOLD" IsDenied="true" D8="109" />
	
	<SingleRoleRule Policy="Default" Role="SR_HID_RED01"  IsDenied="true" D8="23" />
	<SingleRoleRule Policy="Default" Role="SR_HID_RED01"  IsDenied="true" D8="106" />
	<SingleRoleRule Policy="Default" Role="SR_HID_RED01"  IsDenied="true" D8="107" />
	<SingleRoleRule Policy="Default" Role="SR_HID_RED01"  IsDenied="true" D8="108" />
	<SingleRoleRule Policy="Default" Role="SR_HID_RED01"  IsDenied="true" D8="109" />
	<!-- FIN Interdiction par localisation -->
	
</ConfigurationFile>
