﻿<ConfigurationFile xmlns="urn:schemas-usercube-com:configuration">
	<SingleRoleRule Policy="Default" Role="SR_LD_CAGIP_DGS_CYB_ANNECY_INTERNE" D2Id="-3" D3Id="-356" D9="ANNECY" D0="S3083" />
	<SingleRoleRule Policy="Default" Role="SR_LD_CAGIP_DGS_CYB_ANNECY_EXTERNES" D2Id="-4" D3Id="-356" D9="ANNECY" D0="S3083" />
	<SingleRoleRule Policy="Default" Role="SR_LD_CAGIP_DGS_CYB_ANNECY_INTERNE" D2Id="-3" D3Id="-356" D9="ANNECY" D0="S3081" />
	<SingleRoleRule Policy="Default" Role="SR_LD_CAGIP_DGS_CYB_ANNECY_EXTERNES" D2Id="-4" D3Id="-356" D9="ANNECY" D0="S3081" />
	<SingleRoleRule Policy="Default" Role="SR_LD_CAGIP_DGS_CYB_ANNECY_INTERNE" D2Id="-3" D3Id="-356" D9="ANNECY" D0="S3015" />
	<SingleRoleRule Policy="Default" Role="SR_LD_CAGIP_DGS_CYB_ANNECY_EXTERNES" D2Id="-4" D3Id="-356" D9="ANNECY" D0="S3015" />
	<SingleRoleRule Policy="Default" Role="SR_LD_CAGIP_DGS_CYB_ANNECY_INTERNE" D2Id="-3" D3Id="-356" D9="ANNECY" D0="S3082" />
	<SingleRoleRule Policy="Default" Role="SR_LD_CAGIP_DGS_CYB_ANNECY_EXTERNES" D2Id="-4" D3Id="-356" D9="ANNECY" D0="S3082" />
	<SingleRoleRule Policy="Default" Role="SR_LD_CAGIP_DGS_CYB_ANNECY_INTERNE" D2Id="-3" D3Id="-356" D9="ANNECY" D0="S3084" />
	<SingleRoleRule Policy="Default" Role="SR_LD_CAGIP_DGS_CYB_ANNECY_EXTERNES" D2Id="-4" D3Id="-356" D9="ANNECY" D0="S3084" />
	<SingleRoleRule Policy="Default" Role="SR_LD_CAGIP_DGS_CYB_ANNECY_INTERNE" D2Id="-3" D3Id="-356" D9="ANNECY" D0="S3018" />
	<SingleRoleRule Policy="Default" Role="SR_LD_CAGIP_DGS_CYB_ANNECY_EXTERNES" D2Id="-4" D3Id="-356" D9="ANNECY" D0="S3018" />
	<SingleRoleRule Policy="Default" Role="SR_LD_CAGIP_DGS_CYB_ANNECY_INTERNE" D2Id="-3" D3Id="-356" D9="ANNECY" D0="S3013" />
	<SingleRoleRule Policy="Default" Role="SR_LD_CAGIP_DGS_CYB_ANNECY_EXTERNES" D2Id="-4" D3Id="-356" D9="ANNECY" D0="S3013" />
	
	<!-- Copie des LDD pour les Migrés ZOE -->
	<SingleRoleRule Policy="Default" Role="SR_LD_CAGIP_DGS_CYB_ANNECY_INTERNE" D2Id="-3" D4Id="-501" D9="ANNECY" D0="S3083" />
	<SingleRoleRule Policy="Default" Role="SR_LD_CAGIP_DGS_CYB_ANNECY_EXTERNES" D2Id="-4" D4Id="-501" D9="ANNECY" D0="S3083" />
	<SingleRoleRule Policy="Default" Role="SR_LD_CAGIP_DGS_CYB_ANNECY_INTERNE" D2Id="-3" D4Id="-501" D9="ANNECY" D0="S3081" />
	<SingleRoleRule Policy="Default" Role="SR_LD_CAGIP_DGS_CYB_ANNECY_EXTERNES" D2Id="-4" D4Id="-501" D9="ANNECY" D0="S3081" />
	<SingleRoleRule Policy="Default" Role="SR_LD_CAGIP_DGS_CYB_ANNECY_INTERNE" D2Id="-3" D4Id="-501" D9="ANNECY" D0="S3015" />
	<SingleRoleRule Policy="Default" Role="SR_LD_CAGIP_DGS_CYB_ANNECY_EXTERNES" D2Id="-4" D4Id="-501" D9="ANNECY" D0="S3015" />
	<SingleRoleRule Policy="Default" Role="SR_LD_CAGIP_DGS_CYB_ANNECY_INTERNE" D2Id="-3" D4Id="-501" D9="ANNECY" D0="S3082" />
	<SingleRoleRule Policy="Default" Role="SR_LD_CAGIP_DGS_CYB_ANNECY_EXTERNES" D2Id="-4" D4Id="-501" D9="ANNECY" D0="S3082" />
	<SingleRoleRule Policy="Default" Role="SR_LD_CAGIP_DGS_CYB_ANNECY_INTERNE" D2Id="-3" D4Id="-501" D9="ANNECY" D0="S3084" />
	<SingleRoleRule Policy="Default" Role="SR_LD_CAGIP_DGS_CYB_ANNECY_EXTERNES" D2Id="-4" D4Id="-501" D9="ANNECY" D0="S3084" />
	<SingleRoleRule Policy="Default" Role="SR_LD_CAGIP_DGS_CYB_ANNECY_INTERNE" D2Id="-3" D4Id="-501" D9="ANNECY" D0="S3018" />
	<SingleRoleRule Policy="Default" Role="SR_LD_CAGIP_DGS_CYB_ANNECY_EXTERNES" D2Id="-4" D4Id="-501" D9="ANNECY" D0="S3018" />
	<SingleRoleRule Policy="Default" Role="SR_LD_CAGIP_DGS_CYB_ANNECY_INTERNE" D2Id="-3" D4Id="-501" D9="ANNECY" D0="S3013" />
	<SingleRoleRule Policy="Default" Role="SR_LD_CAGIP_DGS_CYB_ANNECY_EXTERNES" D2Id="-4" D4Id="-501" D9="ANNECY" D0="S3013" />
</ConfigurationFile>
