﻿<ConfigurationFile xmlns="urn:schemas-usercube-com:configuration">
	<SingleRoleRule Policy="Default" Type="Suggested" Role="S305100_MWR_M_RUN_CAPGEMINI" D0="S3051" />
	<SingleRoleRule Policy="Default" Type="Suggested" Role="S305100_MWR_M_Expert_Middleware_Accés_Sensible" D0="S3051" />
	<SingleRoleRule Policy="Default" Type="Suggested" Role="S305100_MWR_M_Expert-Middleware-Socle" D0="S3051" />
	<SingleRoleRule Policy="Default" Type="Suggested" Role="S300200_RIS_M_Directeur" D0="S3002" />
	<SingleRoleRule Policy="Default" Type="Suggested" Role="S300300_FSO_M_FONCTION_CISO" D0="S3003" />
	<SingleRoleRule Policy="Default" Type="Suggested" Role="S300300_FSO_M_RESPONSABLE_EQUIPE" D0="S3003" />
	<SingleRoleRule Policy="Default" Type="Suggested" Role="S300400_FMI_M_Charge_Risques_IT" D0="S3004" />
	<SingleRoleRule Policy="Default" Type="Suggested" Role="S300500_FTC_Charge_de_securite_et_continuite" D0="S3005" />
	<SingleRoleRule Policy="Default" Type="Suggested" Role="S300500_FTC_M_Responsable_Equipe" D0="S3005" />
	<SingleRoleRule Policy="Default" Type="Suggested" Role="S300700_PCP_M_Architecte Technique" D0="S3007" />
	<SingleRoleRule Policy="Default" Type="Suggested" Role="S300700_PCP_M_Chef de Projet" D0="S3007" />
	<SingleRoleRule Policy="Default" Type="Suggested" Role="6640600_STF_role_de_base" D0="S3012" />
	<SingleRoleRule Policy="Default" Type="Suggested" Role="6640600_STF_crises_et_ transverses" D0="S3012" />
	<SingleRoleRule Policy="Default" Type="Suggested" Role="6640600_STF_gestion_des_changements" D0="S3012" />
	<SingleRoleRule Policy="Default" Type="Suggested" Role="S302200_BEX_M_Coordinateur-Activités_Unique" D0="S3022" />
	<SingleRoleRule Policy="Default" Type="Suggested" Role="S302200_PFD_M_Ingénieur-suivi-exploitation-et-supervision" D0="S3022" />
	<SingleRoleRule Policy="Default" Type="Suggested" Role="S302200_BEX_M_Manager_Unique" D0="S3022" />
	<SingleRoleRule Policy="Default" Type="Suggested" Role="6682200_SO1_developpeur" D0="S3023" />
	<SingleRoleRule Policy="Default" Type="Suggested" Role="S302300_PPX_support_pilote_N1" D0="S3023" />
	<SingleRoleRule Policy="Default" Type="Suggested" Role="6682200_SO1_supportN2_pilotag" D0="S3023" />
	<SingleRoleRule Policy="Default" Type="Suggested" Role="6682200_SO1_supportN2_Pilotage" D0="S3023" />
	<SingleRoleRule Policy="Default" Type="Suggested" Role="S302400_SDW_M_Architetce" D0="S3024" />
	<SingleRoleRule Policy="Default" Type="Suggested" Role="S302400_SDW_M_Ingénieur_Support" D0="S3024" />
	<SingleRoleRule Policy="Default" Type="Suggested" Role="S302600_CMU_ARCHITECTE" D0="S3026" />
	<SingleRoleRule Policy="Default" Type="Suggested" Role="S302600_CMU_CHEF_DE_PROJET" D0="S3026" />
	<SingleRoleRule Policy="Default" Type="Suggested" Role="S302700_CTC_Architecte" D0="S3027" />
	<SingleRoleRule Policy="Default" Type="Suggested" Role="S302800_DIS_M_CHEF_PROJET" D0="S3028" />
	<SingleRoleRule Policy="Default" Type="Suggested" Role="S302800_DIS_M_MANAGER" D0="S3028" />
	<!--<SingleRoleRule Policy="Default" Type="Suggested" Role="S302900_DAS_M_Ingenieur_Exploitation_Niveau2" D0="S3029" />
	<SingleRoleRule Policy="Default" Type="Suggested" Role="S302900_DAS_M_Responsable_Equipe" D0="S3029" />
	<SingleRoleRule Policy="Default" Type="Suggested" Role="S303000_DAI_M_Ingenieur_Exploitation_Niveau3" D0="S3030" />-->
	<SingleRoleRule Policy="Default" Type="Suggested" Role="S303200_DVS_M_Admin VDI_externe" D0="S3032" />
	<SingleRoleRule Policy="Default" Type="Suggested" Role="S303200_DVS_M_Administrateur VDI" D0="S3032" />
	<SingleRoleRule Policy="Default" Type="Suggested" Role="S303200_DVS_M_RUN_CAP_NANTES" D0="S3032" />
	<SingleRoleRule Policy="Default" Type="Suggested" Role="S303300_DSS_M_RunSecuPDT" D0="S3033" />
	<SingleRoleRule Policy="Default" Type="Suggested" Role="6695300_SPT_Sécu-poste-de-travail_Externes" D0="S3033" />
	<SingleRoleRule Policy="Default" Type="Suggested" Role="6695300_SPT_Sécu-poste-de-travail_Internes" D0="S3033" />
	<SingleRoleRule Policy="Default" Type="Suggested" Role="6695300_SPT_PoleSecurite_ZoneCentrale_Prestataires" D0="S3033" />
	<SingleRoleRule Policy="Default" Type="Suggested" Role="6673700_IPT_ingenierie_PDT_HPS" D0="S3034" />
	<!-- <SingleRoleRule Policy="Default" Type="Suggested" Role="S303400_IPT-DHP_ingenierie_PDT_internes" D0="S3034" /> -->
	<SingleRoleRule Policy="Default" Type="Suggested" Role="S303400_DHP_M_ingenierie_PDT_PPS_Externe" D0="S3034" />
	<SingleRoleRule Policy="Default" Type="Suggested" Role="6673700_IPT_ingenierie_PDT_PPS" D0="S3034" />
	<SingleRoleRule Policy="Default" Type="Suggested" Role="6673700_IPT_ingenierie_PDT_teledistribution" D0="S3034" />
	<SingleRoleRule Policy="Default" Type="Suggested" Role="S303600_MOB_M_BUILD_Ingenieur_infrastructure_Mobilite" D0="S3036" />
	<SingleRoleRule Policy="Default" Type="Suggested" Role="S303600_S303600_MOB_M_CAP_RunMobilite" D0="S3036" />
	<SingleRoleRule Policy="Default" Type="Suggested" Role="S303600_MOB_M_Run_N2_ Support_Mobilite" D0="S3036" />
	<SingleRoleRule Policy="Default" Type="Suggested" Role="S303700_MOC_M_Build_Federateur" D0="S3037" />
	<!-- <SingleRoleRule Policy="Default" Type="Suggested" Role="S303700_MOC_M_Build_Messagerie" D0="S3037" /> -->
	<!--<SingleRoleRule Policy="Default" Type="Suggested" Role="S303700_MOC_M_Build_Messagerie_0365_MSG" D0="S3037" />-->
	<SingleRoleRule Policy="Default" Type="Suggested" Role="S303700_MOC_M_Build_Sharepoint_O365_TEAMS_SharedFolders" D0="S3037" />
	<!-- <SingleRoleRule Policy="Default" Type="Suggested" Role="S303700_MOC_M_Build_SHP" D0="S3037" /> -->
	<SingleRoleRule Policy="Default" Type="Suggested" Role="S303700_MOC_M_Notes" D0="S3037" />
	<SingleRoleRule Policy="Default" Type="Suggested" Role="S303700_MOC_M_Build_Messagerie_0365_MSG" D0="S3037" />
	<SingleRoleRule Policy="Default" Type="Suggested" Role="S303700_MOC_M_Run Messagerie_0365_MSG" D0="S3037" />
	<SingleRoleRule Policy="Default" Type="Suggested" Role="S303700_MOC_M_Run_Federateur" D0="S3037" />
	<!-- <SingleRoleRule Policy="Default" Type="Suggested" Role="S303700_MOC_M_Run_Messagerie" D0="S3037" /> -->
	<SingleRoleRule Policy="Default" Type="Suggested" Role="S303700_MOC_M_Run_SharedFolders_O365_Teams_Sharepoint" D0="S3037" />
	<SingleRoleRule Policy="Default" Type="Suggested" Role="S303800_MAD_M_Administrateur_AD_LDS" D0="S3038" />
	<SingleRoleRule Policy="Default" Type="Suggested" Role="S303800_MAD_M_Administrateur-AD-RUN" D0="S3038" />
	<SingleRoleRule Policy="Default" Type="Suggested" Role="S303800_MAD_M_Administrateur_$FIM_MIM" D0="S3038" />
	<SingleRoleRule Policy="Default" Type="Suggested" Role="S303800_MAD_M_Administrateur_HAB" D0="S3038" />
	<SingleRoleRule Policy="Default" Type="Suggested" Role="S303800_MAD_M_Administrateur-PKI" D0="S3038" />
	<SingleRoleRule Policy="Default" Type="Suggested" Role="S304000_SPT-SAO_Outils_Internes" D0="S3040" />
	<!-- <SingleRoleRule Policy="Default" Type="Suggested" Role="6621600_BAO_Centre de service" D0="S3041" /> -->
	<!-- <SingleRoleRule Policy="Default" Type="Suggested" Role="S304100_SBO_M_Coordination Déménagement" D0="S3041" /> -->
	<SingleRoleRule Policy="Default" Type="Suggested" Role="S304100_SBO_M_Dashboard" D0="S3041" />
	<!-- <SingleRoleRule Policy="Default" Type="Suggested" Role="6621600_BAO Générique" D0="S3041" /> -->
	<!-- <SingleRoleRule Policy="Default" Type="Suggested" Role="6621600_BAO_Gestion Achats et stocks" D0="S3041" /> -->
	<!-- <SingleRoleRule Policy="Default" Type="Suggested" Role="S304100_SBO_M_Gestion tel mobile" D0="S3041" /> -->
	<SingleRoleRule Policy="Default" Type="Suggested" Role="6695300_SPT_Habilitations_Externes" D0="S3041" />
	<SingleRoleRule Policy="Default" Type="Suggested" Role="6695300_SPT_Habilitations_Internes" D0="S3041" />
	<!-- <SingleRoleRule Policy="Default" Type="Suggested" Role="S304100_SBO_M_Pilotage Financier" D0="S3041" /> -->
	<!-- <SingleRoleRule Policy="Default" Type="Suggested" Role="6621600_BAO_Projets délégués" D0="S3041" /> -->
	<SingleRoleRule Policy="Default" Type="Suggested" Role="S304300_UXS_M_Change_Managemen_ Officer" D0="S3043" />
	<SingleRoleRule Policy="Default" Type="Suggested" Role="S304300_UXS_M_Chef_de_Projet" D0="S3043" />
	<!--<SingleRoleRule Policy="Default" Type="Suggested" Role="S304300_UXS_M_Designer" D0="S3043" />-->
	<SingleRoleRule Policy="Default" Type="Suggested" Role="6638400_ETU_DigitalWorkplace_demenagement_chef_de_projet" D0="S3043" />
	<SingleRoleRule Policy="Default" Type="Suggested" Role="6638400_ETU_DigitalWorkplace_ExperienceUser_chef_de_projet" D0="S3043" />
	<SingleRoleRule Policy="Default" Type="Suggested" Role="S304300_UXS_Responsable_Activite" D0="S3043" />
	<!-- <SingleRoleRule Policy="Default" Type="Suggested" Role="S304300_UXS_Responsable_Departement" D0="S3043" /> -->
	<!-- <SingleRoleRule Policy="Default" Type="Suggested" Role="S307900_S2P_M_TECHNICIEN_PROJET" D0="S3079" /> -->
	<!-- <SingleRoleRule Policy="Default" Type="Suggested" Role="S307900_S2P_M_TECHNICIEN_PROXIMITE" D0="S3079" /> -->
	<SingleRoleRule Policy="Default" Type="Suggested" Role="S307900_S2P_M_Technicien_Support_Utilisateur" D0="S3079" />
	<SingleRoleRule Policy="Default" Type="Suggested" Role="S307900_S2P_M_TECHNICIEN_VIP_PREMIUM" D0="S3079" />
	<!--<SingleRoleRule Policy="Default" Type="Suggested" Role="S304400_UXP_M_Chef_De_Projet_Apprenti" D0="S3044" />-->
	<SingleRoleRule Policy="Default" Type="Suggested" Role="S304400_ETU-UXP_DigitalWorkplace_ExperienceUser_chef_de_projet" D0="S3044" />
	<!--<SingleRoleRule Policy="Default" Type="Suggested" Role="S304400_UXP_M_Product_Manager" D0="S3044" />-->
	<!--<SingleRoleRule Policy="Default" Type="Suggested" Role="S304400_UXP_M_Product_Owner" D0="S3044" />-->
	<SingleRoleRule Policy="Default" Type="Suggested" Role="S305200_OPR_M_INGENIEUR_EXPLOITATION_ORDONNANCEMENT" D0="S3052" />
	<!-- <SingleRoleRule Policy="Default" Type="Suggested" Role="S305200_OPR_M_INGENIEUR_TRANSFERT" D0="S3052" /> -->
	<!-- <SingleRoleRule Policy="Default" Type="Suggested" Role="S305200_OPR_M_INGENIEUR_TRANSVERSE" D0="S3052" /> -->
	<SingleRoleRule Policy="Default" Type="Suggested" Role="S305200_OPR_M_ORDONNANCEMENT_FORFAIT_PROJET" D0="S3052" />
	<!-- <SingleRoleRule Policy="Default" Type="Suggested" Role="S305200_OPR_M_RESPONSABLE_EQUIPE" D0="S3052" /> -->
	<!-- <SingleRoleRule Policy="Default" Type="Suggested" Role="S305200_OPR_M_SUPERVISION" D0="S3052" /> -->
	<SingleRoleRule Policy="Default" Type="Suggested" Role="S305500_SKS_M_INGENIEUR_SAUVEGARDE_CONSTRUCTION" D0="S3055" />
	<SingleRoleRule Policy="Default" Type="Suggested" Role="S305500_SKS_M_INGENIEUR_SAUVEGARDE_EXPLOITATION" D0="S3055" />
	<SingleRoleRule Policy="Default" Type="Suggested" Role="S305500_SKS_M_INGENIEUR_STOCKAGE_CONSTRUCTION" D0="S3055" />
	<SingleRoleRule Policy="Default" Type="Suggested" Role="S305500_SKS_M_INGENIEUR_STOCKAGE_EXPLOITATION" D0="S3055" />
	<SingleRoleRule Policy="Default" Type="Suggested" Role="S305500_SKS_M_RESPONSABLE_EQUIPE" D0="S3055" />
	<SingleRoleRule Policy="Default" Type="Suggested" Role="S305500_SKS_M_RESPONSABLE_EQUIPE_STOCKAGE" D0="S3055" />
	<SingleRoleRule Policy="Default" Type="Suggested" Role="6673300_BASE" D0="S3053" />
	<!-- <SingleRoleRule Policy="Default" Type="Suggested" Role="S305300_SWM-PSV_Role-de-base_Internes" D0="S3053" /> -->
	<!-- <SingleRoleRule Policy="Default" Type="Suggested" Role="S305300_SUL-PSV_Access-SSH" D0="S3053" /> -->
	<!-- <SingleRoleRule Policy="Default" Type="Suggested" Role="S305300_PSV_M_Admin_Zoe" D0="S3053" /> -->
	<SingleRoleRule Policy="Default" Type="Suggested" Role="S305300_PSV_M_APM" D0="S3053" />
	<SingleRoleRule Policy="Default" Type="Suggested" Role="6673300_cdp" D0="S3053" />
	<!-- <SingleRoleRule Policy="Default" Type="Suggested" Role="6673300_COFFRE" D0="S3053" /> -->
	<SingleRoleRule Policy="Default" Type="Suggested" Role="6673300_COFFRE_SSH_SENS" D0="S3053" />
	<SingleRoleRule Policy="Default" Type="Suggested" Role="6673300_HAB" D0="S3053" />
	<!-- <SingleRoleRule Policy="Default" Type="Suggested" Role="S305300_PSV_M_Projet" D0="S3053" /> -->
	<!-- <SingleRoleRule Policy="Default" Type="Suggested" Role="6673400_PROJ" D0="S3053" /> -->
	<!-- <SingleRoleRule Policy="Default" Type="Suggested" Role="S305300_PSV_M_Role_de_Base" D0="S3053" /> -->
	<SingleRoleRule Policy="Default" Type="Suggested" Role="6673400_SEC" D0="S3053" />
	<SingleRoleRule Policy="Default" Type="Suggested" Role="6673300_secux" D0="S3053" />
	<!-- <SingleRoleRule Policy="Default" Type="Suggested" Role="S305300_SWM-PSV_Systeme-Role-de-base" D0="S3053" /> -->
	<SingleRoleRule Policy="Default" Type="Suggested" Role="S305400_GBD_Administrateur_DBA_Vertica" D0="S3054" />
	<SingleRoleRule Policy="Default" Type="Suggested" Role="S305400_GBD_M_Administrateur_DBA_MySQL" D0="S3054" />
	<!--<SingleRoleRule Policy="Default" Type="Suggested" Role="S305400_GBD_M_Admin_MSQL_BLD_Int" D0="S3054" />-->
	<SingleRoleRule Policy="Default" Type="Suggested" Role="S305400_GBD_M_Administrateur_DBA_PostgreSQL" D0="S3054" />
	<SingleRoleRule Policy="Default" Type="Suggested" Role="S305400_GBD_Administeur_DBA_Redis" D0="S3054" />
	<SingleRoleRule Policy="Default" Type="Suggested" Role="S305400_GBD_Administrateur_DBA_DB2" D0="S3054" />
	<!-- <SingleRoleRule Policy="Default" Type="Suggested" Role="S305400_GBD_M_Administrateur_DBA_SQL" D0="S3054" /> -->
	<SingleRoleRule Policy="Default" Type="Suggested" Role="6672600_BDO-SGBD_Teradata-Externes" D0="S3054" />
	<!-- <SingleRoleRule Policy="Default" Type="Suggested" Role="S305400_GBD_M_Afministreur_DBA_Oracle" D0="S3054" /> -->
	<!-- <SingleRoleRule Policy="Default" Type="Suggested" Role="S305400_GBD_M_DBA_Offsore" D0="S3054" /> -->
	<SingleRoleRule Policy="Default" Type="Suggested" Role="S305400_GBD_M_Responsable_Activite" D0="S3054" />
	<SingleRoleRule Policy="Default" Type="Suggested" Role="S305400_GBD_M_Responsable_Activite_Run" D0="S3054" />
	<SingleRoleRule Policy="Default" Type="Suggested" Role="S305400_GBD_M_Responsable_Equipe_Unique" D0="S3054" />
	<SingleRoleRule Policy="Default" Type="Suggested" Role="S305000_SWM-DPC_Role-de-base_Internes" D0="S3050" />
	<SingleRoleRule Policy="Default" Type="Suggested" Role="S305000_DPC_M_Administateur_Base_de_donnees" D0="S3050" />
	<SingleRoleRule Policy="Default" Type="Suggested" Role="S305000_DPC_M_Administrateur_Systeme_Windows_Vmware" D0="S3050" />
	<SingleRoleRule Policy="Default" Type="Suggested" Role="S305000_DPC_Administrateur_Transfert_Unique" D0="S3050" />
	<SingleRoleRule Policy="Default" Type="Suggested" Role="S305000_DPC_Admnistrateur_Systeme_Unix/Linux" D0="S3050" />
	<SingleRoleRule Policy="Default" Type="Suggested" Role="S305000_DPC_M_Chef_de_Projet_Unique" D0="S3050" />
	<!-- <SingleRoleRule Policy="Default" Type="Suggested" Role="S305000_DPC_M_Manager_Unique" D0="S3050" /> -->
	<!-- <SingleRoleRule Policy="Default" Type="Suggested" Role="S305000_SWM-DPC_Systeme-Role-de-base" D0="S3050" /> -->
	<!--<SingleRoleRule Policy="Default" Type="Suggested" Role="S309800_SRT_M_Consultant_Securite" D0="S3098" />
	<SingleRoleRule Policy="Default" Type="Suggested" Role="S309800_SRT_M_Ingenieur_Securite" D0="S3098" />
	<SingleRoleRule Policy="Default" Type="Suggested" Role="S309800_SRT_M_Responsable_Equipe" D0="S3098" />-->
	<SingleRoleRule Policy="Default" Type="Suggested" Role="S305600_UNX_M_Acces_SSH_Offshore" D0="S3056" />
	<SingleRoleRule Policy="Default" Type="Suggested" Role="S305600_SUL-UNX_Access-SSH" D0="S3056" />
	<SingleRoleRule Policy="Default" Type="Suggested" Role="S305600_ASI-UNX_Architecte _Transverse" D0="S3056" />
	<SingleRoleRule Policy="Default" Type="Suggested" Role="S305600_SUL-UNX_COFFRE_SSH_SENSIBLE" D0="S3056" />
	<SingleRoleRule Policy="Default" Type="Suggested" Role="S305600_UNX_M_Ingénieur_LDAP" D0="S3056" />
	<SingleRoleRule Policy="Default" Type="Suggested" Role="S305600_UNX_M_Ingenieur_Systeme_France" D0="S3056" />
	<SingleRoleRule Policy="Default" Type="Suggested" Role="S305600_UNX_M_Ingenieur_Systeme_Inde" D0="S3056" />
	<SingleRoleRule Policy="Default" Type="Suggested" Role="S305600_UNX_M_Responsable_Equipe" D0="S3056" />
	<SingleRoleRule Policy="Default" Type="Suggested" Role="S305600_SUL-UNX_Role-de-base" D0="S3056" />
	<SingleRoleRule Policy="Default" Type="Suggested" Role="6673400_CTX" D0="S3057" />
	<!-- <SingleRoleRule Policy="Default" Type="Suggested" Role="6673400_EXSIP" D0="S3057" /> -->
	<SingleRoleRule Policy="Default" Type="Suggested" Role="6673400_BASE_EXT" D0="S3057" />
	<SingleRoleRule Policy="Default" Type="Suggested" Role="6673400_BASE_INT" D0="S3057" />
	<SingleRoleRule Policy="Default" Type="Suggested" Role="6673400_SYSBASE" D0="S3057" />
	<SingleRoleRule Policy="Default" Type="Suggested" Role="6673400_VMW" D0="S3057" />
	<SingleRoleRule Policy="Default" Type="Suggested" Role="6672300_OGG_Assistante" D0="S3020" />
	<SingleRoleRule Policy="Default" Type="Suggested" Role="S302000_DCR_M_Gestion_De_La_Demande" D0="S3020" />
	<SingleRoleRule Policy="Default" Type="Suggested" Role="6672300_OGG_ADM Applicatif" D0="S3020" />
	<SingleRoleRule Policy="Default" Type="Suggested" Role="6672300_OGG_Manager" D0="S3020" />
	<SingleRoleRule Policy="Default" Type="Suggested" Role="S302000_DCR_M_Proximité" D0="S3020" />
	<SingleRoleRule Policy="Default" Type="Suggested" Role="S302000_DCR_M_Responsable" D0="S3020" />
	<SingleRoleRule Policy="Default" Type="Suggested" Role="6672300_OGG_CdP" D0="S3020" />
	<SingleRoleRule Policy="Default" Type="Suggested" Role="S303100_SPT-DCS_Outils_Internes" D0="S3031" />
	<SingleRoleRule Policy="Default" Type="Suggested" Role="6673700_IPT_ingenierie_PDT_GPO" D0="S3031" />
	<SingleRoleRule Policy="Default" Type="Suggested" Role="6673700_IPT_ingenierie_PDT_integration" D0="S3031" />
	<!-- <SingleRoleRule Policy="Default" Type="Suggested" Role="6673700_IPT_ingenierie_PDT_IPH" D0="S3031" /> -->
	<SingleRoleRule Policy="Default" Type="Suggested" Role="6673700_IPT_Ingenierie_PDT_master" D0="S3031" />
	<SingleRoleRule Policy="Default" Type="Suggested" Role="S306900_ISR_M_Admin-N2" D0="S3069" />
	<SingleRoleRule Policy="Default" Type="Suggested" Role="S306900_ISR_M_Admin-N3" D0="S3069" />
	<SingleRoleRule Policy="Default" Type="Suggested" Role="S306900_ISR_M_Manager_Unique" D0="S3069" />
	<SingleRoleRule Policy="Default" Type="Suggested" Role="S307100_TCQ_M_Business_Contract_Manager" D0="S3071" />
	<SingleRoleRule Policy="Default" Type="Suggested" Role="S307100_TCQ_M_Responsable_Activite_Qualite_suivi_reglementaire" D0="S3071" />
	<SingleRoleRule Policy="Default" Type="Suggested" Role="S307100_TCQ_M_Responsable_Equipe" D0="S3071" />
	<SingleRoleRule Policy="Default" Type="Suggested" Role="S307100_TCQ_M_Responsable_Suivi_Liaisons_operateurs_CASA_BDI" D0="S3071" />
	<SingleRoleRule Policy="Default" Type="Suggested" Role="S307100_TCQ_Suivi_Liaisons_operateurs_CASA_BDI" D0="S3071" />
	<SingleRoleRule Policy="Default" Type="Suggested" Role="S306700_RXD_M_INGENIEUR_RESEAU" D0="S3067" />
	<SingleRoleRule Policy="Default" Type="Suggested" Role="S306700_RXD_M_RESPONSABLE_EQUIPE" D0="S3067" />
	<SingleRoleRule Policy="Default" Type="Suggested" Role="S306800_RXW_M_COORDINATEUR" D0="S3068" />
	<SingleRoleRule Policy="Default" Type="Suggested" Role="S306800_RXW_M_EXPERT_RESEAU_LOGIQUE" D0="S3068" />
	<SingleRoleRule Policy="Default" Type="Suggested" Role="S306800_RXW_M_EXPERT_RESEAU_PHYSIQUE" D0="S3068" />
	<SingleRoleRule Policy="Default" Type="Suggested" Role="S306800_RXW_M_RESPONSABLE_EQUIPE" D0="S3068" />
	<SingleRoleRule Policy="Default" Type="Suggested" Role="S306600_PRI_M_Chef_de_Projet_Externe" D0="S3066" />
	<SingleRoleRule Policy="Default" Type="Suggested" Role="S306600_PRI_M_Chef_de_projet" D0="S3066" />
	<SingleRoleRule Policy="Default" Type="Suggested" Role="S306600_PRI_M_Developpeur_Externe" D0="S3066" />
	<SingleRoleRule Policy="Default" Type="Suggested" Role="S306600_PRI_M_Ingenieur_devops" D0="S3066" />
	<!--<SingleRoleRule Policy="Default" Type="Suggested" Role="S306600_PRI_M_Ingenieur_Réseau_Unique" D0="S3066" />-->
	<SingleRoleRule Policy="Default" Type="Suggested" Role="S306600_PRI_M_Manager" D0="S3066" />
	<SingleRoleRule Policy="Default" Type="Suggested" Role="S307200_EOR_M_Coordinateur_Activite_Externes" D0="S3072" />
	<SingleRoleRule Policy="Default" Type="Suggested" Role="S307200_EOR_M_Coordinateur_Activite" D0="S3072" />
	<SingleRoleRule Policy="Default" Type="Suggested" Role="S307200_EOR_M_Expert_N2" D0="S3072" />
	<SingleRoleRule Policy="Default" Type="Suggested" Role="S307200_EOR_M_Expert_N3_Externes" D0="S3072" />
	<SingleRoleRule Policy="Default" Type="Suggested" Role="S307200_EOR_M_Expert_N3" D0="S3072" />
	<SingleRoleRule Policy="Default" Type="Suggested" Role="S307000_SDR_M_Admin_N2" D0="S3070" />
	<SingleRoleRule Policy="Default" Type="Suggested" Role="S307000_SDR_M_Coordination" D0="S3070" />
	<SingleRoleRule Policy="Default" Type="Suggested" Role="S307000_SDR_M_Expert_N3" D0="S3070" />
</ConfigurationFile>
