﻿<ConfigurationFile xmlns="urn:schemas-usercube-com:configuration">

  <Universe Identifier="Person_SourcesAndTargets" DisplayName_L1="Users - Data" DisplayName_L2="Collaborateurs - Données">
    <EntityInstance Identifier="Person_OwnedAssignedSingleRoles_Role_Category" EntityType="Category" DisplayName_L1="Category" />
    <AssociationInstance Association="SingleRole.Category" Instance1="Person_OwnedAssignedSingleRoles_Role" Instance2="Person_OwnedAssignedSingleRoles_Role_Category" Direction="From1To2" />
  </Universe>
  <UniverseDataModel Universe="Person_SourcesAndTargets" EntityType="Person">
    <ExcludedProperty Property="MainRecord" />
    <ExcludedProperty Property="OwnedApplications" />
    <ExcludedProperty Property="OwnedBots" />
    <ExcludedProperty Property="Guests" />
  </UniverseDataModel>
  <UniverseDataModel Universe="Person_SourcesAndTargets" EntityType="PersonRecord">
    <RootInstance Instance="Person_Records" />
    <ExcludedProperty Property="MainUser" />
    <ExcludedProperty Property="User" />
    <ExcludedProperty Property="AssistantOf" />
    <ExcludedProperty Property="PersonalTitle" />
  </UniverseDataModel>
  <UniverseDataModel Universe="Person_SourcesAndTargets" EntityType="Person">
    <RootInstance Instance="Person" />
    <UniverseTemplate Template="OwnedCompositeRoles" />
  </UniverseDataModel>
  <UniverseDataModel Universe="Person_SourcesAndTargets" EntityType="Person">
    <RootInstance Instance="Person" />
    <UniverseTemplate Template="OwnedSingleRoles" />
  </UniverseDataModel>
  <UniverseDataModel Universe="Person_SourcesAndTargets" EntityType="Person">
    <RootInstance Instance="Person" />
    <UniverseTemplate Template="OwnedResourceTypes" />
  </UniverseDataModel>
  <UniverseDataModel Universe="Person_SourcesAndTargets" EntityType="Person">
    <RootInstance Instance="Person" />
    <UniverseTemplate Template="ResourceResourceTypes" />
  </UniverseDataModel>


  <Universe Identifier="Person_Workflows" DisplayName_L1="Users - Workflows" DisplayName_L2="Collaborateurs - Demandes" IsHistoryDisabled="true">
    <EntityInstance Identifier="Workflow" EntityType="Workflow" DisplayName_L1="Workflow" FilterProperty="VariablesTypeId" FilterEntityType="Workflow_Person" />
    <EntityInstance Identifier="Workflow_WorkflowInstance" EntityType="WorkflowInstance" DisplayName_L1="Request" />

    <AssociationInstance Association="WorkflowInstance.Workflow" Instance1="Workflow_WorkflowInstance" Instance2="Workflow" Direction="From2To1" />

    <EntityInstance Identifier="Person" EntityType="Person" DisplayName_L1="User" />
    <AssociationInstance Association="Workflow_Person_Person" Instance1="Workflow_WorkflowInstance" Instance2="Person" Direction="From1To2" />
  </Universe>
  <UniverseDataModel Universe="Person_Workflows" EntityType="Person">
    <ExcludedProperty Property="MainRecord" />
    <ExcludedProperty Property="OwnedApplications" />
    <ExcludedProperty Property="OwnedBots" />
    <ExcludedProperty Property="Guests" />
  </UniverseDataModel>
  <UniverseDataModel Universe="Person_Workflows" EntityType="PersonRecord">
    <RootInstance Instance="Person_Records" />
    <ExcludedProperty Property="MainUser" />
    <ExcludedProperty Property="User" />
    <ExcludedProperty Property="AssistantOf" />
    <ExcludedProperty Property="PersonalTitle" />
  </UniverseDataModel>

   <!-- 5 - PENDING APPROVAL ROLES UNIVERSE -->
  <Universe Identifier="Person_RolesRequest" DisplayName_L1="Pending approval roles" DisplayName_L2="Rôles en attente de validation">
    <EntityInstance Identifier="Person" EntityType="Person" DisplayName_L1="Collaborateur" />
    <EntityInstance Identifier="AssignedSingleRoleManOne" EntityType="AssignedSingleRole" DisplayName_L1="Assigned Role (Awaiting approval)" FilterProperty="WorkflowState" FilterValue="8" />
    <EntityInstance Identifier="SingleRoleManOne" EntityType="SingleRole" DisplayName_L1="Role (Awaiting approval)" />
    <EntityInstance Identifier="AssignedSingleRoleManOneOnTwo" EntityType="AssignedSingleRole" DisplayName_L1="Assigned Role (Awaiting approval 1/2)" FilterProperty="WorkflowState" FilterValue="9" />
    <EntityInstance Identifier="SingleRoleManOneOnTwo" EntityType="SingleRole" DisplayName_L1="Role (Awaiting approval 1/2)" />
    <EntityInstance Identifier="AssignedSingleRoleManTwoOnTwo" EntityType="AssignedSingleRole" DisplayName_L1="Assigned Role (Awaiting approval 2/2)" FilterProperty="WorkflowState" FilterValue="10" />
    <EntityInstance Identifier="SingleRoleManTwoOnTwo" EntityType="SingleRole" DisplayName_L1="Role (Awaiting approval 2/2)" />
    <AssociationInstance Association="AssignedSingleRole.Role" Instance1="AssignedSingleRoleManOne" Instance2="SingleRoleManOne" Direction="From1To2" />
    <AssociationInstance Association="AssignedSingleRole.Owner" Instance1="AssignedSingleRoleManOne" Instance2="Person" Direction="From2To1" />
    <AssociationInstance Association="AssignedSingleRole.Role" Instance1="AssignedSingleRoleManOneOnTwo" Instance2="SingleRoleManOneOnTwo" Direction="From1To2" />
    <AssociationInstance Association="AssignedSingleRole.Owner" Instance1="AssignedSingleRoleManOneOnTwo" Instance2="Person" Direction="From2To1" />
    <AssociationInstance Association="AssignedSingleRole.Role" Instance1="AssignedSingleRoleManTwoOnTwo" Instance2="SingleRoleManTwoOnTwo" Direction="From1To2" />
    <AssociationInstance Association="AssignedSingleRole.Owner" Instance1="AssignedSingleRoleManTwoOnTwo" Instance2="Person" Direction="From2To1" />
    <EntityInstance Identifier="SingleRoleManOne_Role_Category" EntityType="Category" DisplayName_L1="Category (Awaiting approval)" />
    <AssociationInstance Association="SingleRole.Category" Instance1="SingleRoleManOne" Instance2="SingleRoleManOne_Role_Category" Direction="From1To2" />
    <EntityInstance Identifier="SingleRoleManOneOnTwo_Role_Category" EntityType="Category" DisplayName_L1="Category (Awaiting approval 1/2)" />
    <AssociationInstance Association="SingleRole.Category" Instance1="SingleRoleManOneOnTwo" Instance2="SingleRoleManOneOnTwo_Role_Category" Direction="From1To2" />
    <EntityInstance Identifier="SingleRoleManTwoOnTwo_Role_Category" EntityType="Category" DisplayName_L1="Category (Awaiting approval 2/2)" />
    <AssociationInstance Association="SingleRole.Category" Instance1="SingleRoleManTwoOnTwo" Instance2="SingleRoleManTwoOnTwo_Role_Category" Direction="From1To2" />
  </Universe>


  <!-- 6 - ASSIGNED PROFILES UNIVERSE -->
  <Universe Identifier="Person_AssignProf" DisplayName_L1="Assigned profiles" DisplayName_L2="Profils attribués">
    <EntityInstance Identifier="Person" EntityType="Person" DisplayName_L1="User" />
    <EntityInstance Identifier="SingleRole" EntityType="SingleRole" DisplayName_L1="Role" />
    <EntityInstance Identifier="Category" EntityType="Category" DisplayName_L1="Category" />
    <EntityInstance Identifier="AssignedProfile" EntityType="AssignedProfile" DisplayName_L1="Assigned Profiles" />
    <EntityInstance Identifier="ProfileContext" EntityType="ProfileContext" DisplayName_L1="Profile Contexts" />
    <EntityInstance Identifier="Profile" EntityType="Profile" DisplayName_L1="Profiles" />
    <AssociationInstance Association="AssignedProfile.Profile" Instance1="AssignedProfile" Instance2="Profile" Direction="From1To2" />
    <AssociationInstance Association="AssignedProfile.User" Instance1="AssignedProfile" Instance2="Person" Direction="From1To2" />
    <AssociationInstance Association="AssignedProfile.Context" Instance1="AssignedProfile" Instance2="ProfileContext" Direction="From1To2" />
    <AssociationInstance Association="ProfileContext.Category" Instance1="ProfileContext" Instance2="Category" Direction="From1To2" />
    <AssociationInstance Association="ProfileContext.SingleRole" Instance1="ProfileContext" Instance2="SingleRole" Direction="From1To2" />
  </Universe>

</ConfigurationFile>
