﻿{
  "SourceEntityIdentifier": "PersonRecord",
  "NavigationToTargetEntity": "Person",
  "NavigationTargetToSource": "Records",
  "TargetEntityTypeIdentifier": "Person",
  "FulfillInternalWorkflowConfigurations": [
    {
      "ChangeType": "Added",
      "Model": {
        "WorkflowIdentifier": "Person_StartFull",
        "TansitionIdentifier": "ActionWithRefine-ActionPending-Execute",
        "Message": "Entrée du collaborateur : $Changes:LastName$ $Changes:FirstName$ - $Changes:EmployeeId$",
        "Body": ""
      },
      "ScalarProperties": [
        "EmployeeId",
        "LastName",
        "FirstName",
        "RHMatricule",
        "IUG",
        "PhoneNumber",
        "MobileNumber",
        "RHSite",
        "RHBatiment",
        "RHEtage",
        "RHBureau",
        "WhenIn",
        "WhenOut",
        "RhDepartement"
      ],
      "NavigationProperties": [
        "EmployeeType",
        "Division",
        "Organization",
        "Company",
        "DomaineAD",
        "Responsible",
        "Co_localisation"
      ]
    },
    {
      "ChangeType": "Modified",
      "Model": {
        "WorkflowIdentifier": "Person_UpdateFull",
        "TansitionIdentifier": "ActionWithRefine-ActionPending-Execute",
        "Message": "Modification du collaborateur : $Resource:LastName$ $Resource:FirstName$ - $Resource:EmployeeId$",
        "Body": ""
      },
      "ScalarProperties": [
        "EmployeeId",
        "LastName",
        "FirstName",
        "RHMatricule",
        "PhoneNumber",
        "MobileNumber",
        "IUG",
        "RHSite",
        "RHBatiment",
        "RHEtage",
        "RHBureau",
        "WhenIn",
        "WhenOut",
        "RhDepartement"
      ],
      "NavigationProperties": [
        "EmployeeType",
        "Division",
        "Organization",
        "Company",
        "DomaineAD",
        "Responsible",
        "Co_localisation"
      ]
    }
  ]
}
