﻿
<ConfigurationFile xmlns:xsi="http:/www.w3.org/2001/XMLSchema-instance" xmlns:xsd="http:/www.w3.org/2001/XMLSchema" xmlns="urn:schemas-usercube-com:configuration">
  <Connection Identifier="PowerShellMetisFulfillmentSmartphone" Package="Usercube.Powershell@0000001" DisplayName_L1="SmartphoneConnection" Connector="Smartphone" DeactivationExportFulfill="Export" />
  <Connection Identifier="SmartphoneUser" Package="Usercube.CSV@0000001" DisplayName_L1="SmartphoneUser" Connector="Smartphone" />

  <Connector MaxLinkPercentageDeletedLines="30" MaxLinkPercentageInsertedLines="30" MaxPercentageDeletedLines="30" MaxPercentageInsertedLines="30" MaxPercentageUpdatedLines="30" MaximumDeletedLines="0" MaximumInsertedLines="0" MaximumLinkDeletedLines="0" MaximumLinkInsertedLines="0" MaximumUpdatedLines="0" Identifier="Smartphone" DisplayName_L1="Smartphone" Agent="Local" />
  
  <!--ENTITY TYPE-->
  <EntityType Identifier="SmartphoneUser" DisplayName_L1="SmartphoneUser">
    <Property Identifier="fullname" DisplayName_L1="Collaborateur" TargetColumnIndex="0" Type="String" />
    <Property Identifier="mail" DisplayName_L1="Mail" TargetColumnIndex="1" Type="String" />
    <Property Identifier="employeeId" DisplayName_L1="Identifiant IAM" IsKey="true" TargetColumnIndex="3" Type="String" />
    <Property Identifier="loginZoe" DisplayName_L1="Login ZOE" TargetColumnIndex="4" Type="String" />
	<Property Identifier="manager" DisplayName_L1="Manager" TargetColumnIndex="5" Type="String" />
	<Property Identifier="batiment" DisplayName_L1="Batiment" TargetColumnIndex="6" Type="String" />
	<Property Identifier="etage" DisplayName_L1="Etage" TargetColumnIndex="7" Type="String" />
	<Property Identifier="ville" DisplayName_L1="Ville" TargetColumnIndex="8" Type="String" />
	<Property Identifier="equipe" DisplayName_L1="Equipe" TargetColumnIndex="9" Type="String" />
	<Property Identifier="contact" DisplayName_L1="Contact" TargetColumnIndex="10" Type="String" />
	
	<Property Identifier="type" DisplayName_L1="Smartphone détenu" Type="ForeignKey" />
	<!-- <Property Identifier="RITM" DisplayName_L1="Ticket METIS" Type="ForeignKey" /> -->
  </EntityType>
  
  <EntityType Identifier="SmartphoneType" DisplayName_L1="SmartphoneType">
    <Property Identifier="reference" DisplayName_L1="Référence" TargetColumnIndex="0" Type="String" IsKey="true" />
    <Property Identifier="libelle" DisplayName_L1="Libellé" TargetColumnIndex="1" Type="String" />
	
	<Property Identifier="marque" DisplayName_L1="Marque" TargetColumnIndex="6" Type="String" />
	<Property Identifier="operateur" DisplayName_L1="Opérateur" TargetColumnIndex="7" Type="String" />
	<Property Identifier="portee" DisplayName_L1="Forfait" TargetColumnIndex="8" Type="String" />
	
	
	
    <Property Identifier="users" DisplayName_L1="Détenteur" Type="ForeignKey" />
  </EntityType>
  
  <EntityPropertyExpression Identifier="SmartphoneType_InternalDisplayName" Expression="C#:SmartphoneType: return SmartphoneType.libelle;" EntityType="SmartphoneType" Property="InternalDisplayName" />
  
  
  
  <!-- <EntityType Identifier="Metis_RITM_Association" DisplayName_L1="Numéros de tickets Métis associés"> -->
	<!-- <Property Identifier="libelle" DisplayName_L1="Libellé" TargetColumnIndex="0" Type="String" /> -->
	<!-- <Property Identifier="mail_beneficiaire" DisplayName_L1="Mail du bénéficiaire" TargetColumnIndex="1" Type="String" /> -->
    <!-- <Property Identifier="RITM" DisplayName_L1="Numéro de ticket" IsKey="true" TargetColumnIndex="2" Type="String" /> -->
	
	<!-- <Property Identifier="user" DisplayName_L1="Collaborateur concerné" Type="ForeignKey" TargetColumnIndex="128"/> -->
  <!-- </EntityType> -->
  <!-- <EntityPropertyExpression Identifier="Metis_RITM_Association_InternalDisplayName" Expression="C#:Metis_RITM_Association: return Metis_RITM_Association.RITM + &quot; : &quot; + Metis_RITM_Association.libelle;" EntityType="Metis_RITM_Association" Property="InternalDisplayName" /> -->
  
  
  
  <!--ENTITY TYPE ASSOCIATION-->
  <EntityAssociation DisplayName_L1="Type_Users" Identifier="SmartphoneType_Users" Property1="SmartphoneUser:type" Property2="SmartphoneType:users" IsProperty1Collection="true" IsProperty2Collection="true" />
  <!-- <EntityAssociation DisplayName_L1="User_RITM" Identifier="User_RITM" Property1="SmartphoneUser:RITM" Property2="Metis_RITM_Association:user" IsProperty1Collection="true" /> -->



  <!--ENTITY TYPE MAPPING-->
  <EntityTypeMapping MaximumDeletedLines="0" MaximumInsertedLines="0" MaximumUpdatedLines="0" MaxPercentageDeletedLines="30" MaxPercentageInsertedLines="30" MaxPercentageUpdatedLines="30" Identifier="SmartphoneUser" Connector="Smartphone" ConnectionTable="SmartphoneUser">
	<Property Identifier="fullname" ConnectionColumn="assigned_to.name" />
	<Property Identifier="mail" ConnectionColumn="assigned_to.email" IsPrimaryKey="true" />
	<Property Identifier="employeeId" ConnectionColumn="assigned_to.u_code_iam" />
  </EntityTypeMapping>
  
  <EntityTypeMapping MaximumDeletedLines="0" MaximumInsertedLines="0" MaximumUpdatedLines="0" MaxPercentageDeletedLines="30" MaxPercentageInsertedLines="30" MaxPercentageUpdatedLines="30" Identifier="SmartphoneType" Connector="Smartphone">
	<Property Identifier="reference" IsPrimaryKey="true" />
  </EntityTypeMapping>
  
  <!-- <EntityTypeMapping Identifier="Metis_RITM_Association" Connector="Smartphone" ConnectionTable="metis_Smartphone"> -->
	<!-- <Property Identifier="libelle" ConnectionColumn="libelle" /> -->
	<!-- <Property Identifier="mail_beneficiaire" ConnectionColumn="variables.requested_for.email" /> -->
	<!-- <Property Identifier="RITM" ConnectionColumn="number" IsPrimaryKey="true"/> -->
  <!-- </EntityTypeMapping> -->
  
<!--ASSOCIATION MAPPING-->
  <EntityAssociationMapping MaximumDeletedLines="0" MaximumInsertedLines="0" MaxPercentageDeletedLines="30" MaxPercentageInsertedLines="30" Identifier="SmartphoneType_Users" Column1="assigned_to.email" Column2="libelle" ConnectionTable="SmartphoneUser" EntityPropertyMapping1="SmartphoneUser:mail" EntityPropertyMapping2="SmartphoneType:reference" Connector="Smartphone" />
  
  <!-- <EntityAssociationMapping MaximumDeletedLines="0" MaximumInsertedLines="0" MaxPercentageDeletedLines="30" MaxPercentageInsertedLines="30" DataSourceIsEncrypted="0" Identifier="User_RITM" Column1="variables.requested_for.email" Column2="number" ConnectionTable="metis_Smartphone" EntityPropertyMapping1="SmartphoneUser:mail" EntityPropertyMapping2="Metis_RITM_Association:RITM" Connector="Smartphone" /> -->
  
  
  <!-- Ressources -->
  <Resource Id="-5000" Type="SmartphoneType" C0="IPHONE-BOUYGUES-1" C1="IPHONE - Bouygues - International Intense" DisplayName_L1="IPHONE - Bouygues - International Intense" C6="IPHONE" C7="BOUYGUES TELECOM" C8="1" />
  <Resource Id="-5001" Type="SmartphoneType" C0="IPHONE-BOUYGUES-2" C1="IPHONE - Bouygues - International Standard" DisplayName_L1="IPHONE - Bouygues - International Standard" C6="IPHONE" C7="BOUYGUES TELECOM" C8="2" />
  <Resource Id="-5002" Type="SmartphoneType" C0="IPHONE-BOUYGUES-3" C1="IPHONE - Bouygues - France Standard" DisplayName_L1="IPHONE - Bouygues - France Standard" C6="IPHONE" C7="BOUYGUES TELECOM" C8="3" />
  <Resource Id="-5003" Type="SmartphoneType" C0="IPHONE-SFR-1" C1="IPHONE - SFR - International Intense" DisplayName_L1="IPHONE - SFR - International Intense" C6="IPHONE" C7="SFR" C8="1" />
  <Resource Id="-5004" Type="SmartphoneType" C0="IPHONE-SFR-2" C1="IPHONE - SFR - International Standard" DisplayName_L1="IPHONE - SFR - International Standard" C6="IPHONE" C7="SFR" C8="2" />
  <Resource Id="-5005" Type="SmartphoneType" C0="IPHONE-SFR-3" C1="IPHONE - SFR - France Standard" DisplayName_L1="IPHONE - SFR - France Standard" C6="IPHONE" C7="SFR" C8="3" />
  <Resource Id="-5006" Type="SmartphoneType" C0="IPHONE-ORANGE-1" C1="IPHONE - Orange - International Intense" DisplayName_L1="IPHONE - Orange - International Intense" C6="IPHONE" C7="ORANGE" C8="1" />
  <Resource Id="-5007" Type="SmartphoneType" C0="IPHONE-ORANGE-2" C1="IPHONE - Orange - International Standard" DisplayName_L1="IPHONE - Orange - International Standard" C6="IPHONE" C7="ORANGE" C8="2" />
  <Resource Id="-5008" Type="SmartphoneType" C0="IPHONE-ORANGE-3" C1="IPHONE - Orange - France Standard" DisplayName_L1="IPHONE - Orange - France Standard" C6="IPHONE" C7="ORANGE" C8="3" />
  <Resource Id="-5009" Type="SmartphoneType" C0="SAMSUNG-BOUYGUES-1" C1="SAMSUNG - Bouygues - International Intense" DisplayName_L1="SAMSUNG - Bouygues - International Intense" C6="SAMSUNG" C7="BOUYGUES TELECOM" C8="1" />
  <Resource Id="-5010" Type="SmartphoneType" C0="SAMSUNG-BOUYGUES-2" C1="SAMSUNG - Bouygues - International Standard" DisplayName_L1="SAMSUNG - Bouygues - International Standard" C6="SAMSUNG" C7="BOUYGUES TELECOM" C8="2" />
  <Resource Id="-5011" Type="SmartphoneType" C0="SAMSUNG-BOUYGUES-3" C1="SAMSUNG - Bouygues - France Standard" DisplayName_L1="SAMSUNG - Bouygues - France Standard" C6="SAMSUNG" C7="BOUYGUES TELECOM" C8="3" />
  <Resource Id="-5012" Type="SmartphoneType" C0="SAMSUNG-SFR-1" C1="SAMSUNG - SFR - International Intense" DisplayName_L1="SAMSUNG - SFR - International Intense" C6="SAMSUNG" C7="SFR" C8="1" />
  <Resource Id="-5013" Type="SmartphoneType" C0="SAMSUNG-SFR-2" C1="SAMSUNG - SFR - International Standard" DisplayName_L1="SAMSUNG - SFR - International Standard" C6="SAMSUNG" C7="SFR" C8="2" />
  <Resource Id="-5014" Type="SmartphoneType" C0="SAMSUNG-SFR-3" C1="SAMSUNG - SFR - France Standard" DisplayName_L1="SAMSUNG - SFR - France Standard" C6="SAMSUNG" C7="SFR" C8="3" />
  <Resource Id="-5015" Type="SmartphoneType" C0="SAMSUNG-ORANGE-1" C1="SAMSUNG - Orange - International Intense" DisplayName_L1="SAMSUNG - Orange - International Intense" C6="SAMSUNG" C7="ORANGE" C8="1" />
  <Resource Id="-5016" Type="SmartphoneType" C0="SAMSUNG-ORANGE-2" C1="SAMSUNG - Orange - International Standard" DisplayName_L1="SAMSUNG - Orange - International Standard" C6="SAMSUNG" C7="ORANGE" C8="2" />
  <Resource Id="-5017" Type="SmartphoneType" C0="SAMSUNG-ORANGE-3" C1="SAMSUNG - Orange - France Standard" DisplayName_L1="SAMSUNG - Orange - France Standard" C6="SAMSUNG" C7="ORANGE" C8="3" />
  
  
  
  
  
  <ViewTemplate EntityType="SmartphoneUser" Profile="Administrator" />
  <ViewTemplate EntityType="SmartphoneType" Profile="Administrator" />
  <ViewAccessControlRules EntityType="SmartphoneUser" Profile="Administrator" />
  <ViewAccessControlRules EntityType="SmartphoneType" Profile="Administrator" />

  <ReviewProvisioningAccessControlRules EntityType="SmartphoneUser" Profile="Administrator" />
  <ReviewProvisioningAccessControlRules EntityType="SmartphoneType" Profile="Administrator" />
  <ReconciliateRolesAccessControlRules EntityType="SmartphoneUser" Profile="Administrator" />
  <ReconciliateRolesAccessControlRules EntityType="SmartphoneType" Profile="Administrator" />

  <TargetResourceReport EntityType="SmartphoneUser" Profile="Administrator" />
  <TargetResourceReport EntityType="SmartphoneType" Profile="Administrator" />
  <TargetResourceReportAccessControlRules EntityType="SmartphoneUser" Profile="Administrator" />
  <TargetResourceReportAccessControlRules EntityType="SmartphoneType" Profile="Administrator" />
  <TargetResourceReportMenus EntityType="SmartphoneUser" Profile="Administrator" />
  <TargetResourceReportMenus EntityType="SmartphoneType" Profile="Administrator" />

   
</ConfigurationFile>
