﻿<ConfigurationFile xmlns="urn:schemas-usercube-com:configuration">
	
	<InvokeExpressionTask Identifier="Lecture_METIS_Smartphone" DisplayName_L1="Lecture METIS Smartphone" InputPath="D:/CAGIP_IAM/Powershell/Lecture_Metis_Smartphone.ps1" />
	
	<CreateConnectorSynchroComplete JobIdentifier="Metis_Synchronization_Smartphone" Connector="Smartphone" DisplayName_L1="Metis - Lecture - Smartphone" OldAlgorithm="true">
		<CronTabExpression CronTimeZone="ServerTime" CronTab="53 20 * * *" />
        <OpenIdIdentifier Identifier="accessJob" />
		<!-- <AddTask Task="Lecture_METIS_Smartphone" Before="true" TaskToCompareWith="Smartphone_PrepareSynchronization_Complete" /> -->
		<AddTask Task="Lecture_METIS_Smartphone" Before="true" TaskToCompareWith="Smartphone_Export_Complete_SmartphoneUser" />
		<NoProvisioning />
    </CreateConnectorSynchroComplete>
	
	<CreateConnectorSynchroComplete JobIdentifier="Metis_Fulfillment_Smartphone" Connector="Smartphone" DisplayName_L1="Metis - Ecriture - Smartphone" OldAlgorithm="true">
		<CronTabExpression CronTimeZone="ServerTime" CronTab="51 6 * * *" />
        <OpenIdIdentifier Identifier="accessJob" />
		<NoSynchronization />
		
    </CreateConnectorSynchroComplete>
	
	
</ConfigurationFile>