﻿<ConfigurationFile xmlns="urn:schemas-usercube-com:configuration">


	<!-- <SingleRole Identifier="IPHONE_BOUYGUES_International_Intense" DisplayName_L1=" METIS - Iphone - Bouygues - International Intense" Description_L1="Iphone - Bouygues - International Intense" Category="Smartphone" EntityType="Person" ApprovalWorkflowType="One" Policy="Default" /> -->
	<!-- <SingleRole Identifier="IPHONE_BOUYGUES_International_Standard" DisplayName_L1="METIS - Iphone - Bouygues - International Standard" Description_L1="Iphone - Bouygues - International Standard" Category="Smartphone" EntityType="Person" ApprovalWorkflowType="One" Policy="Default" /> -->
	<!-- <SingleRole Identifier="IPHONE_BOUYGUES_France_Standard" DisplayName_L1="METIS - Iphone - Bouygues - France Standard" Description_L1="Iphone - Bouygues - France Standard" Category="Smartphone" EntityType="Person" ApprovalWorkflowType="One" Policy="Default" /> -->
	<!-- <SingleRole Identifier="IPHONE_SFR_International_Intense" DisplayName_L1="METIS - Iphone - SFR - International Intense" Description_L1="Iphone - SFR - International Intense" Category="Smartphone" EntityType="Person" ApprovalWorkflowType="One" Policy="Default" /> -->
	<!-- <SingleRole Identifier="IPHONE_SFR_International_Standard" DisplayName_L1="METIS - Iphone - SFR - International Standard" Description_L1="Iphone - SFR - International Standard" Category="Smartphone" EntityType="Person" ApprovalWorkflowType="One" Policy="Default" /> -->
	<!-- <SingleRole Identifier="IPHONE_SFR_France_Standard" DisplayName_L1="METIS - Iphone - SFR - France Standard" Description_L1="Iphone - SFR - France Standard" Category="Smartphone" EntityType="Person" ApprovalWorkflowType="One" Policy="Default" /> -->
	<!-- <SingleRole Identifier="IPHONE_Orange_International_Intense" DisplayName_L1="METIS - Iphone - Orange - International Intense" Description_L1="Iphone - Orange - International Intense" Category="Smartphone" EntityType="Person" ApprovalWorkflowType="One" Policy="Default" /> -->
	<!-- <SingleRole Identifier="IPHONE_Orange_International_Standard" DisplayName_L1="METIS - Iphone - Orange - International Standard" Description_L1="Iphone - Orange - International Standard" Category="Smartphone" EntityType="Person" ApprovalWorkflowType="One" Policy="Default" /> -->
	<!-- <SingleRole Identifier="IPHONE_Orange_France_Standard" DisplayName_L1="METIS - Iphone - Orange - France Standard" Description_L1="Iphone - Orange - France Standard" Category="Smartphone" EntityType="Person" ApprovalWorkflowType="One" Policy="Default" /> -->
	<!-- <SingleRole Identifier="SAMSUNG_BOUYGUES_International_Intense" DisplayName_L1="METIS - Samsung - Bouygues - International Intense" Description_L1="Samsung - Bouygues - International Intense" Category="Smartphone" EntityType="Person" ApprovalWorkflowType="One" Policy="Default" /> -->
	<!-- <SingleRole Identifier="SAMSUNG_BOUYGUES_International_Standard" DisplayName_L1="METIS - Samsung - Bouygues - International Standard" Description_L1="Samsung - Bouygues - International Standard" Category="Smartphone" EntityType="Person" ApprovalWorkflowType="One" Policy="Default" /> -->
	<!-- <SingleRole Identifier="SAMSUNG_BOUYGUES_France_Standard" DisplayName_L1="METIS - Samsung - Bouygues - France Standard" Description_L1="Samsung - Bouygues - France Standard" Category="Smartphone" EntityType="Person" ApprovalWorkflowType="One" Policy="Default" /> -->
	<!-- <SingleRole Identifier="SAMSUNG_SFR_International_Intense" DisplayName_L1="METIS - Samsung - SFR - International Intense" Description_L1="Samsung - SFR - International Intense" Category="Smartphone" EntityType="Person" ApprovalWorkflowType="One" Policy="Default" /> -->
	<!-- <SingleRole Identifier="SAMSUNG_SFR_International_Standard" DisplayName_L1="METIS - Samsung - SFR - International Standard" Description_L1="Samsung - SFR - International Standard" Category="Smartphone" EntityType="Person" ApprovalWorkflowType="One" Policy="Default" /> -->
	<!-- <SingleRole Identifier="SAMSUNG_SFR_France_Standard" DisplayName_L1="METIS - Samsung - SFR - France Standard" Description_L1="Samsung - SFR - France Standard" Category="Smartphone" EntityType="Person" ApprovalWorkflowType="One" Policy="Default" /> -->
	<!-- <SingleRole Identifier="SAMSUNG_Orange_International_Intense" DisplayName_L1="METIS - Samsung - Orange - International Intense" Description_L1="Samsung - Orange - International Intense" Category="Smartphone" EntityType="Person" ApprovalWorkflowType="One" Policy="Default" /> -->
	<!-- <SingleRole Identifier="SAMSUNG_Orange_International_Standard" DisplayName_L1="METIS - Samsung - Orange - International Standard" Description_L1="Samsung - Orange - International Standard" Category="Smartphone" EntityType="Person" ApprovalWorkflowType="One" Policy="Default" /> -->
	<!-- <SingleRole Identifier="SAMSUNG_Orange_France_Standard" DisplayName_L1="METIS - Samsung - Orange - France Standard" Description_L1="Samsung - Orange - France Standard" Category="Smartphone" EntityType="Person" ApprovalWorkflowType="One" Policy="Default" /> -->


	<ResourceTypeMapping Identifier="Metis_Smartphone" Connection="PowerShellMetisFulfillmentSmartphone" />
	<ResourceType MaximumDelete="0" MaximumDeletePercent="5" MaximumInsert="0" MaximumInsertPercent="5" MaximumUpdate="0" MaximumUpdatePercent="5" Identifier="Metis_Smartphone" DisplayName_L1="Smartphone (tout type)" Policy="Default" Category="Metis" TargetEntityType="SmartphoneUser" SourceEntityType="Person" BlockProvisioning="true">

		<ScalarRule Property="employeeId" Expression="C#:PersonRecord:return PersonRecord.EmployeeId;" />
		<ScalarRule Property="loginZoe" Expression="C#:PersonRecord:return PersonRecord.LoginZoe;" />
		<ScalarRule Property="manager" Expression="C#:PersonRecord:return PersonRecord.Responsible.Mail;" />
		<ScalarRule Property="ville" Expression="C#:PersonRecord:return String.IsNullOrEmpty(PersonRecord.Localisation.Site.Identifier) ? PersonRecord.RHSite : PersonRecord.Localisation.Site.Identifier ;" />
		<ScalarRule Property="batiment" Expression="C#:PersonRecord:return String.IsNullOrEmpty(PersonRecord.Localisation.Batiment) ? PersonRecord.RHBatiment : PersonRecord.Localisation.Batiment ;" />
		<ScalarRule Property="etage" Expression="C#:PersonRecord:return String.IsNullOrEmpty(PersonRecord.Localisation.Etage) ? PersonRecord.RHEtage : PersonRecord.Localisation.Etage ;" />
		<ScalarRule Property="contact" Expression="C#:PersonRecord:return String.IsNullOrEmpty(PersonRecord.ContactPrivilegie.Mail) ? PersonRecord.Responsible.Mail : PersonRecord.ContactPrivilegie.Mail ;" />
		<ScalarRule Property="equipe" Expression="C#:PersonRecord:
			string CGB =  PersonRecord.Organization.Identifier;
			string trigramme = PersonRecord.Organization.Trigramme;
			
			if((CGB != null) &amp;&amp; (CGB != &quot;&quot;) &amp;&amp; (trigramme != null) &amp;&amp; (trigramme != &quot;&quot;) ){
				return CGB + &quot;-&quot; + trigramme;
			}
			return null;" />


		<ScalarRule Property="mail" Binding="Mail" />

		<NavigationRule Property="type" Resource="IPHONE-BOUYGUES-1" SingleRole="SR_IPHONE_BOUYGUES_International_Intense" TimeOffsetReference="Around" TimeOffsetBeforeReference="-18720" TimeOffsetAfterReference="-2880" />
		<NavigationRule Property="type" Resource="IPHONE-BOUYGUES-2" SingleRole="SR_IPHONE_BOUYGUES_International_Standard" TimeOffsetReference="Around" TimeOffsetBeforeReference="-18720" TimeOffsetAfterReference="-2880" />
		<NavigationRule Property="type" Resource="IPHONE-BOUYGUES-3" SingleRole="SR_IPHONE_BOUYGUES_France_Standard" TimeOffsetReference="Around" TimeOffsetBeforeReference="-18720" TimeOffsetAfterReference="-2880" />
		<NavigationRule Property="type" Resource="IPHONE-SFR-1" SingleRole="SR_IPHONE_SFR_International_Intense" TimeOffsetReference="Around" TimeOffsetBeforeReference="-18720" TimeOffsetAfterReference="-2880" />
		<NavigationRule Property="type" Resource="IPHONE-SFR-2" SingleRole="SR_IPHONE_SFR_International_Standard" TimeOffsetReference="Around" TimeOffsetBeforeReference="-18720" TimeOffsetAfterReference="-2880" />
		<NavigationRule Property="type" Resource="IPHONE-SFR-3" SingleRole="SR_IPHONE_SFR_France_Standard" TimeOffsetReference="Around" TimeOffsetBeforeReference="-18720" TimeOffsetAfterReference="-2880" />
		<NavigationRule Property="type" Resource="IPHONE-ORANGE-1" SingleRole="SR_IPHONE_Orange_International_Intense" TimeOffsetReference="Around" TimeOffsetBeforeReference="-18720" TimeOffsetAfterReference="-2880" />
		<NavigationRule Property="type" Resource="IPHONE-ORANGE-2" SingleRole="SR_IPHONE_Orange_International_Standard" TimeOffsetReference="Around" TimeOffsetBeforeReference="-18720" TimeOffsetAfterReference="-2880" />
		<NavigationRule Property="type" Resource="IPHONE-ORANGE-3" SingleRole="SR_IPHONE_Orange_France_Standard" TimeOffsetReference="Around" TimeOffsetBeforeReference="-18720" TimeOffsetAfterReference="2880" />
		<NavigationRule Property="type" Resource="SAMSUNG-BOUYGUES-1" SingleRole="SR_SAMSUNG_BOUYGUES_International_Intense" TimeOffsetReference="Around" TimeOffsetBeforeReference="-18720" TimeOffsetAfterReference="2880" />
		<NavigationRule Property="type" Resource="SAMSUNG-BOUYGUES-2" SingleRole="SR_SAMSUNG_BOUYGUES_International_Standard" TimeOffsetReference="Around" TimeOffsetBeforeReference="-18720" TimeOffsetAfterReference="-2880" />
		<NavigationRule Property="type" Resource="SAMSUNG-BOUYGUES-3" SingleRole="SR_SAMSUNG_BOUYGUES_France_Standard" TimeOffsetReference="Around" TimeOffsetBeforeReference="-18720" TimeOffsetAfterReference="-2880" />
		<NavigationRule Property="type" Resource="SAMSUNG-SFR-1" SingleRole="SR_SAMSUNG_SFR_International_Intense" TimeOffsetReference="Around" TimeOffsetBeforeReference="-18720" TimeOffsetAfterReference="-2880" />
		<NavigationRule Property="type" Resource="SAMSUNG-SFR-2" SingleRole="SR_SAMSUNG_SFR_International_Standard" TimeOffsetReference="Around" TimeOffsetBeforeReference="-18720" TimeOffsetAfterReference="-2880" />
		<NavigationRule Property="type" Resource="SAMSUNG-SFR-3" SingleRole="SR_SAMSUNG_SFR_France_Standard" TimeOffsetReference="Around" TimeOffsetBeforeReference="-18720" TimeOffsetAfterReference="-2880" />
		<NavigationRule Property="type" Resource="SAMSUNG-ORANGE-1" SingleRole="SR_SAMSUNG_Orange_International_Intense" TimeOffsetReference="Around" TimeOffsetBeforeReference="-18720" TimeOffsetAfterReference="-2880" />
		<NavigationRule Property="type" Resource="SAMSUNG-ORANGE-2" SingleRole="SR_SAMSUNG_Orange_International_Standard" TimeOffsetReference="Around" TimeOffsetBeforeReference="-18720" TimeOffsetAfterReference="-2880" />
		<NavigationRule Property="type" Resource="SAMSUNG-ORANGE-3" SingleRole="SR_SAMSUNG_Orange_France_Standard" TimeOffsetReference="Around" TimeOffsetBeforeReference="-18720" TimeOffsetAfterReference="-2880" />


	</ResourceType>


	<ResourceCorrelationRule ResourceType="Metis_Smartphone" SourceMatchedConfidenceLevel="101" SourceExpression="C#:PersonRecord: return PersonRecord.EmployeeId;" TargetBinding="employeeId" Policy="Default" />
	<ResourceCorrelationRule ResourceType="Metis_Smartphone" SourceMatchedConfidenceLevel="100" SourceExpression="C#:PersonRecord: return (String.IsNullOrEmpty(PersonRecord.LoginZoe) || String.IsNullOrEmpty(PersonRecord.Mail)) ? &quot;DoNotReconciliateString&quot; : PersonRecord.Mail;" TargetExpression="C#:resource: return String.IsNullOrEmpty(resource.employeeId) ? resource.mail : &quot;EmployeeNotMatchingString&quot;;" Policy="Default" />

</ConfigurationFile>