﻿<ConfigurationFile xmlns="urn:schemas-usercube-com:configuration">
  <DisplayTable Identifier="SmartphoneUser" EntityType="SmartphoneUser" DisplayTableDesignElement="resourcetable" IsEntityTypeDefault="true">
    <Column DisplayBinding="fullname" IsDisplayInSummaryView="true" IsResizable="true" IsSortable="true" CanBeFiltered="true" ColumnSize="2" />
    <Column DisplayBinding="mail" IsDisplayInSummaryView="true" IsResizable="true" IsSortable="true" CanBeFiltered="true" ColumnSize="2" />
  </DisplayTable>

  <DisplayEntityType Identifier="SmartphoneUser" IconCode="TriangleUp12">
    <Property OutputType="BasicCollection" Identifier="type" />
	<!-- <Property OutputType="BasicCollection" Identifier="RITM" /> -->
  </DisplayEntityType>
  
  <DisplayTable Identifier="SmartphoneType" EntityType="SmartphoneType" DisplayTableDesignElement="table" IsEntityTypeDefault="true">
    <Column DisplayBinding="libelle" IsDisplayInSummaryView="true" IsResizable="true" IsSortable="true" CanBeFiltered="true" ColumnSize="2" />
    <Column DisplayBinding="marque" IsDisplayInSummaryView="true" IsResizable="true" IsSortable="true" CanBeFiltered="true" ColumnSize="1" />
    <Column DisplayBinding="operateur" IsDisplayInSummaryView="true" IsResizable="true" IsSortable="true" CanBeFiltered="true" ColumnSize="1" />
    <Column DisplayBinding="portee" IsDisplayInSummaryView="true" IsResizable="true" IsSortable="true" CanBeFiltered="true" ColumnSize="2" />
  </DisplayTable>

  <DisplayEntityType Identifier="SmartphoneType" IconCode="TriangleUp12">
    <Property OutputType="BasicCollection" Identifier="users" />
  </DisplayEntityType>
  
  <!-- <DisplayEntityType Identifier="Metis_RITM_Association" IconCode="TriangleUp12"> -->
    <!-- <Property OutputType="BasicCollection" Identifier="user" /> -->
  <!-- </DisplayEntityType> -->

</ConfigurationFile>
