﻿Identity;Profil;Organization;Category;SingleRole;CompositeRole
0000481808;RoleOfficer2;;;C303200_PPC_M_Responsable_Equipe;
0000481808;RoleOfficer2;;;C303200_PPC_M_Chef_de_Projer;
0000481808;RoleOfficer2;;;C303200_PPC_M_Architecte_Solutions;
0000481808;RoleOfficer2;;;6641100_PBL_Chef_de_projet;
0000487339;RoleOfficer2;;;C310200_GCS_E_Controleur_de_Gestion;
0000496159;RoleOfficer2;;;C301900_DMU_M_Manager;
0000496159;RoleOfficer2;;;C301900_DMU_M_Ingenieur_Production;
0000496161;RoleOfficer2;;;C300300_ASN_M_RESPONSABLE_EQUIPE;
0000496161;RoleOfficer2;;;C300300_ASN_M_INGENIEUR_NORMES;
0000496161;RoleOfficer2;;;C300300_ASN_M_ARCHITECTE_SOLUTIONS_NORMES;
0000496161;RoleOfficer2;;;C300300_ASN_M_ARCHITECTE_SOLUTIONS;
0000496516;RoleOfficer2;;;C305300_CIT_M_Profil_Standard;
0000496516;RoleOfficer2;;;C305300_CIT_M_Ingénieur_Production;
0000496516;RoleOfficer2;;;C305300_PEC-CIT_CP_Int;
0000496498;RoleOfficer2;;;C306300_PEC-PGM_RPP;
0000496498;RoleOfficer2;;;C306300_PEC-PGM_CP_Int;
0000496498;RoleOfficer2;;;C306300_PEC-PGM_CP_Ext;
0000496872;RoleOfficer2;;;C305500_FIT_M_RESPONSABLE_EQUIPE;
0000496872;RoleOfficer2;;;C305500_FIT_M_RESPONSABLE_ACTIVITE_PROJET;
0000496872;RoleOfficer2;;;C305500_FIT_M_RESPONSABLE_ACTIVITE_EXPLOITATION;
0000496872;RoleOfficer2;;;C305500_FIT_M_INGENIEUR_PRODUCTION;
0000496872;RoleOfficer2;;;C305500_FIT_M_CHEF_PROJET;
0000496872;RoleOfficer2;;;C305500_FIT_M_ARCHITECTE;
0000317986;RoleOfficer2;;;6617900_SIU_Role-de-base-Internes;
0000317986;RoleOfficer2;;;6617900_SIU_Role-de-base_Externes;
0000317986;RoleOfficer2;;;C308600_QSI_M_SDM;
0000317986;RoleOfficer2;;;C308600_QSI_M_Coordinateur;
0000362645;RoleOfficer2;;;6642500_PFS_Architecte solutions;
0000362645;RoleOfficer2;;;C308800_PAR_M_Chef_de_projet_PFF_Unique;
0000362645;RoleOfficer2;;;C309000_PGI_E_Chef_de_projet;
0000362645;RoleOfficer2;;;C308900_PFF_E_Chef de projet;
29738;RoleOfficer2;;;C302900_FPP_Ingenieur_Exploitation_Technique;
29738;RoleOfficer2;;;C302900_FPP_M_Ingenieur_Exploitation;
29738;RoleOfficer2;;;C302900_FPP_M_IEM_Internes;
29738;RoleOfficer2;;;C302900_FPP_M_IEM_Externes;
29738;RoleOfficer2;;;6681000_EBL-MPI_Resp équipe;
29738;RoleOfficer2;;;C302900_RFR-FPP_Ingenieur technique_Internes;
29738;RoleOfficer2;;;C302900_RFR-FPP_Ingenieur technique_Externes;
35504;RoleOfficer2;;;6646100_EMB_messagerie_bancaire_Windows;
35504;RoleOfficer2;;;6646100_EMB_messagerie_bancaire_unix;
35504;RoleOfficer2;;;6646100_EMB_messagerie_bancaire_mainframe;
35711;RoleOfficer2;;;C302600_DBI_M_Responsable;
35711;RoleOfficer2;;;C302600_DBI_M_Ingénieur_Production;
35711;RoleOfficer2;;;C302600_DBI_M_Devops;
35711;RoleOfficer2;;;6670500_BRD_Exploitant data;
28349;RoleOfficer2;;;C303100_REF_M_Ingenieur_Technique;
28349;RoleOfficer2;;;C303100_REF_M_IEM;
28349;RoleOfficer2;;;6670600_REQ;
28349;RoleOfficer2;;;6670600_CO;
0000459875;RoleOfficer2;;;C302800_ETC_M_RESPONSABLE_EQUIPE;
0000459875;RoleOfficer2;;;C302800_ETC_M_INGENIEUR_PRODUCTION_SUPPORT;
0000459875;RoleOfficer2;;;C302800_ETC_M_INGENIEUR_FIN_CARRIERE;
0000459875;RoleOfficer2;;;C302800_ETC_M_DEVELOPPEUR;
0000459875;RoleOfficer2;;;C302800_ETC_M_ADMINISTRATEUR_OUTILS_PRODUCTION;
0000460479;RoleOfficer2;;;C308700_STD_M_Role_de_base;
0000460479;RoleOfficer2;;;C308700_STD_M_Responsable_Equipe_Unique;
0000460479;RoleOfficer2;;;C308700_STD_M_Ingenieur_Exploitation_Tandem;
0000460479;RoleOfficer2;;;C308700_STD_M_Coordinateur_Activite;
0000460630;RoleOfficer2;;;C307800_PFP_M_Responsable;
0000460630;RoleOfficer2;;;C307800_PFP_M_Ingenieur_Sécurité;
0000460630;RoleOfficer2;;;C307800_PFP_M_Capacity_Planning;
0000460630;RoleOfficer2;;;C307800_PFP_M_Architecte_Solution;
0000460630;RoleOfficer2;;;6696900_PRS_chef_de_projet;
0000461181;RoleOfficer2;;;C310400_OPF_M_GESTIONNAIRE_BUDGETAIRE;
0000461181;RoleOfficer2;;;C310400_OPF_M_GESTIONNAIRE_ACHAT_BUDGET;
0000461181;RoleOfficer2;;;C310400_OPF_M_GESTIONNAIRE_ACHAT;
0000461373;RoleOfficer2;;;C308200_MRA_E_Role_de_base_Externe;
0000461373;RoleOfficer2;;;6695800_AMC_roledebase;
0000461373;RoleOfficer2;;;6695800_AMC_MVS;
0000461373;RoleOfficer2;;;C308200_MRA_M_Responsble_Equipe;
0000461373;RoleOfficer2;;;C308200_MRA_M_Ingenieur_SDMA;
0000461373;RoleOfficer2;;;C308200_MRA_Ingenieur_Exploitation_OPEN;
0000013851;RoleOfficer2;;;C305600_RCi_M_RESPONSABLE_EQUIPE;
0000013851;RoleOfficer2;;;C305600_RCi_M_INGENIEUR_TERADATA;
0000013851;RoleOfficer2;;;C305600_RCI_M_INGENIEUR_PRODUTION_CAGIP;
0000013851;RoleOfficer2;;;C305600_RCI_M_INGENIEUR_PRODUCTION_CACIB_CAGIP;
0000013851;RoleOfficer2;;;C305600_RCI_M_CHEF_PROJET_CAGIP;
0000013851;RoleOfficer2;;;C305600_RCi_M_CHEF_PROJET;
0000013851;RoleOfficer2;;;C305600_RCI_M_CHEF_DE PROJET_CACIB_CAGIP;
0000013851;RoleOfficer2;;;C305600_RCI_M_CHARGE_RELATION_CLIENTELE;
0000013851;RoleOfficer2;;;C305600_RCi_M_ARCHITECTE_CAGIP_CACIB;
0000226481;RoleOfficer2;;;C303600_IAK_M_Integrateur;
0000226481;RoleOfficer2;;;C303600_IAK_M_Expert-Open-Devops;
0000101549;RoleOfficer2;;;C307400_EPO_M_Ingenieur_Exploitation;
0000101549;RoleOfficer2;;;C307400_EPO_M_Ingenieur_Exploitation_Interne;
0000242530;RoleOfficer2;;;C307900_CFS_Responsable_du_Cluster;
0000242530;RoleOfficer2;;;C307900_CFS_M_Fonction_transverse;
0000242530;RoleOfficer2;;;C307900_CFS_M_Assistante_de_Direction;
0000242530;RoleOfficer2;;;C307900_CFS_E_Role-de-base;
0000225492;RoleOfficer2;;;6641100_PBL_DevOps_Int;
0000225492;RoleOfficer2;;;6641100_PBL_DevOps_Ext;
0000047032;RoleOfficer2;;;6670700_DEC-EEC_IET Open;
0000047032;RoleOfficer2;;;6670700_DEC-EEC_IET Mainframe;
0000047032;RoleOfficer2;;;6670700_DEC-EEC_IEM;
0000047032;RoleOfficer2;;;6670700_EEC_Chef de projet;
0000047032;RoleOfficer2;;;6670700_EEC_Admin Coffrefort;
0000047032;RoleOfficer2;;;6671000_RAC_Role-base_TMemheld;
0000047032;RoleOfficer2;;;6671000_RAC_Role-base_SRajaona;
0000047032;RoleOfficer2;;;6671000_RAC_Role-base_JdeNazelle;
0000047032;RoleOfficer2;;;6671000_RAC_Role-base_FFayolle;
0000047032;RoleOfficer2;;;6671000_RAC_Role-base externes_TMemheld;
0000047032;RoleOfficer2;;;6671000_RAC_Role-base externes_SRajaona;
0000047032;RoleOfficer2;;;6671000_RAC_Role-base externes_JdeNazelle;
0000047032;RoleOfficer2;;;6671000_RAC_Role-base externes_FFayolle;
0000047032;RoleOfficer2;;;6671000_RAC_IE-transverse;
0000047032;RoleOfficer2;;;6671000_RAC_IET;
0000047032;RoleOfficer2;;;6671000_RAC_IEM;
0000047032;RoleOfficer2;;;6670900_EEC_FSM_Role chapeau equipe;
0000047032;RoleOfficer2;;;6670900_EEC-FSM_IET_Open;
0000047032;RoleOfficer2;;;C305700_TAE_M_IP-Mainframe-CASA;
0000047032;RoleOfficer2;;;C305700_TAE_M_IP-Mainframe-CACIB;
0000047032;RoleOfficer2;;;6671000_RAC_EIB_Infogerance-Mainframe-CACIB;
0001582826;RoleOfficer2;;;C301000_TST_M_Tests_Techniques;
0001582826;RoleOfficer2;;;C301000_TST_M_Tests_Performance;
0001582826;RoleOfficer2;;;C301000_TST_M_Chef_de_Projet_Unique;
0001582826;RoleOfficer2;;;C307200_EBO_M_Ingenieur_Production;
0001582826;RoleOfficer2;;;C307200_EBO_M_Coordinateur_Transverse_Unique;
0001582826;RoleOfficer2;;;C310500_JFI_E_Juriste;
0001582826;RoleOfficer2;;;C300400_DGP_M_Relation_Partenaire_Producteurs;
0001582826;RoleOfficer2;;;C300400_DGP_M_Delivery_Services;
0001582826;RoleOfficer2;;;C300400_DGP_M_CA-Immobilier;
0001582826;RoleOfficer2;;;C301600_APM_M_Chef_de_projet_technique_Build_Operation;
0001582826;RoleOfficer2;;;C301600_APM_M_Resp_projet_technique_Solution_Opération;
0001582826;RoleOfficer2;;;C301600_APM_M_Resp_projet_technique_Delivery_Manager_Unique;
0001582826;RoleOfficer2;;;C304600_CHP_E_Chef_de_projet;
0000201147;RoleOfficer2;;;6676700_Comptabilité Fourmisseurs;
0000201147;RoleOfficer2;;;C310000_CFI_M_Comptable_Immo_unique;
0000222148;RoleOfficer2;;;C304000_LTI-AAL_CALF;
0000222148;RoleOfficer2;;;C304000_LTI-AAL_Role-de-base-Externes;
0000222148;RoleOfficer2;;;C304000_LTI-AAL_roledebase;
0000222148;RoleOfficer2;;;6690100_LTI_Titres;
0000222148;RoleOfficer2;;;6690100_LTI_roledebaseinterne;
0001582826;RoleOfficer2;;;C309600_LCG_E_Licencing;
0000101283;RoleOfficer2;;;C307600_QUT_M_Service-delivery-manager;
0000101283;RoleOfficer2;;;C307600_QUT_M_Responsable-Activite;
0000101283;RoleOfficer2;;;C307600_QUT_M_Manager_Unique;
0000101283;RoleOfficer2;;;C307600_QUT_M_Ingenieur-Methode-et-Qualite;
0000101283;RoleOfficer2;;;C307600_QUT_M_Gestion_Habilitations_Unique;
0001582826;RoleOfficer2;;;C301200_ATI_E_Ingénieur_Support_Utilisateurs;
0000238154;RoleOfficer2;;;C308500_IDE-MRC_Role-de-base;
0000238154;RoleOfficer2;;;C308500_MRC_E_Ingenieur_Exploitation;
0000238154;RoleOfficer2;;;6617800_IDE_MVS;
0000238154;RoleOfficer2;;;6617800_IDE-MRC_Internes;
0000238154;RoleOfficer2;;;6617800_IDE-MRC_Externes;
0000238154;RoleOfficer2;;;6617800_IDE-MRC_Alternant;
0000238154;RoleOfficer2;;;6617800_IDE_Admin-SaaS;
0000238463;RoleOfficer2;;;C306700_EXE_M_Responsable_Unique;
0000238463;RoleOfficer2;;;C306700_EXE_M_Ingenieur_Exploitation;
0000101549;RoleOfficer2;;;C307300_EXD_M_Responsable_Equipe;
0000101549;RoleOfficer2;;;C307300_EXD_M_Ingenieur_Exploitation;
0000101549;RoleOfficer2;;;C307300_EXD_M_Ingenieur_Exploitation_Interne;
0000101640;RoleOfficer2;;;C307000_ETP_M_Rsponsable_Equipe;
0000101640;RoleOfficer2;;;C307000_ETP_Ingenieur_Exploitation_Z/OS;
0000101640;RoleOfficer2;;;C307000_ETP_Ingenieur_Exploitatio,_OPEN;
0000242530;RoleOfficer2;;;C308000_RLC_E_Role_de_base;
0001582826;RoleOfficer2;;;C309300_ACL_M_Achats_Unique;
0001582826;RoleOfficer2;;;C309800_CPB_M_Comptable_Général;
0001582826;RoleOfficer2;;;C309900_COG_M_Controleur_Unique;
0001582826;RoleOfficer2;;;C309900_COG_M_Comptable_Général;
0001582826;RoleOfficer2;;;C301400_GPC_M_Gestionnaire_de_processus;
0001582826;RoleOfficer2;;;C301400_GPC_M_gestion_des_problèmes;
0001582826;RoleOfficer2;;;C301400_GPC_M_gestion_des_incidents;
0001582826;RoleOfficer2;;;C301400_GPC_M_gestion_des_changements;
0000243116;RoleOfficer2;;;C308400_LEA_M_SERVICE_DELIVERY_MANAGER;
0000243116;RoleOfficer2;;;C308400_LEA_M_RESPONSABLE_EQUIPE;
0000243116;RoleOfficer2;;;C308400_LEA_M_INGENIEUR_EXPLOITATION;
0000243116;RoleOfficer2;;;C308400_LEA_M_CHANGE_MANAGER;
0000243116;RoleOfficer2;;;C308400_LEA_M_ADMINISTRATOR_SAP;
0000248940;RoleOfficer2;;;C308100_PFS-EFS_Manager;
0000274424;RoleOfficer2;;;C302500_AFB_M_Manager;
0000274424;RoleOfficer2;;;C302500_AFB_M_Ingénieur_de_Production;
0000518250;RoleOfficer2;;;C303000_IUP_M_SERVICE_DELIVERY_MANAGER_PDT;
0000518250;RoleOfficer2;;;C303000_IUP_M_RESPONSABLE_POLE_POSTE_TRAVAIL;
0000518250;RoleOfficer2;;;C303000_IUP_M_RESPONSABLE_POLE_INFRASTRUCTURE;
0000518250;RoleOfficer2;;;C303000_IUP_M_RESPONSABLE_EQUIPE;
0000518250;RoleOfficer2;;;C303000_IUP_M_REFERENT_SECURITE;
0000518250;RoleOfficer2;;;C303000_IUP_M_INGENIEUR_EXPLOITATION_INFRASTRUCTURE;
0001582826;RoleOfficer2;;;C307700_REP_M_Responsable_Relation_Partenaire;
0001582826;RoleOfficer2;;;C309100_CLF_E_Chef_de_projet;
0001582826;RoleOfficer2;;;C311000_OAP_M_Product_Owner_Unique;
0001582826;RoleOfficer2;;;C311000_OAP_M_Leader_Technique_Unique;
0001582826;RoleOfficer2;;;C311000_OAP_M_ Développeur;
0001582826;RoleOfficer2;;;C311000_OAP_E_DevOps;
0001582826;RoleOfficer2;;;C305900_CTO_M_Satisfaction_clientèle_Unique;
0001582826;RoleOfficer2;;;C305900_CTO_M_Change_Manager;
0001582826;RoleOfficer2;;;C301800_COA_M_Ingenieur_Production_internes;
0001582826;RoleOfficer2;;;C301800_COA_M_Analyste_Production_unique;
0001582826;RoleOfficer2;;;C300600_GEN_M_open;
0001582826;RoleOfficer2;;;C300600_GEN_M_Mainframe;
0001582826;RoleOfficer2;;;C300600_GEN_M_Flux_Unique;
0001582826;RoleOfficer2;;;C302000_ECP_M_SGBD;
0001582826;RoleOfficer2;;;C302000_ECP_M_MDW_Big_Data;
0001582826;RoleOfficer2;;;C302000_ECP_M_Flux;
0001582826;RoleOfficer2;;;C302000_ECP_M_Dev/Open;
0001582826;RoleOfficer2;;;C302000_ECP_M_Dev/Host;
0001582826;RoleOfficer2;;;C302000_ECP_M_Capacity;
0000242692;RoleOfficer2;;;C302700_EAR_M_Responsable_Activites;
0000242692;RoleOfficer2;;;C302700_EAR_M_Pilotage_Prestation;
0000242692;RoleOfficer2;;;C302700_EAR_M_Ingenieur_Systemes;
0000242692;RoleOfficer2;;;C302700_EAR_M_Developpeur;
0000242692;RoleOfficer2;;;C302700_EAR_M_Chef_de_Projet;
0000242692;RoleOfficer2;;;C302700_EAR_Coordinateur_Activite_Unique;
0000242692;RoleOfficer2;;;C302700_EAR_M_role_de_base_archivage;
0000242692;RoleOfficer2;;;C302700_EAR_M_role_de_base_editique;
0000226481;RoleOfficer2;;;C304700_GPQ_Manager_Unique;
0000226481;RoleOfficer2;;;C304700_GPQ_Gestionnaire-de-processus;
0000496936;RoleOfficer2;;;C305100_CEI_M_Service_Responsable_RUN_Unique;
0000496936;RoleOfficer2;;;C305100_CEI_M_Service_Delivery_Manager;
0000496936;RoleOfficer2;;;C305100_CEI_M_Coordinateur_Activité_Unique;
0000496936;RoleOfficer2;;;C305100_CEI_M_Chef_de_Projet;
0000496936;RoleOfficer2;;;C305100_CEI_M_Change_Manager_RUN;
0000496936;RoleOfficer2;;;C305100_CEI_M_Incident_Manager;
0000280568;RoleOfficer2;;;C352400_ERD_role_de_base;
0000342591;RoleOfficer2;;;C306900_EIR_M_Responsable_Equipe;
0000342591;RoleOfficer2;;;C306900_EIR_M_Ingenieur_Exploitation;
