﻿Identity;Profil;Organization;Category;SingleRole;CompositeRole
0000301062;Assistante;C3045;;;
0000301062;Assistante;C3065;;;
0000232281;Assistante;C3083;;;
0000232281;Assistante;C3087;;;
0000232281;Assistante;C3088;;;
0000496526;Assistante;C3002;;;
0000301062;Assistante;C3036;;;
0000301062;Assistante;C3071;;;
0000301062;Assistante;C3074;;;
0000232281;Assistante;C3079;;;
0000232281;Assistante;C3023;;;
0000301062;Assistante;C3035;;;
0000301062;Assistante;C3039;;;
0000496931;Assistante;C3056;;;
0000496931;Assistante;C3062;;;
0000496526;Assistante;C3010;;;
0000496526;Assistante;C3015;;;
0000232281;Assistante;C3026;;;
0000232281;Assistante;C3029;;;
0000301062;Assistante;C3034;;;
0000301062;Assistante;C3072;;;
0000466370;Assistante;C3105;;;
0000301062;Assistante;C3075;;;
0000496526;Assistante;C3004;;;
0000496526;Assistante;C3016;;;
0000232281;Assistante;C3032;;;
0000301062;Assistante;C3046;;;
0000301062;Assistante;C3066;;;
0000232281;Assistante;C3089;;;
0000466370;Assistante;C3092;;;
0000466370;Assistante;C3096;;;
0000496526;Assistante;C3012;;;
0000301062;Assistante;C3044;;;
0000232281;Assistante;C3085;;;
0000496526;Assistante;C3008;;;
0000301062;Assistante;C3041;;;
0000496931;Assistante;C3058;;;
0000301062;Assistante;C3067;;;
0000301062;Assistante;C3078;;;
0000466370;Assistante;C3093;;;
0000466370;Assistante;C3098;;;
0000466370;Assistante;C3099;;;
0000466370;Assistante;C3100;;;
0000466370;Assistante;C3104;;;
0000496526;Assistante;C3014;;;
0000301062;Assistante;C3038;;;
0000232281;Assistante;C3086;;;
0000496526;Assistante;C3005;;;
0000496526;Assistante;C3007;;;
0000496526;Assistante;C3009;;;
0000232281;Assistante;C3030;;;
0000301062;Assistante;C3077;;;
0000232281;Assistante;C3077;;;
0000232281;Assistante;C3080;;;
0000232281;Assistante;C3081;;;
0000232281;Assistante;C3091;;;
0000496526;Assistante;C3003;;;
0000496526;Assistante;C3110;;;
0000496526;Assistante;C3019;;;
0000232281;Assistante;C3021;;;
0000232281;Assistante;C3028;;;
0000232281;Assistante;C3031;;;
0000301062;Assistante;C3037;;;
0000301062;Assistante;C3042;;;
0000301062;Assistante;C3043;;;
0000496931;Assistante;C3059;;;
0000496931;Assistante;C3060;;;
0000496931;Assistante;C3063;;;
0000496931;Assistante;C3064;;;
0000232281;Assistante;C3090;;;
0000496526;Assistante;C3018;;;
0000496931;Assistante;C3052;;;
0000496931;Assistante;C3057;;;
0000496931;Assistante;C3061;;;
0000301062;Assistante;C3068;;;
I270284;Assistante;C3102;;;
0000466370;Assistante;C3102;;;
0000496931;Assistante;C3050;;;
0000496931;Assistante;C3054;;;
0000496931;Assistante;C3055;;;
0000232281;Assistante;C3070;;;
0000232281;Assistante;C3082;;;
0000496526;Assistante;C3006;;;
0000496526;Assistante;C3020;;;
0000496931;Assistante;C3049;;;
0000301062;Assistante;C3076;;;
0000232281;Assistante;C3084;;;
0000466370;Assistante;C3097;;;
0000462128;Assistante;C3107;;;
0000466370;Assistante;C3107;;;
0000232281;Assistante;C3024;;;
0000232281;Assistante;C3025;;;
0000301062;Assistante;C3040;;;
0000496931;Assistante;C3053;;;
0000301062;Assistante;C3073;;;
0000496526;Assistante;C3017;;;
0000232281;Assistante;C3027;;;
0000301062;Assistante;C3033;;;
0000301062;Assistante;C3047;;;
0000301062;Assistante;C3048;;;
0000496931;Assistante;C3051;;;
0000301062;Assistante;C3069;;;
