﻿Identity;Profil;Organization;Category;SingleRole;CompositeRole
0000231130;Manager;C3045;;;
I175341;Manager;C3065;;;
0000243508;Manager;C3083;;;
0000460479;Manager;C3087;;;
0000362645;Manager;C3088;;;
0000496128;Manager;C3002;;;
0000503986;Manager;C3002;;;
0000224920;Manager;C3036;;;
0000095449;Manager;C3071;;;
0000101549;Manager;C3074;;;
0000225492;Manager;C3035;;;
0000225525;Manager;C3039;;;
36175;Manager;C3056;;;
0000517608;Manager;C3056;;;
0000517614;Manager;C3056;;;
0000013851;Manager;C3056;;;
0000496522;Manager;C3062;;;
0000496893;Manager;C3062;;;
0000496502;Manager;C3062;;;
0000019048;Manager;C3062;;;
0000520093;Manager;C3062;;;
0000496147;Manager;C3010;;;
0000496148;Manager;C3015;;;
35711;Manager;C3026;;;
29738;Manager;C3029;;;
0000224911;Manager;C3034;;;
0000046001;Manager;C3072;;;
I834466;Manager;C3105;;;
0000460630;Manager;C3075;;;
0000496168;Manager;C3004;;;
0000512502;Manager;C3016;;;
0000481808;Manager;C3032;;;
0000362655;Manager;C3046;;;
0000461850;Manager;C3066;;;
0000253362;Manager;C3089;;;
0000499805;Manager;C3092;;;
I888610;Manager;C3092;;;
0000497082;Manager;C3096;;;
0000496158;Manager;C3012;;;
0000226445;Manager;C3044;;;
0000238154;Manager;C3085;;;
0000517833;Manager;C3008;;;
0000224930;Manager;C3041;;;
0000515584;Manager;C3058;;;
0000238463;Manager;C3067;;;
0000476954;Manager;C3093;;;
0000219195;Manager;C3093;;;
0000201147;Manager;C3098;;;
0000461181;Manager;C3104;;;
0000496154;Manager;C3014;;;
0000497237;Manager;C3014;;;
0000457421;Manager;C3086;;;
0000496131;Manager;C3005;;;
0000496169;Manager;C3005;;;
0000497015;Manager;C3007;;;
0000506113;Manager;C3009;;;
12086;Manager;C3030;;;
0000496161;Manager;C3003;;;
0000520050;Manager;C3110;;;
0000496159;Manager;C3019;;;
I695694;Manager;C3019;;;
12058;Manager;C3028;;;
0000459875;Manager;C3028;;;
28349;Manager;C3031;;;
0000226449;Manager;C3037;;;
0000225459;Manager;C3042;;;
0000496525;Manager;C3060;;;
0000496529;Manager;C3060;;;
0000496498;Manager;C3063;;;
0000496178;Manager;C3064;;;
0000496157;Manager;C3018;;;
0000496922;Manager;C3052;;;
0000482305;Manager;C3057;;;
0000019045;Manager;C3057;;;
0000520097;Manager;C3057;;;
0000519934;Manager;C3057;;;
0000219417;Manager;C3057;;;
I594631;Manager;C3057;;;
0000521192;Manager;C3061;;;
35504;Manager;C3068;;;
0000487339;Manager;C3102;;;
14832;Manager;C3102;;;
0000497476;Manager;C3050;;;
0000496486;Manager;C3054;;;
0000496892;Manager;C3054;;;
0000496872;Manager;C3055;;;
0000478987;Manager;C3055;;;
0000013924;Manager;C3055;;;
I891615;Manager;C3055;;;
0000101640;Manager;C3070;;;
0000461373;Manager;C3082;;;
0000496156;Manager;C3006;;;
0000497218;Manager;C3006;;;
0000496144;Manager;C3020;;;
0000496153;Manager;C3020;;;
0000496199;Manager;C3049;;;
0000101283;Manager;C3076;;;
0000243116;Manager;C3084;;;
0000089783;Manager;C3107;;;
0000274424;Manager;C3025;;;
0000222148;Manager;C3040;;;
0000496516;Manager;C3053;;;
0000496129;Manager;C3017;;;
0000497142;Manager;C3017;;;
0000497288;Manager;C3017;;;
0000497297;Manager;C3017;;;
0000497305;Manager;C3017;;;
0000222184;Manager;C3047;;;
0000496936;Manager;C3051;;;
