﻿Identity;Profil;Organization;Category;SingleRole;CompositeRole
0000490591;RoleOfficer2;;;6675900_RCP_Role-de-base;
0000496139;RoleOfficer2;;;T302000_IT4_M_METIS;
0000496139;RoleOfficer2;;;T302000_IT4_M_Gozen;
0000496139;RoleOfficer2;;;T302000_IT4_M_Developpeur_Gozen;
0000496139;RoleOfficer2;;;T302000_IT4_M_Gestion_Temp-PPM;
0000496139;RoleOfficer2;;;T302000_IT4_M_Commun;
0001582826;RoleOfficer2;;;T302000_IT4_M_Processus;
0000496143;RoleOfficer2;;;T301900_AAC_M_Chef_de_Projet_Académie_Unique;
0000496143;RoleOfficer2;;;T301900_AAC_M_Architecte_Transverse;
0000496257;RoleOfficer2;;;6679600_AUI_auditeur;
0000487969;RoleOfficer2;;;T301400_PFD_M_SIRH;
0000487969;RoleOfficer2;;;T301400_PFD_M_Responsable_Rémuneration_Unique;
0000487969;RoleOfficer2;;;T301400_PFD_M_Responsable_PFD_Unique;
0000487969;RoleOfficer2;;;T301400_PFD_M_Responsable_Paie_Unique;
0000487969;RoleOfficer2;;;T301400_PFD_M_Reporting;
0000487969;RoleOfficer2;;;T301400_PFD_M_infirmiere__Unique;
0000487969;RoleOfficer2;;;T301400_PFD_M_Gestionnaire_De_Paie;
0000487969;RoleOfficer2;;;T301400_PFD_M_Chargée_RSE;
0000487969;RoleOfficer2;;;T301000_RHT_M_DRH_Unique;
0000487969;RoleOfficer2;;;T301000_RHT_M_Assistant_DRH_Unique;
0000371901;RoleOfficer2;;;T301300_MGH_M_Responsable_RH;
0000371901;RoleOfficer2;;;T301300_MGH_M_Recruteur;
0000371901;RoleOfficer2;;;T301300_MGH_M_Gestionaire_RH;
0000371901;RoleOfficer2;;;T301300_MGH_M_Assistant_RH;
36259;RoleOfficer2;;;T301100_ACC_M_Chargé ACC;
0000478824;RoleOfficer2;;;T300500_COF_M_Responsable_equipe_unique;
0000478824;RoleOfficer2;;;T300500_COF_M_Responsable_Anti_Fraude_unique;
0000478824;RoleOfficer2;;;T300500_COF_M_DPO_Unique;
0000478824;RoleOfficer2;;;T300500_COF_M_Charge_Conformite;
0000089783;RoleOfficer2;;;T311100_CI;
0000089783;RoleOfficer2;;;D352400_MoA;
0000089783;RoleOfficer2;;;D352200_I4I_metrologie_mainframe;
0000089783;RoleOfficer2;;;D352200_I4I_metrologie_BI;
0001567898;RoleOfficer2;;;T301800_STI_E_Profil Standard;
0000201454;RoleOfficer2;;;T302200_STG_M_Strategie_Innovation;
0000201454;RoleOfficer2;;;T302200_STG_M_Offre_Metier;
0000201454;RoleOfficer2;;;T302200_STG_M_Communication_Client;
0000201454;RoleOfficer2;;;T302200_STI_E_Profil_Standard;
0001582826;RoleOfficer2;;;T301200_COT_M_Responsable_Communication_Unique;
0001582826;RoleOfficer2;;;T301200_COT_M_Chargé_De_Communication;
