﻿Identity;Profil;Organization;Category;SingleRole;CompositeRole
I611714;Assistante;C3092;;;
I611714;Assistante;C3102;;;
I611714;Assistante;T3010;;;
I611714;Assistante;C3097;;;
I611714;Assistante;C3098;;;
I611714;Assistante;C3099;;;
I611714;Assistante;C3100;;;
I611714;Assistante;C3105;;;
I611714;Assistante;C3104;;;
I611714;Assistante;C3093;;;
0000462128;Assistante;C3092;;;
0000462128;Assistante;C3102;;;
0000462128;Assistante;C3097;;;
0000462128;Assistante;C3098;;;
0000462128;Assistante;C3099;;;
0000462128;Assistante;C3100;;;
0000462128;Assistante;C3105;;;
0000462128;Assistante;C3104;;;
0000462128;Assistante;C3093;;;