﻿Identity;Profil;Organization;Category;SingleRole;CompositeRole
0000251117;Assistante;T3005;;;
0000462128;Assistante;T3014;;;
I270284;Assistante;T3020;;;
0000481587;Assistante;T3018;;;
0000481587;Assistante;T3019;;;
0000481587;Assistante;T3021;;;
0000462128;Assistante;T3013;;;
0000251117;Assistante;T3017;;;
0000462128;Assistante;T3012;;;
0000462128;Assistante;T3016;;;
0000466370;Assistante;T3008;;;
0000481587;Assistante;T3022;;;
0000462128;Assistante;T3007;;;
0000462128;Assistante;T3010;;;
0000481587;Assistante;T3002;;;
0000251117;Assistante;T3003;;;
