﻿
<ConfigurationFile xmlns:xsi="http:/www.w3.org/2001/XMLSchema-instance" xmlns:xsd="http:/www.w3.org/2001/XMLSchema" xmlns="urn:schemas-usercube-com:configuration">
  <Connection Identifier="PowerShellMetisFulfillmentSkypeLine" Package="Usercube.Powershell@0000001" DisplayName_L1="SkypeLineConnection" Connector="SkypeLine" DeactivationExportFulfill="Export" />
  <Connection Identifier="SkypeLineUser" Package="Usercube.CSV@0000001" DisplayName_L1="SkypeLineUser" Connector="SkypeLine" />

  <Connector MaxLinkPercentageDeletedLines="30" MaxLinkPercentageInsertedLines="30" MaxPercentageDeletedLines="30" MaxPercentageInsertedLines="30" MaxPercentageUpdatedLines="30" MaximumDeletedLines="0" MaximumInsertedLines="0" MaximumLinkDeletedLines="0" MaximumLinkInsertedLines="0" MaximumUpdatedLines="0" Identifier="SkypeLine" DisplayName_L1="Metis SkypeLine" Agent="Local" />
  
  <!--ENTITY TYPE-->
  <EntityType Identifier="SkypeLineUser" DisplayName_L1="Softphonie User">
    <Property Identifier="fullname" DisplayName_L1="Collaborateur" TargetColumnIndex="0" Type="String" />
    <Property Identifier="mail" DisplayName_L1="Mail" TargetColumnIndex="1" Type="String" />
	<Property Identifier="RITM_for_correlation" DisplayName_L1="Numéro du ticket METIS" TargetColumnIndex="2" Type="String" />
    <Property Identifier="employeeId" DisplayName_L1="Identifiant IAM" IsKey="true" TargetColumnIndex="3" Type="String" />
    <Property Identifier="loginZoe" DisplayName_L1="Login ZOE" IsKey="true" TargetColumnIndex="4" Type="String" />
	<Property Identifier="manager" DisplayName_L1="Manager" TargetColumnIndex="5" Type="String" />
	<Property Identifier="batiment" DisplayName_L1="Batiment" TargetColumnIndex="6" Type="String" />
	<Property Identifier="equipe" DisplayName_L1="Equipe" TargetColumnIndex="7" Type="String" />
	<Property Identifier="ville" DisplayName_L1="Ville" TargetColumnIndex="8" Type="String" />
	<Property Identifier="contact" DisplayName_L1="Contact" TargetColumnIndex="9" Type="String" />
	
	<Property Identifier="type" DisplayName_L1="Ligne" Type="ForeignKey" />
  </EntityType>
  
  <EntityType Identifier="SkypeLineType" DisplayName_L1="Softphonie Type">
    <Property Identifier="reference" DisplayName_L1="Reference" TargetColumnIndex="0" Type="String" />
    <Property Identifier="libelle" DisplayName_L1="Libellé" TargetColumnIndex="1" Type="String" />
	<Property Identifier="softphonie" DisplayName_L1="Softphonie" IsKey="true" TargetColumnIndex="2" Type="String" />
	
    <Property Identifier="users" DisplayName_L1="Détenteur" Type="ForeignKey" />
  </EntityType>
  <EntityPropertyExpression Identifier="SkypeLineType_InternalDisplayName" Expression="C#:SkypeLineType: return SkypeLineType.libelle;" EntityType="SkypeLineType" Property="InternalDisplayName" />
  
  <!--ENTITY TYPE ASSOCIATION-->
  <EntityAssociation DisplayName_L1="Type_Users" Identifier="SkypeLineType_Users" Property1="SkypeLineUser:type" Property2="SkypeLineType:users" IsProperty1Collection="true" IsProperty2Collection="true" />


  <!--ENTITY TYPE MAPPING-->
  <EntityTypeMapping MaximumDeletedLines="0" MaximumInsertedLines="0" MaximumUpdatedLines="0" MaxPercentageDeletedLines="30" MaxPercentageInsertedLines="30" MaxPercentageUpdatedLines="30" Connector="SkypeLine" Identifier="SkypeLineUser" ConnectionTable="SkypeLineUser">
	<Property Identifier="fullname" ConnectionColumn="assigned_to.name" />
	<Property Identifier="mail" ConnectionColumn="assigned_to.email" IsPrimaryKey="true" />
	<Property Identifier="employeeId" ConnectionColumn="assigned_to.u_code_iam" />
  </EntityTypeMapping>
  <EntityTypeMapping MaximumDeletedLines="0" MaximumInsertedLines="0" MaximumUpdatedLines="0" MaxPercentageDeletedLines="30" MaxPercentageInsertedLines="30" MaxPercentageUpdatedLines="30" Connector="SkypeLine" Identifier="SkypeLineType">
	<Property Identifier="reference" />
	<Property Identifier="softphonie" IsPrimaryKey="true" />
  </EntityTypeMapping>
  <!-- <Resource Id="-10" Type="SkypeLineType" C0="-10" C1="Softphonie internationale via Skype" C2="International" DisplayName_L1="Softphonie internationale via Skype" /> -->
  <!-- <Resource Id="-11" Type="SkypeLineType" C0="-11" C1="Softphonie interne via Skype" C2="Interne" DisplayName_L1="Softphonie interne via Skype" /> -->
  <Resource Id="-12" Type="SkypeLineType" C0="-12" C1="Softphonie nationale" C2="Softphonie" DisplayName_L1="Softphonie nationale" />


  
  <!--ASSOCIATION MAPPING-->
  <EntityAssociationMapping MaximumDeletedLines="0" MaximumInsertedLines="0" MaxPercentageDeletedLines="30" MaxPercentageInsertedLines="30" Identifier="SkypeLineType_Users" Column1="assigned_to.email" Column2="u_phone_terminal_type" ConnectionTable="SkypeLineUser" EntityPropertyMapping1="SkypeLineUser:mail" EntityPropertyMapping2="SkypeLineType:softphonie" Connector="SkypeLine" />
  
  
  <ViewTemplate EntityType="SkypeLineUser" Profile="Administrator" />
  <ViewTemplate EntityType="SkypeLineType" Profile="Administrator" />
  <ViewAccessControlRules EntityType="SkypeLineUser" Profile="Administrator" />
  <ViewAccessControlRules EntityType="SkypeLineType" Profile="Administrator" />

  <ReviewProvisioningAccessControlRules EntityType="SkypeLineUser" Profile="Administrator" />
  <ReviewProvisioningAccessControlRules EntityType="SkypeLineType" Profile="Administrator" />
  <ReconciliateRolesAccessControlRules EntityType="SkypeLineUser" Profile="Administrator" />
  <ReconciliateRolesAccessControlRules EntityType="SkypeLineType" Profile="Administrator" />

  <TargetResourceReport EntityType="SkypeLineUser" Profile="Administrator" />
  <TargetResourceReport EntityType="SkypeLineType" Profile="Administrator" />
  <TargetResourceReportAccessControlRules EntityType="SkypeLineUser" Profile="Administrator" />
  <TargetResourceReportAccessControlRules EntityType="SkypeLineType" Profile="Administrator" />
  <TargetResourceReportMenus EntityType="SkypeLineUser" Profile="Administrator" />
  <TargetResourceReportMenus EntityType="SkypeLineType" Profile="Administrator" />

   
</ConfigurationFile>
