﻿<ConfigurationFile xmlns="urn:schemas-usercube-com:configuration">
	
	<InvokeExpressionTask Identifier="Lecture_METIS_SkypeLine" DisplayName_L1="Lecture METIS - Softphonie" InputPath="D:/CAGIP_IAM/Powershell/Lecture_Metis_SkypeLine.ps1" />
	
	<CreateConnectorSynchroComplete JobIdentifier="Metis_Synchronization_SkypeLine" Connector="SkypeLine" DisplayName_L1="Metis - Lecture - Softphonie" OldAlgorithm="true">
		<CronTabExpression CronTimeZone="ServerTime" CronTab="55 20 * * *" />
        <OpenIdIdentifier Identifier="accessJob" />
		<!-- <AddTask Task="Lecture_METIS_SkypeLine" Before="true" TaskToCompareWith="SkypeLine_PrepareSynchronization_Complete" /> -->
		<AddTask Task="Lecture_METIS_SkypeLine" Before="true" TaskToCompareWith="SkypeLine_Export_Complete_SkypeLineUser" />
		<NoProvisioning />
    </CreateConnectorSynchroComplete>
	
	<CreateConnectorSynchroComplete JobIdentifier="Metis_Fulfillment_SkypeLine" Connector="SkypeLine" DisplayName_L1="Metis - Ecriture - Softphonie" OldAlgorithm="true">
		<CronTabExpression CronTimeZone="ServerTime" CronTab="53 6 * * *" />
        <OpenIdIdentifier Identifier="accessJob" />
		<NoSynchronization />
		
    </CreateConnectorSynchroComplete>
	
	
</ConfigurationFile>