﻿<ConfigurationFile xmlns="urn:schemas-usercube-com:configuration">

	<!-- <SingleRole Identifier="Metis_SkypeLine_International" DisplayName_L1="METIS - Softphonie internationale via Skype" Description_L1="METIS - Softphonie internationale via Skype" Category="Ligne_Skype" EntityType="Person" ApprovalWorkflowType="One" Policy="Default" /> -->
	<!-- <SingleRole Identifier="Metis_SkypeLine_Interne" DisplayName_L1="METIS - Softphonie interne via Skype" Description_L1="METIS - Softphonie métropole via Skype" Category="Ligne_Skype" EntityType="Person" ApprovalWorkflowType="One" Policy="Default" /> -->
	<!-- <SingleRole Identifier="Metis_SkypeLine_National" DisplayName_L1="METIS - Softphonie nationale via Skype" Description_L1="METIS - Softphonie nationale via Skype" Category="Ligne_Skype" EntityType="Person" ApprovalWorkflowType="One" Policy="Default" /> -->

	<ResourceTypeMapping Identifier="Metis_SkypeLine" Connection="PowerShellMetisFulfillmentSkypeLine" />
	<ResourceType MaximumDelete="0" MaximumDeletePercent="5" MaximumInsert="0" MaximumInsertPercent="5" MaximumUpdate="0" MaximumUpdatePercent="5" Identifier="Metis_SkypeLine" SourceEntityType="Person" TargetEntityType="SkypeLineUser" Policy="Default" Category="Metis" DisplayName_L1="METIS - Softphonie">

		<!-- <NavigationRule Property="type" Resource="International" SingleRole="SR_Ligne_Skype_International" TimeOffsetReference="Around" TimeOffsetBeforeReference="-18720" TimeOffsetAfterReference="10080"/> -->
		<!-- <NavigationRule Property="type" Resource="Interne" SingleRole="SR_Ligne_Skype_Metropole" TimeOffsetReference="Around" TimeOffsetBeforeReference="-18720" TimeOffsetAfterReference="10080"/> -->
		<NavigationRule Property="type" Resource="Softphonie" SingleRole="SR_Ligne_Skype_National" TimeOffsetReference="Around" TimeOffsetBeforeReference="-18720" TimeOffsetAfterReference="-2880" />

		<!-- 13/04/23 Demande d'évolution de profil métiers contenant des permissions ZOE : CAGIPSCTASK2014147 -->
		<NavigationRule Property="type" Resource="Softphonie" SingleRole="RoleNasADM" TimeOffsetReference="Around" TimeOffsetBeforeReference="-18720" TimeOffsetAfterReference="-2880" />
		<NavigationRule Property="type" Resource="Softphonie" SingleRole="RoleNasCOO" TimeOffsetReference="Around" TimeOffsetBeforeReference="-18720" TimeOffsetAfterReference="-2880" />

		<ScalarRule Property="employeeId" Expression="C#:PersonRecord: return PersonRecord.EmployeeId;" />
		<ScalarRule Property="loginZoe" Expression="C#:PersonRecord: return PersonRecord.LoginZoe;" />
		<ScalarRule Property="manager" Expression="C#:PersonRecord: return PersonRecord.Responsible.Mail;" />
		<ScalarRule Property="batiment" Expression="C#:PersonRecord:return String.IsNullOrEmpty(PersonRecord.Localisation.Batiment) ? PersonRecord.RHBatiment : PersonRecord.Localisation.Batiment ;" />
		<ScalarRule Property="ville" Expression="C#:PersonRecord:return String.IsNullOrEmpty(PersonRecord.Localisation.Site.Identifier) ? PersonRecord.RHSite : PersonRecord.Localisation.Site.Identifier ;" />
		<ScalarRule Property="contact" Expression="C#:PersonRecord:return String.IsNullOrEmpty(PersonRecord.ContactPrivilegie.Mail) ? PersonRecord.Responsible.Mail : PersonRecord.ContactPrivilegie.Mail ;" />
		<ScalarRule Property="equipe" Expression="C#:PersonRecord:
			string CGB =  PersonRecord.Organization.Identifier;
			string trigramme = PersonRecord.Organization.Trigramme;
			
			if((CGB != null) &amp;&amp; (CGB != &quot;&quot;) &amp;&amp; (trigramme != null) &amp;&amp; (trigramme != &quot;&quot;) ){
				return CGB + &quot;-&quot; + trigramme;
			}
			return null;" />


		<ScalarRule Property="mail" Binding="Mail" />

	</ResourceType>

	<ResourceCorrelationRule ResourceType="Metis_SkypeLine" SourceMatchedConfidenceLevel="101" SourceExpression="C#:PersonRecord: return PersonRecord.EmployeeId;" TargetBinding="employeeId" Policy="Default" />

	<ResourceCorrelationRule ResourceType="Metis_SkypeLine" SourceMatchedConfidenceLevel="100" SourceExpression="C#:PersonRecord: return (String.IsNullOrEmpty(PersonRecord.LoginZoe) || String.IsNullOrEmpty(PersonRecord.Mail)) ? &quot;DoNotReconciliateString&quot; : PersonRecord.Mail;" TargetExpression="C#:resource: return String.IsNullOrEmpty(resource.employeeId) ? resource.mail : &quot;EmployeeNotMatchingString&quot;;" Policy="Default" />

</ConfigurationFile>