﻿<ConfigurationFile xmlns="urn:schemas-usercube-com:configuration">
  <DisplayTable Identifier="SkypeLineUser" EntityType="SkypeLineUser" DisplayTableDesignElement="resourcetable" IsEntityTypeDefault="true">
    <Column DisplayBinding="fullname" IsDisplayInSummaryView="true" IsResizable="true" IsSortable="true" CanBeFiltered="true" ColumnSize="2" />
    <Column DisplayBinding="mail" IsDisplayInSummaryView="true" IsResizable="true" IsSortable="true" CanBeFiltered="true" ColumnSize="2" />
  </DisplayTable>

  <DisplayEntityType Identifier="SkypeLineUser" IconCode="TriangleUp12">
    <Property OutputType="BasicCollection" Identifier="type" />
  </DisplayEntityType>
  
  <DisplayTable Identifier="SkypeLineType" EntityType="SkypeLineType" DisplayTableDesignElement="table" IsEntityTypeDefault="true">
    <Column DisplayBinding="libelle" IsDisplayInSummaryView="true" IsResizable="true" IsSortable="true" CanBeFiltered="true" ColumnSize="2" />
  </DisplayTable>

  <DisplayEntityType Identifier="SkypeLineType" IconCode="TriangleUp12">
    <Property OutputType="BasicCollection" Identifier="users" />
  </DisplayEntityType>
</ConfigurationFile>
