﻿
<ConfigurationFile xmlns:xsi="http:/www.w3.org/2001/XMLSchema-instance" xmlns:xsd="http:/www.w3.org/2001/XMLSchema" xmlns="urn:schemas-usercube-com:configuration">
  <Connection Identifier="PowerShellMetisFulfillmentHIDADMIN" Package="Usercube.Powershell@0000001" DisplayName_L1="HIDADMINConnection" Connector="HID_RED01" />
  <Connection Identifier="HIDADMINUser" Package="Usercube.CSV@0000001" DisplayName_L1="HIDADMINUser" Connector="HID_RED01" />
  
  <!--ENTITY TYPE-->
  <EntityType Identifier="HID_ADMINUser" DisplayName_L1="HID_ADMINUser">
    <Property Identifier="fullname" DisplayName_L1="Collaborateur" TargetColumnIndex="0" Type="String" />
    <Property Identifier="mail" DisplayName_L1="Mail" TargetColumnIndex="1" Type="String" />
	<Property Identifier="RITM_for_correlation" DisplayName_L1="Numéro du ticket METIS" TargetColumnIndex="2" Type="String" />
    <Property Identifier="employeeId" DisplayName_L1="Identifiant IAM" IsKey="true" TargetColumnIndex="3" Type="String" />
    <Property Identifier="loginZoe" DisplayName_L1="Login ZOE" IsKey="true" TargetColumnIndex="4" Type="String" />
	<Property Identifier="manager" DisplayName_L1="Manager" TargetColumnIndex="5" Type="String" />
	<Property Identifier="ville" DisplayName_L1="Ville" TargetColumnIndex="6" Type="String" />
	<Property Identifier="equipe" DisplayName_L1="Equipe" TargetColumnIndex="7" Type="String" />
	<Property Identifier="contact" DisplayName_L1="Contact" TargetColumnIndex="8" Type="String" />
	
	<Property Identifier="type" DisplayName_L1="type" Type="ForeignKey" />
  </EntityType>
  
  <EntityType Identifier="HID_ADMINType" DisplayName_L1="HID_ADMINType">
    <Property Identifier="reference" DisplayName_L1="Reference" IsKey="true" TargetColumnIndex="0" Type="String" />
    <Property Identifier="libelle" DisplayName_L1="Libellé" TargetColumnIndex="1" Type="String" />
	
    <Property Identifier="users" DisplayName_L1="Détenteur" Type="ForeignKey" />
  </EntityType>
  <EntityPropertyExpression Identifier="HID_ADMINType_InternalDisplayName" Expression="C#:HID_ADMINType: return HID_ADMINType.libelle;" EntityType="HID_ADMINType" Property="InternalDisplayName" />
  
  <!--ENTITY TYPE ASSOCIATION-->
  <EntityAssociation DisplayName_L1="Type_Users" Identifier="HID_ADMINType_Users" Property1="HID_ADMINUser:type" Property2="HID_ADMINType:users" IsProperty1Collection="true" IsProperty2Collection="true" />


  <!--ENTITY TYPE MAPPING-->
  <EntityTypeMapping MaximumDeletedLines="0" MaximumInsertedLines="0" MaximumUpdatedLines="0" MaxPercentageDeletedLines="30" MaxPercentageInsertedLines="30" MaxPercentageUpdatedLines="30" Connector="HID_RED01" Identifier="HID_ADMINUser" ConnectionTable="HIDADMINUser">
	<Property Identifier="fullname" ConnectionColumn="assigned_to.name" />
	<Property Identifier="mail" ConnectionColumn="assigned_to.email" IsPrimaryKey="true" />
	<Property Identifier="employeeId" ConnectionColumn="assigned_to.u_code_iam" />
  </EntityTypeMapping>
  <EntityTypeMapping MaximumDeletedLines="0" MaximumInsertedLines="0" MaximumUpdatedLines="0" MaxPercentageDeletedLines="30" MaxPercentageInsertedLines="30" MaxPercentageUpdatedLines="30" Connector="HID_RED01" Identifier="HID_ADMINType">
	<Property Identifier="reference" ConnectionColumn="art_ref_STAN" IsPrimaryKey="true" />
	<Property Identifier="libelle" ConnectionColumn="libelle" />
  </EntityTypeMapping>
  <!-- <Resource Id="-5020" Type="HID_ADMINType" C0="-5020" C1="Calculette HID ADMIN" DisplayName_L1="HID ADMIN" /> -->
  <Resource Id="-5021" Type="HID_ADMINType" C0="Calculette HID ADMIN" C1="Calculette HID ADMIN" DisplayName_L1="HID ADMIN" />


  
  <!--ASSOCIATION MAPPING-->
  <EntityAssociationMapping MaximumDeletedLines="0" MaximumInsertedLines="0" MaxPercentageDeletedLines="30" MaxPercentageInsertedLines="30" Identifier="HID_ADMINType_Users" Column1="assigned_to.email" Column2="art_ref_STAN" ConnectionTable="HIDADMINUser" EntityPropertyMapping1="HID_ADMINUser:mail" EntityPropertyMapping2="HID_ADMINType:reference" Connector="HID_RED01" />
  
  
  <ViewTemplate EntityType="HID_ADMINUser" Profile="Administrator" />
  <ViewTemplate EntityType="HID_ADMINType" Profile="Administrator" />
  <ViewAccessControlRules EntityType="HID_ADMINUser" Profile="Administrator" />
  <ViewAccessControlRules EntityType="HID_ADMINType" Profile="Administrator" />

  <ReviewProvisioningAccessControlRules EntityType="HID_ADMINUser" Profile="Administrator" />
  <ReviewProvisioningAccessControlRules EntityType="HID_ADMINType" Profile="Administrator" />
  <ReconciliateRolesAccessControlRules EntityType="HID_ADMINUser" Profile="Administrator" />
  <ReconciliateRolesAccessControlRules EntityType="HID_ADMINType" Profile="Administrator" />

  <TargetResourceReport EntityType="HID_ADMINUser" Profile="Administrator" />
  <TargetResourceReport EntityType="HID_ADMINType" Profile="Administrator" />
  <TargetResourceReportAccessControlRules EntityType="HID_ADMINUser" Profile="Administrator" />
  <TargetResourceReportAccessControlRules EntityType="HID_ADMINType" Profile="Administrator" />
  <TargetResourceReportMenus EntityType="HID_ADMINUser" Profile="Administrator" />
  <TargetResourceReportMenus EntityType="HID_ADMINType" Profile="Administrator" />

   
</ConfigurationFile>
