﻿<ConfigurationFile xmlns="urn:schemas-usercube-com:configuration">
  <DisplayTable Identifier="HID_ADMINUser" EntityType="HID_ADMINUser" DisplayTableDesignElement="resourcetable" IsEntityTypeDefault="true">
    <Column DisplayBinding="fullname" IsDisplayInSummaryView="true" IsResizable="true" IsSortable="true" CanBeFiltered="true" ColumnSize="2" />
    <Column DisplayBinding="mail" IsDisplayInSummaryView="true" IsResizable="true" IsSortable="true" CanBeFiltered="true" ColumnSize="2" />
    <Column DisplayBinding="RITM_for_correlation" IsDisplayInSummaryView="true" IsResizable="true" IsSortable="true" CanBeFiltered="true" ColumnSize="2" />
  </DisplayTable>

  <DisplayEntityType Identifier="HID_ADMINUser" IconCode="TriangleUp12">
    <Property OutputType="BasicCollection" Identifier="type" />

  </DisplayEntityType>
  
  <DisplayTable Identifier="HID_ADMINType" EntityType="HID_ADMINType" DisplayTableDesignElement="table" IsEntityTypeDefault="true">
    <Column DisplayBinding="reference" IsDisplayInSummaryView="true" IsResizable="true" IsSortable="true" CanBeFiltered="true" ColumnSize="2" />
    <Column DisplayBinding="libelle" IsDisplayInSummaryView="true" IsResizable="true" IsSortable="true" CanBeFiltered="true" ColumnSize="2" />
  </DisplayTable>

  <DisplayEntityType Identifier="HID_ADMINType" IconCode="TriangleUp12">
    <Property OutputType="BasicCollection" Identifier="users" />
  </DisplayEntityType>

  <!-- resource.userPrincipalName ?? Usercube.Expressions.Functions.UtilExpressions.ToFormatedDN(resource.dn); -->
  <!--EntityPropertyExpression Identifier="HID_ADMINUser_InternalDisplayName" Expression="C#:resource:return test" EntityType="HID_ADMINUser" Property="InternalDisplayName" /-->
</ConfigurationFile>
