<ConfigurationFile xmlns="urn:schemas-usercube-com:configuration">


<!-- Lot 1  -->

<ResourceType MaximumDelete="0" MaximumDeletePercent="5" MaximumInsert="0" MaximumInsertPercent="5" MaximumUpdate="0" MaximumUpdatePercent="5" Identifier="AD_YGIE_Entry_AdministrationUser" >
	<NavigationRule Property="memberOf" Resource="CN=GU_GIE_A_ADPR_AD_10_YCAM,OU=Groupes d'administration,OU=Administration,DC=ygie,DC=ytech" SingleRole="SR_AD_A_ADPR_AD_10_YCAM" TimeOffsetReference="Around" TimeOffsetBeforeReference="-20160" TimeOffsetAfterReference="44640"/>
	<NavigationRule Property="memberOf" Resource="CN=GU_GIE_A_ADPR_AD_10_YGIE,OU=Groupes d'administration,OU=Administration,DC=ygie,DC=ytech" SingleRole="SR_AD_A_ADPR_AD_10_YGIE" TimeOffsetReference="Around" TimeOffsetBeforeReference="-20160" TimeOffsetAfterReference="44640"/>
	<NavigationRule Property="memberOf" Resource="CN=GU_GIE_A_ADPR_AD_30_YGIE,OU=Groupes d'administration,OU=Administration,DC=ygie,DC=ytech" SingleRole="SR_AD_A_ADPR_AD_30_YGIE" TimeOffsetReference="Around" TimeOffsetBeforeReference="-20160" TimeOffsetAfterReference="44640"/>
	<NavigationRule Property="memberOf" Resource="CN=GU_GIE_A_ADPR_AIX_SRV_10_YRES,OU=Groupes d'administration,OU=Administration,DC=ygie,DC=ytech" SingleRole="SR_AD_A_ADPR_AIX_SRV_10_YRES" TimeOffsetReference="Around" TimeOffsetBeforeReference="-20160" TimeOffsetAfterReference="44640"/>
	<NavigationRule Property="memberOf" Resource="CN=GU_GIE_A_ADPR_AIX_SRV_20_YRES,OU=Groupes d'administration,OU=Administration,DC=ygie,DC=ytech" SingleRole="SR_AD_A_ADPR_AIX_SRV_20_YRES" TimeOffsetReference="Around" TimeOffsetBeforeReference="-20160" TimeOffsetAfterReference="44640"/>
	<NavigationRule Property="memberOf" Resource="CN=GU_GIE_A_ADPR_AVI_SRV_20_YRES,OU=Groupes d'administration,OU=Administration,DC=ygie,DC=ytech" SingleRole="SR_AD_A_ADPR_AVI_SRV_20_YRES" TimeOffsetReference="Around" TimeOffsetBeforeReference="-20160" TimeOffsetAfterReference="44640"/>
	<NavigationRule Property="memberOf" Resource="CN=GU_GIE_A_ADPR_B0_SRV_20_YRES,OU=Groupes d'administration,OU=Administration,DC=ygie,DC=ytech" SingleRole="SR_AD_A_ADPR_B0_SRV_20_YRES" TimeOffsetReference="Around" TimeOffsetBeforeReference="-20160" TimeOffsetAfterReference="44640"/>
	<NavigationRule Property="memberOf" Resource="CN=GU_GIE_A_ADPR_B480_AIX_SRV_20_YRES,OU=Groupes d'administration,OU=Administration,DC=ygie,DC=ytech" SingleRole="SR_AD_A_ADPR_B480_AIX_SRV_20_YRES" TimeOffsetReference="Around" TimeOffsetBeforeReference="-20160" TimeOffsetAfterReference="44640"/>
	<NavigationRule Property="memberOf" Resource="CN=GU_GIE_A_ADPR_BOR_SRV_20_YRES,OU=Groupes d'administration,OU=Administration,DC=ygie,DC=ytech" SingleRole="SR_AD_A_ADPR_BOR_SRV_20_YRES" TimeOffsetReference="Around" TimeOffsetBeforeReference="-20160" TimeOffsetAfterReference="44640"/>
	<NavigationRule Property="memberOf" Resource="CN=GU_GIE_A_ADPR_CDD_SRV_20_YCAM,OU=Groupes d'administration,OU=Administration,DC=ygie,DC=ytech" SingleRole="SR_AD_A_ADPR_CDD_SRV_20_YCAM" TimeOffsetReference="Around" TimeOffsetBeforeReference="-20160" TimeOffsetAfterReference="44640"/>
	<NavigationRule Property="memberOf" Resource="CN=GU_GIE_A_ADPR_CDD_SRV_20_YRES,OU=Groupes d'administration,OU=Administration,DC=ygie,DC=ytech" SingleRole="SR_AD_A_ADPR_CDD_SRV_20_YRES" TimeOffsetReference="Around" TimeOffsetBeforeReference="-20160" TimeOffsetAfterReference="44640"/>
	<NavigationRule Property="memberOf" Resource="CN=GU_GIE_A_ADPR_CPT1_SRV_10_YRES,OU=Groupes d'administration,OU=Administration,DC=ygie,DC=ytech" SingleRole="SR_AD_A_ADPR_CPT1_SRV_10_YRES" TimeOffsetReference="Around" TimeOffsetBeforeReference="-20160" TimeOffsetAfterReference="44640"/>
	<NavigationRule Property="memberOf" Resource="CN=GU_GIE_A_ADPR_CPT1_SRV_20_YRES,OU=Groupes d'administration,OU=Administration,DC=ygie,DC=ytech" SingleRole="SR_AD_A_ADPR_CPT1_SRV_20_YRES" TimeOffsetReference="Around" TimeOffsetBeforeReference="-20160" TimeOffsetAfterReference="44640"/>
	<NavigationRule Property="memberOf" Resource="CN=GU_GIE_A_ADPR_CSMM_SRV_20_YCAM,OU=Groupes d'administration,OU=Administration,DC=ygie,DC=ytech" SingleRole="SR_AD_A_ADPR_CSMM_SRV_20_YCAM" TimeOffsetReference="Around" TimeOffsetBeforeReference="-20160" TimeOffsetAfterReference="44640"/>
	<NavigationRule Property="memberOf" Resource="CN=GU_GIE_A_ADPR_D1_SRV_10_YRES,OU=Groupes d'administration,OU=Administration,DC=ygie,DC=ytech" SingleRole="SR_AD_A_ADPR_D1_SRV_10_YRES" TimeOffsetReference="Around" TimeOffsetBeforeReference="-20160" TimeOffsetAfterReference="44640"/>
	<NavigationRule Property="memberOf" Resource="CN=GU_GIE_A_ADPR_D1_SRV_20_YRES,OU=Groupes d'administration,OU=Administration,DC=ygie,DC=ytech" SingleRole="SR_AD_A_ADPR_D1_SRV_20_YRES" TimeOffsetReference="Around" TimeOffsetBeforeReference="-20160" TimeOffsetAfterReference="44640"/>
	<NavigationRule Property="memberOf" Resource="CN=GU_GIE_A_ADPR_D1_SRV_30_YRES,OU=Groupes d'administration,OU=Administration,DC=ygie,DC=ytech" SingleRole="SR_AD_A_ADPR_D1_SRV_30_YRES" TimeOffsetReference="Around" TimeOffsetBeforeReference="-20160" TimeOffsetAfterReference="44640"/>
	<NavigationRule Property="memberOf" Resource="CN=GU_GIE_A_ADPR_D2_SRV_20_YRES,OU=Groupes d'administration,OU=Administration,DC=ygie,DC=ytech" SingleRole="SR_AD_A_ADPR_D2_SRV_20_YRES" TimeOffsetReference="Around" TimeOffsetBeforeReference="-20160" TimeOffsetAfterReference="44640"/>
	<NavigationRule Property="memberOf" Resource="CN=GU_GIE_A_ADPR_D5_SRV_20_YRES,OU=Groupes d'administration,OU=Administration,DC=ygie,DC=ytech" SingleRole="SR_AD_A_ADPR_D5_SRV_20_YRES" TimeOffsetReference="Around" TimeOffsetBeforeReference="-20160" TimeOffsetAfterReference="44640"/>
	<NavigationRule Property="memberOf" Resource="CN=GU_GIE_A_ADPR_EDIW_SRV_20_YRES,OU=Groupes d'administration,OU=Administration,DC=ygie,DC=ytech" SingleRole="SR_AD_A_ADPR_EDIW_SRV_20_YRES" TimeOffsetReference="Around" TimeOffsetBeforeReference="-20160" TimeOffsetAfterReference="44640"/>
	<NavigationRule Property="memberOf" Resource="CN=GU_GIE_A_ADPR_EWS_SRV_20_YRES,OU=Groupes d'administration,OU=Administration,DC=ygie,DC=ytech" SingleRole="SR_AD_A_ADPR_EWS_SRV_20_YRES" TimeOffsetReference="Around" TimeOffsetBeforeReference="-20160" TimeOffsetAfterReference="44640"/>
	<NavigationRule Property="memberOf" Resource="CN=GU_GIE_A_ADPR_GDCH_SRV_20_YRES,OU=Groupes d'administration,OU=Administration,DC=ygie,DC=ytech" SingleRole="SR_AD_A_ADPR_GDCH_SRV_20_YRES" TimeOffsetReference="Around" TimeOffsetBeforeReference="-20160" TimeOffsetAfterReference="44640"/>
	<NavigationRule Property="memberOf" Resource="CN=GU_GIE_A_ADPR_GENE_SRV_20_YRES,OU=Groupes d'administration,OU=Administration,DC=ygie,DC=ytech" SingleRole="SR_AD_A_ADPR_GENE_SRV_20_YRES" TimeOffsetReference="Around" TimeOffsetBeforeReference="-20160" TimeOffsetAfterReference="44640"/>
	<NavigationRule Property="memberOf" Resource="CN=GU_GIE_A_ADPR_IFA_SRV_20_YRES,OU=Groupes d'administration,OU=Administration,DC=ygie,DC=ytech" SingleRole="SR_AD_A_ADPR_IFA_SRV_20_YRES" TimeOffsetReference="Around" TimeOffsetBeforeReference="-20160" TimeOffsetAfterReference="44640"/>
	<NavigationRule Property="memberOf" Resource="CN=GU_GIE_A_ADPR_IT_SRV_20_YRES,OU=Groupes d'administration,OU=Administration,DC=ygie,DC=ytech" SingleRole="SR_AD_A_ADPR_IT_SRV_20_YRES" TimeOffsetReference="Around" TimeOffsetBeforeReference="-20160" TimeOffsetAfterReference="44640"/>
	<NavigationRule Property="memberOf" Resource="CN=GU_GIE_A_ADPR_OS_SRV_20_YRES,OU=Groupes d'administration,OU=Administration,DC=ygie,DC=ytech" SingleRole="SR_AD_A_ADPR_OS_SRV_20_YRES" TimeOffsetReference="Around" TimeOffsetBeforeReference="-20160" TimeOffsetAfterReference="44640"/>
	<NavigationRule Property="memberOf" Resource="CN=GU_GIE_A_ADPR_P0_SRV_20_YRES,OU=Groupes d'administration,OU=Administration,DC=ygie,DC=ytech" SingleRole="SR_AD_A_ADPR_P0_SRV_20_YRES" TimeOffsetReference="Around" TimeOffsetBeforeReference="-20160" TimeOffsetAfterReference="44640"/>
	<NavigationRule Property="memberOf" Resource="CN=GU_GIE_A_ADPR_P1_SRV_20_YRES,OU=Groupes d'administration,OU=Administration,DC=ygie,DC=ytech" SingleRole="SR_AD_A_ADPR_P1_SRV_20_YRES" TimeOffsetReference="Around" TimeOffsetBeforeReference="-20160" TimeOffsetAfterReference="44640"/>
	<NavigationRule Property="memberOf" Resource="CN=GU_GIE_A_ADPR_P2_SRV_20_YRES,OU=Groupes d'administration,OU=Administration,DC=ygie,DC=ytech" SingleRole="SR_AD_A_ADPR_P2_SRV_20_YRES" TimeOffsetReference="Around" TimeOffsetBeforeReference="-20160" TimeOffsetAfterReference="44640"/>
	<NavigationRule Property="memberOf" Resource="CN=GU_GIE_A_ADPR_P3_SRV_10_YRES,OU=Groupes d'administration,OU=Administration,DC=ygie,DC=ytech" SingleRole="SR_AD_A_ADPR_P3_SRV_10_YRES" TimeOffsetReference="Around" TimeOffsetBeforeReference="-20160" TimeOffsetAfterReference="44640"/>
	<NavigationRule Property="memberOf" Resource="CN=GU_GIE_A_ADPR_P3_SRV_20_YRES,OU=Groupes d'administration,OU=Administration,DC=ygie,DC=ytech" SingleRole="SR_AD_A_ADPR_P3_SRV_20_YRES" TimeOffsetReference="Around" TimeOffsetBeforeReference="-20160" TimeOffsetAfterReference="44640"/>
	<NavigationRule Property="memberOf" Resource="CN=GU_GIE_A_ADPR_PDT_20_YCAM,OU=Groupes d'administration,OU=Administration,DC=ygie,DC=ytech" SingleRole="SR_AD_A_ADPR_PDT_20_YCAM" TimeOffsetReference="Around" TimeOffsetBeforeReference="-20160" TimeOffsetAfterReference="44640"/>
	<NavigationRule Property="memberOf" Resource="CN=GU_GIE_A_ADPR_PDT_20_YGIE,OU=Groupes d'administration,OU=Administration,DC=ygie,DC=ytech" SingleRole="SR_AD_A_ADPR_PDT_20_YGIE" TimeOffsetReference="Around" TimeOffsetBeforeReference="-20160" TimeOffsetAfterReference="44640"/>
	<NavigationRule Property="memberOf" Resource="CN=GU_GIE_A_ADPR_PKI_SRV_20_YRES,OU=Groupes d'administration,OU=Administration,DC=ygie,DC=ytech" SingleRole="SR_AD_A_ADPR_PKI_SRV_20_YRES" TimeOffsetReference="Around" TimeOffsetBeforeReference="-20160" TimeOffsetAfterReference="44640"/>
	<NavigationRule Property="memberOf" Resource="CN=GU_GIE_A_ADPR_R0_SRV_20_YRES,OU=Groupes d'administration,OU=Administration,DC=ygie,DC=ytech" SingleRole="SR_AD_A_ADPR_R0_SRV_20_YRES" TimeOffsetReference="Around" TimeOffsetBeforeReference="-20160" TimeOffsetAfterReference="44640"/>
	<NavigationRule Property="memberOf" Resource="CN=GU_GIE_A_ADPR_S3_SRV_20_YRES,OU=Groupes d'administration,OU=Administration,DC=ygie,DC=ytech" SingleRole="SR_AD_A_ADPR_S3_SRV_20_YRES" TimeOffsetReference="Around" TimeOffsetBeforeReference="-20160" TimeOffsetAfterReference="44640"/>
	<NavigationRule Property="memberOf" Resource="CN=GU_GIE_A_ADPR_S4_AEP0_SRV_20_YCAM,OU=Groupes d'administration,OU=Administration,DC=ygie,DC=ytech" SingleRole="SR_AD_A_ADPR_S4_AEP0_SRV_20_YCAM" TimeOffsetReference="Around" TimeOffsetBeforeReference="-20160" TimeOffsetAfterReference="44640"/>
	<NavigationRule Property="memberOf" Resource="CN=GU_GIE_A_ADPR_S4_AEP0_SRV_20_YGIE,OU=Groupes d'administration,OU=Administration,DC=ygie,DC=ytech" SingleRole="SR_AD_A_ADPR_S4_AEP0_SRV_20_YGIE" TimeOffsetReference="Around" TimeOffsetBeforeReference="-20160" TimeOffsetAfterReference="44640"/>
	<NavigationRule Property="memberOf" Resource="CN=GU_GIE_A_ADPR_S4_SRV_20_YRES,OU=Groupes d'administration,OU=Administration,DC=ygie,DC=ytech" SingleRole="SR_AD_A_ADPR_S4_SRV_20_YRES" TimeOffsetReference="Around" TimeOffsetBeforeReference="-20160" TimeOffsetAfterReference="44640"/>
	<NavigationRule Property="memberOf" Resource="CN=GU_GIE_A_ADPR_S6_ATM_SRV_20_YRES,OU=Groupes,OU=GIE,DC=ygie,DC=ytech" SingleRole="SR_AD_A_ADPR_S6_ATM_SRV_20_YRES" TimeOffsetReference="Around" TimeOffsetBeforeReference="-20160" TimeOffsetAfterReference="44640"/>
	<NavigationRule Property="memberOf" Resource="CN=GU_GIE_A_ADPR_SAB_SRV_20_YRES,OU=Groupes d'administration,OU=Administration,DC=ygie,DC=ytech" SingleRole="SR_AD_A_ADPR_SAB_SRV_20_YRES" TimeOffsetReference="Around" TimeOffsetBeforeReference="-20160" TimeOffsetAfterReference="44640"/>
	<NavigationRule Property="memberOf" Resource="CN=GU_GIE_A_ADPR_SCCM_SRV_10_YRES,OU=Groupes d'administration,OU=Administration,DC=ygie,DC=ytech" SingleRole="SR_AD_A_ADPR_SCCM_SRV_10_YRES" TimeOffsetReference="Around" TimeOffsetBeforeReference="-20160" TimeOffsetAfterReference="44640"/>
	<NavigationRule Property="memberOf" Resource="CN=GU_GIE_A_ADPR_SCCM_SRV_20_YRES,OU=Groupes d'administration,OU=Administration,DC=ygie,DC=ytech" SingleRole="SR_AD_A_ADPR_SCCM_SRV_20_YRES" TimeOffsetReference="Around" TimeOffsetBeforeReference="-20160" TimeOffsetAfterReference="44640"/>
	<NavigationRule Property="memberOf" Resource="CN=GU_GIE_A_ADPR_SRV_10_YCAM,OU=Groupes d'administration,OU=Administration,DC=ygie,DC=ytech" SingleRole="SR_AD_A_ADPR_SRV_10_YCAM" TimeOffsetReference="Around" TimeOffsetBeforeReference="-20160" TimeOffsetAfterReference="44640"/>
	<NavigationRule Property="memberOf" Resource="CN=GU_GIE_A_ADPR_SRV_10_YGIE,OU=Groupes d'administration,OU=Administration,DC=ygie,DC=ytech" SingleRole="SR_AD_A_ADPR_SRV_10_YGIE" TimeOffsetReference="Around" TimeOffsetBeforeReference="-20160" TimeOffsetAfterReference="44640"/>
	<NavigationRule Property="memberOf" Resource="CN=GU_GIE_A_ADPR_SRV_10_YRES,OU=Groupes d'administration,OU=Administration,DC=ygie,DC=ytech" SingleRole="SR_AD_A_ADPR_SRV_10_YRES" TimeOffsetReference="Around" TimeOffsetBeforeReference="-20160" TimeOffsetAfterReference="44640"/>
	<NavigationRule Property="memberOf" Resource="CN=GU_GIE_A_ADPR_SRV_20_YCAM,OU=Groupes d'administration,OU=Administration,DC=ygie,DC=ytech" SingleRole="SR_AD_A_ADPR_SRV_20_YCAM" TimeOffsetReference="Around" TimeOffsetBeforeReference="-20160" TimeOffsetAfterReference="44640"/>
	<NavigationRule Property="memberOf" Resource="CN=GU_GIE_A_ADPR_SRV_20_YGIE,OU=Groupes d'administration,OU=Administration,DC=ygie,DC=ytech" SingleRole="SR_AD_A_ADPR_SRV_20_YGIE" TimeOffsetReference="Around" TimeOffsetBeforeReference="-20160" TimeOffsetAfterReference="44640"/>
	<NavigationRule Property="memberOf" Resource="CN=GU_GIE_A_ADPR_SRV_20_YRES,OU=Groupes d'administration,OU=Administration,DC=ygie,DC=ytech" SingleRole="SR_AD_A_ADPR_SRV_20_YRES" TimeOffsetReference="Around" TimeOffsetBeforeReference="-20160" TimeOffsetAfterReference="44640"/>
	<NavigationRule Property="memberOf" Resource="CN=GU_GIE_A_ADPR_SX_SRV_10_YRES,OU=Groupes d'administration,OU=Administration,DC=ygie,DC=ytech" SingleRole="SR_AD_A_ADPR_SX_SRV_10_YRES" TimeOffsetReference="Around" TimeOffsetBeforeReference="-20160" TimeOffsetAfterReference="44640"/>
	<NavigationRule Property="memberOf" Resource="CN=GU_GIE_A_ADPR_SX_SRV_20_YRES,OU=Groupes,OU=GIE,DC=ygie,DC=ytech" SingleRole="SR_AD_A_ADPR_SX_SRV_20_YRES" TimeOffsetReference="Around" TimeOffsetBeforeReference="-20160" TimeOffsetAfterReference="44640"/>
	<NavigationRule Property="memberOf" Resource="CN=GU_GIE_A_ADPR_T1_SRV_20_YRES,OU=Groupes d'administration,OU=Administration,DC=ygie,DC=ytech" SingleRole="SR_AD_A_ADPR_T1_SRV_20_YRES" TimeOffsetReference="Around" TimeOffsetBeforeReference="-20160" TimeOffsetAfterReference="44640"/>
	<NavigationRule Property="memberOf" Resource="CN=GU_GIE_A_ADPR_TEL_SRV_10_YRES,OU=Groupes d'administration,OU=Administration,DC=ygie,DC=ytech" SingleRole="SR_AD_A_ADPR_TEL_SRV_10_YRES" TimeOffsetReference="Around" TimeOffsetBeforeReference="-20160" TimeOffsetAfterReference="44640"/>
	<NavigationRule Property="memberOf" Resource="CN=GU_GIE_A_ADPR_TEL_SRV_20_YRES,OU=Groupes d'administration,OU=Administration,DC=ygie,DC=ytech" SingleRole="SR_AD_A_ADPR_TEL_SRV_20_YRES" TimeOffsetReference="Around" TimeOffsetBeforeReference="-20160" TimeOffsetAfterReference="44640"/>
	<NavigationRule Property="memberOf" Resource="CN=GU_GIE_A_ADPR_TOIP_SRV_20_YRES,OU=Groupes d'administration,OU=Administration,DC=ygie,DC=ytech" SingleRole="SR_AD_A_ADPR_TOIP_SRV_20_YRES" TimeOffsetReference="Around" TimeOffsetBeforeReference="-20160" TimeOffsetAfterReference="44640"/>
	<NavigationRule Property="memberOf" Resource="CN=GU_GIE_A_ADPR_V1_SRV_15_YRES,OU=Groupes d'administration,OU=Administration,DC=ygie,DC=ytech" SingleRole="SR_AD_A_ADPR_V1_SRV_15_YRES" TimeOffsetReference="Around" TimeOffsetBeforeReference="-20160" TimeOffsetAfterReference="44640"/>
	<NavigationRule Property="memberOf" Resource="CN=GU_GIE_A_ADPR_V1_SRV_20_YRES,OU=Groupes d'administration,OU=Administration,DC=ygie,DC=ytech" SingleRole="SR_AD_A_ADPR_V1_SRV_20_YRES" TimeOffsetReference="Around" TimeOffsetBeforeReference="-20160" TimeOffsetAfterReference="44640"/>
	<NavigationRule Property="memberOf" Resource="CN=GU_GIE_A_ADPR_ZABX_SRV_20_YRES,OU=Groupes d'administration,OU=Administration,DC=ygie,DC=ytech" SingleRole="SR_AD_A_ADPR_ZABX_SRV_20_YRES" TimeOffsetReference="Around" TimeOffsetBeforeReference="-20160" TimeOffsetAfterReference="44640"/>
	<NavigationRule Property="memberOf" Resource="CN=GU_GIE_A_ADRL_AD_10_YCAM,OU=Groupes d'administration,OU=Administration,DC=ygie,DC=ytech" SingleRole="SR_AD_A_ADRL_AD_10_YCAM" TimeOffsetReference="Around" TimeOffsetBeforeReference="-20160" TimeOffsetAfterReference="44640"/>
	<NavigationRule Property="memberOf" Resource="CN=GU_GIE_A_ADRL_AD_10_YGIE,OU=Groupes d'administration,OU=Administration,DC=ygie,DC=ytech" SingleRole="SR_AD_A_ADRL_AD_10_YGIE" TimeOffsetReference="Around" TimeOffsetBeforeReference="-20160" TimeOffsetAfterReference="44640"/>
	<NavigationRule Property="memberOf" Resource="CN=GU_GIE_A_ADRL_AD_10_YRES,OU=Groupes d'administration,OU=Administration,DC=ygie,DC=ytech" SingleRole="SR_AD_A_ADRL_AD_10_YRES" TimeOffsetReference="Around" TimeOffsetBeforeReference="-20160" TimeOffsetAfterReference="44640"/>
	<NavigationRule Property="memberOf" Resource="CN=GU_GIE_A_ADRL_AD_20_YCAM,OU=Groupes d'administration,OU=Administration,DC=ygie,DC=ytech" SingleRole="SR_AD_A_ADRL_AD_20_YCAM" TimeOffsetReference="Around" TimeOffsetBeforeReference="-20160" TimeOffsetAfterReference="44640"/>
	<NavigationRule Property="memberOf" Resource="CN=GU_GIE_A_ADRL_AD_20_YGIE,OU=Groupes d'administration,OU=Administration,DC=ygie,DC=ytech" SingleRole="SR_AD_A_ADRL_AD_20_YGIE" TimeOffsetReference="Around" TimeOffsetBeforeReference="-20160" TimeOffsetAfterReference="44640"/>
	<NavigationRule Property="memberOf" Resource="CN=GU_GIE_A_ADRL_AD_20_YRES,OU=Groupes d'administration,OU=Administration,DC=ygie,DC=ytech" SingleRole="SR_AD_A_ADRL_AD_20_YRES" TimeOffsetReference="Around" TimeOffsetBeforeReference="-20160" TimeOffsetAfterReference="44640"/>
	<NavigationRule Property="memberOf" Resource="CN=GU_GIE_A_ADRL_AD_40_YRES,OU=Groupes d'administration,OU=Administration,DC=ygie,DC=ytech" SingleRole="SR_AD_A_ADRL_AD_40_YRES" TimeOffsetReference="Around" TimeOffsetBeforeReference="-20160" TimeOffsetAfterReference="44640"/>
	<NavigationRule Property="memberOf" Resource="" SingleRole="SR_AD_A_ADRL_AD_50_YCAM" TimeOffsetReference="Around" TimeOffsetBeforeReference="-20160" TimeOffsetAfterReference="44640"/>
	<NavigationRule Property="memberOf" Resource="CN=GU_GIE_A_ADRL_AD_50_YGIE,OU=Groupes d'administration,OU=Administration,DC=ygie,DC=ytech" SingleRole="SR_AD_A_ADRL_AD_50_YGIE" TimeOffsetReference="Around" TimeOffsetBeforeReference="-20160" TimeOffsetAfterReference="44640"/>
	<NavigationRule Property="memberOf" Resource="CN=GU_GIE_A_AMB_D5_ADM,OU=Groupes,OU=GIE,DC=ygie,DC=ytech" SingleRole="SR_AD_A_AMB_D5_ADM" TimeOffsetReference="Around" TimeOffsetBeforeReference="-20160" TimeOffsetAfterReference="44640"/>
	<NavigationRule Property="memberOf" Resource="CN=GU_GIE_A_BSN0_WAB_Admin_Mep_Securite,OU=Groupes,OU=GIE,DC=ygie,DC=ytech" SingleRole="SR_AD_A_BSN0_WAB_ADMIN_MEP_SECURITE" TimeOffsetReference="Around" TimeOffsetBeforeReference="-20160" TimeOffsetAfterReference="44640"/>
	<NavigationRule Property="memberOf" Resource="CN=GU_GIE_A_BSN0_WAB_Admin_Securite,OU=Groupes,OU=GIE,DC=ygie,DC=ytech" SingleRole="SR_AD_A_BSN0_WAB_ADMIN_SECURITE" TimeOffsetReference="Around" TimeOffsetBeforeReference="-20160" TimeOffsetAfterReference="44640"/>
	<NavigationRule Property="memberOf" Resource="CN=GU_GIE_A_BSTG,OU=Groupes,OU=GIE,DC=ygie,DC=ytech" SingleRole="SR_AD_A_BSTG" TimeOffsetReference="Around" TimeOffsetBeforeReference="-20160" TimeOffsetAfterReference="44640"/>
	<NavigationRule Property="memberOf" Resource="CN=GU_GIE_A_BSTG_HTTPWATCH,OU=Groupes,OU=GIE,DC=ygie,DC=ytech" SingleRole="SR_AD_A_BSTG_HTTPWATCH" TimeOffsetReference="Around" TimeOffsetBeforeReference="-20160" TimeOffsetAfterReference="44640"/>
	<NavigationRule Property="memberOf" Resource="CN=GU_GIE_A_BSTG_NETOP,OU=Groupes,OU=GIE,DC=ygie,DC=ytech" SingleRole="SR_AD_A_BSTG_NETOP" TimeOffsetReference="Around" TimeOffsetBeforeReference="-20160" TimeOffsetAfterReference="44640"/>
	<NavigationRule Property="memberOf" Resource="CN=GU_GIE_A_BSTG_SQL-PROFILER,OU=Groupes,OU=GIE,DC=ygie,DC=ytech" SingleRole="SR_AD_A_BSTG_SQL-PROFILER" TimeOffsetReference="Around" TimeOffsetBeforeReference="-20160" TimeOffsetAfterReference="44640"/>
	<NavigationRule Property="memberOf" Resource="CN=GU_GIE_A_BSTG_SQL-STUDIO,OU=Groupes,OU=GIE,DC=ygie,DC=ytech" SingleRole="SR_AD_A_BSTG_SQL-STUDIO" TimeOffsetReference="Around" TimeOffsetBeforeReference="-20160" TimeOffsetAfterReference="44640"/>
	<NavigationRule Property="memberOf" Resource="CN=GU_GIE_A_BSTG_SQLYOG,OU=Groupes,OU=GIE,DC=ygie,DC=ytech" SingleRole="SR_AD_A_BSTG_SQLYOG" TimeOffsetReference="Around" TimeOffsetBeforeReference="-20160" TimeOffsetAfterReference="44640"/>
	<NavigationRule Property="memberOf" Resource="CN=GU_GIE_A_BTCC_CAGIP_Admin,OU=Groupes,OU=GIE,DC=ygie,DC=ytech" SingleRole="SR_AD_A_BTCC_CAGIP_Admin" TimeOffsetReference="Around" TimeOffsetBeforeReference="-20160" TimeOffsetAfterReference="44640"/>
	<NavigationRule Property="memberOf" Resource="CN=GU_GIE_A_DCK0_ADM_EXPL_HPROD,OU=Groupes,OU=GIE,DC=ygie,DC=ytech" SingleRole="SR_AD_A_DCK0_ADM_EXPL_HPROD" TimeOffsetReference="Around" TimeOffsetBeforeReference="-20160" TimeOffsetAfterReference="44640"/>
	<NavigationRule Property="memberOf" Resource="CN=GU_GIE_A_EGE0_ADM-EGEN,OU=Groupes,OU=GIE,DC=ygie,DC=ytech" SingleRole="SR_AD_A_EGE0_ADM-EGEN" TimeOffsetReference="Around" TimeOffsetBeforeReference="-20160" TimeOffsetAfterReference="44640"/>
	<NavigationRule Property="memberOf" Resource="CN=GU_GIE_A_EGE0_ADM-TWS,OU=Groupes,OU=GIE,DC=ygie,DC=ytech" SingleRole="SR_AD_A_EGE0_ADM-TWS" TimeOffsetReference="Around" TimeOffsetBeforeReference="-20160" TimeOffsetAfterReference="44640"/>
	<NavigationRule Property="memberOf" Resource="CN=GU_GIE_A_ENVI_GPO-DENY,OU=Groupes,OU=GIE,DC=ygie,DC=ytech" SingleRole="SR_AD_A_ENVI_GPO-DENY" TimeOffsetReference="Around" TimeOffsetBeforeReference="-20160" TimeOffsetAfterReference="44640"/>
	<NavigationRule Property="memberOf" Resource="CN=GU_CAT_A_GMPL_ADMIN,OU=Groupes,OU=GIE,DC=ygie,DC=ytech" SingleRole="SR_AD_A_GMPL_ADMIN" TimeOffsetReference="Around" TimeOffsetBeforeReference="-20160" TimeOffsetAfterReference="44640"/>
	<NavigationRule Property="memberOf" Resource="CN=GU_GIE_A_GMPL_ADMINSRV,OU=Groupes,OU=GIE,DC=ygie,DC=ytech" SingleRole="SR_AD_A_GMPL_ADMINSRV" TimeOffsetReference="Around" TimeOffsetBeforeReference="-20160" TimeOffsetAfterReference="44640"/>
	<NavigationRule Property="memberOf" Resource="CN=GU_CAT_A_GMPL_GESTPOSTE,OU=Groupes,OU=GIE,DC=ygie,DC=ytech" SingleRole="SR_AD_A_GMPL_GESTPOSTE" TimeOffsetReference="Around" TimeOffsetBeforeReference="-20160" TimeOffsetAfterReference="44640"/>
	<NavigationRule Property="memberOf" Resource="CN=GU_GIE_A_GMPL_GESTSERVEUR,OU=Groupes,OU=GIE,DC=ygie,DC=ytech" SingleRole="SR_AD_A_GMPL_GESTSERVEUR" TimeOffsetReference="Around" TimeOffsetBeforeReference="-20160" TimeOffsetAfterReference="44640"/>
	<NavigationRule Property="memberOf" Resource="CN=GU_CAT_A_GSAD_U,OU=Groupes,OU=MOE,DC=ygie,DC=ytech" SingleRole="SR_AD_A_GSAD_U" TimeOffsetReference="Around" TimeOffsetBeforeReference="-20160" TimeOffsetAfterReference="44640"/>
	<NavigationRule Property="memberOf" Resource="CN=GU_GIE_A_GTBP_Admin,OU=Groupes,OU=GIE,DC=ygie,DC=ytech" SingleRole="SR_AD_A_GTBP_Admin" TimeOffsetReference="Around" TimeOffsetBeforeReference="-20160" TimeOffsetAfterReference="44640"/>
	<NavigationRule Property="memberOf" Resource="CN=GU_GIE_A_HDP0_MCOMEP,OU=Groupes,OU=GIE,DC=ygie,DC=ytech" SingleRole="SR_AD_A_HDP0_MCOMEP" TimeOffsetReference="Around" TimeOffsetBeforeReference="-20160" TimeOffsetAfterReference="44640"/>
	<NavigationRule Property="memberOf" Resource="CN=GU_GIE_A_ILGD_Gestionnaire,OU=Groupes,OU=GIE,DC=ygie,DC=ytech" SingleRole="SR_AD_A_ILGD_GESTIONNAIRE" TimeOffsetReference="Around" TimeOffsetBeforeReference="-20160" TimeOffsetAfterReference="44640"/>
	<NavigationRule Property="memberOf" Resource="CN=GU_GIE_A_ISMT_Parametrage,OU=Groupes,OU=GIE,DC=ygie,DC=ytech" SingleRole="SR_AD_A_ISMT_Parametrage" TimeOffsetReference="Around" TimeOffsetBeforeReference="-20160" TimeOffsetAfterReference="44640"/>
	<NavigationRule Property="memberOf" Resource="CN=GU_CAT_A_LDAP_ADMINLDSFEDE,OU=Groupes,OU=GIE,DC=ygie,DC=ytech" SingleRole="SR_AD_A_LDAP_ADMINLDSFEDE" TimeOffsetReference="Around" TimeOffsetBeforeReference="-20160" TimeOffsetAfterReference="44640"/>
	<NavigationRule Property="memberOf" Resource="CN=GU_GIE_A_LNX_NDP-D-A,OU=Groupes,OU=GIE,DC=ygie,DC=ytech" SingleRole="SR_AD_A_LNX0_NDP-D-A" TimeOffsetReference="Around" TimeOffsetBeforeReference="-20160" TimeOffsetAfterReference="44640"/>
	<NavigationRule Property="memberOf" Resource="CN=GU_GIE_A_MBAM_ADMIN,OU=Groupes,OU=GIE,DC=ygie,DC=ytech" SingleRole="SR_AD_A_MBAM_ADM_40" TimeOffsetReference="Around" TimeOffsetBeforeReference="-20160" TimeOffsetAfterReference="44640"/>
	<NavigationRule Property="memberOf" Resource="CN=GU_GIE_A_MBAM_HELPDESK_AVANCE,OU=Groupes,OU=GIE,DC=ygie,DC=ytech" SingleRole="SR_AD_A_MBAM_HELPDESK_AVANCE" TimeOffsetReference="Around" TimeOffsetBeforeReference="-20160" TimeOffsetAfterReference="44640"/>
	<NavigationRule Property="memberOf" Resource="CN=GU_GIE_A_NDM_NDP-D-A,OU=Groupes,OU=GIE,DC=ygie,DC=ytech" SingleRole="SR_AD_A_NDM0_NDP-D-A" TimeOffsetReference="Around" TimeOffsetBeforeReference="-20160" TimeOffsetAfterReference="44640"/>
	<NavigationRule Property="memberOf" Resource="CN=GU_GIE_A_NDM_NDP-R-A,OU=Groupes,OU=GIE,DC=ygie,DC=ytech" SingleRole="SR_AD_A_NDM0_NDP-R-A" TimeOffsetReference="Around" TimeOffsetBeforeReference="-20160" TimeOffsetAfterReference="44640"/>
	<NavigationRule Property="memberOf" Resource="CN=GU_GIE_A_NDM_ZDP-D-A,OU=Groupes,OU=GIE,DC=ygie,DC=ytech" SingleRole="SR_AD_A_NDM0_ZDP-D-A" TimeOffsetReference="Around" TimeOffsetBeforeReference="-20160" TimeOffsetAfterReference="44640"/>
	<NavigationRule Property="memberOf" Resource="CN=GU_GIE_A_NDM_ZDP-R-A,OU=Groupes,OU=GIE,DC=ygie,DC=ytech" SingleRole="SR_AD_A_NDM0_ZDP-R-A" TimeOffsetReference="Around" TimeOffsetBeforeReference="-20160" TimeOffsetAfterReference="44640"/>
	<NavigationRule Property="memberOf" Resource="CN=GU_GIE_A_PKI0_CA_Admin,OU=Groupes,OU=GIE,DC=ygie,DC=ytech" SingleRole="SR_AD_A_PKI0_CA_ADMIN" TimeOffsetReference="Around" TimeOffsetBeforeReference="-20160" TimeOffsetAfterReference="44640"/>
	<NavigationRule Property="memberOf" Resource="CN=GU_GIE_A_PKI0_Cert_Manager,OU=Groupes,OU=GIE,DC=ygie,DC=ytech" SingleRole="SR_AD_A_PKI0_CERT_MANAGER" TimeOffsetReference="Around" TimeOffsetBeforeReference="-20160" TimeOffsetAfterReference="44640"/>
	<NavigationRule Property="memberOf" Resource="CN=GU_GIE_A_PKI0_Demandeurs de certificat,OU=Groupes,OU=GIE,DC=ygie,DC=ytech" SingleRole="SR_AD_A_PKI0_DEMANDEURS_DE_CERTIFICAT" TimeOffsetReference="Around" TimeOffsetBeforeReference="-20160" TimeOffsetAfterReference="44640"/>
	<NavigationRule Property="memberOf" Resource="CN=GU_GIE_A_PROU_ADMIN,OU=Groupes,OU=GIE,DC=ygie,DC=ytech" SingleRole="SR_AD_A_PROU_ADMIN" TimeOffsetReference="Around" TimeOffsetBeforeReference="-20160" TimeOffsetAfterReference="44640"/>
	<NavigationRule Property="memberOf" Resource="CN=GU_GIE_A_RNG_D5_ADM,OU=Groupes,OU=GIE,DC=ygie,DC=ytech" SingleRole="SR_AD_A_RNG_D5_ADM" TimeOffsetReference="Around" TimeOffsetBeforeReference="-20160" TimeOffsetAfterReference="44640"/>
	<NavigationRule Property="memberOf" Resource="CN=GU_GIE_A_RNG_NDP-D-A,OU=Groupes,OU=GIE,DC=ygie,DC=ytech" SingleRole="SR_AD_A_RNG0_NDP-D-A" TimeOffsetReference="Around" TimeOffsetBeforeReference="-20160" TimeOffsetAfterReference="44640"/>
	<NavigationRule Property="memberOf" Resource="CN=GU_GIE_A_RNG_NDP-R-A,OU=Groupes,OU=GIE,DC=ygie,DC=ytech" SingleRole="SR_AD_A_RNG0_NDP-R-A" TimeOffsetReference="Around" TimeOffsetBeforeReference="-20160" TimeOffsetAfterReference="44640"/>
	<NavigationRule Property="memberOf" Resource="CN=GU_GIE_A_RNG_ZDP-D-A,OU=Groupes,OU=GIE,DC=ygie,DC=ytech" SingleRole="SR_AD_A_RNG0_ZDP-D-A" TimeOffsetReference="Around" TimeOffsetBeforeReference="-20160" TimeOffsetAfterReference="44640"/>
	<NavigationRule Property="memberOf" Resource="CN=GU_GIE_A_RNG_ZDP-R-A,OU=Groupes,OU=GIE,DC=ygie,DC=ytech" SingleRole="SR_AD_A_RNG0_ZDP-R-A" TimeOffsetReference="Around" TimeOffsetBeforeReference="-20160" TimeOffsetAfterReference="44640"/>
	<NavigationRule Property="memberOf" Resource="CN=GU_GIE_A_RST_ZDP-D-A,OU=Groupes,OU=GIE,DC=ygie,DC=ytech" SingleRole="SR_AD_A_RST0_ZDP-D-A" TimeOffsetReference="Around" TimeOffsetBeforeReference="-20160" TimeOffsetAfterReference="44640"/>
	<NavigationRule Property="memberOf" Resource="CN=GU_GIE_A_SCCM_APP_ADM,OU=Groupes,OU=GIE,DC=ygie,DC=ytech" SingleRole="SR_AD_A_SCCM_APP_ADM" TimeOffsetReference="Around" TimeOffsetBeforeReference="-20160" TimeOffsetAfterReference="44640"/>
	<NavigationRule Property="memberOf" Resource="CN=GU_GIE_A_SCCM_DW_REPO_FULL,OU=Groupes,OU=GIE,DC=ygie,DC=ytech" SingleRole="SR_AD_A_SCCM_DW_REPO_FULL" TimeOffsetReference="Around" TimeOffsetBeforeReference="-20160" TimeOffsetAfterReference="44640"/>
	<NavigationRule Property="memberOf" Resource="CN=GU_GIE_A_TDIS_LDA_Admin,OU=Groupes,OU=GIE,DC=ygie,DC=ytech" SingleRole="SR_AD_A_TDIS_LDA_ADMIN" TimeOffsetReference="Around" TimeOffsetBeforeReference="-20160" TimeOffsetAfterReference="44640"/>
	<NavigationRule Property="memberOf" Resource="CN=GU_GIE_A_TDIS_USERWEBAPP,OU=Groupes,OU=GIE,DC=ygie,DC=ytech" SingleRole="SR_AD_A_TDIS_USERWEBAPP" TimeOffsetReference="Around" TimeOffsetBeforeReference="-20160" TimeOffsetAfterReference="44640"/>
	<NavigationRule Property="memberOf" Resource="CN=GU_GIE_A_USINE_HOM_OSD,OU=Groupes,OU=GIE,DC=ygie,DC=ytech" SingleRole="SR_AD_A_USINE_HOM_OSD" TimeOffsetReference="Around" TimeOffsetBeforeReference="-20160" TimeOffsetAfterReference="44640"/>
	<NavigationRule Property="memberOf" Resource="CN=GU_GIE_A_WBSS_ADM,OU=Groupes,OU=GIE,DC=ygie,DC=ytech" SingleRole="SR_AD_A_WBSS_ADM" TimeOffsetReference="Around" TimeOffsetBeforeReference="-20160" TimeOffsetAfterReference="44640"/>
	<NavigationRule Property="memberOf" Resource="CN=GU_GIE_A_WBSS-RDS,OU=Groupes,OU=GIE,DC=ygie,DC=ytech" SingleRole="SR_AD_A_WBSS-RDS" TimeOffsetReference="Around" TimeOffsetBeforeReference="-20160" TimeOffsetAfterReference="44640"/>
	<NavigationRule Property="memberOf" Resource="CN=GU_GIE_A_ADPR_SRV_21_YGIE,OU=Groupes,OU=GIE,DC=ygie,DC=ytech" SingleRole="SR_AD_ADPR_SRV_21_YGIE" TimeOffsetReference="Around" TimeOffsetBeforeReference="-20160" TimeOffsetAfterReference="44640"/>
	<NavigationRule Property="memberOf" Resource="CN=GU_GIE_A_GCTF_Admin,OU=Groupes,OU=GIE,DC=ygie,DC=ytech" SingleRole="SR_AD_GCTF_Admin" TimeOffsetReference="Around" TimeOffsetBeforeReference="-20160" TimeOffsetAfterReference="44640"/>
	
	
	
	<NavigationRule Property="memberOf" Resource="CN=GU_GIE_A_USINE_DEV_OSD,OU=Groupes,OU=GIE,DC=ygie,DC=ytech" SingleRole="SR_AD_A_USINE_DEV_OSD" TimeOffsetReference="Around" TimeOffsetBeforeReference="-20160" TimeOffsetAfterReference="44640"/>
	<NavigationRule Property="memberOf" Resource="CN=GU_GIE_A_ADPR_AD_30_YRES,OU=Groupes d'administration,OU=Administration,DC=ygie,DC=ytech" SingleRole="SR_AD_A_ADPR_AD_30_YRES" TimeOffsetReference="Around" TimeOffsetBeforeReference="-20160" TimeOffsetAfterReference="44640"/>
	<NavigationRule Property="memberOf" Resource="CN=GU_GIE_A_ADPR_AD_40_YCAM,OU=Groupes d'administration,OU=Administration,DC=ygie,DC=ytech" SingleRole="SR_AD_A_ADPR_AD_40_YCAM" TimeOffsetReference="Around" TimeOffsetBeforeReference="-20160" TimeOffsetAfterReference="44640"/>
	<NavigationRule Property="memberOf" Resource="CN=GU_GIE_A_ADPR_AD_40_YGIE,OU=Groupes d'administration,OU=Administration,DC=ygie,DC=ytech" SingleRole="SR_AD_A_ADPR_AD_40_YGIE" TimeOffsetReference="Around" TimeOffsetBeforeReference="-20160" TimeOffsetAfterReference="44640"/>
	<NavigationRule Property="memberOf" Resource="CN=GU_GIE_A_ADPR_AD_40_YRES,OU=Groupes d'administration,OU=Administration,DC=ygie,DC=ytech" SingleRole="SR_AD_A_ADPR_AD_40_YRES" TimeOffsetReference="Around" TimeOffsetBeforeReference="-20160" TimeOffsetAfterReference="44640"/>
	<NavigationRule Property="memberOf" Resource="CN=GU_GIE_A_ADPR_AIX_SRV_30_YRES,OU=Groupes d'administration,OU=Administration,DC=ygie,DC=ytech" SingleRole="SR_AD_A_ADPR_AIX_SRV_30_YRES" TimeOffsetReference="Around" TimeOffsetBeforeReference="-20160" TimeOffsetAfterReference="44640"/>
	<NavigationRule Property="memberOf" Resource="CN=GU_GIE_A_ADPR_BOR_SRV_10_YRES,OU=Groupes d'administration,OU=Administration,DC=ygie,DC=ytech" SingleRole="SR_AD_A_ADPR_BOR_SRV_10_YRES" TimeOffsetReference="Around" TimeOffsetBeforeReference="-20160" TimeOffsetAfterReference="44640"/>
	<NavigationRule Property="memberOf" Resource="CN=GU_GIE_A_ADPR_BOR_SRV_21_YRES,OU=Groupes d'administration,OU=Administration,DC=ygie,DC=ytech" SingleRole="SR_AD_A_ADPR_BOR_SRV_21_YRES" TimeOffsetReference="Around" TimeOffsetBeforeReference="-20160" TimeOffsetAfterReference="44640"/>
	<NavigationRule Property="memberOf" Resource="CN=GU_GIE_A_ADPR_D2_SRV_10_YRES,OU=Groupes d'administration,OU=Administration,DC=ygie,DC=ytech" SingleRole="SR_AD_A_ADPR_D2_SRV_10_YRES" TimeOffsetReference="Around" TimeOffsetBeforeReference="-20160" TimeOffsetAfterReference="44640"/>
	<NavigationRule Property="memberOf" Resource="CN=GU_GIE_A_ADPR_D5_SRV_10_YRES,OU=Groupes d'administration,OU=Administration,DC=ygie,DC=ytech" SingleRole="SR_AD_A_ADPR_D5_SRV_10_YRES" TimeOffsetReference="Around" TimeOffsetBeforeReference="-20160" TimeOffsetAfterReference="44640"/>
	<NavigationRule Property="memberOf" Resource="CN=GU_GIE_A_ADPR_E1_SRV_20_YRES,OU=Groupes d'administration,OU=Administration,DC=ygie,DC=ytech" SingleRole="SR_AD_A_ADPR_E1_SRV_20_YRES" TimeOffsetReference="Around" TimeOffsetBeforeReference="-20160" TimeOffsetAfterReference="44640"/>
	<NavigationRule Property="memberOf" Resource="CN=GU_GIE_A_ADPR_EWS_SRV_10_YRES,OU=Groupes d'administration,OU=Administration,DC=ygie,DC=ytech" SingleRole="SR_AD_A_ADPR_EWS_SRV_10_YRES" TimeOffsetReference="Around" TimeOffsetBeforeReference="-20160" TimeOffsetAfterReference="44640"/>
	<NavigationRule Property="memberOf" Resource="CN=GU_GIE_A_ADPR_GDCH_SRV_10_YRES,OU=Groupes d'administration,OU=Administration,DC=ygie,DC=ytech" SingleRole="SR_AD_A_ADPR_GDCH_SRV_10_YRES" TimeOffsetReference="Around" TimeOffsetBeforeReference="-20160" TimeOffsetAfterReference="44640"/>
	<NavigationRule Property="memberOf" Resource="CN=GU_GIE_A_ADPR_GENE_SRV_10_YRES,OU=Groupes d'administration,OU=Administration,DC=ygie,DC=ytech" SingleRole="SR_AD_A_ADPR_GENE_SRV_10_YRES" TimeOffsetReference="Around" TimeOffsetBeforeReference="-20160" TimeOffsetAfterReference="44640"/>
	<NavigationRule Property="memberOf" Resource="CN=GU_GIE_A_ADPR_HP_SRV_30_YRES,OU=Groupes d'administration,OU=Administration,DC=ygie,DC=ytech" SingleRole="SR_AD_A_ADPR_HP_SRV_30_YRES" TimeOffsetReference="Around" TimeOffsetBeforeReference="-20160" TimeOffsetAfterReference="44640"/>
	<NavigationRule Property="memberOf" Resource="CN=GU_GIE_A_ADPR_HY_SRV_10_YRES,OU=Groupes d'administration,OU=Administration,DC=ygie,DC=ytech" SingleRole="SR_AD_A_ADPR_HY_SRV_10_YRES" TimeOffsetReference="Around" TimeOffsetBeforeReference="-20160" TimeOffsetAfterReference="44640"/>
	<NavigationRule Property="memberOf" Resource="CN=GU_GIE_A_ADPR_HY_SRV_20_YRES,OU=Groupes d'administration,OU=Administration,DC=ygie,DC=ytech" SingleRole="SR_AD_A_ADPR_HY_SRV_20_YRES" TimeOffsetReference="Around" TimeOffsetBeforeReference="-20160" TimeOffsetAfterReference="44640"/>
	<NavigationRule Property="memberOf" Resource="CN=GU_GIE_A_ADPR_LDA_SRV_10_YRES,OU=Groupes d'administration,OU=Administration,DC=ygie,DC=ytech" SingleRole="SR_AD_A_ADPR_LDA_SRV_10_YRES" TimeOffsetReference="Around" TimeOffsetBeforeReference="-20160" TimeOffsetAfterReference="44640"/>
	<NavigationRule Property="memberOf" Resource="CN=GU_GIE_A_ADPR_LDA_SRV_20_YRES,OU=Groupes d'administration,OU=Administration,DC=ygie,DC=ytech" SingleRole="SR_AD_A_ADPR_LDA_SRV_20_YRES" TimeOffsetReference="Around" TimeOffsetBeforeReference="-20160" TimeOffsetAfterReference="44640"/>
	<NavigationRule Property="memberOf" Resource="CN=GU_GIE_A_ADPR_MO_SRV_10_YRES,OU=Groupes d'administration,OU=Administration,DC=ygie,DC=ytech" SingleRole="SR_AD_A_ADPR_MO_SRV_10_YRES" TimeOffsetReference="Around" TimeOffsetBeforeReference="-20160" TimeOffsetAfterReference="44640"/>
	<NavigationRule Property="memberOf" Resource="CN=GU_GIE_A_ADPR_MO_SRV_20_YRES,OU=Groupes d'administration,OU=Administration,DC=ygie,DC=ytech" SingleRole="SR_AD_A_ADPR_MO_SRV_20_YRES" TimeOffsetReference="Around" TimeOffsetBeforeReference="-20160" TimeOffsetAfterReference="44640"/>
	<NavigationRule Property="memberOf" Resource="CN=GU_GIE_A_ADPR_NW_PDT_20_YCAM,OU=Groupes d'administration,OU=Administration,DC=ygie,DC=ytech" SingleRole="SR_AD_A_ADPR_NW_PDT_20_YCAM" TimeOffsetReference="Around" TimeOffsetBeforeReference="-20160" TimeOffsetAfterReference="44640"/>
	<NavigationRule Property="memberOf" Resource="CN=GU_GIE_A_ADPR_P0_SRV_10_YRES,OU=Groupes d'administration,OU=Administration,DC=ygie,DC=ytech" SingleRole="SR_AD_A_ADPR_P0_SRV_10_YRES" TimeOffsetReference="Around" TimeOffsetBeforeReference="-20160" TimeOffsetAfterReference="44640"/>
	<NavigationRule Property="memberOf" Resource="CN=GU_GIE_A_ADPR_P1_SRV_10_YRES,OU=Groupes d'administration,OU=Administration,DC=ygie,DC=ytech" SingleRole="SR_AD_A_ADPR_P1_SRV_10_YRES" TimeOffsetReference="Around" TimeOffsetBeforeReference="-20160" TimeOffsetAfterReference="44640"/>
	<NavigationRule Property="memberOf" Resource="CN=GU_GIE_A_ADPR_P2_SRV_10_YRES,OU=Groupes d'administration,OU=Administration,DC=ygie,DC=ytech" SingleRole="SR_AD_A_ADPR_P2_SRV_10_YRES" TimeOffsetReference="Around" TimeOffsetBeforeReference="-20160" TimeOffsetAfterReference="44640"/>
	<NavigationRule Property="memberOf" Resource="CN=GU_GIE_A_ADPR_PMD_SRV_10_YRES,OU=Groupes d'administration,OU=Administration,DC=ygie,DC=ytech" SingleRole="SR_AD_A_ADPR_PMD_SRV_10_YRES" TimeOffsetReference="Around" TimeOffsetBeforeReference="-20160" TimeOffsetAfterReference="44640"/>
	<NavigationRule Property="memberOf" Resource="CN=GU_GIE_A_ADPR_PMD_SRV_20_YRES,OU=Groupes d'administration,OU=Administration,DC=ygie,DC=ytech" SingleRole="SR_AD_A_ADPR_PMD_SRV_20_YRES" TimeOffsetReference="Around" TimeOffsetBeforeReference="-20160" TimeOffsetAfterReference="44640"/>
	<NavigationRule Property="memberOf" Resource="CN=GU_GIE_A_ADPR_SAB_SRV_10_YRES,OU=Groupes d'administration,OU=Administration,DC=ygie,DC=ytech" SingleRole="SR_AD_A_ADPR_SAB_SRV_10_YRES" TimeOffsetReference="Around" TimeOffsetBeforeReference="-20160" TimeOffsetAfterReference="44640"/>
	<NavigationRule Property="memberOf" Resource="CN=GU_GIE_A_ADPR_SAV_SRV_10_YRES,OU=Groupes d'administration,OU=Administration,DC=ygie,DC=ytech" SingleRole="SR_AD_A_ADPR_SAV_SRV_10_YRES" TimeOffsetReference="Around" TimeOffsetBeforeReference="-20160" TimeOffsetAfterReference="44640"/>
	<NavigationRule Property="memberOf" Resource="CN=GU_GIE_A_ADPR_SPS_SRV_20_YRES,OU=Groupes d'administration,OU=Administration,DC=ygie,DC=ytech" SingleRole="SR_AD_A_ADPR_SPS_SRV_20_YRES" TimeOffsetReference="Around" TimeOffsetBeforeReference="-20160" TimeOffsetAfterReference="44640"/>
	<NavigationRule Property="memberOf" Resource="CN=GU_GIE_A_ADPR_SPV_SRV_20_YRES,OU=Groupes d'administration,OU=Administration,DC=ygie,DC=ytech" SingleRole="SR_AD_A_ADPR_SPV_SRV_20_YRES" TimeOffsetReference="Around" TimeOffsetBeforeReference="-20160" TimeOffsetAfterReference="44640"/>
	<NavigationRule Property="memberOf" Resource="CN=GU_GIE_A_ADPR_T2_SRV_10_YRES,OU=Groupes d'administration,OU=Administration,DC=ygie,DC=ytech" SingleRole="SR_AD_A_ADPR_T2_SRV_10_YRES" TimeOffsetReference="Around" TimeOffsetBeforeReference="-20160" TimeOffsetAfterReference="44640"/>
	<NavigationRule Property="memberOf" Resource="CN=GU_GIE_A_ADPR_T2_SRV_20_YRES,OU=Groupes d'administration,OU=Administration,DC=ygie,DC=ytech" SingleRole="SR_AD_A_ADPR_T2_SRV_20_YRES" TimeOffsetReference="Around" TimeOffsetBeforeReference="-20160" TimeOffsetAfterReference="44640"/>
	<NavigationRule Property="memberOf" Resource="CN=GU_GIE_A_ADPR_TV_SRV_20_YRES,OU=Groupes d'administration,OU=Administration,DC=ygie,DC=ytech" SingleRole="SR_AD_A_ADPR_TV_SRV_20_YRES" TimeOffsetReference="Around" TimeOffsetBeforeReference="-20160" TimeOffsetAfterReference="44640"/>
	<NavigationRule Property="memberOf" Resource="CN=GU_GIE_A_ADPR_V1_SRV_10_YRES,OU=Groupes d'administration,OU=Administration,DC=ygie,DC=ytech" SingleRole="SR_AD_A_ADPR_V1_SRV_10_YRES" TimeOffsetReference="Around" TimeOffsetBeforeReference="-20160" TimeOffsetAfterReference="44640"/>
	<NavigationRule Property="memberOf" Resource="CN=GU_GIE_A_ADRL_AD_50_YRES,OU=Groupes d'administration,OU=Administration,DC=ygie,DC=ytech" SingleRole="SR_AD_A_ADRL_AD_50_YRES" TimeOffsetReference="Around" TimeOffsetBeforeReference="-20160" TimeOffsetAfterReference="44640"/>
	<NavigationRule Property="memberOf" Resource="CN=GU_GIE_A_ADRL_AD_60_YCAM,OU=Groupes d'administration,OU=Administration,DC=ygie,DC=ytech" SingleRole="SR_AD_A_ADRL_AD_60_YCAM" TimeOffsetReference="Around" TimeOffsetBeforeReference="-20160" TimeOffsetAfterReference="44640"/>
	<NavigationRule Property="memberOf" Resource="CN=GU_GIE_A_ADRL_AD_60_YGIE,OU=Groupes d'administration,OU=Administration,DC=ygie,DC=ytech" SingleRole="SR_AD_A_ADRL_AD_60_YGIE" TimeOffsetReference="Around" TimeOffsetBeforeReference="-20160" TimeOffsetAfterReference="44640"/>
	<NavigationRule Property="memberOf" Resource="CN=GU_GIE_A_ADRL_AD_60_YRES,OU=Groupes d'administration,OU=Administration,DC=ygie,DC=ytech" SingleRole="SR_AD_A_ADRL_AD_60_YRES" TimeOffsetReference="Around" TimeOffsetBeforeReference="-20160" TimeOffsetAfterReference="44640"/>
	<NavigationRule Property="memberOf" Resource="CN=GU_GIE_A_ADRL_AD_DA_BSN_YCAM,OU=Groupes d'administration,OU=Administration,DC=ygie,DC=ytech" SingleRole="SR_AD_A_ADRL_AD_DA_BSN_YCAM" TimeOffsetReference="Around" TimeOffsetBeforeReference="-20160" TimeOffsetAfterReference="44640"/>
	<NavigationRule Property="memberOf" Resource="CN=GU_GIE_A_ADRL_AD_DA_BSN_YGIE,OU=Groupes d'administration,OU=Administration,DC=ygie,DC=ytech" SingleRole="SR_AD_A_ADRL_AD_DA_BSN_YGIE" TimeOffsetReference="Around" TimeOffsetBeforeReference="-20160" TimeOffsetAfterReference="44640"/>
	<NavigationRule Property="memberOf" Resource="CN=GU_GIE_A_ADRL_AD_DA_BSN_YRES,OU=Groupes d'administration,OU=Administration,DC=ygie,DC=ytech" SingleRole="SR_AD_A_ADRL_AD_DA_BSN_YRES" TimeOffsetReference="Around" TimeOffsetBeforeReference="-20160" TimeOffsetAfterReference="44640"/>
	<NavigationRule Property="memberOf" Resource="CN=GU_GIE_A_AMB_D5_UTI_CR,OU=Groupes,OU=GIE,DC=ygie,DC=ytech" SingleRole="SR_AD_A_AMB_D5_UTI_CR" TimeOffsetReference="Around" TimeOffsetBeforeReference="-20160" TimeOffsetAfterReference="44640"/>
	<NavigationRule Property="memberOf" Resource="CN=GU_GIE_A_BSN0_MAINFRAME_ETA1237,OU=Groupes,OU=GIE,DC=ygie,DC=ytech" SingleRole="SR_AD_A_BSN0_MAINFRAME_ETA1237" TimeOffsetReference="Around" TimeOffsetBeforeReference="-20160" TimeOffsetAfterReference="44640"/>
	<NavigationRule Property="memberOf" Resource="CN=GU_GIE_A_BSN0_WAB_Admin_Outil_Securite,OU=Groupes,OU=GIE,DC=ygie,DC=ytech" SingleRole="SR_AD_A_BSN0_WAB_ADMIN_OUTIL_SECURITE" TimeOffsetReference="Around" TimeOffsetBeforeReference="-20160" TimeOffsetAfterReference="44640"/>
	<NavigationRule Property="memberOf" Resource="CN=GU_GIE_A_BSTG_DHCP,OU=Groupes,OU=GIE,DC=ygie,DC=ytech" SingleRole="SR_AD_A_BSTG_DHCP" TimeOffsetReference="Around" TimeOffsetBeforeReference="-20160" TimeOffsetAfterReference="44640"/>
	<NavigationRule Property="memberOf" Resource="CN=GU_GIE_A_BSTG_DNS,OU=Groupes,OU=GIE,DC=ygie,DC=ytech" SingleRole="SR_AD_A_BSTG_DNS" TimeOffsetReference="Around" TimeOffsetBeforeReference="-20160" TimeOffsetAfterReference="44640"/>
	<NavigationRule Property="memberOf" Resource="CN=GU_GIE_A_BSTG_RH,OU=Groupes,OU=GIE,DC=ygie,DC=ytech" SingleRole="SR_AD_A_BSTG_RH" TimeOffsetReference="Around" TimeOffsetBeforeReference="-20160" TimeOffsetAfterReference="44640"/>
	<NavigationRule Property="memberOf" Resource="CN=GU_GIE_A_BSTG_VSPHERE-CLI,OU=Groupes,OU=GIE,DC=ygie,DC=ytech" SingleRole="SR_AD_A_BSTG_VSPHERE-CLI" TimeOffsetReference="Around" TimeOffsetBeforeReference="-20160" TimeOffsetAfterReference="44640"/>
	<NavigationRule Property="memberOf" Resource="CN=GU_GIE_A_BSTG_VSPHERE-CLIENT,OU=Groupes,OU=GIE,DC=ygie,DC=ytech" SingleRole="SR_AD_A_BSTG_VSPHERE-CLIENT" TimeOffsetReference="Around" TimeOffsetBeforeReference="-20160" TimeOffsetAfterReference="44640"/>
	<NavigationRule Property="memberOf" Resource="CN=GU_GIE_A_BSTG_VSPHERE-POWERCLI,OU=Groupes,OU=GIE,DC=ygie,DC=ytech" SingleRole="SR_AD_A_BSTG_VSPHERE-POWERCLI" TimeOffsetReference="Around" TimeOffsetBeforeReference="-20160" TimeOffsetAfterReference="44640"/>
	<NavigationRule Property="memberOf" Resource="CN=GU_GIE_A_BSTG_WINSCP,OU=Groupes,OU=GIE,DC=ygie,DC=ytech" SingleRole="SR_AD_A_BSTG_WINSCP" TimeOffsetReference="Around" TimeOffsetBeforeReference="-20160" TimeOffsetAfterReference="44640"/>
	<NavigationRule Property="memberOf" Resource="CN=GU_GIE_A_CMDB_CONFIG,OU=Groupes,OU=GIE,DC=ygie,DC=ytech" SingleRole="SR_AD_A_CMDB_CONFIG" TimeOffsetReference="Around" TimeOffsetBeforeReference="-20160" TimeOffsetAfterReference="44640"/>
	<NavigationRule Property="memberOf" Resource="CN=GU_GIE_A_D5_IT_U,OU=Groupes,OU=GIE,DC=ygie,DC=ytech" SingleRole="SR_AD_A_D5_IT_U" TimeOffsetReference="Around" TimeOffsetBeforeReference="-20160" TimeOffsetAfterReference="44640"/>
	<NavigationRule Property="memberOf" Resource="CN=GU_GIE_A_D5_IT_W,OU=Groupes,OU=GIE,DC=ygie,DC=ytech" SingleRole="SR_AD_A_D5_IT_W" TimeOffsetReference="Around" TimeOffsetBeforeReference="-20160" TimeOffsetAfterReference="44640"/>
	<NavigationRule Property="memberOf" Resource="CN=GU_GIE_A_ADMIN_ESSO,OU=Groupes,OU=GIE,DC=ygie,DC=ytech" SingleRole="SR_AD_A_ESSO_ADMIN" TimeOffsetReference="Around" TimeOffsetBeforeReference="-20160" TimeOffsetAfterReference="44640"/>
	<NavigationRule Property="memberOf" Resource="CN=GU_GIE_A_GEPC_NWMCONSULT,OU=Groupes,OU=GIE,DC=ygie,DC=ytech" SingleRole="SR_AD_A_GEPC_NWMCONSULT" TimeOffsetReference="Around" TimeOffsetBeforeReference="-20160" TimeOffsetAfterReference="44640"/>
	<NavigationRule Property="memberOf" Resource="CN=GU_GIE_A_GMPL_DBOW_SQL,OU=Groupes,OU=GIE,DC=ygie,DC=ytech" SingleRole="SR_AD_A_GMPL_DBOW_SQL" TimeOffsetReference="Around" TimeOffsetBeforeReference="-20160" TimeOffsetAfterReference="44640"/>
	<NavigationRule Property="memberOf" Resource="CN=GU_GIE_A_GMPL_SRV_WEB_YRES,OU=Groupes,OU=GIE,DC=ygie,DC=ytech" SingleRole="SR_AD_A_GMPL_SRV_WEB_YRES" TimeOffsetReference="Around" TimeOffsetBeforeReference="-20160" TimeOffsetAfterReference="44640"/>
	<NavigationRule Property="memberOf" Resource="CN=GU_R12_GSYS_DBOW_SQL,OU=Groupes,OU=GIE,DC=ygie,DC=ytech" SingleRole="SR_AD_A_GSYS_DBOW_SQL" TimeOffsetReference="Around" TimeOffsetBeforeReference="-20160" TimeOffsetAfterReference="44640"/>
	<NavigationRule Property="memberOf" Resource="CN=GU_GIE_A_GTBB_Admin,OU=Groupes,OU=GIE,DC=ygie,DC=ytech" SingleRole="SR_AD_A_GTBB_Admin" TimeOffsetReference="Around" TimeOffsetBeforeReference="-20160" TimeOffsetAfterReference="44640"/>
	<NavigationRule Property="memberOf" Resource="CN=GU_GIE_A_GTBS_Admin,OU=Groupes,OU=GIE,DC=ygie,DC=ytech" SingleRole="SR_AD_A_GTBS_Admin" TimeOffsetReference="Around" TimeOffsetBeforeReference="-20160" TimeOffsetAfterReference="44640"/>
	<NavigationRule Property="memberOf" Resource="CN=GU_GIE_A_HDP0_INGENIERIE,OU=Groupes,OU=GIE,DC=ygie,DC=ytech" SingleRole="SR_AD_A_HDP0_INGENIERIE" TimeOffsetReference="Around" TimeOffsetBeforeReference="-20160" TimeOffsetAfterReference="44640"/>
	<NavigationRule Property="memberOf" Resource="CN=GU_GIE_A_HYON_ADMIN,OU=Groupes,OU=GIE,DC=ygie,DC=ytech" SingleRole="SR_AD_A_HYON_ADMIN" TimeOffsetReference="Around" TimeOffsetBeforeReference="-20160" TimeOffsetAfterReference="44640"/>
	<NavigationRule Property="memberOf" Resource="CN=GU_GIE_A_HYON_MCOMEP_OSDISTRIB,OU=Groupes,OU=GIE,DC=ygie,DC=ytech" SingleRole="SR_AD_A_HYON_MCOMEP_OSDISTRIB" TimeOffsetReference="Around" TimeOffsetBeforeReference="-20160" TimeOffsetAfterReference="44640"/>
	<NavigationRule Property="memberOf" Resource="CN=GU_GIE_A_IIS0_ADMIN_YGIE,OU=Groupes,OU=GIE,DC=ygie,DC=ytech" SingleRole="SR_AD_A_IIS0_ADMIN_YGIE" TimeOffsetReference="Around" TimeOffsetBeforeReference="-20160" TimeOffsetAfterReference="44640"/>
	<NavigationRule Property="memberOf" Resource="CN=GU_GIE_A_ILGN_DW,OU=Groupes,OU=GIE,DC=ygie,DC=ytech" SingleRole="SR_AD_A_ILGN_DW" TimeOffsetReference="Around" TimeOffsetBeforeReference="-20160" TimeOffsetAfterReference="44640"/>
	<NavigationRule Property="memberOf" Resource="CN=GU_GIE_A_ILMT_ADMIN,OU=Groupes,OU=GIE,DC=ygie,DC=ytech" SingleRole="SR_AD_A_ILMT_ADMIN" TimeOffsetReference="Around" TimeOffsetBeforeReference="-20160" TimeOffsetAfterReference="44640"/>
	<NavigationRule Property="memberOf" Resource="CN=GU_GIE_A_NDM_NDP-D-RW,OU=Groupes,OU=GIE,DC=ygie,DC=ytech" SingleRole="SR_AD_A_NDM0_NDP-D-RW" TimeOffsetReference="Around" TimeOffsetBeforeReference="-20160" TimeOffsetAfterReference="44640"/>
	<NavigationRule Property="memberOf" Resource="CN=GU_GIE_A_NDM_ZDP-D-RW,OU=Groupes,OU=GIE,DC=ygie,DC=ytech" SingleRole="SR_AD_A_NDM0_ZDP-D-RW" TimeOffsetReference="Around" TimeOffsetBeforeReference="-20160" TimeOffsetAfterReference="44640"/>
	<NavigationRule Property="memberOf" Resource="CN=GU_GIE_A_NDM_ZDP-R-RW,OU=Groupes,OU=GIE,DC=ygie,DC=ytech" SingleRole="SR_AD_A_NDM0_ZDP-R-RW" TimeOffsetReference="Around" TimeOffsetBeforeReference="-20160" TimeOffsetAfterReference="44640"/>
	<NavigationRule Property="memberOf" Resource="CN=GU_GIE_A_PMD_ADM,OU=Groupes,OU=GIE,DC=ygie,DC=ytech" SingleRole="SR_AD_A_PMD_ADM" TimeOffsetReference="Around" TimeOffsetBeforeReference="-20160" TimeOffsetAfterReference="44640"/>
	<NavigationRule Property="memberOf" Resource="CN=GU_GIE_A_RNG_NDP-R-RW,OU=Groupes,OU=GIE,DC=ygie,DC=ytech" SingleRole="SR_AD_A_RNG0_NDP-R-RW" TimeOffsetReference="Around" TimeOffsetBeforeReference="-20160" TimeOffsetAfterReference="44640"/>
	<NavigationRule Property="memberOf" Resource="CN=GU_GIE_A_RNG_ZDP-R-RO,OU=Groupes,OU=GIE,DC=ygie,DC=ytech" SingleRole="SR_AD_A_RNG0_ZDP-R-RO" TimeOffsetReference="Around" TimeOffsetBeforeReference="-20160" TimeOffsetAfterReference="44640"/>
	<NavigationRule Property="memberOf" Resource="CN=GU_GIE_A_RST_ZDP-R-RW,OU=Groupes,OU=GIE,DC=ygie,DC=ytech" SingleRole="SR_AD_A_RST0_ZDP-R-RW" TimeOffsetReference="Around" TimeOffsetBeforeReference="-20160" TimeOffsetAfterReference="44640"/>
	<NavigationRule Property="memberOf" Resource="CN=GU_GIE_A_SCCM_TLD_BUILD,OU=Groupes,OU=GIE,DC=ygie,DC=ytech" SingleRole="SR_AD_A_SCCM_TLD_BUILD" TimeOffsetReference="Around" TimeOffsetBeforeReference="-20160" TimeOffsetAfterReference="44640"/>
	<NavigationRule Property="memberOf" Resource="CN=GU_GIE_A_TDA0_VIEWPOINT_ADMIN,OU=Groupes,OU=GIE,DC=ygie,DC=ytech" SingleRole="SR_AD_A_TDA0_VIEWPOINT_ADMIN" TimeOffsetReference="Around" TimeOffsetBeforeReference="-20160" TimeOffsetAfterReference="44640"/>
	<NavigationRule Property="memberOf" Resource="CN=USR-Utilisateurs console DNS,OU=Groupes d'administration,OU=Administration,DC=ygie,DC=ytech" SingleRole="SR_AD_A_USR-UTILISATEURS_CONSOLE_DNS_GIE" TimeOffsetReference="Around" TimeOffsetBeforeReference="-20160" TimeOffsetAfterReference="44640"/>
	<NavigationRule Property="memberOf" Resource="CN=GU_GIE_A_ADPR_SCCM_SRV_20_BPCR,OU=Groupes,OU=GIE,DC=ygie,DC=ytech" SingleRole="SR_AD_A_ADPR_SCCM_SRV_20_BPCR" TimeOffsetReference="Around" TimeOffsetBeforeReference="-20160" TimeOffsetAfterReference="44640"/>
	<NavigationRule Property="memberOf" Resource="CN=GU_GIE_A_B480_MUY10_LR,OU=Groupes,OU=GIE,DC=ygie,DC=ytech" SingleRole="SR_AD_A_B480_MUY10_LR" TimeOffsetReference="Around" TimeOffsetBeforeReference="-20160" TimeOffsetAfterReference="44640"/>
	<NavigationRule Property="memberOf" Resource="CN=GU_GIE_A_B480_MUY10_LW,OU=Groupes,OU=GIE,DC=ygie,DC=ytech" SingleRole="SR_AD_A_B480_MUY10_LW" TimeOffsetReference="Around" TimeOffsetBeforeReference="-20160" TimeOffsetAfterReference="44640"/>
	<NavigationRule Property="memberOf" Resource="CN=GU_GIE_A_BTCC_CAGIP_GBD,OU=Groupes,OU=GIE,DC=ygie,DC=ytech" SingleRole="SR_AD_A_BTCC_CAGIP_GBD" TimeOffsetReference="Around" TimeOffsetBeforeReference="-20160" TimeOffsetAfterReference="44640"/>
	<NavigationRule Property="memberOf" Resource="CN=GU_GIE_A_USINE_DEV_OSD,OU=Groupes,OU=GIE,DC=ygie,DC=ytech" SingleRole="SR_AD_A_USINE_DEV_OSD" TimeOffsetReference="Around" TimeOffsetBeforeReference="-20160" TimeOffsetAfterReference="44640"/>
	<NavigationRule Property="memberOf" Resource="CN=GU_GIE_A_LDAP_ADMINLDSCA,OU=Groupes,OU=GIE,DC=ygie,DC=ytech" SingleRole="SR_AD_LDAP_ADMINLDSCA" TimeOffsetReference="Around" TimeOffsetBeforeReference="-20160" TimeOffsetAfterReference="44640"/>
	<NavigationRule Property="memberOf" Resource="CN=GU_GIE_A_ADPR_AD_40_YGIE,OU=Groupes d'administration,OU=Administration,DC=ygie,DC=ytech" SingleRole="SR_AD_A_ADPR_AD_40_YGIE" TimeOffsetReference="Around" TimeOffsetBeforeReference="-20160" TimeOffsetAfterReference="44640"/>
	<NavigationRule Property="memberOf" Resource="CN=GU_GIE_A_ADPR_SPS_SRV_20_YRES,OU=Groupes d'administration,OU=Administration,DC=ygie,DC=ytech" SingleRole="SR_AD_A_ADPR_SPS_SRV_20_YRES" TimeOffsetReference="Around" TimeOffsetBeforeReference="-20160" TimeOffsetAfterReference="44640"/>
	<NavigationRule Property="memberOf" Resource="CN=GU_GIE_A_USINE_DEV_OSD,OU=Groupes,OU=GIE,DC=ygie,DC=ytech" SingleRole="SR_AD_A_USINE_DEV_OSD" TimeOffsetReference="Around" TimeOffsetBeforeReference="-20160" TimeOffsetAfterReference="44640"/>
	<NavigationRule Property="memberOf" Resource="CN=GU_GIE_A_ADPR_GENE_SRV_10_YRES,OU=Groupes d'administration,OU=Administration,DC=ygie,DC=ytech" SingleRole="SR_AD_A_ADPR_GENE_SRV_10_YRES" TimeOffsetReference="Around" TimeOffsetBeforeReference="-20160" TimeOffsetAfterReference="44640"/>
</ResourceType>


<ResourceType MaximumDelete="0" MaximumDeletePercent="5" MaximumInsert="0" MaximumInsertPercent="5" MaximumUpdate="0" MaximumUpdatePercent="5" Identifier="AD_YGIE_Entry_NominativeUser" >
	<NavigationRule Property="memberOf" Resource="CN=GU_GIE_A_EGE0_ETUDES,OU=Groupes,OU=GIE,DC=ygie,DC=ytech" SingleRole="SR_AD_EGE0_ETUDES" TimeOffsetReference="Around" TimeOffsetBeforeReference="-20160" TimeOffsetAfterReference="44640"/>
	<NavigationRule Property="memberOf" Resource="CN=GU_GIE_A_EGE0_ETUDE-SIRH,OU=Groupes,OU=GIE,DC=ygie,DC=ytech" SingleRole="SR_AD_EGE0_ETUDESIRH" TimeOffsetReference="Around" TimeOffsetBeforeReference="-20160" TimeOffsetAfterReference="44640"/>
	<NavigationRule Property="memberOf" Resource="CN=GU_GIE_A_EGE0_INDUS-HOST,OU=Groupes,OU=GIE,DC=ygie,DC=ytech" SingleRole="SR_AD_EGE0_INDUS-HOST" TimeOffsetReference="Around" TimeOffsetBeforeReference="-20160" TimeOffsetAfterReference="44640"/>
	<NavigationRule Property="memberOf" Resource="CN=GU_GIE_A_EGE0_LECTURE,OU=Groupes,OU=GIE,DC=ygie,DC=ytech" SingleRole="SR_AD_EGE0_LECTURE" TimeOffsetReference="Around" TimeOffsetBeforeReference="-20160" TimeOffsetAfterReference="44640"/>
	<NavigationRule Property="memberOf" Resource="CN=GU_GIE_A_EGE0_PILOTAGE,OU=Groupes,OU=GIE,DC=ygie,DC=ytech" SingleRole="SR_AD_EGE0_PILOTAGE" TimeOffsetReference="Around" TimeOffsetBeforeReference="-20160" TimeOffsetAfterReference="44640"/>
	<NavigationRule Property="memberOf" Resource="CN=GU_GIE_A_EGE0_SUPPORT_HOMOLOGATION,OU=Groupes,OU=GIE,DC=ygie,DC=ytech" SingleRole="SR_AD_EGE0_SUPPORT_HOMOLOGATION" TimeOffsetReference="Around" TimeOffsetBeforeReference="-20160" TimeOffsetAfterReference="44640"/>
	<NavigationRule Property="memberOf" Resource="CN=GU_GIE_A_TBSA_ZAR10,OU=Groupes,OU=GIE,DC=ygie,DC=ytech" SingleRole="SR_AD_TBSA_ZAR10" TimeOffsetReference="Around" TimeOffsetBeforeReference="-20160" TimeOffsetAfterReference="44640"/>
	<NavigationRule Property="memberOf" Resource="CN=GU_GIE_A_TDA0_VIEWPOINT_SAUV,OU=Groupes,OU=GIE,DC=ygie,DC=ytech" SingleRole="SR_AD_TDA0_VIEWPOINT_SAUV" TimeOffsetReference="Around" TimeOffsetBeforeReference="-20160" TimeOffsetAfterReference="44640"/>
	<NavigationRule Property="memberOf" Resource="CN=GU_GIE_A_XLRE_FolderTeam_VMOE,OU=Groupes,OU=GIE,DC=ygie,DC=ytech" SingleRole="SR_AD_XLRE_FolderTeam_VMOE" TimeOffsetReference="Around" TimeOffsetBeforeReference="-20160" TimeOffsetAfterReference="44640"/>
	<NavigationRule Property="memberOf" Resource="CN=GU_GIE_A_GITV_ADMIN,OU=Groupes,OU=GIE,DC=ygie,DC=ytech" SingleRole="SR_AD_GITV_ADMIN" TimeOffsetReference="Around" TimeOffsetBeforeReference="-20160" TimeOffsetAfterReference="44640"/>
	<NavigationRule Property="memberOf" Resource="CN=GU_GIE_A_GITV_ART_EDIT,OU=Groupes,OU=GIE,DC=ygie,DC=ytech" SingleRole="SR_AD_GITV_ART_EDIT" TimeOffsetReference="Around" TimeOffsetBeforeReference="-20160" TimeOffsetAfterReference="44640"/>
	<NavigationRule Property="memberOf" Resource="CN=GU_GIE_A_GITV_ART_SUPER,OU=Groupes,OU=GIE,DC=ygie,DC=ytech" SingleRole="SR_AD_GITV_ART_SUPER" TimeOffsetReference="Around" TimeOffsetBeforeReference="-20160" TimeOffsetAfterReference="44640"/>
	<NavigationRule Property="memberOf" Resource="CN=GU_GIE_A_GITV_ART_VISIT,OU=Groupes,OU=GIE,DC=ygie,DC=ytech" SingleRole="SR_AD_GITV_ART_VISIT" TimeOffsetReference="Around" TimeOffsetBeforeReference="-20160" TimeOffsetAfterReference="44640"/>
	<NavigationRule Property="memberOf" Resource="CN=GU_GIE_A_GITV_GRP_EDIT,OU=Groupes,OU=GIE,DC=ygie,DC=ytech" SingleRole="SR_AD_GITV_GRP_EDIT" TimeOffsetReference="Around" TimeOffsetBeforeReference="-20160" TimeOffsetAfterReference="44640"/>
	<NavigationRule Property="memberOf" Resource="CN=GU_GIE_A_GITV_GRP_SUPER,OU=Groupes,OU=GIE,DC=ygie,DC=ytech" SingleRole="SR_AD_GITV_GRP_SUPER" TimeOffsetReference="Around" TimeOffsetBeforeReference="-20160" TimeOffsetAfterReference="44640"/>
	<NavigationRule Property="memberOf" Resource="CN=GU_GIE_A_GITV_GRP_VISIT,OU=Groupes,OU=GIE,DC=ygie,DC=ytech" SingleRole="SR_AD_GITV_GRP_VISIT" TimeOffsetReference="Around" TimeOffsetBeforeReference="-20160" TimeOffsetAfterReference="44640"/>
	<NavigationRule Property="memberOf" Resource="CN=GU_GIE_A_BCST_DW_BURA,OU=Groupes,OU=GIE,DC=ygie,DC=ytech" SingleRole="SR_AD_BCST_DW_BURA" TimeOffsetReference="Around" TimeOffsetBeforeReference="-20160" TimeOffsetAfterReference="44640"/>
	<NavigationRule Property="memberOf" Resource="CN=GU_GIE_A_PROU_ADMIN,OU=Groupes,OU=GIE,DC=ygie,DC=ytech" SingleRole="SR_AD_PROU_ADMIN" TimeOffsetReference="Around" TimeOffsetBeforeReference="-20160" TimeOffsetAfterReference="44640"/>
	<NavigationRule Property="memberOf" Resource="CN=GU_GIE_A_XOPS_APPLICATIONS_DAT,OU=Groupes,OU=GIE,DC=ygie,DC=ytech" SingleRole="SR_AD_XOPS_APPLICATIONS_DAT" TimeOffsetReference="Around" TimeOffsetBeforeReference="-20160" TimeOffsetAfterReference="44640"/>
	<NavigationRule Property="memberOf" Resource="CN=GU_GIE_A_XOPS_SECU,OU=Groupes,OU=GIE,DC=ygie,DC=ytech" SingleRole="SR_AD_XOPS_SECU" TimeOffsetReference="Around" TimeOffsetBeforeReference="-20160" TimeOffsetAfterReference="44640"/>
	<NavigationRule Property="memberOf" Resource="CN=GU_GIE_A_XOPS_APPLICATIONS_TEL,OU=Groupes,OU=GIE,DC=ygie,DC=ytech" SingleRole="SR_AD_XOPS_APPLICATIONS_TEL" TimeOffsetReference="Around" TimeOffsetBeforeReference="-20160" TimeOffsetAfterReference="44640"/>
	<NavigationRule Property="memberOf" Resource="CN=GU_GIE_A_ACPL_CSAADMIN,OU=Groupes,OU=GIE,DC=ygie,DC=ytech" SingleRole="SR_AD_ACPL_CSAADMIN" TimeOffsetReference="Around" TimeOffsetBeforeReference="-20160" TimeOffsetAfterReference="44640"/>
	<NavigationRule Property="memberOf" Resource="CN=GU_GIE_A_ACPL_CSACATSCSM,OU=Groupes,OU=GIE,DC=ygie,DC=ytech" SingleRole="SR_AD_ACPL_CSACATSCSM" TimeOffsetReference="Around" TimeOffsetBeforeReference="-20160" TimeOffsetAfterReference="44640"/>
	<NavigationRule Property="memberOf" Resource="CN=GU_GIE_A_ACPL_CSASRVDSGN,OU=Groupes,OU=GIE,DC=ygie,DC=ytech" SingleRole="SR_AD_ACPL_CSASRVDSGN" TimeOffsetReference="Around" TimeOffsetBeforeReference="-20160" TimeOffsetAfterReference="44640"/>
	<NavigationRule Property="memberOf" Resource="CN=GU_GIE_A_ACPL_CSASRVOPER,OU=Groupes,OU=GIE,DC=ygie,DC=ytech" SingleRole="SR_AD_ACPL_CSASRVOPER" TimeOffsetReference="Around" TimeOffsetBeforeReference="-20160" TimeOffsetAfterReference="44640"/>
	<NavigationRule Property="memberOf" Resource="CN=GU_GIE_A_ACPL_OOADMIN,OU=Groupes,OU=GIE,DC=ygie,DC=ytech" SingleRole="SR_AD_ACPL_OOADMIN" TimeOffsetReference="Around" TimeOffsetBeforeReference="-20160" TimeOffsetAfterReference="44640"/>
	<NavigationRule Property="memberOf" Resource="CN=GU_GIE_A_ACPL_OODEV,OU=Groupes,OU=GIE,DC=ygie,DC=ytech" SingleRole="SR_AD_ACPL_OODEV" TimeOffsetReference="Around" TimeOffsetBeforeReference="-20160" TimeOffsetAfterReference="44640"/>
	<NavigationRule Property="memberOf" Resource="CN=GU_GIE_A_XIDV_ADMIN,OU=Groupes,OU=GIE,DC=ygie,DC=ytech" SingleRole="SR_AD_XIDV_ADMIN" TimeOffsetReference="Around" TimeOffsetBeforeReference="-20160" TimeOffsetAfterReference="44640"/>
	<NavigationRule Property="memberOf" Resource="CN=GU_GIE_A_XIDV_DEVOPS,OU=Groupes,OU=GIE,DC=ygie,DC=ytech" SingleRole="SR_AD_XIDV_DEVOPS" TimeOffsetReference="Around" TimeOffsetBeforeReference="-20160" TimeOffsetAfterReference="44640"/>
	<NavigationRule Property="memberOf" Resource="CN=GU_GIE_A_XLRE_FolderTeam_DEVTU,OU=Groupes,OU=GIE,DC=ygie,DC=ytech" SingleRole="SR_AD_XLRE_FolderTeam_DEVTU" TimeOffsetReference="Around" TimeOffsetBeforeReference="-20160" TimeOffsetAfterReference="44640"/>
	<NavigationRule Property="memberOf" Resource="CN=GU_GIE_A_XLRE_Pipeline_DEVTU,OU=Groupes,OU=GIE,DC=ygie,DC=ytech" SingleRole="SR_AD_XLRE_Pipeline_DEVTU" TimeOffsetReference="Around" TimeOffsetBeforeReference="-20160" TimeOffsetAfterReference="44640"/>
	<NavigationRule Property="memberOf" Resource="CN=GU_GIE_A_XLRE_Pipeline_VMOE,OU=Groupes,OU=GIE,DC=ygie,DC=ytech" SingleRole="SR_AD_XLRE_Pipeline_VMOE" TimeOffsetReference="Around" TimeOffsetBeforeReference="-20160" TimeOffsetAfterReference="44640"/>
	<NavigationRule Property="memberOf" Resource="CN=GU_GIE_A_DICM_Gestion,OU=Groupes,OU=GIE,DC=ygie,DC=ytech" SingleRole="SR_AD_DICM_Gestion" TimeOffsetReference="Around" TimeOffsetBeforeReference="-20160" TimeOffsetAfterReference="44640"/>
	<NavigationRule Property="memberOf" Resource="CN=GU_GIE_A_XLRE_Contributeur_VMOE,OU=Groupes,OU=GIE,DC=ygie,DC=ytech" SingleRole="SR_AD_XLRE_Contributeur_VMOE" TimeOffsetReference="Around" TimeOffsetBeforeReference="-20160" TimeOffsetAfterReference="44640"/>
	<NavigationRule Property="memberOf" Resource="CN=GU_GIE_A_BTCC_CAGIP,OU=Groupes,OU=GIE,DC=ygie,DC=ytech" SingleRole="SR_AD_BTCC_CAGIP" TimeOffsetReference="Around" TimeOffsetBeforeReference="-20160" TimeOffsetAfterReference="44640"/>
	<NavigationRule Property="memberOf" Resource="CN=GU_GIE_A_XLRE_Contributeur_DEVTU,OU=Groupes,OU=GIE,DC=ygie,DC=ytech" SingleRole="SR_AD_XLRE_Contributeur_DEVTU" TimeOffsetReference="Around" TimeOffsetBeforeReference="-20160" TimeOffsetAfterReference="44640"/>
	<NavigationRule Property="memberOf" Resource="CN=GU_GIE_A_XOPS_SERVERS,OU=Groupes,OU=GIE,DC=ygie,DC=ytech" SingleRole="SR_AD_XOPS_SERVERS" TimeOffsetReference="Around" TimeOffsetBeforeReference="-20160" TimeOffsetAfterReference="44640"/>
	<NavigationRule Property="memberOf" Resource="CN=GU_GIE_A_XOPS_SERVERS_UNIX,OU=Groupes,OU=GIE,DC=ygie,DC=ytech" SingleRole="SR_AD_XOPS_SERVERS_UNIX" TimeOffsetReference="Around" TimeOffsetBeforeReference="-20160" TimeOffsetAfterReference="44640"/>
	<NavigationRule Property="memberOf" Resource="CN=GU_GIE_A_XOPS_SERVERS_VMWARE,OU=Groupes,OU=GIE,DC=ygie,DC=ytech" SingleRole="SR_AD_XOPS_SERVERS_VMWARE" TimeOffsetReference="Around" TimeOffsetBeforeReference="-20160" TimeOffsetAfterReference="44640"/>
	<NavigationRule Property="memberOf" Resource="CN=GU_GIE_A_XOPS_SERVERS_WINDOWS,OU=Groupes,OU=GIE,DC=ygie,DC=ytech" SingleRole="SR_AD_XOPS_SERVERS_WINDOWS" TimeOffsetReference="Around" TimeOffsetBeforeReference="-20160" TimeOffsetAfterReference="44640"/>
	<NavigationRule Property="memberOf" Resource="CN=GU_GIE_A_NEWT_READONLY,OU=Groupes,OU=GIE,DC=ygie,DC=ytech" SingleRole="SR_AD_NEWT_READONLY" TimeOffsetReference="Around" TimeOffsetBeforeReference="-20160" TimeOffsetAfterReference="44640"/>
	<NavigationRule Property="memberOf" Resource="CN=GU_GIE_A_ZABX_ADM,OU=Groupes,OU=GIE,DC=ygie,DC=ytech" SingleRole="SR_AD_ZABX_ADM" TimeOffsetReference="Around" TimeOffsetBeforeReference="-20160" TimeOffsetAfterReference="44640"/>
	<NavigationRule Property="memberOf" Resource="CN=GU_GIE_A_XOPS_STOCKAGE_ADMIN,OU=Groupes,OU=GIE,DC=ygie,DC=ytech" SingleRole="SR_AD_XOPS_STOCKAGE_ADMIN" TimeOffsetReference="Around" TimeOffsetBeforeReference="-20160" TimeOffsetAfterReference="44640"/>
	<NavigationRule Property="memberOf" Resource="CN=GU_GIE_A_XOPS_SAUVEGARDE_ADMIN,OU=Groupes,OU=GIE,DC=ygie,DC=ytech" SingleRole="SR_AD_XOPS_SAUVEGARDE_ADMIN" TimeOffsetReference="Around" TimeOffsetBeforeReference="-20160" TimeOffsetAfterReference="44640"/>
	
	
	
	<NavigationRule Property="memberOf" Resource="CN=GU_GIE_A_AEP0_MSGSECUR_USER,OU=Groupes,OU=GIE,DC=ygie,DC=ytech" SingleRole="SR_AD_AEP0_MSGSECUR_USER" TimeOffsetReference="Around" TimeOffsetBeforeReference="-20160" TimeOffsetAfterReference="44640"/>
	<NavigationRule Property="memberOf" Resource="CN=GU_GIE_A_ISE0_WIFICER,OU=Groupes,OU=GIE,DC=ygie,DC=ytech" SingleRole="SR_AD_ISE0_WIFICER" TimeOffsetReference="Around" TimeOffsetBeforeReference="-20160" TimeOffsetAfterReference="44640"/>
	<NavigationRule Property="memberOf" Resource="CN=GU_GIE_A_BCST_PPCRR10,OU=Groupes,OU=GIE,DC=ygie,DC=ytech" SingleRole="SR_AD_BCST_PPCRR10" TimeOffsetReference="Around" TimeOffsetBeforeReference="-20160" TimeOffsetAfterReference="44640"/>
	<NavigationRule Property="memberOf" Resource="CN=GU_GIE_A_BCST_PPCRUA0,OU=Groupes,OU=GIE,DC=ygie,DC=ytech" SingleRole="SR_AD_BCST_PPCRUA0" TimeOffsetReference="Around" TimeOffsetBeforeReference="-20160" TimeOffsetAfterReference="44640"/>
	<NavigationRule Property="memberOf" Resource="CN=GU_GIE_A_BCST_PPCRR11,OU=Groupes,OU=GIE,DC=ygie,DC=ytech" SingleRole="SR_AD_BCST_PPCRR11" TimeOffsetReference="Around" TimeOffsetBeforeReference="-20160" TimeOffsetAfterReference="44640"/>
	<NavigationRule Property="memberOf" Resource="CN=GU_GIE_A_BCST_PPCRR12,OU=Groupes,OU=GIE,DC=ygie,DC=ytech" SingleRole="SR_AD_BCST_PPCRR12" TimeOffsetReference="Around" TimeOffsetBeforeReference="-20160" TimeOffsetAfterReference="44640"/>
	<NavigationRule Property="memberOf" Resource="CN=GU_GIE_A_BCST_PPCRR13,OU=Groupes,OU=GIE,DC=ygie,DC=ytech" SingleRole="SR_AD_BCST_PPCRR13" TimeOffsetReference="Around" TimeOffsetBeforeReference="-20160" TimeOffsetAfterReference="44640"/>
	<NavigationRule Property="memberOf" Resource="CN=GU_GIE_A_BCST_PPCRR14,OU=Groupes,OU=GIE,DC=ygie,DC=ytech" SingleRole="SR_AD_BCST_PPCRR14" TimeOffsetReference="Around" TimeOffsetBeforeReference="-20160" TimeOffsetAfterReference="44640"/>
	<NavigationRule Property="memberOf" Resource="CN=GU_GIE_A_BCST_PPCRR15,OU=Groupes,OU=GIE,DC=ygie,DC=ytech" SingleRole="SR_AD_BCST_PPCRR15" TimeOffsetReference="Around" TimeOffsetBeforeReference="-20160" TimeOffsetAfterReference="44640"/>
	<NavigationRule Property="memberOf" Resource="CN=GU_GIE_A_BCST_PPCRR16,OU=Groupes,OU=GIE,DC=ygie,DC=ytech" SingleRole="SR_AD_BCST_PPCRR16" TimeOffsetReference="Around" TimeOffsetBeforeReference="-20160" TimeOffsetAfterReference="44640"/>
	<NavigationRule Property="memberOf" Resource="CN=GU_GIE_A_BCST_PPCRUA1,OU=Groupes,OU=GIE,DC=ygie,DC=ytech" SingleRole="SR_AD_BCST_PPCRUA1" TimeOffsetReference="Around" TimeOffsetBeforeReference="-20160" TimeOffsetAfterReference="44640"/>
	<NavigationRule Property="memberOf" Resource="CN=GU_GIE_A_BSTG,OU=Groupes,OU=GIE,DC=ygie,DC=ytech" SingleRole="SR_AD_BSTG" TimeOffsetReference="Around" TimeOffsetBeforeReference="-20160" TimeOffsetAfterReference="44640"/>
	<NavigationRule Property="memberOf" Resource="CN=GU_GIE_A_BSTG_INFRA,OU=Groupes,OU=GIE,DC=ygie,DC=ytech" SingleRole="SR_AD_BSTG_INFRA" TimeOffsetReference="Around" TimeOffsetBeforeReference="-20160" TimeOffsetAfterReference="44640"/>
	<NavigationRule Property="memberOf" Resource="CN=GU_GIE_A_BSTG_SQL-STUDIO,OU=Groupes,OU=GIE,DC=ygie,DC=ytech" SingleRole="SR_AD_BSTG_SQL-STUDIO" TimeOffsetReference="Around" TimeOffsetBeforeReference="-20160" TimeOffsetAfterReference="44640"/>
	<NavigationRule Property="memberOf" Resource="CN=GU_GIE_A_CMDB_ADMIN,OU=Groupes,OU=GIE,DC=ygie,DC=ytech" SingleRole="SR_AD_CMDB_ADMIN" TimeOffsetReference="Around" TimeOffsetBeforeReference="-20160" TimeOffsetAfterReference="44640"/>
	<NavigationRule Property="memberOf" Resource="CN=GU_GIE_A_ESSO_enrolement,OU=Groupes,OU=GIE,DC=ygie,DC=ytech" SingleRole="SR_AD_ESSO_ENROLEMENT" TimeOffsetReference="Around" TimeOffsetBeforeReference="-20160" TimeOffsetAfterReference="44640"/>
	<NavigationRule Property="memberOf" Resource="CN=GU_GIE_A_GEPC_DW,OU=Groupes,OU=GIE,DC=ygie,DC=ytech" SingleRole="SR_AD_GEPC_DW" TimeOffsetReference="Around" TimeOffsetBeforeReference="-20160" TimeOffsetAfterReference="44640"/>
	<NavigationRule Property="memberOf" Resource="CN=GU_GIE_A_PROU_CONSULT,OU=Groupes,OU=GIE,DC=ygie,DC=ytech" SingleRole="SR_AD_PROU_CONSULT" TimeOffsetReference="Around" TimeOffsetBeforeReference="-20160" TimeOffsetAfterReference="44640"/>
	<NavigationRule Property="memberOf" Resource="CN=GU_GIE_A_RES2_R,OU=Groupes,OU=GIE,DC=ygie,DC=ytech" SingleRole="SR_AD_RES2_R" TimeOffsetReference="Around" TimeOffsetBeforeReference="-20160" TimeOffsetAfterReference="44640"/>
	<NavigationRule Property="memberOf" Resource="CN=GU_GIE_A_RES2_RW,OU=Groupes,OU=GIE,DC=ygie,DC=ytech" SingleRole="SR_AD_RES2_RW" TimeOffsetReference="Around" TimeOffsetBeforeReference="-20160" TimeOffsetAfterReference="44640"/>
	<NavigationRule Property="memberOf" Resource="CN=GU_GIE_A_TDWC_AN,OU=Groupes,OU=GIE,DC=ygie,DC=ytech" SingleRole="SR_AD_TDWC_AN" TimeOffsetReference="Around" TimeOffsetBeforeReference="-20160" TimeOffsetAfterReference="44640"/>
	<NavigationRule Property="memberOf" Resource="CN=GU_GIE_A_TIP_UTILISATEURS,OU=Groupes,OU=GIE,DC=ygie,DC=ytech" SingleRole="SR_AD_TIP_UTILISATEURS" TimeOffsetReference="Around" TimeOffsetBeforeReference="-20160" TimeOffsetAfterReference="44640"/>
	<NavigationRule Property="memberOf" Resource="CN=GU_GIE_A_WBSS_COMMRH,OU=Groupes,OU=GIE,DC=ygie,DC=ytech" SingleRole="SR_AD_WBSS_COMMRH" TimeOffsetReference="Around" TimeOffsetBeforeReference="-20160" TimeOffsetAfterReference="44640"/>
	<NavigationRule Property="memberOf" Resource="CN=GU_GIE_A_WBSS_CSE,OU=Groupes,OU=GIE,DC=ygie,DC=ytech" SingleRole="SR_AD_WBSS_CSE" TimeOffsetReference="Around" TimeOffsetBeforeReference="-20160" TimeOffsetAfterReference="44640"/>
	<NavigationRule Property="memberOf" Resource="CN=GU_GIE_A_WBSS_DEVELOPPEUR,OU=Groupes,OU=GIE,DC=ygie,DC=ytech" SingleRole="SR_AD_WBSS_DEVELOPPEUR" TimeOffsetReference="Around" TimeOffsetBeforeReference="-20160" TimeOffsetAfterReference="44640"/>
	<NavigationRule Property="memberOf" Resource="CN=GU_GIE_A_WBSS_ELARGI,OU=Groupes,OU=GIE,DC=ygie,DC=ytech" SingleRole="SR_AD_WBSS_ELARGI" TimeOffsetReference="Around" TimeOffsetBeforeReference="-20160" TimeOffsetAfterReference="44640"/>
	<NavigationRule Property="memberOf" Resource="CN=GU_GIE_A_WBSS_FORMATION,OU=Groupes,OU=GIE,DC=ygie,DC=ytech" SingleRole="SR_AD_WBSS_FORMATION" TimeOffsetReference="Around" TimeOffsetBeforeReference="-20160" TimeOffsetAfterReference="44640"/>
	<NavigationRule Property="memberOf" Resource="CN=GU_GIE_A_WBSS_INNOVATION,OU=Groupes,OU=GIE,DC=ygie,DC=ytech" SingleRole="SR_AD_WBSS_INNOVATION" TimeOffsetReference="Around" TimeOffsetBeforeReference="-20160" TimeOffsetAfterReference="44640"/>
	<NavigationRule Property="memberOf" Resource="CN=GU_GIE_A_WBSS_STANDARD,OU=Groupes,OU=GIE,DC=ygie,DC=ytech" SingleRole="SR_AD_WBSS_STANDARD" TimeOffsetReference="Around" TimeOffsetBeforeReference="-20160" TimeOffsetAfterReference="44640"/>
	<NavigationRule Property="memberOf" Resource="CN=GU_GIE_A_WBSS_WEBMAIL,OU=Groupes,OU=GIE,DC=ygie,DC=ytech" SingleRole="SR_AD_WBSS_WEBMAIL" TimeOffsetReference="Around" TimeOffsetBeforeReference="-20160" TimeOffsetAfterReference="44640"/>
	<NavigationRule Property="memberOf" Resource="CN=GU_CAT_F_SALARIE,OU=Groupes,OU=MOE,DC=ygie,DC=ytech" SingleRole="SR_AD_SALARIE_CAT" TimeOffsetReference="Around" TimeOffsetBeforeReference="-20160" TimeOffsetAfterReference="44640"/>
	<NavigationRule Property="memberOf" Resource="CN=GU_GIE_A_AEP0_MSGSECUR_USER,OU=Groupes,OU=GIE,DC=ygie,DC=ytech" SingleRole="SR_AD_AEP0_MSGSECUR_USER" TimeOffsetReference="Around" TimeOffsetBeforeReference="-20160" TimeOffsetAfterReference="44640"/>
	<NavigationRule Property="memberOf" Resource="CN=GU_GIE_A_BSTG,OU=Groupes,OU=GIE,DC=ygie,DC=ytech" SingleRole="SR_AD_BSTG" TimeOffsetReference="Around" TimeOffsetBeforeReference="-20160" TimeOffsetAfterReference="44640"/>
	<NavigationRule Property="memberOf" Resource="CN=GU_GIE_A_WBSS_STANDARD,OU=Groupes,OU=GIE,DC=ygie,DC=ytech" SingleRole="SR_AD_WBSS_STANDARD" TimeOffsetReference="Around" TimeOffsetBeforeReference="-20160" TimeOffsetAfterReference="44640"/>
	<NavigationRule Property="memberOf" Resource="CN=GU_CAT_F_SALARIE,OU=Groupes,OU=MOE,DC=ygie,DC=ytech" SingleRole="SR_AD_SALARIE_CAT" TimeOffsetReference="Around" TimeOffsetBeforeReference="-20160" TimeOffsetAfterReference="44640"/>
</ResourceType>



<!-- Lot 2  -->

<!-- <ResourceType MaximumDelete="0" MaximumDeletePercent="5" MaximumInsert="0" MaximumInsertPercent="5" MaximumUpdate="0" MaximumUpdatePercent="5" Identifier="AD_YGIE_Entry_AdministrationUser" > -->
	<!-- <NavigationRule Property="memberOf" Resource="" SingleRole="SR_AD_A_AMB_D5_EXP" TimeOffsetReference="Around" TimeOffsetBeforeReference="-20160" TimeOffsetAfterReference="44640"/> -->
	<!-- <NavigationRule Property="memberOf" Resource="CN=GU_GIE_A_BAM1_CL,OU=Groupes,OU=GIE,DC=ygie,DC=ytech" SingleRole="SR_AD_A_BAM1_CL" TimeOffsetReference="Around" TimeOffsetBeforeReference="-20160" TimeOffsetAfterReference="44640"/> -->
	<!-- <NavigationRule Property="memberOf" Resource="CN=GU_GIE_A_BSAG_LDA_Admin,OU=Groupes,OU=GIE,DC=ygie,DC=ytech" SingleRole="SR_AD_A_BSAG_LDA_ADMIN" TimeOffsetReference="Around" TimeOffsetBeforeReference="-20160" TimeOffsetAfterReference="44640"/> -->
	<!-- <NavigationRule Property="memberOf" Resource="CN=GU_CAT_A_DTWH_DEV-TU,OU=Groupes,OU=MOE,DC=ygie,DC=ytech" SingleRole="SR_AD_A_DTWH_DEV-TU" TimeOffsetReference="Around" TimeOffsetBeforeReference="-20160" TimeOffsetAfterReference="44640"/> -->
	<!-- <NavigationRule Property="memberOf" Resource="CN=GU_CAT_A_DTWH_VMOA,OU=Groupes,OU=MOA,DC=ygie,DC=ytech" SingleRole="SR_AD_A_DTWH_VMOA" TimeOffsetReference="Around" TimeOffsetBeforeReference="-20160" TimeOffsetAfterReference="44640"/> -->
	<!-- <NavigationRule Property="memberOf" Resource="CN=GU_CAT_A_DTWH_VMOE,OU=Groupes,OU=MOE,DC=ygie,DC=ytech" SingleRole="SR_AD_A_DTWH_VMOE" TimeOffsetReference="Around" TimeOffsetBeforeReference="-20160" TimeOffsetAfterReference="44640"/> -->
	<!-- <NavigationRule Property="memberOf" Resource="CN=GU_GIE_A_LNX_NDP-R-A,OU=Groupes,OU=GIE,DC=ygie,DC=ytech" SingleRole="SR_AD_A_LNX0_NDP-R-A" TimeOffsetReference="Around" TimeOffsetBeforeReference="-20160" TimeOffsetAfterReference="44640"/> -->
	<!-- <NavigationRule Property="memberOf" Resource="CN=GU_GIE_A_LNX_ZDP-D-A,OU=Groupes,OU=GIE,DC=ygie,DC=ytech" SingleRole="SR_AD_A_LNX0_ZDP_D_A" TimeOffsetReference="Around" TimeOffsetBeforeReference="-20160" TimeOffsetAfterReference="44640"/> -->
	<!-- <NavigationRule Property="memberOf" Resource="CN=GU_GIE_A_LNX_ZDP-R-A,OU=Groupes,OU=GIE,DC=ygie,DC=ytech" SingleRole="SR_AD_A_LNX0_ZDP-R-A" TimeOffsetReference="Around" TimeOffsetBeforeReference="-20160" TimeOffsetAfterReference="44640"/> -->
	<!-- <NavigationRule Property="memberOf" Resource="CN=GU_CAT_A_OINTLDA_FILTRAGE,OU=Groupes,OU=GIE,DC=ygie,DC=ytech" SingleRole="SR_AD_A_OINTLDA_FILTRAGE" TimeOffsetReference="Around" TimeOffsetBeforeReference="-20160" TimeOffsetAfterReference="44640"/> -->
	<!-- <NavigationRule Property="memberOf" Resource="CN=GU_CAT_A_MIPS_ISISERV,OU=Groupes,OU=MOE,DC=ygie,DC=ytech" SingleRole="SR_AD_A_P0454_ISISERV" TimeOffsetReference="Around" TimeOffsetBeforeReference="-20160" TimeOffsetAfterReference="44640"/> -->
	<!-- <NavigationRule Property="memberOf" Resource="CN=GU_CAT_A_MIPS_ISIZOS,OU=Groupes,OU=MOE,DC=ygie,DC=ytech" SingleRole="SR_AD_A_P0454_ISIZOS" TimeOffsetReference="Around" TimeOffsetBeforeReference="-20160" TimeOffsetAfterReference="44640"/> -->
	<!-- <NavigationRule Property="memberOf" Resource="CN=GU_CAT_A_PMD_CAMNITO,OU=Groupes,OU=MOE,DC=ygie,DC=ytech" SingleRole="SR_AD_A_PMD_CAMNITO" TimeOffsetReference="Around" TimeOffsetBeforeReference="-20160" TimeOffsetAfterReference="44640"/> -->
	<!-- <NavigationRule Property="memberOf" Resource="CN=GU_CAT_A_PMD_CAMPWTO,OU=Groupes,OU=MOE,DC=ygie,DC=ytech" SingleRole="SR_AD_A_PMD_CAMPWTO" TimeOffsetReference="Around" TimeOffsetBeforeReference="-20160" TimeOffsetAfterReference="44640"/> -->
	<!-- <NavigationRule Property="memberOf" Resource="CN=GU_CAT_A_PMD_GLOPWTO,OU=Groupes,OU=MOE,DC=ygie,DC=ytech" SingleRole="SR_AD_A_PMD_GLOPWTO" TimeOffsetReference="Around" TimeOffsetBeforeReference="-20160" TimeOffsetAfterReference="44640"/> -->
	<!-- <NavigationRule Property="memberOf" Resource="CN=GU_GIE_A_TOIP_LDA_Admin,OU=Groupes,OU=GIE,DC=ygie,DC=ytech" SingleRole="SR_AD_A_S0035_LDA_ADMIN" TimeOffsetReference="Around" TimeOffsetBeforeReference="-20160" TimeOffsetAfterReference="44640"/> -->
	<!-- <NavigationRule Property="memberOf" Resource="CN=GU_GIE_A_DSTG_ADMIN_YGIE,OU=Groupes,OU=GIE,DC=ygie,DC=ytech" SingleRole="SR_AD_A_S0477_ADMIN_YGIE" TimeOffsetReference="Around" TimeOffsetBeforeReference="-20160" TimeOffsetAfterReference="44640"/> -->
	<!-- <NavigationRule Property="memberOf" Resource="CN=GU_GIE_A_ATEL_LDA_Admin,OU=Groupes,OU=GIE,DC=ygie,DC=ytech" SingleRole="SR_AD_A_S1679_LDA_ADMIN" TimeOffsetReference="Around" TimeOffsetBeforeReference="-20160" TimeOffsetAfterReference="44640"/> -->
	<!-- <NavigationRule Property="memberOf" Resource="CN=GU_CAT_A_TWS_ADMINADLDS,OU=Groupes,OU=GIE,DC=ygie,DC=ytech" SingleRole="SR_AD_A_TWS_ADMINADLDS" TimeOffsetReference="Around" TimeOffsetBeforeReference="-20160" TimeOffsetAfterReference="44640"/> -->
	<!-- <NavigationRule Property="memberOf" Resource="CN=GU_EXT_R_P0001_STO-ADMIN-STO-OPN-Y,OU=Groupes,OU=GIE,DC=ygie,DC=ytech" SingleRole="SR_AD_P0001_STO-ADMIN-STO-OPN-Y" TimeOffsetReference="Around" TimeOffsetBeforeReference="-20160" TimeOffsetAfterReference="44640"/> -->
	
	
	<!-- <NavigationRule Property="memberOf" Resource="CN=ADM-Administrateurs de tous les postes de travail,OU=Groupes d'administration,OU=Administration,DC=ygie,DC=ytech" SingleRole="SR_AD_A_ADM-ADMINISTRATEURS_DE_TOUS_LES_POSTES_DE_TRAVAIL_GIE" TimeOffsetReference="Around" TimeOffsetBeforeReference="-20160" TimeOffsetAfterReference="44640"/> -->
	<!-- <NavigationRule Property="memberOf" Resource="CN=ADM-Administrateurs des controleurs de domaine,OU=Groupes d'administration,OU=Administration,DC=ygie,DC=ytech" SingleRole="SR_AD_A_ADM-ADMINISTRATEURS_DES_CONTROLEURS_DE_DOMAINE_GIE" TimeOffsetReference="Around" TimeOffsetBeforeReference="-20160" TimeOffsetAfterReference="44640"/> -->
	<!-- <NavigationRule Property="memberOf" Resource="CN=ADM-Administrateurs des serveurs Windows,OU=Groupes d'administration,OU=Administration,DC=ygie,DC=ytech" SingleRole="SR_AD_A_ADM-ADMINISTRATEURS_DES_SERVEURS_WINDOWS_GIE" TimeOffsetReference="Around" TimeOffsetBeforeReference="-20160" TimeOffsetAfterReference="44640"/> -->
	<!-- <NavigationRule Property="memberOf" Resource="CN=ADM-Habilitations,OU=Groupes d'administration,OU=Administration,DC=ygie,DC=ytech" SingleRole="SR_AD_A_ADM-HABILITATIONS" TimeOffsetReference="Around" TimeOffsetBeforeReference="-20160" TimeOffsetAfterReference="44640"/> -->
	<!-- <NavigationRule Property="memberOf" Resource="CN=ADM-Helpdesk,OU=Groupes d'administration,OU=Administration,DC=ygie,DC=ytech" SingleRole="SR_AD_A_ADM-HELPDESK_GIE" TimeOffsetReference="Around" TimeOffsetBeforeReference="-20160" TimeOffsetAfterReference="44640"/> -->
	<!-- <NavigationRule Property="memberOf" Resource="CN=ADM-Operateurs comptes ordinateurs,OU=Groupes d'administration,OU=Administration,DC=ygie,DC=ytech" SingleRole="SR_AD_A_ADM-OPERATEURS_COMPTES_ORDINATEURS_GIE" TimeOffsetReference="Around" TimeOffsetBeforeReference="-20160" TimeOffsetAfterReference="44640"/> -->
	<!-- <NavigationRule Property="memberOf" Resource="CN=ADM-teledistribution,OU=Groupes d'administration,OU=Administration,DC=ygie,DC=ytech" SingleRole="SR_AD_A_ADM-TELEDISTRIBUTION_GIE" TimeOffsetReference="Around" TimeOffsetBeforeReference="-20160" TimeOffsetAfterReference="44640"/> -->
	<!-- <NavigationRule Property="memberOf" Resource="CN=GU_GIE_A_AMB_D5_UTI,OU=Groupes,OU=GIE,DC=ygie,DC=ytech" SingleRole="SR_AD_A_AMB_D5_UTI" TimeOffsetReference="Around" TimeOffsetBeforeReference="-20160" TimeOffsetAfterReference="44640"/> -->
	<!-- <NavigationRule Property="memberOf" Resource="CN=GU_998_A_D5_IC_U,OU=Groupes,OU=GIE,DC=ygie,DC=ytech" SingleRole="SR_AD_A_D5_IC_U_998" TimeOffsetReference="Around" TimeOffsetBeforeReference="-20160" TimeOffsetAfterReference="44640"/> -->
	<!-- <NavigationRule Property="memberOf" Resource="CN=GU_GIE_A_EFAI_EIBT_A,OU=Groupes,OU=GIE,DC=ygie,DC=ytech" SingleRole="SR_AD_A_EFAI_EIBT_A" TimeOffsetReference="Around" TimeOffsetBeforeReference="-20160" TimeOffsetAfterReference="44640"/> -->
	<!-- <NavigationRule Property="memberOf" Resource="CN=GU_GIE_A_EFAI_EIBT_T,OU=Groupes,OU=GIE,DC=ygie,DC=ytech" SingleRole="SR_AD_A_EFAI_EIBT_T" TimeOffsetReference="Around" TimeOffsetBeforeReference="-20160" TimeOffsetAfterReference="44640"/> -->
	<!-- <NavigationRule Property="memberOf" Resource="CN=GU_CAT_F_ENV,OU=Groupes,OU=MOE,DC=ygie,DC=ytech" SingleRole="SR_AD_A_ENV" TimeOffsetReference="Around" TimeOffsetBeforeReference="-20160" TimeOffsetAfterReference="44640"/> -->
	<!-- <NavigationRule Property="memberOf" Resource="CN=GU_GIE_A_IEX_APP_COMP,OU=Groupes,OU=GIE,DC=ygie,DC=ytech" SingleRole="SR_AD_A_IEX_APP_COMP" TimeOffsetReference="Around" TimeOffsetBeforeReference="-20160" TimeOffsetAfterReference="44640"/> -->
	<!-- <NavigationRule Property="memberOf" Resource="CN=GU_GIE_A_LNX_NDP-R-RW,OU=Groupes,OU=GIE,DC=ygie,DC=ytech" SingleRole="SR_AD_A_LNX0_NDP-R-RW" TimeOffsetReference="Around" TimeOffsetBeforeReference="-20160" TimeOffsetAfterReference="44640"/> -->
	<!-- <NavigationRule Property="memberOf" Resource="CN=GU_GIE_A_LNX_ZDP-R-RW,OU=Groupes,OU=GIE,DC=ygie,DC=ytech" SingleRole="SR_AD_A_LNX0_ZDP-R-RW" TimeOffsetReference="Around" TimeOffsetBeforeReference="-20160" TimeOffsetAfterReference="44640"/> -->
	<!-- <NavigationRule Property="memberOf" Resource="CN=GU_GIE_A_GDPS_SUPPORT,OU=Groupes,OU=GIE,DC=ygie,DC=ytech" SingleRole="SR_AD_A_P0127_SUPPORT" TimeOffsetReference="Around" TimeOffsetBeforeReference="-20160" TimeOffsetAfterReference="44640"/> -->
	<!-- <NavigationRule Property="memberOf" Resource="CN=GU_GIE_A_DSTG_DEV_YGIE,OU=Groupes,OU=GIE,DC=ygie,DC=ytech" SingleRole="SR_AD_A_S0477_DEV_YGIE" TimeOffsetReference="Around" TimeOffsetBeforeReference="-20160" TimeOffsetAfterReference="44640"/> -->
	<!-- <NavigationRule Property="memberOf" Resource="CN=GU_GIE_A_AVFP_DBOW_SQL,OU=Groupes,OU=GIE,DC=ygie,DC=ytech" SingleRole="SR_AD_A_S0630_DBOW_SQL" TimeOffsetReference="Around" TimeOffsetBeforeReference="-20160" TimeOffsetAfterReference="44640"/> -->
	<!-- <NavigationRule Property="memberOf" Resource="CN=GU_CAT_A_EMIR_Admin,OU=Groupes,OU=GIE,DC=ygie,DC=ytech" SingleRole="SR_AD_A_S0760_ADMIN" TimeOffsetReference="Around" TimeOffsetBeforeReference="-20160" TimeOffsetAfterReference="44640"/> -->
	<!-- <NavigationRule Property="memberOf" Resource="CN=GU_GIE_A_PTSI_Admin,OU=Groupes,OU=GIE,DC=ygie,DC=ytech" SingleRole="SR_AD_A_S1030_Admin" TimeOffsetReference="Around" TimeOffsetBeforeReference="-20160" TimeOffsetAfterReference="44640"/> -->
	<!-- <NavigationRule Property="memberOf" Resource="CN=GU_GIE_A_XIES_LDA_MOE_Admin,OU=Groupes,OU=GIE,DC=ygie,DC=ytech" SingleRole="SR_AD_A_S1281_LDA_MOE_ADMIN" TimeOffsetReference="Around" TimeOffsetBeforeReference="-20160" TimeOffsetAfterReference="44640"/> -->
	<!-- <NavigationRule Property="memberOf" Resource="CN=GU_GIE_A_ZPL_ZDP-R-RW,OU=Groupes,OU=GIE,DC=ygie,DC=ytech" SingleRole="SR_AD_A_ZPL0_ZDP-R-RW" TimeOffsetReference="Around" TimeOffsetBeforeReference="-20160" TimeOffsetAfterReference="44640"/> -->
	<!-- <NavigationRule Property="memberOf" Resource="CN=GU_GIE_A_LAP0CAGIP_HPR_SA,OU=Groupes,OU=GIE,DC=ygie,DC=ytech" SingleRole="SR_AD_A_LAP0_CAGIP_HPR_SA" TimeOffsetReference="Around" TimeOffsetBeforeReference="-20160" TimeOffsetAfterReference="44640"/> -->
	<!-- <NavigationRule Property="memberOf" Resource="CN=GU_GIE_A_LAP0CAGIP_HPR_SA,OU=Groupes,OU=GIE,DC=ygie,DC=ytech" SingleRole="SR_AD_A_LAP0_CAGIP_HPR_SA" TimeOffsetReference="Around" TimeOffsetBeforeReference="-20160" TimeOffsetAfterReference="44640"/> -->
	<!-- <NavigationRule Property="memberOf" Resource="CN=GU_GIE_S_S0193_SQL-HPR-RO,OU=Groupes,OU=GIE,DC=ygie,DC=ytech" SingleRole="SR_AD_S0193_SQL-HPR-RO" TimeOffsetReference="Around" TimeOffsetBeforeReference="-20160" TimeOffsetAfterReference="44640"/> -->
	<!-- <NavigationRule Property="memberOf" Resource="CN=GU_GIE_S_S0193_SQL-HPR-RW,OU=Groupes,OU=GIE,DC=ygie,DC=ytech" SingleRole="SR_AD_S0193_SQL-HPR-RW" TimeOffsetReference="Around" TimeOffsetBeforeReference="-20160" TimeOffsetAfterReference="44640"/> -->
	<!-- <NavigationRule Property="memberOf" Resource="CN=GU_GIE_A_DSTG_DEV_YGIE,OU=Groupes,OU=GIE,DC=ygie,DC=ytech" SingleRole="SR_AD_A_S0477_DEV_YGIE" TimeOffsetReference="Around" TimeOffsetBeforeReference="-20160" TimeOffsetAfterReference="44640"/> -->
	
<!-- </ResourceType> -->

<!-- <ResourceType MaximumDelete="0" MaximumDeletePercent="5" MaximumInsert="0" MaximumInsertPercent="5" MaximumUpdate="0" MaximumUpdatePercent="5" Identifier="AD_YGIE_Entry_NominativeUser" > -->
	<!-- <NavigationRule Property="memberOf" Resource="CN=GU_DA0_A_ATM0_ADM,OU=Groupes,OU=GIE,DC=ygie,DC=ytech" SingleRole="SR_AD_DA0_ATM0_ADM" TimeOffsetReference="Around" TimeOffsetBeforeReference="-20160" TimeOffsetAfterReference="44640"/> -->
	<!-- <NavigationRule Property="memberOf" Resource="CN=GU_GIE_A_NXUS_USER,OU=Groupes,OU=GIE,DC=ygie,DC=ytech" SingleRole="SR_AD_NXUS_USER0" TimeOffsetReference="Around" TimeOffsetBeforeReference="-20160" TimeOffsetAfterReference="44640"/> -->
	<!-- <NavigationRule Property="memberOf" Resource="CN=GU_GIE_A_SDGE_AD,OU=Groupes,OU=GIE,DC=ygie,DC=ytech" SingleRole="SR_AD_P0199_AD" TimeOffsetReference="Around" TimeOffsetBeforeReference="-20160" TimeOffsetAfterReference="44640"/> -->
	<!-- <NavigationRule Property="memberOf" Resource="CN=GU_R10_A_ATM0_ADM,OU=Groupes,OU=GIE,DC=ygie,DC=ytech" SingleRole="SR_AD_R10_ATM0_ADM" TimeOffsetReference="Around" TimeOffsetBeforeReference="-20160" TimeOffsetAfterReference="44640"/> -->
	<!-- <NavigationRule Property="memberOf" Resource="CN=GU_GIE_A_HRAC_SW_BURA,OU=Groupes,OU=GIE,DC=ygie,DC=ytech" SingleRole="SR_AD_S0054_SW_BURA" TimeOffsetReference="Around" TimeOffsetBeforeReference="-20160" TimeOffsetAfterReference="44640"/> -->
	<!-- <NavigationRule Property="memberOf" Resource="CN=GU_GIE_A_XIJK_HOMOL,OU=Groupes,OU=GIE,DC=ygie,DC=ytech" SingleRole="SR_AD_S0651_HOMOL" TimeOffsetReference="Around" TimeOffsetBeforeReference="-20160" TimeOffsetAfterReference="44640"/> -->
	<!-- <NavigationRule Property="memberOf" Resource="CN=GU_GIE_A_JNK0_CD_INTEG_MKJOB,OU=Groupes,OU=GIE,DC=ygie,DC=ytech" SingleRole="SR_AD_S0668_CD_INTEG_MKJOB" TimeOffsetReference="Around" TimeOffsetBeforeReference="-20160" TimeOffsetAfterReference="44640"/> -->
	<!-- <NavigationRule Property="memberOf" Resource="CN=GU_GIE_A_JNK0_CD_INTEG_OPS,OU=Groupes,OU=GIE,DC=ygie,DC=ytech" SingleRole="SR_AD_S0668_CD_INTEG_OPS" TimeOffsetReference="Around" TimeOffsetBeforeReference="-20160" TimeOffsetAfterReference="44640"/> -->
	<!-- <NavigationRule Property="memberOf" Resource="CN=GU_GIE_A_JNK0_CD_INTEG_VISIT,OU=Groupes,OU=GIE,DC=ygie,DC=ytech" SingleRole="SR_AD_S0668_CD_INTEG_VISIT" TimeOffsetReference="Around" TimeOffsetBeforeReference="-20160" TimeOffsetAfterReference="44640"/> -->
	<!-- <NavigationRule Property="memberOf" Resource="CN=GU_GIE_A_JNK0_CD_NEHOM_MKJOB,OU=Groupes,OU=GIE,DC=ygie,DC=ytech" SingleRole="SR_AD_S0668_CD_NEHOM_MKJOB" TimeOffsetReference="Around" TimeOffsetBeforeReference="-20160" TimeOffsetAfterReference="44640"/> -->
	<!-- <NavigationRule Property="memberOf" Resource="CN=GU_GIE_A_JNK0_CD_NEHOM_VISIT,OU=Groupes,OU=GIE,DC=ygie,DC=ytech" SingleRole="SR_AD_S0668_CD_NEHOM_VISIT" TimeOffsetReference="Around" TimeOffsetBeforeReference="-20160" TimeOffsetAfterReference="44640"/> -->
	<!-- <NavigationRule Property="memberOf" Resource="CN=GU_GIE_A_JNK0_CD_PROD_MKJOB,OU=Groupes,OU=GIE,DC=ygie,DC=ytech" SingleRole="SR_AD_S0668_CD_PROD_MKJOB" TimeOffsetReference="Around" TimeOffsetBeforeReference="-20160" TimeOffsetAfterReference="44640"/> -->
	<!-- <NavigationRule Property="memberOf" Resource="CN=GU_GIE_A_JNK0_CD_PROD_VISIT,OU=Groupes,OU=GIE,DC=ygie,DC=ytech" SingleRole="SR_AD_S0668_CD_PROD_VISIT" TimeOffsetReference="Around" TimeOffsetBeforeReference="-20160" TimeOffsetAfterReference="44640"/> -->
	<!-- <NavigationRule Property="memberOf" Resource="CN=GU_GIE_A_JNK0_OPS_ADMIN,OU=Groupes,OU=GIE,DC=ygie,DC=ytech" SingleRole="SR_AD_S0668_OPS_ADMIN" TimeOffsetReference="Around" TimeOffsetBeforeReference="-20160" TimeOffsetAfterReference="44640"/> -->
	<!-- <NavigationRule Property="memberOf" Resource="CN=GU_GIE_A_ZPL_ZDP-D-RO,OU=Groupes,OU=GIE,DC=ygie,DC=ytech" SingleRole="SR_AD_ZPL0_ZDP-D-RO" TimeOffsetReference="Around" TimeOffsetBeforeReference="-20160" TimeOffsetAfterReference="44640"/> -->
	
	<!-- <NavigationRule Property="memberOf" Resource="CN=GU_GIE_A_BDOC_DW,OU=Groupes,OU=GIE,DC=ygie,DC=ytech" SingleRole="SR_AD_P0111_DW" TimeOffsetReference="Around" TimeOffsetBeforeReference="-20160" TimeOffsetAfterReference="44640"/> -->
	<!-- <NavigationRule Property="memberOf" Resource="CN=GU_GIE_A_PRCO_MOE,OU=Groupes,OU=GIE,DC=ygie,DC=ytech" SingleRole="SR_AD_P0202_MOE" TimeOffsetReference="Around" TimeOffsetBeforeReference="-20160" TimeOffsetAfterReference="44640"/> -->
	<!-- <NavigationRule Property="memberOf" Resource="CN=GU_GIE_A_SAS0_DEV,OU=Groupes,OU=GIE,DC=ygie,DC=ytech" SingleRole="SR_AD_P0214_DEV" TimeOffsetReference="Around" TimeOffsetBeforeReference="-20160" TimeOffsetAfterReference="44640"/> -->
	<!-- <NavigationRule Property="memberOf" Resource="CN=GU_GIE_A_OFIS_IPSO_A,OU=Groupes,OU=GIE,DC=ygie,DC=ytech" SingleRole="SR_AD_P0276_IPSO_A" TimeOffsetReference="Around" TimeOffsetBeforeReference="-20160" TimeOffsetAfterReference="44640"/> -->
	<!-- <NavigationRule Property="memberOf" Resource="CN=GU_GIE_A_PFCC_MOE,OU=Groupes,OU=GIE,DC=ygie,DC=ytech" SingleRole="SR_AD_S0546_MOE" TimeOffsetReference="Around" TimeOffsetBeforeReference="-20160" TimeOffsetAfterReference="44640"/> -->
	<!-- <NavigationRule Property="memberOf" Resource="CN=GU_GIE_A_BAM0_MSE_D-Exploitation,OU=Groupes,OU=GIE,DC=ygie,DC=ytech" SingleRole="SR_AD_S2044_MSE_D-EXPLOITATION" TimeOffsetReference="Around" TimeOffsetBeforeReference="-20160" TimeOffsetAfterReference="44640"/> -->
	<!-- <NavigationRule Property="memberOf" Resource="CN=GU_CAT_H_DG01000,OU=Groupes,OU=MOE,DC=ygie,DC=ytech" SingleRole="SR_AD_DG01000" TimeOffsetReference="Around" TimeOffsetBeforeReference="-20160" TimeOffsetAfterReference="44640"/> -->
	<!-- <NavigationRule Property="memberOf" Resource="CN=GU_GIE_A_BAM1_CL,OU=Groupes,OU=GIE,DC=ygie,DC=ytech" SingleRole="SR_AD_BAM1_CL" TimeOffsetReference="Around" TimeOffsetBeforeReference="-20160" TimeOffsetAfterReference="44640"/> -->
	<!-- <NavigationRule Property="memberOf" Resource="CN=GU_GIE_A_DTWH_DEV,OU=Groupes,OU=GIE,DC=ygie,DC=ytech" SingleRole="SR_AD_DTWH_DEV" TimeOffsetReference="Around" TimeOffsetBeforeReference="-20160" TimeOffsetAfterReference="44640"/> -->
	<!-- <NavigationRule Property="memberOf" Resource="CN=GU _GIE_A_GEPC_DR,OU=Groupes,OU=GIE,DC=ygie,DC=ytech" SingleRole="SR_AD_GEPC_DR" TimeOffsetReference="Around" TimeOffsetBeforeReference="-20160" TimeOffsetAfterReference="44640"/> -->
	<!-- <NavigationRule Property="memberOf" Resource="CN=GU_GLO_A_HPS_USR,OU=Groupes,OU=GIE,DC=ygie,DC=ytech" SingleRole="SR_AD_HPS_USR" TimeOffsetReference="Around" TimeOffsetBeforeReference="-20160" TimeOffsetAfterReference="44640"/> -->
	<!-- <NavigationRule Property="memberOf" Resource="CN=GU_GIE_A_XIES_DR,OU=Groupes,OU=GIE,DC=ygie,DC=ytech" SingleRole="SR_AD_S1281_DR" TimeOffsetReference="Around" TimeOffsetBeforeReference="-20160" TimeOffsetAfterReference="44640"/> -->
	<!-- <NavigationRule Property="memberOf" Resource="CN=GU_GLO_A_VCE_ADM,OU=Groupes,OU=GIE,DC=ygie,DC=ytech" SingleRole="SR_AD_VCE_ADM" TimeOffsetReference="Around" TimeOffsetBeforeReference="-20160" TimeOffsetAfterReference="44640"/> -->
	<!-- <NavigationRule Property="memberOf" Resource="CN=GU_GLO_A_VMW_USR,OU=Groupes,OU=GIE,DC=ygie,DC=ytech" SingleRole="SR_AD_VMW_USR" TimeOffsetReference="Around" TimeOffsetBeforeReference="-20160" TimeOffsetAfterReference="44640"/> -->
	<!-- <NavigationRule Property="memberOf" Resource="CN=GU_CAT_F_DETACHE,OU=Groupes,OU=MOE,DC=ygie,DC=ytech" SingleRole="SR_AD_DETACHE_CAT" TimeOffsetReference="Around" TimeOffsetBeforeReference="-20160" TimeOffsetAfterReference="44640"/> -->
	<!-- <NavigationRule Property="memberOf" Resource="CN=GU_CAT_F_EXTERNE,OU=Groupes,OU=MOE,DC=ygie,DC=ytech" SingleRole="SR_AD_EXTERNE_CAT" TimeOffsetReference="Around" TimeOffsetBeforeReference="-20160" TimeOffsetAfterReference="44640"/> -->
	<!-- <NavigationRule Property="memberOf" Resource="CN=GU_GIE_A_XIDA_WFI,OU=Groupes,OU=GIE,DC=ygie,DC=ytech" SingleRole="SR_AD_S2105_LECTURE_WFI" TimeOffsetReference="Around" TimeOffsetBeforeReference="-20160" TimeOffsetAfterReference="44640"/> -->
	<!-- <NavigationRule Property="memberOf" Resource="CN=GU_CAT_H_DG01000,OU=Groupes,OU=MOE,DC=ygie,DC=ytech" SingleRole="SR_AD_DG01000" TimeOffsetReference="Around" TimeOffsetBeforeReference="-20160" TimeOffsetAfterReference="44640"/> -->
<!-- </ResourceType> -->


</ConfigurationFile>