<ConfigurationFile xmlns="urn:schemas-usercube-com:configuration">

<ResourceType MaximumDelete="0" MaximumDeletePercent="5" MaximumInsert="0" MaximumInsertPercent="5" MaximumUpdate="0" MaximumUpdatePercent="5" Identifier="AD_ZADM_Entry_AdministrationUser" >
	<NavigationRule Property="memberOf" Resource="CN=GU_ADM_A_ADPR_AD_20,OU=Groupes d'administration,OU=Administration,DC=zadm,DC=ztech" SingleRole="SR_AD_ADPR_AD_20_ZADM" TimeOffsetReference="Around" TimeOffsetBeforeReference="-20160" TimeOffsetAfterReference="44640"/>
	<NavigationRule Property="memberOf" Resource="CN=GU_ADM_A_ADPR_AD_20,OU=Groupes d'administration,OU=Administration,DC=zadm,DC=ztech" SingleRole="SR_AD_ADPR_AD_20_ZADM" TimeOffsetReference="Around" TimeOffsetBeforeReference="-20160" TimeOffsetAfterReference="44640"/>
	<NavigationRule Property="memberOf" Resource="CN=GU_ADM_A_BSN0_WAB_Admin_Securite,OU=Groupes,OU=ADM,DC=zadm,DC=ztech" SingleRole="SR_AD_A_BSN0_WAB_Admin_Securite_ZADM" TimeOffsetReference="Around" TimeOffsetBeforeReference="-20160" TimeOffsetAfterReference="44640"/>
	<NavigationRule Property="memberOf" Resource="CN=GU_ADM_A_BSN0_WAB_Admin_Securite,OU=Groupes,OU=ADM,DC=zadm,DC=ztech" SingleRole="SR_AD_A_BSN0_WAB_Admin_Securite_ZADM" TimeOffsetReference="Around" TimeOffsetBeforeReference="-20160" TimeOffsetAfterReference="44640"/>
	<NavigationRule Property="memberOf" Resource="CN=GU_ADM_A_BSN0_WAB_Admin_Securite,OU=Groupes,OU=ADM,DC=zadm,DC=ztech" SingleRole="SR_AD_A_BSN0_WAB_Admin_Securite_ZADM" TimeOffsetReference="Around" TimeOffsetBeforeReference="-20160" TimeOffsetAfterReference="44640"/>
	<NavigationRule Property="memberOf" Resource="CN=GU_ADM_A_BSN0_WAB_Admin_Securite,OU=Groupes,OU=ADM,DC=zadm,DC=ztech" SingleRole="SR_AD_A_BSN0_WAB_Admin_Securite_ZADM" TimeOffsetReference="Around" TimeOffsetBeforeReference="-20160" TimeOffsetAfterReference="44640"/>
	<NavigationRule Property="memberOf" Resource="CN=GU_ADM_A_BSN0_WAB_Admin_Securite,OU=Groupes,OU=ADM,DC=zadm,DC=ztech" SingleRole="SR_AD_A_BSN0_WAB_Admin_Securite_ZADM" TimeOffsetReference="Around" TimeOffsetBeforeReference="-20160" TimeOffsetAfterReference="44640"/>
	<NavigationRule Property="memberOf" Resource="CN=GU_ADM_A_BSN0_WAB_Admin_Securite,OU=Groupes,OU=ADM,DC=zadm,DC=ztech" SingleRole="SR_AD_A_BSN0_WAB_Admin_Securite_ZADM" TimeOffsetReference="Around" TimeOffsetBeforeReference="-20160" TimeOffsetAfterReference="44640"/>
	<NavigationRule Property="memberOf" Resource="CN=GU_ADM_A_BSN0_WAB_Admin_Securite,OU=Groupes,OU=ADM,DC=zadm,DC=ztech" SingleRole="SR_AD_A_BSN0_WAB_Admin_Securite_ZADM" TimeOffsetReference="Around" TimeOffsetBeforeReference="-20160" TimeOffsetAfterReference="44640"/>
	
	<NavigationRule Property="memberOf" Resource="CN=GU_ADM_A_CZS0_AF,OU=Groupes,OU=ADM,DC=zadm,DC=ztech" SingleRole="SR_AD_CZS0_AF" TimeOffsetReference="Around" TimeOffsetBeforeReference="-20160" TimeOffsetAfterReference="44640"/>
	<NavigationRule Property="memberOf" Resource="CN=GU_ADM_A_CZS0_HMC,OU=Groupes,OU=ADM,DC=zadm,DC=ztech" SingleRole="SR_AD_CZS0_HMC" TimeOffsetReference="Around" TimeOffsetBeforeReference="-20160" TimeOffsetAfterReference="44640"/>
	<NavigationRule Property="memberOf" Resource="CN=GU_ADM_A_FWA0_HMC,OU=Groupes,OU=ADM,DC=zadm,DC=ztech" SingleRole="SR_AD_FWA0_HMC" TimeOffsetReference="Around" TimeOffsetBeforeReference="-20160" TimeOffsetAfterReference="44640"/>
	<NavigationRule Property="memberOf" Resource="CN=GU_ADM_A_FWA0_MAINVIEW,OU=Groupes,OU=ADM,DC=zadm,DC=ztech" SingleRole="SR_AD_FWA0_MAINVIEW" TimeOffsetReference="Around" TimeOffsetBeforeReference="-20160" TimeOffsetAfterReference="44640"/>
	<NavigationRule Property="memberOf" Resource="CN=GU_ADM_A_DCNM_HMC,OU=Groupes,OU=ADM,DC=zadm,DC=ztech" SingleRole="SR_AD_DCNM_HMC" TimeOffsetReference="Around" TimeOffsetBeforeReference="-20160" TimeOffsetAfterReference="44640"/>
	<NavigationRule Property="memberOf" Resource="CN=GU_ADM_F_MOB_GOLD,OU=Groupes,OU=ADM,DC=zadm,DC=ztech" SingleRole="SR_AD_MOB_GOLD" TimeOffsetReference="Around" TimeOffsetBeforeReference="-20160" TimeOffsetAfterReference="44640"/>
	<NavigationRule Property="memberOf" Resource="CN=GU_ADM_A_RSAV_SAV-1,OU=Groupes,OU=ADM,DC=zadm,DC=ztech" SingleRole="SR_AD_RSAV_SAV-1" TimeOffsetReference="Around" TimeOffsetBeforeReference="-20160" TimeOffsetAfterReference="44640"/>
	<NavigationRule Property="memberOf" Resource="CN=GU_ADM_A_RSAV_STO-1,OU=Groupes,OU=ADM,DC=zadm,DC=ztech" SingleRole="SR_AD_RSAV_STO-1" TimeOffsetReference="Around" TimeOffsetBeforeReference="-20160" TimeOffsetAfterReference="44640"/>
	<NavigationRule Property="memberOf" Resource="CN=GU_ADM_F_MOB_GOLD,OU=Groupes,OU=ADM,DC=zadm,DC=ztech" SingleRole="SR_AD_MOB_GOLD" TimeOffsetReference="Around" TimeOffsetBeforeReference="-20160" TimeOffsetAfterReference="44640"/>
</ResourceType>

</ConfigurationFile>