<ConfigurationFile xmlns="urn:schemas-usercube-com:configuration">

<!-- Lot 1  -->

<ResourceType MaximumDelete="0" MaximumDeletePercent="5" MaximumInsert="0" MaximumInsertPercent="5" MaximumUpdate="0" MaximumUpdatePercent="5" Identifier="AD_SGIE_Entry_AdministrationUser" >
	<NavigationRule Property="memberOf" Resource="CN=GU_GIE_A_ADPR_AD_20_SGIE,OU=Groupes d'administration,OU=Administration,DC=sgie,DC=stech" SingleRole="SR_AD_A_ADPR_AD_20_SGIE" TimeOffsetReference="Around" TimeOffsetBeforeReference="-20160" TimeOffsetAfterReference="44640"/>
	<NavigationRule Property="memberOf" Resource="CN=GU_GIE_A_ADPR_AD_20_SRES,OU=Groupes d'administration,OU=Administration,DC=sgie,DC=stech" SingleRole="SR_AD_A_ADPR_AD_20_SRES" TimeOffsetReference="Around" TimeOffsetBeforeReference="-20160" TimeOffsetAfterReference="44640"/>
	<NavigationRule Property="memberOf" Resource="CN=GU_GIE_A_ADPR_AIX_SRV_20_SRES,OU=Groupes d'administration,OU=Administration,DC=sgie,DC=stech" SingleRole="SR_AD_A_ADPR_AIX_SRV_20_SRES" TimeOffsetReference="Around" TimeOffsetBeforeReference="-20160" TimeOffsetAfterReference="44640"/>
	<NavigationRule Property="memberOf" Resource="CN=GU_GIE_A_ADPR_CDD_SRV_20_SRES,OU=Groupes d'administration,OU=Administration,DC=sgie,DC=stech" SingleRole="SR_AD_A_ADPR_CDD_SRV_20_SRES" TimeOffsetReference="Around" TimeOffsetBeforeReference="-20160" TimeOffsetAfterReference="44640"/>
	<NavigationRule Property="memberOf" Resource="CN=GU_GIE_A_ADPR_P3_SRV_20_SRES,OU=Groupes d'administration,OU=Administration,DC=sgie,DC=stech" SingleRole="SR_AD_A_ADPR_P3_SRV_20_SRES" TimeOffsetReference="Around" TimeOffsetBeforeReference="-20160" TimeOffsetAfterReference="44640"/>
	<NavigationRule Property="memberOf" Resource="CN=GU_GIE_A_ADPR_PDT_20_SGIE,OU=Groupes d'administration,OU=Administration,DC=sgie,DC=stech" SingleRole="SR_AD_A_ADPR_PDT_20_SGIE" TimeOffsetReference="Around" TimeOffsetBeforeReference="-20160" TimeOffsetAfterReference="44640"/>
	<NavigationRule Property="memberOf" Resource="CN=GU_GIE_A_ADPR_S4_SRV_20_SRES,OU=Groupes d'administration,OU=Administration,DC=sgie,DC=stech" SingleRole="SR_AD_A_ADPR_S4_SRV_20_SRES" TimeOffsetReference="Around" TimeOffsetBeforeReference="-20160" TimeOffsetAfterReference="44640"/>
	<NavigationRule Property="memberOf" Resource="CN=GU_GIE_A_ADPR_SRV_10_SCAM,OU=Groupes d'administration,OU=Administration,DC=sgie,DC=stech" SingleRole="SR_AD_A_ADPR_SRV_10_SCAM" TimeOffsetReference="Around" TimeOffsetBeforeReference="-20160" TimeOffsetAfterReference="44640"/>
	<NavigationRule Property="memberOf" Resource="CN=GU_GIE_A_ADPR_SRV_10_SGIE,OU=Groupes d'administration,OU=Administration,DC=sgie,DC=stech" SingleRole="SR_AD_A_ADPR_SRV_10_SGIE" TimeOffsetReference="Around" TimeOffsetBeforeReference="-20160" TimeOffsetAfterReference="44640"/>
	<NavigationRule Property="memberOf" Resource="CN=GU_GIE_A_ADPR_SRV_10_SRES,OU=Groupes d'administration,OU=Administration,DC=sgie,DC=stech" SingleRole="SR_AD_A_ADPR_SRV_10_SRES" TimeOffsetReference="Around" TimeOffsetBeforeReference="-20160" TimeOffsetAfterReference="44640"/>
	<NavigationRule Property="memberOf" Resource="CN=GU_GIE_A_ADPR_SRV_20_SCAM,OU=Groupes d'administration,OU=Administration,DC=sgie,DC=stech" SingleRole="SR_AD_A_ADPR_SRV_20_SCAM" TimeOffsetReference="Around" TimeOffsetBeforeReference="-20160" TimeOffsetAfterReference="44640"/>
	<NavigationRule Property="memberOf" Resource="CN=GU_GIE_A_ADPR_SRV_20_SGIE,OU=Groupes d'administration,OU=Administration,DC=sgie,DC=stech" SingleRole="SR_AD_A_ADPR_SRV_20_SGIE" TimeOffsetReference="Around" TimeOffsetBeforeReference="-20160" TimeOffsetAfterReference="44640"/>
	<NavigationRule Property="memberOf" Resource="CN=GU_GIE_A_ADPR_SRV_20_SRES,OU=Groupes d'administration,OU=Administration,DC=sgie,DC=stech" SingleRole="SR_AD_A_ADPR_SRV_20_SRES" TimeOffsetReference="Around" TimeOffsetBeforeReference="-20160" TimeOffsetAfterReference="44640"/>
	<NavigationRule Property="memberOf" Resource="CN=GU_GIE_A_ADPR_SX_SRV_20_SRES,OU=Groupes d'administration,OU=Administration,DC=sgie,DC=stech" SingleRole="SR_AD_A_ADPR_SX_SRV_20_SRES" TimeOffsetReference="Around" TimeOffsetBeforeReference="-20160" TimeOffsetAfterReference="44640"/>
	<NavigationRule Property="memberOf" Resource="CN=GU_GIE_A_ADPR_V1_SRV_20_SRES,OU=Groupes d'administration,OU=Administration,DC=sgie,DC=stech" SingleRole="SR_AD_A_ADPR_V1_SRV_20_SRES" TimeOffsetReference="Around" TimeOffsetBeforeReference="-20160" TimeOffsetAfterReference="44640"/>
	<NavigationRule Property="memberOf" Resource="CN=GU_GIE_A_ADRL_AD_10_SCAM,OU=Groupes d'administration,OU=Administration,DC=sgie,DC=stech" SingleRole="SR_AD_A_ADRL_AD_10_SCAM" TimeOffsetReference="Around" TimeOffsetBeforeReference="-20160" TimeOffsetAfterReference="44640"/>
	<NavigationRule Property="memberOf" Resource="CN=GU_GIE_A_ADRL_AD_10_SGIE,OU=Groupes d'administration,OU=Administration,DC=sgie,DC=stech" SingleRole="SR_AD_A_ADRL_AD_10_SGIE" TimeOffsetReference="Around" TimeOffsetBeforeReference="-20160" TimeOffsetAfterReference="44640"/>
	<NavigationRule Property="memberOf" Resource="CN=GU_GIE_A_ADRL_AD_10_SRES,OU=Groupes d'administration,OU=Administration,DC=sgie,DC=stech" SingleRole="SR_AD_A_ADRL_AD_10_SRES" TimeOffsetReference="Around" TimeOffsetBeforeReference="-20160" TimeOffsetAfterReference="44640"/>
	<NavigationRule Property="memberOf" Resource="CN=GU_GIE_A_BSN0_WAB_Admin_Securite,OU=Groupes,OU=GIE,DC=sgie,DC=stech" SingleRole="SR_AD_A_BSN0_WAB_ADMIN_SECURITE" TimeOffsetReference="Around" TimeOffsetBeforeReference="-20160" TimeOffsetAfterReference="44640"/>
	<NavigationRule Property="memberOf" Resource="CN=GU_CAT_A_GSAD_U,OU=Groupes,OU=MOE,DC=sgie,DC=stech" SingleRole="SR_AD_A_GSAD_U" TimeOffsetReference="Around" TimeOffsetBeforeReference="-20160" TimeOffsetAfterReference="44640"/>
	<NavigationRule Property="memberOf" Resource="CN=GU_GIE_A_TDIS_USERWEBAPP,OU=Groupes,OU=GIE,DC=sgie,DC=stech" SingleRole="SR_AD_A_TDIS_USERWEBAPP" TimeOffsetReference="Around" TimeOffsetBeforeReference="-20160" TimeOffsetAfterReference="44640"/>
	
	
	
	<NavigationRule Property="memberOf" Resource="CN=ADM-Administrateurs des serveurs Windows de S complet,OU=Groupes d'administration,OU=Administration,DC=sgie,DC=stech" SingleRole="SR_AD_A_ADM-ADMINISTRATEURS_DES_SERVEURS_WINDOWS_COMPLET_GIE" TimeOffsetReference="Around" TimeOffsetBeforeReference="-20160" TimeOffsetAfterReference="44640"/>
	<NavigationRule Property="memberOf" Resource="CN=ADM-Administrateurs des serveurs Windows,OU=Groupes d'administration,OU=Administration,DC=sgie,DC=stech" SingleRole="SR_AD_A_ADM-ADMINISTRATEURS_DES_SERVEURS_WINDOWS_GIE" TimeOffsetReference="Around" TimeOffsetBeforeReference="-20160" TimeOffsetAfterReference="44640"/>
	<NavigationRule Property="memberOf" Resource="CN=GU_GIE_A_ADPR_AD_10_SCAM,OU=Groupes d'administration,OU=Administration,DC=sgie,DC=stech" SingleRole="SR_AD_A_ADPR_AD_10_SCAM" TimeOffsetReference="Around" TimeOffsetBeforeReference="-20160" TimeOffsetAfterReference="44640"/>
	<NavigationRule Property="memberOf" Resource="CN=GU_GIE_A_ADPR_AD_10_SGIE,OU=Groupes d'administration,OU=Administration,DC=sgie,DC=stech" SingleRole="SR_AD_A_ADPR_AD_10_SGIE" TimeOffsetReference="Around" TimeOffsetBeforeReference="-20160" TimeOffsetAfterReference="44640"/>
	<NavigationRule Property="memberOf" Resource="CN=GU_GIE_A_ADPR_D1_SRV_20_SRES,OU=Groupes d'administration,OU=Administration,DC=sgie,DC=stech" SingleRole="SR_AD_A_ADPR_D1_SRV_20_SRES" TimeOffsetReference="Around" TimeOffsetBeforeReference="-20160" TimeOffsetAfterReference="44640"/>
	<NavigationRule Property="memberOf" Resource="CN=GU_GIE_A_ADPR_D1_SRV_30_SRES,OU=Groupes d'administration,OU=Administration,DC=sgie,DC=stech" SingleRole="SR_AD_A_ADPR_D1_SRV_30_SRES" TimeOffsetReference="Around" TimeOffsetBeforeReference="-20160" TimeOffsetAfterReference="44640"/>
	<NavigationRule Property="memberOf" Resource="CN=GU_GIE_A_ADPR_GENE_SRV_20_SRES,OU=Groupes d'administration,OU=Administration,DC=sgie,DC=stech" SingleRole="SR_AD_A_ADPR_GENE_SRV_20_SRES" TimeOffsetReference="Around" TimeOffsetBeforeReference="-20160" TimeOffsetAfterReference="44640"/>
	<NavigationRule Property="memberOf" Resource="CN=GU_GIE_A_ADPR_HY_SRV_10_SRES,OU=Groupes d'administration,OU=Administration,DC=sgie,DC=stech" SingleRole="SR_AD_A_ADPR_HY_SRV_10_SRES" TimeOffsetReference="Around" TimeOffsetBeforeReference="-20160" TimeOffsetAfterReference="44640"/>
	<NavigationRule Property="memberOf" Resource="CN=GU_GIE_A_ADPR_HY_SRV_20_SRES,OU=Groupes d'administration,OU=Administration,DC=sgie,DC=stech" SingleRole="SR_AD_A_ADPR_HY_SRV_20_SRES" TimeOffsetReference="Around" TimeOffsetBeforeReference="-20160" TimeOffsetAfterReference="44640"/>
	<NavigationRule Property="memberOf" Resource="CN=GU_GIE_A_ADPR_P2_SRV_20_SRES,OU=Groupes d'administration,OU=Administration,DC=sgie,DC=stech" SingleRole="SR_AD_A_ADPR_P2_SRV_20_SRES" TimeOffsetReference="Around" TimeOffsetBeforeReference="-20160" TimeOffsetAfterReference="44640"/>
	<NavigationRule Property="memberOf" Resource="CN=GU_GIE_A_ADPR_R0_SRV_20_SRES,OU=Groupes d'administration,OU=Administration,DC=sgie,DC=stech" SingleRole="SR_AD_A_ADPR_R0_SRV_20_SRES" TimeOffsetReference="Around" TimeOffsetBeforeReference="-20160" TimeOffsetAfterReference="44640"/>
	<NavigationRule Property="memberOf" Resource="CN=GU_GIE_A_ADPR_SAB_SRV_10_SRES,OU=Groupes d'administration,OU=Administration,DC=sgie,DC=stech" SingleRole="SR_AD_A_ADPR_SAB_SRV_10_SRES" TimeOffsetReference="Around" TimeOffsetBeforeReference="-20160" TimeOffsetAfterReference="44640"/>
	<NavigationRule Property="memberOf" Resource="CN=GU_GIE_A_ADPR_SX_SRV_10_SRES,OU=Groupes d'administration,OU=Administration,DC=sgie,DC=stech" SingleRole="SR_AD_A_ADPR_SX_SRV_10_SRES" TimeOffsetReference="Around" TimeOffsetBeforeReference="-20160" TimeOffsetAfterReference="44640"/>
	<NavigationRule Property="memberOf" Resource="CN=GU_GIE_A_ADPR_USIN_SRV_20_SRES,OU=Groupes d'administration,OU=Administration,DC=sgie,DC=stech" SingleRole="SR_AD_A_ADPR_USIN_SRV_20_SRES" TimeOffsetReference="Around" TimeOffsetBeforeReference="-20160" TimeOffsetAfterReference="44640"/>
	<NavigationRule Property="memberOf" Resource="CN=GU_GIE_A_ADPR_ZABX_SRV_20_SRES,OU=Groupes d'administration,OU=Administration,DC=sgie,DC=stech" SingleRole="SR_AD_A_ADPR_ZABX_SRV_20_SRES" TimeOffsetReference="Around" TimeOffsetBeforeReference="-20160" TimeOffsetAfterReference="44640"/>
	<NavigationRule Property="memberOf" Resource="CN=GU_GIE_A_ADRL_AD_DA_BSN_SCAM,OU=Groupes d'administration,OU=Administration,DC=sgie,DC=stech" SingleRole="SR_AD_A_ADRL_AD_DA_BSN_SCAM" TimeOffsetReference="Around" TimeOffsetBeforeReference="-20160" TimeOffsetAfterReference="44640"/>
	<NavigationRule Property="memberOf" Resource="CN=GU_GIE_A_ADRL_AD_DA_BSN_SGIE,OU=Groupes d'administration,OU=Administration,DC=sgie,DC=stech" SingleRole="SR_AD_A_ADRL_AD_DA_BSN_SGIE" TimeOffsetReference="Around" TimeOffsetBeforeReference="-20160" TimeOffsetAfterReference="44640"/>
	<NavigationRule Property="memberOf" Resource="CN=GU_GIE_A_ADRL_AD_DA_BSN_SRES,OU=Groupes d'administration,OU=Administration,DC=sgie,DC=stech" SingleRole="SR_AD_A_ADRL_AD_DA_BSN_SRES" TimeOffsetReference="Around" TimeOffsetBeforeReference="-20160" TimeOffsetAfterReference="44640"/>
	<NavigationRule Property="memberOf" Resource="CN=GU_GIE_A_BSN0_MAINFRAME_ETA0107,OU=Groupes,OU=GIE,DC=sgie,DC=stech" SingleRole="SR_AD_A_BSN0_MAINFRAME_ETA0107" TimeOffsetReference="Around" TimeOffsetBeforeReference="-20160" TimeOffsetAfterReference="44640"/>
	<NavigationRule Property="memberOf" Resource="CN=GU_GLO_A_VMW_ADM,OU=Groupes,OU=GIE,DC=sgie,DC=stech" SingleRole="SR_AD_A_VMW_ADM" TimeOffsetReference="Around" TimeOffsetBeforeReference="-20160" TimeOffsetAfterReference="44640"/>
	<NavigationRule Property="memberOf" Resource="CN=GU_GIE_A_WBSS_ELARGI,OU=Groupes,OU=GIE,DC=sgie,DC=stech" SingleRole="SR_AD_A_WBSS_ELARGI" TimeOffsetReference="Around" TimeOffsetBeforeReference="-20160" TimeOffsetAfterReference="44640"/>
</ResourceType>

<ResourceType MaximumDelete="0" MaximumDeletePercent="5" MaximumInsert="0" MaximumInsertPercent="5" MaximumUpdate="0" MaximumUpdatePercent="5" Identifier="AD_SGIE_Entry_NominativeUser" >
	<NavigationRule Property="memberOf" Resource="" SingleRole="SR_AD_WBSS_CSE" TimeOffsetReference="Around" TimeOffsetBeforeReference="-20160" TimeOffsetAfterReference="44640"/>
</ResourceType>



<!-- Lot 2  -->
<!-- <ResourceType MaximumDelete="0" MaximumDeletePercent="5" MaximumInsert="0" MaximumInsertPercent="5" MaximumUpdate="0" MaximumUpdatePercent="5" Identifier="AD_SGIE_Entry_AdministrationUser" > -->
	<!-- <NavigationRule Property="memberOf" Resource="CN=GU_GIE_A_VCSPOWERUSER,OU=Groupes,OU=GIE,DC=sgie,DC=stech" SingleRole="SR_AD_A_VCS0_POWERUSER" TimeOffsetReference="Around" TimeOffsetBeforeReference="-20160" TimeOffsetAfterReference="44640"/> -->
<!-- </ResourceType> -->


<!-- <ResourceType MaximumDelete="0" MaximumDeletePercent="5" MaximumInsert="0" MaximumInsertPercent="5" MaximumUpdate="0" MaximumUpdatePercent="5" Identifier="AD_SGIE_Entry_NominativeUser" > -->
	<!-- <NavigationRule Property="memberOf" Resource="CN=GU_CAT_F_DETACHE,OU=Groupes,OU=MOE,DC=sgie,DC=stech" SingleRole="SR_AD_DETACHE_CAT" TimeOffsetReference="Around" TimeOffsetBeforeReference="-20160" TimeOffsetAfterReference="44640"/> -->
	<!-- <NavigationRule Property="memberOf" Resource="CN=GU_CAT_F_DETACHE,OU=Groupes,OU=MOE,DC=sgie,DC=stech" SingleRole="SR_AD_DETACHE_CAT" TimeOffsetReference="Around" TimeOffsetBeforeReference="-20160" TimeOffsetAfterReference="44640"/> -->
<!-- </ResourceType> -->

</ConfigurationFile>