﻿
<ConfigurationFile xmlns:xsi="http:/www.w3.org/2001/XMLSchema-instance" xmlns:xsd="http:/www.w3.org/2001/XMLSchema" xmlns="urn:schemas-usercube-com:configuration">
  <Connection Identifier="PowerShellMetisFulfillmentMETISGroup" Package="Usercube.Powershell@0000001" DisplayName_L1="METISGroupConnection" Connector="METIS_Group"  />
  <Connection Identifier="METISGroupUser" Package="Usercube.CSV@0000001" DisplayName_L1="METISGroupUser" Connector="METIS_Group" />

  <Connector MaxLinkPercentageDeletedLines="30" MaxLinkPercentageInsertedLines="30" MaxPercentageDeletedLines="30" MaxPercentageInsertedLines="30" MaxPercentageUpdatedLines="30" MaximumDeletedLines="0" MaximumInsertedLines="0" MaximumLinkDeletedLines="0" MaximumLinkInsertedLines="0" MaximumUpdatedLines="0" Identifier="METIS_Group" DisplayName_L1="Metis METIS_Group" Agent="Local" />
  
  <!--ENTITY TYPE-->
  <EntityType Identifier="METIS_GroupUser" DisplayName_L1="METIS_GroupUser">
	<Property Identifier="employeeId" DisplayName_L1="Identifiant IAM" IsKey="true" TargetColumnIndex="4" Type="String" />
    <Property Identifier="fullname" DisplayName_L1="Collaborateur" TargetColumnIndex="5" Type="String" />
    <Property Identifier="mail" DisplayName_L1="Mail" TargetColumnIndex="6" Type="String" />
    <Property Identifier="loginZoe" DisplayName_L1="Login ZOE" TargetColumnIndex="7" Type="String" />
	<Property Identifier="manager" DisplayName_L1="Manager" TargetColumnIndex="8" Type="String" />
	<Property Identifier="contact" DisplayName_L1="Contact" TargetColumnIndex="9" Type="String" />
	<Property Identifier="batiment" DisplayName_L1="Batiment" TargetColumnIndex="10" Type="String" />
	
	<Property Identifier="type" DisplayName_L1="Groupe" Type="ForeignKey" />
  </EntityType>
  
  <EntityType Identifier="METIS_GroupType" DisplayName_L1="METIS_GroupType">
    <Property Identifier="libelle" DisplayName_L1="Libellé" IsKey="true" TargetColumnIndex="4" Type="String" />
    <Property Identifier="users" DisplayName_L1="Détenteur" Type="ForeignKey" />
  </EntityType>
  <EntityPropertyExpression Identifier="METIS_GroupType_InternalDisplayName" Expression="C#:METIS_GroupType: return METIS_GroupType.libelle;" EntityType="METIS_GroupType" Property="InternalDisplayName" />
  
  <!--ENTITY TYPE ASSOCIATION-->
  <EntityAssociation DisplayName_L1="Type_Users" Identifier="METIS_GroupType_Users" Property1="METIS_GroupUser:type" Property2="METIS_GroupType:users" IsProperty1Collection="true" IsProperty2Collection="true" />


  <!--ENTITY TYPE MAPPING-->
  <EntityTypeMapping MaximumDeletedLines="0" MaximumInsertedLines="0" MaximumUpdatedLines="0" MaxPercentageDeletedLines="30" MaxPercentageInsertedLines="30" MaxPercentageUpdatedLines="30" Connector="METIS_Group" Identifier="METIS_GroupUser" ConnectionTable="METISGroupUser">
	<Property Identifier="employeeId" ConnectionColumn="user.u_code_iam" />
	<Property Identifier="fullname" ConnectionColumn="user.name" />
	<Property Identifier="mail" ConnectionColumn="user.email" IsPrimaryKey="true" />
	<Property Identifier="loginZoe" ConnectionColumn="user.u_code_ut" />
  </EntityTypeMapping>
  
  <EntityTypeMapping MaximumDeletedLines="0" MaximumInsertedLines="0" MaximumUpdatedLines="0" MaxPercentageDeletedLines="30" MaxPercentageInsertedLines="30" MaxPercentageUpdatedLines="30" Connector="METIS_Group" Identifier="METIS_GroupType">
	<Property Identifier="libelle" IsPrimaryKey="true" />
  </EntityTypeMapping>

  
  <!-- ASSOCIATION MAPPING -->
  <EntityAssociationMapping MaximumDeletedLines="0" MaximumInsertedLines="0" MaxPercentageDeletedLines="30" MaxPercentageInsertedLines="30" Identifier="METIS_GroupType_Users" Column1="user.email" Column2="group.name" ConnectionTable="METISGroupUser" EntityPropertyMapping1="METIS_GroupUser:mail" EntityPropertyMapping2="METIS_GroupType:libelle" Connector="METIS_Group" />

  
  
  <ViewTemplate EntityType="METIS_GroupUser" Profile="Administrator" />
  <ViewTemplate EntityType="METIS_GroupType" Profile="Administrator" />
  <ViewAccessControlRules EntityType="METIS_GroupUser" Profile="Administrator" />
  <ViewAccessControlRules EntityType="METIS_GroupType" Profile="Administrator" />

  <ReviewProvisioningAccessControlRules EntityType="METIS_GroupUser" Profile="Administrator" />
  <ReviewProvisioningAccessControlRules EntityType="METIS_GroupType" Profile="Administrator" />
  <ReconciliateRolesAccessControlRules EntityType="METIS_GroupUser" Profile="Administrator" />
  <ReconciliateRolesAccessControlRules EntityType="METIS_GroupType" Profile="Administrator" />

  <TargetResourceReport EntityType="METIS_GroupUser" Profile="Administrator" />
  <TargetResourceReport EntityType="METIS_GroupType" Profile="Administrator" />
  <TargetResourceReportAccessControlRules EntityType="METIS_GroupUser" Profile="Administrator" />
  <TargetResourceReportAccessControlRules EntityType="METIS_GroupType" Profile="Administrator" />
  <TargetResourceReportMenus EntityType="METIS_GroupUser" Profile="Administrator" />
  <TargetResourceReportMenus EntityType="METIS_GroupType" Profile="Administrator" />

   
</ConfigurationFile>
