﻿<ConfigurationFile xmlns="urn:schemas-usercube-com:configuration">
	
	<InvokeExpressionTask Identifier="Lecture_Metis_Groupes_METIS" DisplayName_L1="Lecture METIS Groupes Metis" InputPath="D:/CAGIP_IAM/Powershell/Lecture_Metis_Groupes_METIS_table.ps1" />
	
	<CreateConnectorSynchroComplete JobIdentifier="Metis_Synchronization_Group" Connector="METIS_Group" DisplayName_L1="Metis - Lecture - Groupes Metis" OldAlgorithm="true">
		<CronTabExpression CronTimeZone="ServerTime" CronTab="59 20 * * *" />
        <OpenIdIdentifier Identifier="accessJob" />
		<!-- <AddTask Task="Lecture_Metis_Groupes_METIS" Before="true" TaskToCompareWith="METIS_Group_PrepareSynchronization_Complete" /> -->
		<AddTask Task="Lecture_Metis_Groupes_METIS" Before="true" TaskToCompareWith="METIS_Group_Export_Complete_METISGroupUser" />
		<NoProvisioning />
    </CreateConnectorSynchroComplete>
	
	<CreateConnectorSynchroComplete JobIdentifier="Metis_Fulfillment_Group" Connector="METIS_Group" DisplayName_L1="Metis - Ecriture - Groupes Metis" OldAlgorithm="true">
		<CronTabExpression CronTimeZone="ServerTime" CronTab="57 6 * * *" />
        <OpenIdIdentifier Identifier="accessJob" />
		<NoSynchronization />
		
    </CreateConnectorSynchroComplete>
	
	
</ConfigurationFile>