﻿<ConfigurationFile xmlns="urn:schemas-usercube-com:configuration">
  

	<ResourceTypeMapping Identifier="Metis_Groupes" Connection="PowerShellMetisFulfillmentMETISGroup" />
	<ResourceType MaximumDelete="2" MaximumDeletePercent="0" MaximumInsert="2" MaximumInsertPercent="0" MaximumUpdate="2" MaximumUpdatePercent="0" Identifier="Metis_Groupes" SourceEntityType="Person" TargetEntityType="METIS_GroupUser" Policy="Default" Category="Metis" DisplayName_L1="Metis Groupes" >
		
		<ScalarRule Property="employeeId" Binding="EmployeeId" />
		<ScalarRule Property="loginZoe" Binding="LoginZoe" />
		<ScalarRule Property="manager" Binding="Responsible.Mail" />
		<ScalarRule Property="mail" Binding="Mail" />
		<ScalarRule Property="batiment" Expression="C#:PersonRecord:return String.IsNullOrEmpty(PersonRecord.Localisation.Batiment) ? PersonRecord.RHBatiment : PersonRecord.Localisation.Batiment ;" />
		
		<ScalarRule Property="contact" Expression="C#:PersonRecord:return String.IsNullOrEmpty(PersonRecord.ContactPrivilegie.Mail) ? PersonRecord.Responsible.Mail : PersonRecord.ContactPrivilegie.Mail ;" />
		
	</ResourceType>
	
	<ResourceCorrelationRule ResourceType="Metis_Groupes" SourceMatchedConfidenceLevel="101" SourceExpression="C#:PersonRecord: return PersonRecord.EmployeeId;" TargetBinding="employeeId" Policy="Default" />
	<ResourceCorrelationRule ResourceType="Metis_Groupes" SourceMatchedConfidenceLevel="100" SourceExpression="C#:PersonRecord: return (String.IsNullOrEmpty(PersonRecord.LoginZoe) || String.IsNullOrEmpty(PersonRecord.Mail)) ? &quot;DoNotReconciliateString&quot; : PersonRecord.Mail;" TargetExpression="C#:resource: return String.IsNullOrEmpty(resource.employeeId) ? resource.mail : &quot;EmployeeNotMatchingString&quot;;" Policy="Default" />
	
</ConfigurationFile>
