﻿<ConfigurationFile xmlns="urn:schemas-usercube-com:configuration">
  <DisplayTable Identifier="METIS_GroupUser" EntityType="METIS_GroupUser" DisplayTableDesignElement="resourcetable" IsEntityTypeDefault="true">
    <Column DisplayBinding="fullname" IsDisplayInSummaryView="true" IsResizable="true" IsSortable="true" CanBeFiltered="true" ColumnSize="2" />
    <Column DisplayBinding="mail" IsDisplayInSummaryView="true" IsResizable="true" IsSortable="true" CanBeFiltered="true" ColumnSize="2" />
  </DisplayTable>

  <DisplayEntityType Identifier="METIS_GroupUser" IconCode="TriangleUp12">
    <Property OutputType="BasicCollection" Identifier="type" />
  </DisplayEntityType>
  
  <DisplayTable Identifier="METIS_GroupType" EntityType="METIS_GroupType" DisplayTableDesignElement="table" IsEntityTypeDefault="true">
    <Column DisplayBinding="libelle" IsDisplayInSummaryView="true" IsResizable="true" IsSortable="true" CanBeFiltered="true" ColumnSize="2" />
  </DisplayTable>

  <DisplayEntityType Identifier="METIS_GroupType" IconCode="TriangleUp12">
    <Property OutputType="BasicCollection" Identifier="users" />
  </DisplayEntityType>

  <!-- resource.userPrincipalName ?? Usercube.Expressions.Functions.UtilExpressions.ToFormatedDN(resource.dn); -->
  <!--EntityPropertyExpression Identifier="METIS_GroupUser_InternalDisplayName" Expression="C#:resource:return test" EntityType="METIS_GroupUser" Property="InternalDisplayName" /-->
</ConfigurationFile>
