﻿
<ConfigurationFile xmlns:xsi="http:/www.w3.org/2001/XMLSchema-instance" xmlns:xsd="http:/www.w3.org/2001/XMLSchema" xmlns="urn:schemas-usercube-com:configuration">
  <Connection Identifier="PowerShellMetisFulfillmentPDTA" Package="Usercube.Powershell@0000001" DisplayName_L1="PDTAConnection" Connector="PDTA" DeactivationExportFulfill="Export" />
  <Connection Identifier="PDTAUser" Package="Usercube.CSV@0000001" DisplayName_L1="PDTAUser" Connector="PDTA" />

  <Connector MaxLinkPercentageDeletedLines="30" MaxLinkPercentageInsertedLines="30" MaxPercentageDeletedLines="30" MaxPercentageInsertedLines="30" MaxPercentageUpdatedLines="30" MaximumDeletedLines="0" MaximumInsertedLines="0" MaximumLinkDeletedLines="0" MaximumLinkInsertedLines="0" MaximumUpdatedLines="0" Identifier="PDTA" DisplayName_L1="Metis PDTA" Agent="Local" />
  
  <!--ENTITY TYPE-->
  <EntityType Identifier="PDTAUser" DisplayName_L1="PDTAUser">
    <Property Identifier="fullname" DisplayName_L1="Collaborateur" TargetColumnIndex="0" Type="String" />
    <Property Identifier="mail" DisplayName_L1="Mail" TargetColumnIndex="1" Type="String" />
	<Property Identifier="RITM_for_correlation" DisplayName_L1="Numéro du ticket METIS" TargetColumnIndex="2" Type="String" />
    <Property Identifier="employeeId" DisplayName_L1="Identifiant IAM" IsKey="true" TargetColumnIndex="3" Type="String" />
    <Property Identifier="loginZoe" DisplayName_L1="Login ZOE" IsKey="true" TargetColumnIndex="4" Type="String" />
	<Property Identifier="manager" DisplayName_L1="Manager" TargetColumnIndex="5" Type="String" />
	<Property Identifier="ville" DisplayName_L1="Ville" TargetColumnIndex="7" Type="String" />
	<Property Identifier="batiment" DisplayName_L1="Batiment" TargetColumnIndex="8" Type="String" />
	<Property Identifier="etage" DisplayName_L1="Etage" TargetColumnIndex="9" Type="String" />
	<Property Identifier="equipe" DisplayName_L1="Equipe" TargetColumnIndex="10" Type="String" />
	<Property Identifier="contact" DisplayName_L1="Contact" TargetColumnIndex="11" Type="String" />
	
	<Property Identifier="type" DisplayName_L1="type" Type="ForeignKey" />
  </EntityType>
  
  <EntityType Identifier="PDTAType" DisplayName_L1="PDTAType">
    <Property Identifier="reference" DisplayName_L1="Reference" IsKey="true" TargetColumnIndex="0" Type="String" />
    <Property Identifier="libelle" DisplayName_L1="Libellé" TargetColumnIndex="1" Type="String" />
    <Property Identifier="users" DisplayName_L1="Détenteur" Type="ForeignKey" />
  </EntityType>
  <EntityPropertyExpression Identifier="PDTAType_InternalDisplayName" Expression="C#:PDTAType: return PDTAType.libelle;" EntityType="PDTAType" Property="InternalDisplayName" />
  
  <!--ENTITY TYPE ASSOCIATION-->
  <EntityAssociation DisplayName_L1="Type_Users" Identifier="PDTAType_Users" Property1="PDTAUser:type" Property2="PDTAType:users" IsProperty1Collection="true" IsProperty2Collection="true" />


  <!--ENTITY TYPE MAPPING-->
  <EntityTypeMapping MaximumDeletedLines="0" MaximumInsertedLines="0" MaximumUpdatedLines="0" MaxPercentageDeletedLines="30" MaxPercentageInsertedLines="30" MaxPercentageUpdatedLines="30" Connector="PDTA" Identifier="PDTAUser" ConnectionTable="PDTAUser">
	<Property Identifier="fullname" ConnectionColumn="assigned_to.name" />
	<Property Identifier="mail" ConnectionColumn="assigned_to.email" IsPrimaryKey="true"/>
	<Property Identifier="employeeId" ConnectionColumn="assigned_to.u_code_iam"/>
	<Property Identifier="loginZoe" ConnectionColumn="assigned_to.u_code_ut"/>
	<Property Identifier="manager" ConnectionColumn="assigned_to.manager.email"/>
	<Property Identifier="equipe" ConnectionColumn="assigned_to.department.name"/>
  </EntityTypeMapping>
  <EntityTypeMapping MaximumDeletedLines="0" MaximumInsertedLines="0" MaximumUpdatedLines="0" MaxPercentageDeletedLines="30" MaxPercentageInsertedLines="30" MaxPercentageUpdatedLines="30" Connector="PDTA" Identifier="PDTAType">
	<!-- <Property Identifier="reference" ConnectionColumn="art_ref_STAN" IsPrimaryKey="true" /> -->
	<!-- <Property Identifier="libelle" ConnectionColumn="libelle" /> -->
  </EntityTypeMapping>
  <!-- <Resource Id="-5019" Type="PDTAType" C0="-5019" C1="PDTA GOLD" DisplayName_L1="PDTA GOLD" /> -->
  <Resource Id="-5019" Type="PDTAType" C0="PDTA LEGACY" C1="PDTA LEGACY" DisplayName_L1="PDTA LEGACY" />



  
  <!--ASSOCIATION MAPPING-->
  <EntityAssociationMapping MaximumDeletedLines="0" MaximumInsertedLines="0" MaxPercentageDeletedLines="30" MaxPercentageInsertedLines="30" Identifier="PDTAType_Users" Column1="assigned_to.email" Column2="art_ref_STAN" ConnectionTable="PDTAUser" EntityPropertyMapping1="PDTAUser:mail" EntityPropertyMapping2="PDTAType:reference" Connector="PDTA" />

  
  
  <ViewTemplate EntityType="PDTAUser" Profile="Administrator" />
  <ViewTemplate EntityType="PDTAType" Profile="Administrator" />
  <ViewAccessControlRules EntityType="PDTAUser" Profile="Administrator" />
  <ViewAccessControlRules EntityType="PDTAType" Profile="Administrator" />

  <ReviewProvisioningAccessControlRules EntityType="PDTAUser" Profile="Administrator" />
  <ReviewProvisioningAccessControlRules EntityType="PDTAType" Profile="Administrator" />
  <ReconciliateRolesAccessControlRules EntityType="PDTAUser" Profile="Administrator" />
  <ReconciliateRolesAccessControlRules EntityType="PDTAType" Profile="Administrator" />

  <TargetResourceReport EntityType="PDTAUser" Profile="Administrator" />
  <TargetResourceReport EntityType="PDTAType" Profile="Administrator" />
  <TargetResourceReportAccessControlRules EntityType="PDTAUser" Profile="Administrator" />
  <TargetResourceReportAccessControlRules EntityType="PDTAType" Profile="Administrator" />
  <TargetResourceReportMenus EntityType="PDTAUser" Profile="Administrator" />
  <TargetResourceReportMenus EntityType="PDTAType" Profile="Administrator" />

   
</ConfigurationFile>
