﻿<ConfigurationFile xmlns="urn:schemas-usercube-com:configuration">
	
	<InvokeExpressionTask Identifier="Lecture_METIS_PDTA" DisplayName_L1="Lecture METIS PDTA" InputPath="D:/CAGIP_IAM/Powershell/Lecture_Metis_PDTA_logical.ps1" />
	<InvokeExpressionTask Identifier="Lecture_METIS_PDTA_REDALPHA" DisplayName_L1="Lecture METIS PDTA REDALPHA" InputPath="D:/CAGIP_IAM/Powershell/Lecture_Metis_PDTA_REDALPHA_logical.ps1" />
	
	<CreateConnectorSynchroComplete JobIdentifier="Metis_Synchronization_PDTA" Connector="PDTA" DisplayName_L1="Metis - Lecture - PDTA" OldAlgorithm="true">
        <OpenIdIdentifier Identifier="accessJob" />
		<CronTabExpression CronTimeZone="ServerTime" CronTab="49 20 * * *" />
		<!-- <AddTask Task="Lecture_METIS_PDTA" Before="true" TaskToCompareWith="PDTA_PrepareSynchronization_Complete" /> -->
		<AddTask Task="Lecture_METIS_PDTA" Before="true" TaskToCompareWith="PDTA_Export_Complete_PDTAUser" />
		<AddTask Task="Lecture_METIS_PDTA_REDALPHA" Before="true" TaskToCompareWith="Lecture_METIS_PDTA" />
		<NoProvisioning />
    </CreateConnectorSynchroComplete>
	
	<CreateConnectorSynchroComplete JobIdentifier="Metis_Fulfillment_PDTA" Connector="PDTA" DisplayName_L1="Metis - Ecriture - PDTA" OldAlgorithm="true">
        <OpenIdIdentifier Identifier="accessJob" />
		<CronTabExpression CronTimeZone="ServerTime" CronTab="47 6 * * *" />
		<NoSynchronization />
		
    </CreateConnectorSynchroComplete>
	
	
</ConfigurationFile>