﻿<ConfigurationFile xmlns="urn:schemas-usercube-com:configuration">
  <DisplayTable Identifier="PDTAUser" EntityType="PDTAUser" DisplayTableDesignElement="resourcetable" IsEntityTypeDefault="true">
    <Column DisplayBinding="fullname" IsDisplayInSummaryView="true" IsResizable="true" IsSortable="true" CanBeFiltered="true" ColumnSize="2" />
    <Column DisplayBinding="mail" IsDisplayInSummaryView="true" IsResizable="true" IsSortable="true" CanBeFiltered="true" ColumnSize="2" />
    <Column DisplayBinding="RITM_for_correlation" IsDisplayInSummaryView="true" IsResizable="true" IsSortable="true" CanBeFiltered="true" ColumnSize="2" />
  </DisplayTable>

  <DisplayEntityType Identifier="PDTAUser" IconCode="TriangleUp12">
    <Property OutputType="BasicCollection" Identifier="type" />
  </DisplayEntityType>
  
  <DisplayTable Identifier="PDTAType" EntityType="PDTAType" DisplayTableDesignElement="table" IsEntityTypeDefault="true">
    <Column DisplayBinding="reference" IsDisplayInSummaryView="true" IsResizable="true" IsSortable="true" CanBeFiltered="true" ColumnSize="2" />
    <Column DisplayBinding="libelle" IsDisplayInSummaryView="true" IsResizable="true" IsSortable="true" CanBeFiltered="true" ColumnSize="2" />
  </DisplayTable>

  <DisplayEntityType Identifier="PDTAType" IconCode="TriangleUp12">
    <Property OutputType="BasicCollection" Identifier="users" />
  </DisplayEntityType>

  <!-- resource.userPrincipalName ?? Usercube.Expressions.Functions.UtilExpressions.ToFormatedDN(resource.dn); -->
  <!--EntityPropertyExpression Identifier="PDTAUser_InternalDisplayName" Expression="C#:resource:return test" EntityType="PDTAUser" Property="InternalDisplayName" /-->
</ConfigurationFile>
