﻿<?xml version="1.0" encoding="utf-8"?>
<ConfigurationFile xmlns:xsi="http:/www.w3.org/2001/XMLSchema-instance" xmlns:xsd="http:/www.w3.org/2001/XMLSchema" xmlns="urn:schemas-usercube-com:configuration">

  <Connection Identifier="PowerShellMetisFulfillmentBALGEN" Package="Usercube.Powershell@0000001" DisplayName_L1="BALGENConnection" Connector="BALGEN"  />
  <Connection Identifier="BALGENUser" Package="Usercube.CSV@0000001" DisplayName_L1="BALGENUser" Connector="BALGEN" />
  <Connection Identifier="BALGENType" Package="Usercube.CSV@0000001" DisplayName_L1="BALGENType" Connector="BALGEN" />

   <Connector MaxLinkPercentageDeletedLines="30" MaxLinkPercentageInsertedLines="30" MaxPercentageDeletedLines="30" MaxPercentageInsertedLines="30" MaxPercentageUpdatedLines="30" MaximumDeletedLines="0" MaximumInsertedLines="0" MaximumLinkDeletedLines="0" MaximumLinkInsertedLines="0" MaximumUpdatedLines="0" Identifier="BALGEN" DisplayName_L1="Metis BALGEN" Agent="Local" />
  
  <!--ENTITY TYPE-->
  <EntityType Identifier="BALGENUser" DisplayName_L1="BALGENUser">
    <Property Identifier="fullname" DisplayName_L1="Collaborateur" TargetColumnIndex="4" Type="String" />
    <Property Identifier="mail" DisplayName_L1="Mail" TargetColumnIndex="5" Type="String" />
    <Property Identifier="employeeId" DisplayName_L1="Identifiant IAM" IsKey="true" TargetColumnIndex="6" Type="String" />
    <Property Identifier="loginZoe" DisplayName_L1="Login ZOE" TargetColumnIndex="7" Type="String" />
	<Property Identifier="manager" DisplayName_L1="Manager" TargetColumnIndex="8" Type="String" />
	<Property Identifier="contact" DisplayName_L1="Contact" TargetColumnIndex="9" Type="String" />
	
	<Property Identifier="type" DisplayName_L1="type" Type="ForeignKey" />
  </EntityType>
  
  <EntityType Identifier="BALGENType" DisplayName_L1="BALGENType">
    <Property Identifier="libelle" DisplayName_L1="Libellé" TargetColumnIndex="4" IsKey="true" Type="String" />
	<Property Identifier="mail" DisplayName_L1="Adresse email" TargetColumnIndex="5" Type="String" />
    <Property Identifier="users" DisplayName_L1="Membres" Type="ForeignKey" />
  </EntityType>
  <EntityPropertyExpression Identifier="BALGENType_InternalDisplayName" Expression="C#:BALGENType: return BALGENType.libelle;" EntityType="BALGENType" Property="InternalDisplayName" />
  
  <!--ENTITY TYPE ASSOCIATION-->
  <EntityAssociation DisplayName_L1="Type_Users" Identifier="BALGENType_Users" Property1="BALGENUser:type" Property2="BALGENType:users" IsProperty1Collection="true" IsProperty2Collection="true"/>


  <!--ENTITY TYPE MAPPING-->
  <EntityTypeMapping MaximumDeletedLines="0" MaximumInsertedLines="0" MaximumUpdatedLines="0" MaxPercentageDeletedLines="30" MaxPercentageInsertedLines="30" MaxPercentageUpdatedLines="30" Connector="BALGEN" Identifier="BALGENUser" ConnectionTable="BALGENUser">
	<Property Identifier="fullname" ConnectionColumn="variables.metis_global_header_info_vs_requested_for_name" />
	<Property Identifier="mail" ConnectionColumn="variables.metis_global_header_info_vs_requested_for_name.email" IsPrimaryKey="true"/>
	<Property Identifier="employeeId" ConnectionColumn="requested_for.u_code_iam"/>
  </EntityTypeMapping>
  <EntityTypeMapping MaximumDeletedLines="0" MaximumInsertedLines="0" MaximumUpdatedLines="0" MaxPercentageDeletedLines="30" MaxPercentageInsertedLines="30" MaxPercentageUpdatedLines="30" Connector="BALGEN" Identifier="BALGENType" ConnectionTable="BALGENType">
	<Property Identifier="libelle"  ConnectionColumn="BALGEN"/>
	<Property Identifier="mail" IsPrimaryKey="true" ConnectionColumn="Mail"/>
  </EntityTypeMapping>
  
  


  
  <!--ASSOCIATION MAPPING-->
  <EntityAssociationMapping MaximumDeletedLines="0" MaximumInsertedLines="0" MaxPercentageDeletedLines="30" MaxPercentageInsertedLines="30" Identifier="BALGENType_Users" Column1="variables.metis_global_header_info_vs_requested_for_name.email" Column2="variables.CAGIP0010587_generic_mailbox_name" ConnectionTable="BALGENUser" EntityPropertyMapping1="BALGENUser:mail" EntityPropertyMapping2="BALGENType:mail" Connector="BALGEN" />
  
  
  
  <!-- Ressources dans Resources.xml-->
  
  
  
  
  <ViewTemplate EntityType="BALGENUser" Profile="Administrator" />
  <ViewTemplate EntityType="BALGENType" Profile="Administrator" />
  <ViewAccessControlRules EntityType="BALGENUser" Profile="Administrator" />
  <ViewAccessControlRules EntityType="BALGENType" Profile="Administrator" />

  <ReviewProvisioningAccessControlRules EntityType="BALGENUser" Profile="Administrator" />
  <ReviewProvisioningAccessControlRules EntityType="BALGENType" Profile="Administrator" />
  <ReconciliateRolesAccessControlRules EntityType="BALGENUser" Profile="Administrator" />
  <ReconciliateRolesAccessControlRules EntityType="BALGENType" Profile="Administrator" />

  <TargetResourceReport EntityType="BALGENUser" Profile="Administrator" />
  <TargetResourceReport EntityType="BALGENType" Profile="Administrator" />
  <TargetResourceReportAccessControlRules EntityType="BALGENUser" Profile="Administrator" />
  <TargetResourceReportAccessControlRules EntityType="BALGENType" Profile="Administrator" />
  <TargetResourceReportMenus EntityType="BALGENUser" Profile="Administrator" />
  <TargetResourceReportMenus EntityType="BALGENType" Profile="Administrator" />

   
</ConfigurationFile>
