﻿<ConfigurationFile xmlns="urn:schemas-usercube-com:configuration">
	
	<InvokeExpressionTask Identifier="Lecture_METIS_BALGEN" DisplayName_L1="Lecture METIS BAL Génériques" InputPath="D:/CAGIP_IAM/Powershell/Lecture_Metis_BALGEN.ps1"/>
	
	<CreateConnectorSynchroComplete JobIdentifier="Metis_Synchronization_BALGEN" Connector="BALGEN" DisplayName_L1="Metis - Lecture - BAL Génériques">
		<CronTabExpression CronTimeZone="ServerTime" CronTab="05 21 * * *"/>
        <OpenIdIdentifier Identifier="accessJob"/>
		<AddTask Task="Lecture_METIS_BALGEN" Before="true" TaskToCompareWith="Export_BALGEN_Complete_BALGENType"/>
		<NoProvisioning/>
    </CreateConnectorSynchroComplete>
	
	<CreateConnectorSynchroComplete JobIdentifier="Metis_Fulfillment_BALGEN" Connector="BALGEN" DisplayName_L1="Metis - Ecriture - BAL Génériques">
		<CronTabExpression CronTimeZone="ServerTime" CronTab="42 6 * * *"/>
        <OpenIdIdentifier Identifier="accessJob"/>
		<NoSynchronization/>
    </CreateConnectorSynchroComplete>
	
</ConfigurationFile>