﻿
<ConfigurationFile xmlns="urn:schemas-usercube-com:configuration">
  <Category Policy="Default" Identifier="RACF_LCL_LIM" DisplayName_L1="RACF_LCL_LIM" Parent="Applications" />

  <ResourceType TransmittedStateValidityPeriod="180" MaximumDelete="0" MaximumDeletePercent="5" MaximumInsert="0" MaximumInsertPercent="5" MaximumUpdate="0" MaximumUpdatePercent="5" Identifier="RACF_LCL_LIM_User_Technical" DisplayName_L1="Compte RACF_LCL_LIM (technique)" Policy="Default" TargetEntityType="RACF_LCL_LIM_User" Category="RACF_LCL_LIM" SourceEntityType="Person" />
  <ResourceTypeMapping Identifier="RACF_LCL_LIM_User_Nominative" Connection="PowerShellRACFFulfillmentRACFLCLLIM" />
  <ResourceType TransmittedStateValidityPeriod="180" MaximumDelete="0" MaximumDeletePercent="5" MaximumInsert="0" MaximumInsertPercent="5" MaximumUpdate="0" MaximumUpdatePercent="5" Identifier="RACF_LCL_LIM_User_Nominative" DisplayName_L1="Compte RACF_LCL_LIM (nominatif)" Policy="Default" TargetEntityType="RACF_LCL_LIM_User" Category="RACF_LCL_LIM" SourceEntityType="Person" BlockProvisioning="true">
     <ScalarRule Property="USBD_NAME" Binding="LoginRACFLCL" />
    <!-- <ScalarRule Property="USBD_SPECIAL" Expression="C#:person:return &quot;NO&quot;;" /> -->
    <!-- <ScalarRule Property="USBD_OPER" Expression="C#:person:return &quot;NO&quot;;" /> -->
    <ScalarRule Property="USBD_REVOKE" Expression="C#:person:return (person.Disabled.HasValue &amp;&amp; person.Disabled.Value) ? &quot;YES&quot; : &quot;NO&quot;;" TimeOffsetReference="Around" TimeOffsetBeforeReference="0" TimeOffsetAfterReference="1440" />
    <ScalarRule Property="USBD_REVOKE" Expression="C#:person:return &quot;YES&quot;;" TimeOffsetReference="After" TimeOffsetBeforeReference="1440" TimeOffsetAfterReference="21600" />
    <ScalarRule Property="USBD_REVOKE_DATE" Expression="C#:person:return (!person.WhenOut.HasValue || person.WhenOut.Value.ToString(&quot;yyyy&quot;) == &quot;2099&quot;) ? null : person.WhenOut.Value.ToString(&quot;MM/dd/yy&quot;);" />
    <!-- <ScalarRule Property="USBD_PROGRAMMER" Expression="C#:person:return (person.FullName  == null) ? null : person.FullName.ToUpper();" />   -->
    <ScalarRule Property="USBD_PROGRAMMER" Expression="C#:person:return ( (string.IsNullOrEmpty(person.LastName) &amp;&amp; string.IsNullOrEmpty(person.FirstName) ) ? null : (   (person.LastName.ToUpper() + &quot; &quot; + person.FirstName.ToUpper()).Length &gt;= 20 ) ? (person.LastName.ToUpper() + &quot; &quot; + person.FirstName.ToUpper()).Substring(0,20) : (person.LastName.ToUpper() + &quot; &quot; + person.FirstName.ToUpper())  )   ;" />

  </ResourceType>

  <ResourceCorrelationRule ResourceType="RACF_LCL_LIM_User_Nominative" SourceBinding="LoginRACFLCL" TargetBinding="USBD_NAME" Policy="Default" SourceMatchedConfidenceLevel="110" />
  <!-- <ResourceCorrelationRule ResourceType="RACF_LCL_LIM_User_Nominative" TargetExpression="C#:resource:return resource.USBD_PROGRAMMER.Simplify();" Policy="Default" SourceMatchedConfidenceLevel="100" SourceExpression="C#:person:return (person.FullName  == null) ? null : person.FullName.ToUpper();" /> -->
  <ResourceCorrelationRule ResourceType="RACF_LCL_LIM_User_Nominative" TargetBinding="USBD_PROGRAMMER" Policy="Default" SourceMatchedConfidenceLevel="90" SourceExpression="C#:person:return ( ( string.IsNullOrEmpty(person.LastName) &amp;&amp; string.IsNullOrEmpty(person.FirstName) ) ? null : (   (person.LastName.ToUpper() + &quot; &quot; + person.FirstName.ToUpper()).Length &gt;= 20 ) ? (person.LastName.ToUpper() + &quot; &quot; + person.FirstName.ToUpper()).Substring(0,20) : (person.LastName.ToUpper() + &quot; &quot; + person.FirstName.ToUpper())  );" />

  <ResourceClassificationRule ResourceType="RACF_LCL_LIM_User_Nominative" Policy="Default" ResourceTypeIdentificationConfidenceLevel="100" TargetExpression="C#:resource:return resource.USBD_NAME.Length &gt; 7 &amp;&amp; (resource.USBD_NAME.StartsWith(&quot;NPR&quot;) || resource.USBD_NAME.StartsWith(&quot;WRE&quot;) || resource.USBD_NAME.StartsWith(&quot;WSX&quot;) || resource.USBD_NAME.StartsWith(&quot;WSY&quot;) || resource.USBD_NAME.StartsWith(&quot;WEP&quot;) || resource.USBD_NAME.StartsWith(&quot;SYSADM&quot;) );" />


 <!-- <ResourceType TransmittedStateValidityPeriod="180" MaximumDelete="0" MaximumDeletePercent="5" MaximumInsert="0" MaximumInsertPercent="5" MaximumUpdate="0" MaximumUpdatePercent="5" Identifier="RACF_LCL_LIM_PersonRecord" DisplayName_L1="Fiche de collaborateur RACF_LCL_LIM " SourceEntityType="RACF_LCL_LIM_User" Policy="Default" TargetEntityType="PersonRecord"  Category="RACF_LCL_LIM" AllowAdd="false" AllowRemove="false">
    <TypeRule  Policy="Default" />
    <ScalarRule Property="LoginRACFLCL" Binding="USBD_NAME" />
  </ResourceType>

  <ResourceCorrelationRule ResourceType="RACF_LCL_LIM_PersonRecord" SourceBinding="USBD_NAME"  TargetBinding="LoginRACFLCL" Policy="Default" SourceMatchedConfidenceLevel="110" />
  <ResourceCorrelationRule ResourceType="RACF_LCL_LIM_PersonRecord" SourceBinding="USBD_PROGRAMMER" Policy="Default" SourceMatchedConfidenceLevel="100"  TargetExpression="C#:person:return ( ( string.IsNullOrEmpty(person.LastName) &amp;&amp; string.IsNullOrEmpty(person.FirstName) ) ? null : (   (person.LastName.ToUpper() + &quot; &quot; + person.FirstName.ToUpper()).Length >= 20 ) ? (person.LastName.ToUpper() + &quot; &quot; + person.FirstName.ToUpper()).Substring(0,20) : (person.LastName.ToUpper() + &quot; &quot; + person.FirstName.ToUpper())  );" /> -->


</ConfigurationFile>
