﻿
<ConfigurationFile xmlns:xsi="http:/www.w3.org/2001/XMLSchema-instance" xmlns:xsd="http:/www.w3.org/2001/XMLSchema" xmlns="urn:schemas-usercube-com:configuration">
  <Connection Identifier="PowerShellMetisFulfillmentHIDZOE" Package="Usercube.Powershell@0000001" DisplayName_L1="HIDZOEConnection" Connector="HID_ZOE" DeactivationExportFulfill="Export" />
  <Connection Identifier="HIDZOEUser" Package="Usercube.CSV@0000001" DisplayName_L1="HIDZOEUser" Connector="HID_ZOE" />

  <Connector MaxLinkPercentageDeletedLines="30" MaxLinkPercentageInsertedLines="30" MaxPercentageDeletedLines="30" MaxPercentageInsertedLines="30" MaxPercentageUpdatedLines="30" MaximumDeletedLines="0" MaximumInsertedLines="0" MaximumLinkDeletedLines="0" MaximumLinkInsertedLines="0" MaximumUpdatedLines="0" Identifier="HID_ZOE" DisplayName_L1="HID ZOE" Agent="Local" />
  
  <!--ENTITY TYPE-->
  <EntityType Identifier="HID_ZOEUser" DisplayName_L1="HID_ZOEUser">
	<Property Identifier="fullname" DisplayName_L1="Collaborateur" TargetColumnIndex="0" Type="String" />
    <Property Identifier="mail" DisplayName_L1="Mail" TargetColumnIndex="1" Type="String" />
	<Property Identifier="RITM_for_correlation" DisplayName_L1="Numéro du ticket METIS" TargetColumnIndex="2" Type="String" />
    <Property Identifier="employeeId" DisplayName_L1="Identifiant IAM" IsKey="true" TargetColumnIndex="3" Type="String" />
    <Property Identifier="loginZoe" DisplayName_L1="Login ZOE" IsKey="true" TargetColumnIndex="4" Type="String" />
	<Property Identifier="manager" DisplayName_L1="Manager" TargetColumnIndex="5" Type="String" />
	<Property Identifier="ville" DisplayName_L1="Ville" TargetColumnIndex="6" Type="String" />
	<Property Identifier="equipe" DisplayName_L1="Equipe" TargetColumnIndex="7" Type="String" />
	<Property Identifier="contact" DisplayName_L1="Contact" TargetColumnIndex="8" Type="String" />
	
	<Property Identifier="type" DisplayName_L1="type" Type="ForeignKey" />
  </EntityType>
  
  <EntityType Identifier="HID_ZOEType" DisplayName_L1="HID_ZOEType">
    <Property Identifier="reference" DisplayName_L1="Reference" IsKey="true" TargetColumnIndex="0" Type="String" />
    <Property Identifier="libelle" DisplayName_L1="Libellé" TargetColumnIndex="1" Type="String" />
    <Property Identifier="users" DisplayName_L1="Détenteur" Type="ForeignKey" />
  </EntityType>
  <EntityPropertyExpression Identifier="HID_ZOEType_InternalDisplayName" Expression="C#:HID_ZOEType: return HID_ZOEType.libelle;" EntityType="HID_ZOEType" Property="InternalDisplayName" />
  
  <!--ENTITY TYPE ASSOCIATION-->
  <EntityAssociation DisplayName_L1="Type_Users" Identifier="HID_ZOEType_Users" Property1="HID_ZOEUser:type" Property2="HID_ZOEType:users" IsProperty2Collection="true" />


  <!--ENTITY TYPE MAPPING-->
  <EntityTypeMapping MaximumDeletedLines="0" MaximumInsertedLines="0" MaximumUpdatedLines="0" MaxPercentageDeletedLines="30" MaxPercentageInsertedLines="30" MaxPercentageUpdatedLines="30" Connector="HID_ZOE" Identifier="HID_ZOEUser" ConnectionTable="HIDZOEUser">
	<Property Identifier="fullname" ConnectionColumn="assigned_to.name" />
	<Property Identifier="mail" ConnectionColumn="assigned_to.email" IsPrimaryKey="true" />
	<Property Identifier="employeeId" ConnectionColumn="assigned_to.u_code_iam" />
  </EntityTypeMapping>
  <EntityTypeMapping MaximumDeletedLines="0" MaximumInsertedLines="0" MaximumUpdatedLines="0" MaxPercentageDeletedLines="30" MaxPercentageInsertedLines="30" MaxPercentageUpdatedLines="30" Connector="HID_ZOE" Identifier="HID_ZOEType">
	<Property Identifier="reference" ConnectionColumn="art_ref_STAN" IsPrimaryKey="true" />
	<Property Identifier="libelle" ConnectionColumn="libelle" />
  </EntityTypeMapping>
  <Resource Id="-5022" Type="HID_ZOEType" C0="Calculette HID ZOE" C1="Calculette HID ZOE" DisplayName_L1="HID ZOE" />


  
  <!--ASSOCIATION MAPPING-->
  <EntityAssociationMapping MaximumDeletedLines="0" MaximumInsertedLines="0" MaxPercentageDeletedLines="30" MaxPercentageInsertedLines="30" Identifier="HID_ZOEType_Users" Column1="assigned_to.email" Column2="art_ref_STAN" ConnectionTable="HIDZOEUser" EntityPropertyMapping1="HID_ZOEUser:mail" EntityPropertyMapping2="HID_ZOEType:reference" Connector="HID_ZOE" />
  
  
  <ViewTemplate EntityType="HID_ZOEUser" Profile="Administrator" />
  <ViewTemplate EntityType="HID_ZOEType" Profile="Administrator" />
  <ViewAccessControlRules EntityType="HID_ZOEUser" Profile="Administrator" />
  <ViewAccessControlRules EntityType="HID_ZOEType" Profile="Administrator" />

  <ReviewProvisioningAccessControlRules EntityType="HID_ZOEUser" Profile="Administrator" />
  <ReviewProvisioningAccessControlRules EntityType="HID_ZOEType" Profile="Administrator" />
  <ReconciliateRolesAccessControlRules EntityType="HID_ZOEUser" Profile="Administrator" />
  <ReconciliateRolesAccessControlRules EntityType="HID_ZOEType" Profile="Administrator" />

  <TargetResourceReport EntityType="HID_ZOEUser" Profile="Administrator" />
  <TargetResourceReport EntityType="HID_ZOEType" Profile="Administrator" />
  <TargetResourceReportAccessControlRules EntityType="HID_ZOEUser" Profile="Administrator" />
  <TargetResourceReportAccessControlRules EntityType="HID_ZOEType" Profile="Administrator" />
  <TargetResourceReportMenus EntityType="HID_ZOEUser" Profile="Administrator" />
  <TargetResourceReportMenus EntityType="HID_ZOEType" Profile="Administrator" />

   
</ConfigurationFile>
