﻿<ConfigurationFile xmlns="urn:schemas-usercube-com:configuration">
	
	
	<InvokeExpressionTask Identifier="Lecture_METIS_HID_ZOE" DisplayName_L1="Lecture METIS HID ZOE" InputPath="D:/CAGIP_IAM/Powershell/Lecture_Metis_HID_ZOE_specific.ps1" />
	
	<CreateConnectorSynchroComplete JobIdentifier="Metis_Synchronization_HID_ZOE" Connector="HID_ZOE" DisplayName_L1="Metis - Lecture - HID ZOE" OldAlgorithm="true">
		<CronTabExpression CronTimeZone="ServerTime" CronTab="47 20 * * *" />
        <OpenIdIdentifier Identifier="accessJob" />
		<AddTask Task="Lecture_METIS_HID_ZOE" Before="true" TaskToCompareWith="HID_ZOE_Export_Complete_HIDZOEUser" />
		<NoProvisioning />
    </CreateConnectorSynchroComplete>
	
	<CreateConnectorSynchroComplete JobIdentifier="Metis_Fulfillment_HID_ZOE" Connector="HID_ZOE" DisplayName_L1="Metis - Ecriture - HID ZOE" OldAlgorithm="true">
		<CronTabExpression CronTimeZone="ServerTime" CronTab="45 6 * * *" />
        <OpenIdIdentifier Identifier="accessJob" />
		<NoSynchronization />
		
    </CreateConnectorSynchroComplete>
	
	
</ConfigurationFile>