﻿<ConfigurationFile xmlns="urn:schemas-usercube-com:configuration">

	<!-- <SingleRole Identifier="Calculette_HID_ZOE" DisplayName_L1="Calculette HID ZOE" Description_L1="Calculette HID ZOE" Category="Calculatrice" EntityType="Person" ApprovalWorkflowType="One" Policy="Default" /> -->

	<ResourceTypeMapping Identifier="Metis_HID_ZOE" Connection="PowerShellMetisFulfillmentHIDZOE" />
	<ResourceType MaximumDelete="0" MaximumDeletePercent="5" MaximumInsert="0" MaximumInsertPercent="5" MaximumUpdate="0" MaximumUpdatePercent="5" Identifier="Metis_HID_ZOE" SourceEntityType="Person" TargetEntityType="HID_ZOEUser" Policy="Default" Category="Metis" DisplayName_L1="Metis_HID_ZOE">
		<!-- <TypeRule SingleRole="SR_HID_ZOE" Policy="Default" TimeOffsetReference="Around" TimeOffsetBeforeReference="-18720"/> -->
		<NavigationRule Property="type" Resource="Calculette HID ZOE" SingleRole="SR_HID_ZOE" TimeOffsetReference="Around" TimeOffsetBeforeReference="-18720" TimeOffsetAfterReference="-2880" />

		<ScalarRule Property="employeeId" Expression="C#:PersonRecord: return PersonRecord.EmployeeId;" />
		<ScalarRule Property="loginZoe" Expression="C#:PersonRecord: return PersonRecord.LoginZoe;" />
		<ScalarRule Property="manager" Expression="C#:PersonRecord: return PersonRecord.Responsible.Mail;" />
		<ScalarRule Property="ville" Expression="C#:PersonRecord:return String.IsNullOrEmpty(PersonRecord.Localisation.Site.Identifier) ? PersonRecord.RHSite : PersonRecord.Localisation.Site.Identifier ;" />
		<ScalarRule Property="contact" Expression="C#:PersonRecord:return String.IsNullOrEmpty(PersonRecord.ContactPrivilegie.Mail) ? PersonRecord.Responsible.Mail : PersonRecord.ContactPrivilegie.Mail ;" />
		<ScalarRule Property="equipe" Expression="C#:PersonRecord:
			string CGB =  PersonRecord.Organization.Identifier;
			string trigramme = PersonRecord.Organization.Trigramme;
			
			if((CGB != null) &amp;&amp; (CGB != &quot;&quot;) &amp;&amp; (trigramme != null) &amp;&amp; (trigramme != &quot;&quot;) ){
				return CGB + &quot;-&quot; + trigramme;
			}
			return null;" />


		<ScalarRule Property="mail" Binding="Mail" />

	</ResourceType>

	<ResourceCorrelationRule ResourceType="Metis_HID_ZOE" SourceMatchedConfidenceLevel="101" SourceExpression="C#:PersonRecord: return PersonRecord.EmployeeId;" TargetBinding="employeeId" Policy="Default" />
	<ResourceCorrelationRule ResourceType="Metis_HID_ZOE" SourceMatchedConfidenceLevel="100" SourceExpression="C#:PersonRecord: return (String.IsNullOrEmpty(PersonRecord.LoginZoe) || String.IsNullOrEmpty(PersonRecord.Mail)) ? &quot;DoNotReconciliateString&quot; : PersonRecord.Mail;" TargetExpression="C#:resource: return String.IsNullOrEmpty(resource.employeeId) ? resource.mail : &quot;EmployeeNotMatchingString&quot;;" Policy="Default" />

</ConfigurationFile>