﻿<ConfigurationFile xmlns="urn:schemas-usercube-com:configuration">
  <Category Policy="Default" Identifier="RACF_CACIB_IPO1" DisplayName_L1="RACF_CACIB_IPO1" Parent="Applications" />

  <ResourceType TransmittedStateValidityPeriod="180" MaximumDelete="0" MaximumDeletePercent="5" MaximumInsert="0" MaximumInsertPercent="5" MaximumUpdate="0" MaximumUpdatePercent="5" Identifier="RACF_CACIB_IPO1_User_Clients" DisplayName_L1="Compte RACF_CACIB_IPO1 (clients)" Policy="Default" TargetEntityType="RACF_CACIB_IPO1_User" Category="RACF_CACIB_IPO1" SourceEntityType="Person" />
  <ResourceType TransmittedStateValidityPeriod="180" MaximumDelete="0" MaximumDeletePercent="5" MaximumInsert="0" MaximumInsertPercent="5" MaximumUpdate="0" MaximumUpdatePercent="5" Identifier="RACF_CACIB_IPO1_User_Technical" DisplayName_L1="Compte RACF_CACIB_IPO1 (technique)" Policy="Default" TargetEntityType="RACF_CACIB_IPO1_User" Category="RACF_CACIB_IPO1" SourceEntityType="Person" />
  <ResourceTypeMapping Identifier="RACF_CACIB_IPO1_User_Nominative" Connection="RACFCACIBIPO1Connection" />
  <ResourceType TransmittedStateValidityPeriod="180" MaximumDelete="0" MaximumDeletePercent="5" MaximumInsert="0" MaximumInsertPercent="5" MaximumUpdate="0" MaximumUpdatePercent="5" Identifier="RACF_CACIB_IPO1_User_Nominative" DisplayName_L1="Compte RACF_CACIB_IPO1 (nominatif)" Policy="Default" TargetEntityType="RACF_CACIB_IPO1_User" Category="RACF_CACIB_IPO1" SourceEntityType="Person" BlockProvisioning="true">
    <ScalarRule Property="USBD_NAME" Binding="LoginRACFCACIB" />
    <!-- <ScalarRule Property="USBD_SPECIAL" Expression="C#:person:return &quot;NO&quot;;" /> -->
    <!-- <ScalarRule Property="USBD_OPER" Expression="C#:person:return &quot;NO&quot;;" /> -->
    <!-- <ScalarRule Property="USBD_AUDITOR" Expression="C#:person:return &quot;NO&quot;;" /> -->
    <ScalarRule Property="USBD_REVOKE" Expression="C#:person:return (person.Disabled.HasValue &amp;&amp; person.Disabled.Value) ? &quot;YES&quot; : &quot;NO&quot;;" TimeOffsetReference="Around" TimeOffsetBeforeReference="0" TimeOffsetAfterReference="1440" />
    <ScalarRule Property="USBD_REVOKE" Expression="C#:person:return &quot;YES&quot;;" TimeOffsetReference="After" TimeOffsetBeforeReference="1440" TimeOffsetAfterReference="21600" />
    <ScalarRule Property="USBD_REVOKE_DATE" Expression="C#:person:return (!person.WhenOut.HasValue || person.WhenOut.Value.ToString(&quot;yyyy&quot;) == &quot;2099&quot;) ? null : person.WhenOut.Value.ToString(&quot;MM/dd/yy&quot;);" />
    <!-- <ScalarRule Property="USBD_PROGRAMMER" Expression="C#:person:return person.LastName.Simplify() + &quot; &quot; + person.FirstName.Simplify();" /> -->
    <ScalarRule Property="USBD_PROGRAMMER" Expression="C#:person:return ( (string.IsNullOrEmpty(person.LastName) &amp;&amp; string.IsNullOrEmpty(person.FirstName) ) ? null : (   (person.LastName.ToUpper() + &quot; &quot; + person.FirstName.ToUpper()).Length &gt;= 20 ) ? (person.LastName.ToUpper() + &quot; &quot; + person.FirstName.ToUpper()).Substring(0,20) : (person.LastName.ToUpper() + &quot; &quot; + person.FirstName.ToUpper())  )   ;" />

  </ResourceType>

  <ResourceCorrelationRule ResourceType="RACF_CACIB_IPO1_User_Nominative" SourceBinding="LoginRACFCACIB" TargetBinding="USBD_NAME" Policy="Default" SourceMatchedConfidenceLevel="110" />
  <ResourceCorrelationRule ResourceType="RACF_CACIB_IPO1_User_Nominative" TargetBinding="USBD_PROGRAMMER" Policy="Default" SourceMatchedConfidenceLevel="90" SourceExpression="C#:person:return ( ( string.IsNullOrEmpty(person.LastName) &amp;&amp; string.IsNullOrEmpty(person.FirstName) ) ? null : (   (person.LastName.ToUpper() + &quot; &quot; + person.FirstName.ToUpper()).Length &gt;= 20 ) ? (person.LastName.ToUpper() + &quot; &quot; + person.FirstName.ToUpper()).Substring(0,20) : (person.LastName.ToUpper() + &quot; &quot; + person.FirstName.ToUpper())  );" />

  <!-- <ResourceClassificationRule ResourceType="RACF_CACIB_IPO1_User_Nominative" Policy="Default" ResourceTypeIdentificationConfidenceLevel="100" TargetExpression="C#:resource:return resource.USBD_NAME.ToUpper().StartsWith(&quot;UT&quot;) &amp;&amp; resource.USBD_DEFGRP_ID.ToUpper()==&quot;GR0045&quot;;" /> -->
  <ResourceClassificationRule ResourceType="RACF_CACIB_IPO1_User_Technical" Policy="Default" ResourceTypeIdentificationConfidenceLevel="100" TargetExpression="C#:resource:return resource.USBD_NAME.ToUpper().StartsWith(&quot;UV&quot;) || resource.USBD_NAME.ToUpper().StartsWith(&quot;UP&quot;);" />
  <ResourceClassificationRule ResourceType="RACF_CACIB_IPO1_User_Clients" Policy="Default" ResourceTypeIdentificationConfidenceLevel="100" TargetExpression="C#:resource:return !((resource.USBD_NAME.ToUpper().StartsWith(&quot;UT&quot;) &amp;&amp; resource.USBD_DEFGRP_ID.ToUpper()==&quot;GR0045&quot;) &amp;&amp; (resource.USBD_NAME.ToUpper().StartsWith(&quot;UV&quot;) || resource.USBD_NAME.ToUpper().StartsWith(&quot;UP&quot;)));" />


  <!-- <ResourceType TransmittedStateValidityPeriod="180" MaximumDelete="0" MaximumDeletePercent="5" MaximumInsert="0" MaximumInsertPercent="5" MaximumUpdate="0" MaximumUpdatePercent="5" Identifier="RACF_CACIB_IPO1_PersonRecord" DisplayName_L1="Fiche de collaborateur RACF_CACIB_IPO1" SourceEntityType="RACF_CACIB_IPO1_User" Policy="Default" TargetEntityType="PersonRecord" Category="RACF_CACIB_IPO1" AllowAdd="false" AllowRemove="false" BlockProvisioning="false">
    <TypeRule Policy="Default"/>
    <ScalarRule Property="LoginRACFCACIB" Binding="USBD_NAME" />
  </ResourceType>

  <ResourceCorrelationRule ResourceType="RACF_CACIB_IPO1_PersonRecord" SourceBinding="USBD_NAME" TargetBinding="LoginRACFCACIB" Policy="Default" SourceMatchedConfidenceLevel="110" />
  <ResourceCorrelationRule ResourceType="RACF_CACIB_IPO1_PersonRecord" SourceBinding="USBD_PROGRAMMER" Policy="Default" SourceMatchedConfidenceLevel="100" TargetExpression="C#:person:return ( ( string.IsNullOrEmpty(person.LastName) &amp;&amp; string.IsNullOrEmpty(person.FirstName) ) ? null : (   (person.LastName.ToUpper() + &quot; &quot; + person.FirstName.ToUpper()).Length >= 20 ) ? (person.LastName.ToUpper() + &quot; &quot; + person.FirstName.ToUpper()).Substring(0,20) : (person.LastName.ToUpper() + &quot; &quot; + person.FirstName.ToUpper())  );" /> -->

</ConfigurationFile>
