﻿<ConfigurationFile xmlns="urn:schemas-usercube-com:configuration">

  <CreateConnectorSynchroIncremental JobIdentifier="AD_ZADM_Full_Incremental" Connector="AD_ZADM" DisplayName_L1="11 - AD_ZADM - Lecture Incrémentale et Ecriture">
    <OpenIdIdentifier Identifier="accessJob"/>
    <!-- <CronTabExpression CronTab="18/30 6-19 * * *" CronTimeZone="ServerTime"/> -->
  </CreateConnectorSynchroIncremental>

  <CreateConnectorSynchroComplete JobIdentifier="AD_ZADM_Full_Complete_ecriture" Connector="AD_ZADM" DisplayName_L1="AD_ZADM - Lecture Complète et Ecriture">
    <OpenIdIdentifier Identifier="accessJob"/>
  </CreateConnectorSynchroComplete>


  <CreateConnectorSynchroComplete JobIdentifier="AD_ZADM_Export_Complete" Connector="AD_ZADM" DisplayName_L1="AD_ZADM - Lecture Complète">
    <OpenIdIdentifier Identifier="accessJob"/>
	<!-- <CronTabExpression CronTab="19 4 * * 6" CronTimeZone="ServerTime" /> -->
    <NoProvisioning/>
  </CreateConnectorSynchroComplete>

</ConfigurationFile>