﻿
<ConfigurationFile xmlns:xsi="http:/www.w3.org/2001/XMLSchema-instance" xmlns:xsd="http:/www.w3.org/2001/XMLSchema" xmlns="urn:schemas-usercube-com:configuration">
  <Connection Identifier="PowerShellMetisFulfillmentPDTAREDALPHA" Package="Usercube.Powershell@0000001" DisplayName_L1="PDTA_REDALPHAConnection" Connector="PDTA" DeactivationExportFulfill="Export" />
  <Connection Identifier="PDTAREDALPHAUser" Package="Usercube.CSV@0000001" DisplayName_L1="PDTA_REDALPHAUser" Connector="PDTA" />
  
  <!--ENTITY TYPE-->
  <EntityType Identifier="PDTA_REDALPHAUser" DisplayName_L1="PDTA_REDALPHAUser">
    <Property Identifier="fullname" DisplayName_L1="Collaborateur" TargetColumnIndex="0" Type="String" />
    <Property Identifier="mail" DisplayName_L1="Mail" TargetColumnIndex="1" Type="String" />
	<Property Identifier="RITM_for_correlation" DisplayName_L1="Numéro du ticket METIS" TargetColumnIndex="2" Type="String" />
    <Property Identifier="employeeId" DisplayName_L1="Identifiant IAM" IsKey="true" TargetColumnIndex="3" Type="String" />
    <Property Identifier="loginZoe" DisplayName_L1="Login ZOE" IsKey="true" TargetColumnIndex="4" Type="String" />
	<Property Identifier="manager" DisplayName_L1="Manager" TargetColumnIndex="5" Type="String" />
	<Property Identifier="ville" DisplayName_L1="Ville" TargetColumnIndex="7" Type="String" />
	<Property Identifier="batiment" DisplayName_L1="Batiment" TargetColumnIndex="8" Type="String" />
	<Property Identifier="etage" DisplayName_L1="Etage" TargetColumnIndex="9" Type="String" />
	<Property Identifier="equipe" DisplayName_L1="Equipe" TargetColumnIndex="10" Type="String" />
	<Property Identifier="contact" DisplayName_L1="Contact" TargetColumnIndex="11" Type="String" />
	
	<Property Identifier="type" DisplayName_L1="type" Type="ForeignKey" />
  </EntityType>
  
  <EntityType Identifier="PDTA_REDALPHAType" DisplayName_L1="PDTA_REDALPHAType">
    <Property Identifier="reference" DisplayName_L1="Reference" IsKey="true" TargetColumnIndex="0" Type="String" />
    <Property Identifier="libelle" DisplayName_L1="Libellé" TargetColumnIndex="1" Type="String" />
    <Property Identifier="users" DisplayName_L1="Détenteur" Type="ForeignKey" />
  </EntityType>
  <EntityPropertyExpression Identifier="PDTA_REDALPHAType_InternalDisplayName" Expression="C#:PDTA_REDALPHAType: return PDTA_REDALPHAType.libelle;" EntityType="PDTA_REDALPHAType" Property="InternalDisplayName" />
  
  <!--ENTITY TYPE ASSOCIATION-->
  <EntityAssociation DisplayName_L1="Type_Users" Identifier="PDTA_REDALPHAType_Users" Property1="PDTA_REDALPHAUser:type" Property2="PDTA_REDALPHAType:users" IsProperty1Collection="true" IsProperty2Collection="true" />


  <!--ENTITY TYPE MAPPING-->
  <EntityTypeMapping MaximumDeletedLines="0" MaximumInsertedLines="0" MaximumUpdatedLines="0" MaxPercentageDeletedLines="30" MaxPercentageInsertedLines="30" MaxPercentageUpdatedLines="30" Connector="PDTA" Identifier="PDTA_REDALPHAUser" ConnectionTable="PDTAREDALPHAUser">
	<Property Identifier="fullname" ConnectionColumn="assigned_to.name" />
	<Property Identifier="mail" ConnectionColumn="assigned_to.email" IsPrimaryKey="true"/>
	<Property Identifier="employeeId" ConnectionColumn="assigned_to.u_code_iam"/>
	<Property Identifier="loginZoe" ConnectionColumn="assigned_to.u_code_ut"/>
	<Property Identifier="manager" ConnectionColumn="assigned_to.manager.email"/>
	<Property Identifier="equipe" ConnectionColumn="assigned_to.department.name"/>
  </EntityTypeMapping>
  <EntityTypeMapping MaximumDeletedLines="0" MaximumInsertedLines="0" MaximumUpdatedLines="0" MaxPercentageDeletedLines="30" MaxPercentageInsertedLines="30" MaxPercentageUpdatedLines="30" Connector="PDTA" Identifier="PDTA_REDALPHAType">
	<!-- <Property Identifier="reference" ConnectionColumn="art_ref_STAN" IsPrimaryKey="true" /> -->
	<!-- <Property Identifier="libelle" ConnectionColumn="libelle" /> -->
  </EntityTypeMapping>

  <Resource Id="-5023" Type="PDTA_REDALPHAType" C0="PDTA REDALPHA" C1="PDTA REDALPHA" DisplayName_L1="PDTA REDALPHA" />



  
  <!--ASSOCIATION MAPPING-->
  <EntityAssociationMapping MaximumDeletedLines="0" MaximumInsertedLines="0" MaxPercentageDeletedLines="30" MaxPercentageInsertedLines="30" Identifier="PDTA_REDALPHAType_Users" Column1="assigned_to.email" Column2="art_ref_STAN" ConnectionTable="PDTAREDALPHAUser" EntityPropertyMapping1="PDTA_REDALPHAUser:mail" EntityPropertyMapping2="PDTA_REDALPHAType:reference" Connector="PDTA" />

  
  
  <ViewTemplate EntityType="PDTA_REDALPHAUser" Profile="Administrator" />
  <ViewTemplate EntityType="PDTA_REDALPHAType" Profile="Administrator" />
  <ViewAccessControlRules EntityType="PDTA_REDALPHAUser" Profile="Administrator" />
  <ViewAccessControlRules EntityType="PDTA_REDALPHAType" Profile="Administrator" />

  <ReviewProvisioningAccessControlRules EntityType="PDTA_REDALPHAUser" Profile="Administrator" />
  <ReviewProvisioningAccessControlRules EntityType="PDTA_REDALPHAType" Profile="Administrator" />
  <ReconciliateRolesAccessControlRules EntityType="PDTA_REDALPHAUser" Profile="Administrator" />
  <ReconciliateRolesAccessControlRules EntityType="PDTA_REDALPHAType" Profile="Administrator" />

  <TargetResourceReport EntityType="PDTA_REDALPHAUser" Profile="Administrator" />
  <TargetResourceReport EntityType="PDTA_REDALPHAType" Profile="Administrator" />
  <TargetResourceReportAccessControlRules EntityType="PDTA_REDALPHAUser" Profile="Administrator" />
  <TargetResourceReportAccessControlRules EntityType="PDTA_REDALPHAType" Profile="Administrator" />
  <TargetResourceReportMenus EntityType="PDTA_REDALPHAUser" Profile="Administrator" />
  <TargetResourceReportMenus EntityType="PDTA_REDALPHAType" Profile="Administrator" />

   
</ConfigurationFile>
