﻿<ConfigurationFile xmlns="urn:schemas-usercube-com:configuration">

	<!-- <SingleRole Identifier="Metis_PDTA_REDALPHA" DisplayName_L1="Metis PDTA_REDALPHA" Description_L1="Metis PDTA_REDALPHA" Category="Poste_de_travail" EntityType="Person" ApprovalWorkflowType="One" Policy="Default" /> -->

	<ResourceTypeMapping Identifier="Metis_PDTA_REDALPHA" Connection="PowerShellMetisFulfillmentPDTAREDALPHA" />
	<ResourceType MaximumDelete="0" MaximumDeletePercent="5" MaximumInsert="0" MaximumInsertPercent="5" MaximumUpdate="0" MaximumUpdatePercent="5" Identifier="Metis_PDTA_REDALPHA" SourceEntityType="Person" TargetEntityType="PDTA_REDALPHAUser" Policy="Default" Category="Metis" DisplayName_L1="Metis_PDTA_REDALPHA">
		<!-- <TypeRule SingleRole="SR_PDTA_REDALPHA_GOLD" Policy="Default" TimeOffsetReference="Around" TimeOffsetBeforeReference="-18720"/> -->
		<!-- <NavigationRule Property="type" Resource="-5019" SingleRole="SR_PDTA_REDALPHA_GOLD" TimeOffsetReference="Around" TimeOffsetBeforeReference="-18720" TimeOffsetAfterReference="2880" /> -->
		<NavigationRule Property="type" Resource="PDTA REDALPHA" SingleRole="SR_PDTA_REDALPHA" TimeOffsetReference="Around" TimeOffsetBeforeReference="-18720" TimeOffsetAfterReference="-2880" />

		<ScalarRule Property="employeeId" Expression="C#:PersonRecord: return PersonRecord.EmployeeId;" />
		<ScalarRule Property="loginZoe" Expression="C#:PersonRecord: return PersonRecord.LoginZoe;" />
		<ScalarRule Property="manager" Expression="C#:PersonRecord: return PersonRecord.Responsible.Mail;" />
		<ScalarRule Property="ville" Expression="C#:PersonRecord:return String.IsNullOrEmpty(PersonRecord.Localisation.Site.Identifier) ? PersonRecord.RHSite : PersonRecord.Localisation.Site.Identifier ;" />
		<ScalarRule Property="batiment" Expression="C#:PersonRecord:return String.IsNullOrEmpty(PersonRecord.Localisation.Batiment) ? PersonRecord.RHBatiment : PersonRecord.Localisation.Batiment ;" />
		<ScalarRule Property="etage" Expression="C#:PersonRecord:return String.IsNullOrEmpty(PersonRecord.Localisation.Etage) ? PersonRecord.RHEtage : PersonRecord.Localisation.Etage ;" />
		<ScalarRule Property="contact" Expression="C#:PersonRecord:return String.IsNullOrEmpty(PersonRecord.ContactPrivilegie.Mail) ? PersonRecord.Responsible.Mail : PersonRecord.ContactPrivilegie.Mail ;" />
		<ScalarRule Property="equipe" Expression="C#:PersonRecord:
			string CGB =  PersonRecord.Organization.Identifier;
			string trigramme = PersonRecord.Organization.Trigramme;
			
			if((CGB != null) &amp;&amp; (CGB != &quot;&quot;) &amp;&amp; (trigramme != null) &amp;&amp; (trigramme != &quot;&quot;) ){
				return CGB + &quot;-&quot; + trigramme;
			}
			return null;" />


		<ScalarRule Property="mail" Binding="Mail" />

	</ResourceType>

	<ResourceCorrelationRule ResourceType="Metis_PDTA_REDALPHA" SourceMatchedConfidenceLevel="101" SourceExpression="C#:PersonRecord: return PersonRecord.EmployeeId;" TargetBinding="employeeId" Policy="Default" />

	<ResourceCorrelationRule ResourceType="Metis_PDTA_REDALPHA" SourceMatchedConfidenceLevel="100" SourceExpression="C#:PersonRecord: return (String.IsNullOrEmpty(PersonRecord.LoginZoe) || String.IsNullOrEmpty(PersonRecord.Mail)) ? &quot;DoNotReconciliateString&quot; : PersonRecord.Mail;" TargetExpression="C#:resource: return String.IsNullOrEmpty(resource.employeeId) ? resource.mail : &quot;EmployeeNotMatchingString&quot;;" Policy="Default" />


</ConfigurationFile>